time_s,wz_rad_s,ax_m_s2,ay_m_s2
0.0,-0.002531393571594829,-0.3184288208007812,-0.23223756103515625
0.020007610321044922,-0.004396630940138387,-0.29448680419921874,-0.201112939453125
0.03985786437988281,-0.006261868308681946,-0.2561795776367187,-0.19632453613281248
0.06005144119262695,-0.005196018383799912,-0.2609679809570312,-0.18435352783203124
0.0801396369934082,-0.008926493120887028,-0.3016694091796875,-0.18435352783203124
0.09975409507751465,-0.005329249624410167,-0.28012159423828126,-0.1771709228515625
0.1195521354675293,-0.004929555902579405,-0.277727392578125,-0.18914193115234373
0.13967061042785645,-0.002264931090374321,-0.1580173095703125,-0.17477672119140625
0.15960216522216797,-0.003863705977697371,-0.2920926025390625,-0.17477672119140625
0.1795787811279297,-0.0039969372183076245,-0.28969840087890625,-0.1771709228515625
0.19968032836914062,-0.0037304747370871167,-0.3184288208007812,-0.201112939453125
0.2194974422454834,-0.0075941807147844875,-0.3112462158203125,-0.1867477294921875
0.23962688446044922,-0.0057289433462409285,-0.28490999755859375,-0.18914193115234373
0.2601137161254883,-0.004130168458917879,-0.28730419921875,-0.2154781494140625
0.27990221977233887,-0.005462480865020421,-0.28012159423828126,-0.1867477294921875
0.3002798557281494,-0.00479632466196915,-0.26815058593749996,-0.18914193115234373
0.31996583938598633,-0.0021316998497640663,-0.2920926025390625,-0.1867477294921875
0.34032130241394043,-0.002797856052815337,-0.2705447875976562,-0.2059013427734375
0.35999011993408203,-0.006128637068071691,-0.28490999755859375,-0.1867477294921875
0.37992334365844727,-0.005595712105630674,-0.28012159423828126,-0.1867477294921875
0.40024685859680176,-0.006928024511733216,-0.3064578125,-0.201112939453125
0.41991710662841797,-0.008526799399056265,-0.28012159423828126,-0.21308394775390624
0.4404714107513428,-0.0075941807147844875,-0.28969840087890625,-0.20350714111328125
0.4599747657775879,-0.005196018383799912,-0.28490999755859375,-0.19632453613281248
0.4799385070800781,-0.007727411955394742,-0.28490999755859375,-0.22505495605468748
0.5001335144042969,-0.0018652373685435584,-0.3064578125,-0.181959326171875
0.5199427604675293,-0.007194486992953725,-0.30885201416015623,-0.19153613281249998
0.5402963161468506,-0.0019984686091538122,-0.28012159423828126,-0.20350714111328125
0.5600869655609131,-0.005196018383799912,-0.28969840087890625,-0.17477672119140625
0.5800132751464844,-0.006528330789902454,-0.28969840087890625,-0.2154781494140625
0.5999629497528076,-0.0057289433462409285,-0.28012159423828126,-0.19632453613281248
0.6198952198028564,-0.0073277182335639785,-0.2705447875976562,-0.21308394775390624
0.6399881839752197,-0.0021316998497640663,-0.28969840087890625,-0.1771709228515625
0.6599106788635254,-0.003464012255866608,-0.28490999755859375,-0.19632453613281248
0.6797604560852051,-0.004263399699528133,-0.28012159423828126,-0.2920926025390625
0.6998169422149658,-0.0021316998497640663,-0.26336218261718747,-0.17956512451171874
0.7200534343719482,-0.002797856052815337,-0.28969840087890625,-0.19393033447265623
0.7405080795288086,-0.03410719759622506,-0.24181436767578124,-0.14604630126953125
0.7598433494567871,-0.004130168458917879,-0.29927520751953124,-0.20829554443359374
0.7798383235931396,-0.006128637068071691,-0.2753331909179687,-0.15322890625
0.7999730110168457,-0.0009326186842717792,-0.1580173095703125,-0.19393033447265623
0.819969654083252,-0.005062787143189658,-0.4477157104492187,-0.1867477294921875
0.8401880264282227,-0.005062787143189658,-0.258573779296875,-0.19393033447265623
0.8599917888641357,-0.03397396635561481,-0.2705447875976562,-0.22505495605468748
0.8801467418670654,-0.004263399699528133,-0.3232172241210937,-0.22026655273437498
0.9000029563903809,-0.004663093421358896,-0.28012159423828126,-0.181959326171875
0.9201328754425049,-0.004529862180748642,-0.29448680419921874,-0.19153613281249998
0.9406256675720215,-0.005062787143189658,-0.29927520751953124,-0.19632453613281248
0.9601411819458008,-0.002797856052815337,-0.3280056274414062,-0.2059013427734375
0.9800403118133545,-0.0011990811654922875,-0.30406361083984373,-0.181959326171875
0.9997854232788086,-0.005196018383799912,-0.28012159423828126,-0.181959326171875
1.0198311805725098,-0.0058621745868511835,-0.28490999755859375,-0.19871873779296872
1.0404367446899414,-0.006794793271122962,-0.2825157958984375,-0.20829554443359374
1.059953212738037,-0.006128637068071691,-0.2825157958984375,-0.18435352783203124
1.0810298919677734,-0.002797856052815337,-0.26815058593749996,-0.19632453613281248
1.1004512310028076,-0.006528330789902454,-0.2705447875976562,-0.14604630126953125
1.119920253753662,-0.005995405827461438,-0.296881005859375,-0.19871873779296872
1.140113115310669,-0.0073277182335639785,-0.3064578125,-0.19393033447265623
1.160139799118042,-0.006661562030512709,-0.28969840087890625,-0.2059013427734375
1.1799273490905762,-0.008926493120887028,-0.258573779296875,-0.1771709228515625
1.2005016803741455,-0.005196018383799912,-0.2753331909179687,-0.2154781494140625
1.2200932502746582,-0.002264931090374321,-0.3232172241210937,-0.21308394775390624
1.2401256561279297,-0.004130168458917879,-0.24181436767578124,-0.201112939453125
1.2601702213287354,-0.006261868308681946,-0.2753331909179687,-0.16759411621093748
1.28025484085083,-0.0058621745868511835,-0.2346317626953125,-0.229843359375
1.3003041744232178,-0.0033307810152563544,-0.2442085693359375,-0.19632453613281248
1.3199732303619385,-0.0009326186842717792,-0.26815058593749996,-0.16041151123046873
1.340240240097046,-0.0035972434964768626,-0.2920926025390625,-0.17956512451171874
1.3602147102355957,-0.0057289433462409285,-0.29448680419921874,-0.19871873779296872
1.379986047744751,-0.000799387443661525,-0.2561795776367187,-0.19871873779296872
1.4002459049224854,-0.0039969372183076245,-0.28490999755859375,-0.16998831787109375
1.4198386669158936,-0.003464012255866608,-0.3112462158203125,-0.19632453613281248
1.440239667892456,-0.005196018383799912,-0.3016694091796875,-0.21308394775390624
1.4599239826202393,-0.00479632466196915,-0.28490999755859375,-0.20350714111328125
1.4799189567565918,-0.0030643185340358454,-0.2657563842773437,-0.21068974609375
1.5001287460327148,-0.002264931090374321,-0.27293898925781246,-0.18435352783203124
1.5199501514434814,-0.0074609494741742334,-0.4525041137695312,-0.19632453613281248
1.5400581359863281,-0.0033307810152563544,-0.45489831542968745,-0.16519991455078123
1.5598530769348145,-0.0037304747370871167,-0.28730419921875,-0.1867477294921875
1.579819679260254,-0.0031975497746461,-0.2825157958984375,-0.16280571289062498
1.6003894805908203,-0.0063950995492922,-0.2753331909179687,-0.201112939453125
1.6203792095184326,-0.0009326186842717792,-0.2561795776367187,-0.201112939453125
1.6401417255401611,-0.006528330789902454,-0.29927520751953124,-0.20350714111328125
1.66011643409729,-0.0057289433462409285,-0.3064578125,-0.2059013427734375
1.6800658702850342,-0.007860643196004996,-0.2705447875976562,-0.201112939453125
1.7000997066497803,-0.0035972434964768626,-0.2609679809570312,-0.22266075439453123
1.720503568649292,-0.0018652373685435584,-0.24899697265624998,-0.14604630126953125
1.7402513027191162,-0.005196018383799912,-0.29927520751953124,-0.21787235107421873
1.7598156929016113,-0.006528330789902454,-0.277727392578125,-0.17477672119140625
1.7799124717712402,-0.002797856052815337,-0.2705447875976562,-0.2059013427734375
1.8000528812408447,-0.003863705977697371,-0.28012159423828126,-0.19153613281249998
1.8199410438537598,-0.0029310872934255917,-0.15562310791015624,-0.18435352783203124
1.8401298522949219,-0.003863705977697371,-0.26815058593749996,-0.19632453613281248
1.8599371910095215,-0.00866003063966652,-0.277727392578125,-0.181959326171875
1.8799614906311035,-0.003464012255866608,-0.29927520751953124,-0.16759411621093748
1.8999502658843994,-0.003464012255866608,-0.2753331909179687,-0.17956512451171874
1.9199392795562744,-0.004263399699528133,-0.29448680419921874,-0.18914193115234373
1.9401154518127441,-0.005995405827461438,-0.28490999755859375,-0.19393033447265623
1.9599189758300781,-0.008926493120887028,-0.28490999755859375,-0.181959326171875
1.9798965454101562,-0.004929555902579405,-0.2442085693359375,-0.16280571289062498
1.999809741973877,-0.0033307810152563544,-0.2920926025390625,-0.2059013427734375
2.0200016498565674,-0.005462480865020421,-0.2920926025390625,-0.21787235107421873
2.040194034576416,-0.0057289433462409285,-0.258573779296875,-0.22266075439453123
2.0601329803466797,-0.0030643185340358454,-0.29927520751953124,-0.16041151123046873
2.0805866718292236,-0.0095926493239383,-0.29448680419921874,-0.19871873779296872
2.1001107692718506,-0.0063950995492922,-0.316034619140625,-0.21068974609375
2.120445966720581,-0.008526799399056265,-0.3064578125,-0.21308394775390624
2.1402533054351807,-0.0037304747370871167,-0.28012159423828126,-0.17956512451171874
2.1599009037017822,-0.002797856052815337,-0.3016694091796875,-0.181959326171875
2.179790496826172,-0.008526799399056265,-0.28969840087890625,-0.17238251953125
2.1999998092651367,-0.0058621745868511835,-0.316034619140625,-0.16759411621093748
2.2200634479522705,-0.004929555902579405,-0.3136404174804687,-0.16998831787109375
2.24011492729187,-0.0039969372183076245,-0.2825157958984375,-0.15562310791015624
2.259998083114624,-0.0013323124061025418,-0.28730419921875,-0.19871873779296872
2.2800614833831787,-0.004929555902579405,-0.28969840087890625,-0.21068974609375
2.300109624862671,-0.00479632466196915,-0.28730419921875,-0.1771709228515625
2.320017099380493,-0.0039969372183076245,-0.4525041137695312,-0.20829554443359374
2.3401436805725098,-0.005462480865020421,-0.277727392578125,-0.21787235107421873
2.3599307537078857,-0.005329249624410167,-0.2561795776367187,-0.16519991455078123
2.3799095153808594,-0.0033307810152563544,-0.2920926025390625,-0.21308394775390624
2.3999016284942627,-0.005329249624410167,-0.28730419921875,-0.19393033447265623
2.41955828666687,-0.0073277182335639785,-0.296881005859375,-0.1771709228515625
2.4399654865264893,-0.0005329249624410166,-0.30406361083984373,-0.2154781494140625
2.4597325325012207,-0.006128637068071691,-0.2705447875976562,-0.22266075439453123
2.4797163009643555,-0.0030643185340358454,-0.29448680419921874,-0.18435352783203124
2.499884605407715,-0.005329249624410167,-0.2705447875976562,-0.2059013427734375
2.5198824405670166,-0.0075941807147844875,-0.26815058593749996,-0.21308394775390624
2.5401148796081543,-0.0074609494741742334,-0.1580173095703125,-0.22026655273437498
2.5598666667938232,-0.0057289433462409285,-0.30406361083984373,-0.19871873779296872
2.5798490047454834,-0.0073277182335639785,-0.28490999755859375,-0.17477672119140625
2.599851369857788,-0.004929555902579405,-0.2705447875976562,-0.19632453613281248
2.6200649738311768,-0.0037304747370871167,-0.2561795776367187,-0.21068974609375
2.6401050090789795,-0.003863705977697371,-0.30885201416015623,-0.17956512451171874
2.6598410606384277,-0.004130168458917879,-0.2537853759765625,-0.17238251953125
2.6797003746032715,-0.004263399699528133,-0.32561142578124996,-0.18435352783203124
2.6997950077056885,-0.004130168458917879,-0.2825157958984375,-0.19632453613281248
2.719749927520752,-0.008526799399056265,-0.3016694091796875,-0.17956512451171874
2.7402055263519287,-0.006128637068071691,-0.28730419921875,-0.2059013427734375
2.7598683834075928,-0.0075941807147844875,-0.29448680419921874,-0.20829554443359374
2.7800045013427734,-0.0073277182335639785,-0.16280571289062498,-0.18435352783203124
2.8002164363861084,-0.005995405827461438,-0.3327940307617187,-0.16280571289062498
2.819912910461426,-0.004263399699528133,-0.28730419921875,-0.3016694091796875
2.8402183055877686,-0.0058621745868511835,-0.2825157958984375,-0.19871873779296872
2.859894275665283,-0.005995405827461438,-0.3064578125,-0.1771709228515625
2.8798599243164062,-0.0063950995492922,-0.28490999755859375,-0.17477672119140625
2.8998870849609375,-0.005196018383799912,-0.2825157958984375,-0.18914193115234373
2.9198808670043945,-0.004396630940138387,-0.28730419921875,-0.201112939453125
2.9401633739471436,-0.004929555902579405,-0.25139117431640623,-0.19393033447265623
2.9599037170410156,-0.0033307810152563544,-0.28969840087890625,-0.17238251953125
2.980109453201294,-0.004929555902579405,-0.277727392578125,-0.18435352783203124
3.0001509189605713,-0.006128637068071691,-0.16519991455078123,-0.21308394775390624
3.019873857498169,-0.007727411955394742,-0.17477672119140625,-0.2561795776367187
3.0404865741729736,-0.001732006127933304,-0.2561795776367187,-0.19153613281249998
3.0600080490112305,-0.004929555902579405,-0.277727392578125,-0.17238251953125
3.079838275909424,-0.005995405827461438,-0.28490999755859375,-0.21308394775390624
3.0999159812927246,-0.004663093421358896,-0.28969840087890625,-0.19153613281249998
3.119865655899048,-0.0014655436467127959,-0.30406361083984373,-0.22026655273437498
3.140411376953125,-0.004929555902579405,-0.3016694091796875,-0.24660277099609373
3.160097360610962,-0.006928024511733216,-0.44532150878906246,-0.1771709228515625
3.1801300048828125,-0.0039969372183076245,-0.30406361083984373,-0.17956512451171874
3.200490713119507,-0.0029310872934255917,-0.28969840087890625,-0.1771709228515625
3.2200982570648193,-0.0013323124061025418,-0.28969840087890625,-0.181959326171875
3.2404143810272217,-0.0033307810152563544,-0.296881005859375,-0.201112939453125
3.260080575942993,-0.005196018383799912,-0.28969840087890625,-0.181959326171875
3.2799062728881836,-0.005062787143189658,-0.277727392578125,-0.18914193115234373
3.3001599311828613,-0.004263399699528133,-0.32082302246093747,-0.17477672119140625
3.3204126358032227,-0.006128637068071691,-0.296881005859375,-0.21308394775390624
3.3422930240631104,-0.0035972434964768626,-0.28730419921875,-0.19632453613281248
3.3602452278137207,-0.006261868308681946,-0.3136404174804687,-0.1771709228515625
3.380098581314087,-0.003863705977697371,-0.28730419921875,-0.2059013427734375
3.4000837802886963,-0.0031975497746461,-0.29448680419921874,-0.16998831787109375
3.41977858543396,-0.0035972434964768626,-0.28969840087890625,-0.19393033447265623
3.440316915512085,-0.004929555902579405,-0.2825157958984375,-0.18435352783203124
3.4601564407348633,-0.0010658499248820332,-0.2609679809570312,-0.21068974609375
3.479983329772949,-0.0057289433462409285,-0.2537853759765625,-0.22744915771484372
3.5002360343933105,-0.008127105677225504,-0.2609679809570312,-0.1867477294921875
3.520028591156006,-0.0039969372183076245,-0.28730419921875,-0.20350714111328125
3.540118455886841,-0.004929555902579405,-0.28012159423828126,-0.18435352783203124
3.5599923133850098,-0.0074609494741742334,-0.2825157958984375,-0.143652099609375
3.5799689292907715,-0.007194486992953725,-0.2657563842773437,-0.181959326171875
3.6000609397888184,-0.003464012255866608,-0.28969840087890625,-0.1771709228515625
3.6200897693634033,-0.0039969372183076245,-0.2920926025390625,-0.22026655273437498
3.640496015548706,-0.00866003063966652,-0.29927520751953124,-0.1867477294921875
3.6600959300994873,-0.005462480865020421,-0.277727392578125,-0.1771709228515625
3.6799769401550293,-0.002531393571594829,-0.28969840087890625,-0.17477672119140625
3.7000069618225098,-0.002398162330984575,-0.29927520751953124,-0.21787235107421873
3.719991445541382,-0.0035972434964768626,-0.27293898925781246,-0.22026655273437498
3.7401514053344727,-0.000799387443661525,-0.3016694091796875,-0.16998831787109375
3.7599258422851562,-0.003863705977697371,-0.1580173095703125,-0.2059013427734375
3.779958486557007,-0.004529862180748642,-0.2609679809570312,-0.22026655273437498
3.799970865249634,-0.005595712105630674,-0.296881005859375,-0.22026655273437498
3.8198251724243164,-0.007993874436615249,-0.316034619140625,-0.18914193115234373
3.8402905464172363,-0.004929555902579405,-0.3016694091796875,-0.19393033447265623
3.8599159717559814,-0.005062787143189658,-0.33039982910156246,-0.21068974609375
3.8799281120300293,-0.0011990811654922875,-0.28969840087890625,-0.21787235107421873
3.8998172283172607,-0.00159877488732305,-0.296881005859375,-0.15322890625
3.920215368270874,-0.008526799399056265,-0.1580173095703125,-0.181959326171875
3.9402291774749756,-0.005462480865020421,-0.2920926025390625,-0.201112939453125
3.9599883556365967,-0.0018652373685435584,-0.2920926025390625,-0.2059013427734375
3.9799509048461914,-0.0030643185340358454,-0.296881005859375,-0.19632453613281248
3.9999260902404785,-0.007727411955394742,-0.296881005859375,-0.201112939453125
4.021408319473267,-0.005595712105630674,-0.2537853759765625,-0.18435352783203124
4.039989709854126,-0.008393568158446012,-0.277727392578125,-0.19153613281249998
4.059917449951172,-0.0026646248122050836,-0.3232172241210937,-0.18914193115234373
4.080899953842163,-0.006128637068071691,-0.277727392578125,-0.229843359375
4.09995698928833,-0.0063950995492922,-0.30406361083984373,-0.201112939453125
4.120502471923828,-0.0058621745868511835,-0.29927520751953124,-0.18435352783203124
4.140247344970703,-0.0019984686091538122,-0.2561795776367187,-0.16998831787109375
4.160252809524536,-0.005196018383799912,-0.4572925170898437,-0.19393033447265623
4.180023670196533,-0.005995405827461438,-0.3232172241210937,-0.18435352783203124
4.199920892715454,-0.006128637068071691,-0.2920926025390625,-0.17477672119140625
4.220613479614258,-0.002398162330984575,-0.28969840087890625,-0.19393033447265623
4.240118980407715,-0.005196018383799912,-0.29448680419921874,-0.16280571289062498
4.259900331497192,-0.007061255752343471,-0.2705447875976562,-0.16041151123046873
4.280673027038574,-0.002398162330984575,-0.24181436767578124,-0.19871873779296872
4.2999279499053955,-0.002264931090374321,-0.2657563842773437,-0.3064578125
4.320047855377197,-0.0035972434964768626,-0.3064578125,-0.18435352783203124
4.340121269226074,-0.004663093421358896,-0.26815058593749996,-0.15562310791015624
4.359900236129761,-0.00479632466196915,-0.27293898925781246,-0.17956512451171874
4.38010048866272,-0.004263399699528133,-0.29927520751953124,-0.1771709228515625
4.4002845287323,-0.007061255752343471,-0.27293898925781246,-0.19632453613281248
4.420195817947388,-0.0026646248122050836,-0.2657563842773437,-0.18914193115234373
4.4403767585754395,-0.004529862180748642,-0.28969840087890625,-0.21787235107421873
4.460085391998291,-0.0029310872934255917,-0.28490999755859375,-0.17956512451171874
4.480050325393677,-0.0033307810152563544,-0.16759411621093748,-0.2059013427734375
4.499896287918091,-0.0074609494741742334,-0.2753331909179687,-0.21068974609375
4.519966125488281,-0.007061255752343471,-0.2561795776367187,-0.16998831787109375
4.540371656417847,-0.006261868308681946,-0.258573779296875,-0.2059013427734375
4.560198545455933,-0.005329249624410167,-0.2561795776367187,-0.201112939453125
4.580143928527832,-0.006261868308681946,-0.277727392578125,-0.19871873779296872
4.600109338760376,-0.006261868308681946,-0.26815058593749996,-0.18914193115234373
4.6201958656311035,-0.005329249624410167,-0.3136404174804687,-0.20350714111328125
4.640095949172974,-0.005196018383799912,-0.30885201416015623,-0.20829554443359374
4.6599016189575195,-0.0057289433462409285,-0.16759411621093748,-0.21308394775390624
4.680464267730713,-0.005196018383799912,-0.28490999755859375,-0.181959326171875
4.700151681900024,-0.00479632466196915,-0.2920926025390625,-0.21308394775390624
4.72001576423645,-0.006794793271122962,-0.28012159423828126,-0.2059013427734375
4.740222692489624,-0.006128637068071691,-0.2609679809570312,-0.16519991455078123
4.759782552719116,-0.007194486992953725,-0.316034619140625,-0.2059013427734375
4.78021764755249,-0.008393568158446012,-0.2920926025390625,-0.16519991455078123
4.799906015396118,-0.0033307810152563544,-0.24660277099609373,-0.20829554443359374
4.819852113723755,-0.006128637068071691,-0.3280056274414062,-0.2154781494140625
4.840092658996582,-0.0031975497746461,-0.2657563842773437,-0.1867477294921875
4.859891176223755,-0.0074609494741742334,-0.2561795776367187,-0.22026655273437498
4.880157470703125,-0.004663093421358896,-0.28012159423828126,-0.17956512451171874
4.899881601333618,-0.005462480865020421,-0.29448680419921874,-0.17477672119140625
4.920053482055664,-0.0074609494741742334,-0.258573779296875,-0.17477672119140625
4.940225601196289,-0.0031975497746461,-0.28490999755859375,-0.17238251953125
4.959904432296753,-0.005995405827461438,-0.29448680419921874,-0.21068974609375
4.980218887329102,-0.006928024511733216,-0.30406361083984373,-0.18435352783203124
5.000039339065552,-0.006261868308681946,-0.2705447875976562,-0.2059013427734375
5.019919395446777,-0.008127105677225504,-0.29927520751953124,-0.22026655273437498
5.040655136108398,-0.004130168458917879,-0.16041151123046873,-0.19871873779296872
5.059959173202515,-0.0030643185340358454,-0.30406361083984373,-0.21068974609375
5.080648899078369,-0.004130168458917879,-0.4429273071289062,-0.16998831787109375
5.0999205112457275,-0.00479632466196915,-0.44053310546874996,-0.21068974609375
5.12019944190979,-0.006128637068071691,-0.45010991210937495,-0.16280571289062498
5.140105247497559,-0.006661562030512709,-0.29448680419921874,-0.18435352783203124
5.160021781921387,-0.005062787143189658,-0.3280056274414062,-0.19871873779296872
5.180661916732788,-0.0039969372183076245,-0.30406361083984373,-0.181959326171875
5.2000768184661865,-0.0037304747370871167,-0.26815058593749996,-0.16041151123046873
5.220478057861328,-0.004263399699528133,-0.28012159423828126,-0.15562310791015624
5.240217447280884,-0.004929555902579405,-0.28012159423828126,-0.201112939453125
5.260002374649048,-0.0037304747370871167,-0.32561142578124996,-0.1771709228515625
5.279926776885986,-0.005995405827461438,-0.28490999755859375,-0.16280571289062498
5.300030708312988,-0.004263399699528133,-0.2705447875976562,-0.18435352783203124
5.319767951965332,-0.008926493120887028,-0.3232172241210937,-0.18914193115234373
5.340211629867554,-0.005329249624410167,-0.28490999755859375,-0.22026655273437498
5.359785795211792,-0.007061255752343471,-0.29927520751953124,-0.1771709228515625
5.3798840045928955,-0.006661562030512709,-0.2442085693359375,-0.16041151123046873
5.399900197982788,-0.005196018383799912,-0.277727392578125,-0.1771709228515625
5.41998553276062,-0.005595712105630674,-0.28012159423828126,-0.18914193115234373
5.440105676651001,-0.0039969372183076245,-0.2753331909179687,-0.19393033447265623
5.459845304489136,-0.0033307810152563544,-0.25139117431640623,-0.18435352783203124
5.480161905288696,-0.004263399699528133,-0.28730419921875,-0.20829554443359374
5.500069618225098,-0.004663093421358896,-0.28969840087890625,-0.17477672119140625
5.520013809204102,-0.0039969372183076245,-0.30406361083984373,-0.21068974609375
5.540208578109741,-0.0057289433462409285,-0.2705447875976562,-0.1867477294921875
5.56010365486145,-0.0029310872934255917,-0.26336218261718747,-0.19632453613281248
5.58005690574646,-0.007061255752343471,-0.28012159423828126,-0.18435352783203124
5.600043535232544,-0.005995405827461438,-0.26336218261718747,-0.19871873779296872
5.620083332061768,-0.0029310872934255917,-0.2753331909179687,-0.18914193115234373
5.640407562255859,-0.006261868308681946,-0.28490999755859375,-0.19393033447265623
5.6600258350372314,-0.00479632466196915,-0.2753331909179687,-0.19153613281249998
5.679893493652344,-0.005462480865020421,-0.30885201416015623,-0.16041151123046873
5.700397968292236,-0.006661562030512709,-0.2705447875976562,-0.20829554443359374
5.72017765045166,-0.0075941807147844875,-0.296881005859375,-0.2059013427734375
5.740131378173828,-0.008260336917835759,-0.3136404174804687,-0.16041151123046873
5.7601377964019775,-0.005329249624410167,-0.2920926025390625,-0.201112939453125
5.780045509338379,-0.0073277182335639785,-0.2537853759765625,-0.21308394775390624
5.7999491691589355,-0.002797856052815337,-0.16280571289062498,-0.20350714111328125
5.8202502727508545,-0.006794793271122962,-0.27293898925781246,-0.1771709228515625
5.839895009994507,-0.00866003063966652,-0.28490999755859375,-0.22744915771484372
5.859838247299194,-0.006661562030512709,-0.28490999755859375,-0.17956512451171874
5.879968166351318,-0.005462480865020421,-0.26336218261718747,-0.19871873779296872
5.89981746673584,-0.004663093421358896,-0.277727392578125,-0.17477672119140625
5.919808387756348,-0.0039969372183076245,-0.296881005859375,-0.18435352783203124
5.939769506454468,-0.0073277182335639785,-0.2920926025390625,-0.2059013427734375
5.959588527679443,-0.004663093421358896,-0.28969840087890625,-0.1771709228515625
5.979860544204712,-0.006661562030512709,-0.30406361083984373,-0.18914193115234373
6.000089645385742,-0.005196018383799912,-0.29927520751953124,-0.201112939453125
6.020122051239014,-0.004396630940138387,-0.28012159423828126,-0.20829554443359374
6.0400025844573975,-0.004396630940138387,-0.28490999755859375,-0.2154781494140625
6.059834957122803,-0.0039969372183076245,-0.28730419921875,-0.2059013427734375
6.0801682472229,-0.005462480865020421,-0.27293898925781246,-0.16998831787109375
6.09986138343811,-0.005062787143189658,-0.29927520751953124,-0.21068974609375
6.1202521324157715,-0.010658499248820334,-0.2705447875976562,-0.16519991455078123
6.140146732330322,-0.0035972434964768626,-0.33518823242187495,-0.1771709228515625
6.160013675689697,-0.0029310872934255917,-0.2537853759765625,-0.22266075439453123
6.179827690124512,-0.0073277182335639785,-0.2753331909179687,-0.19153613281249998
6.200628280639648,-0.002398162330984575,-0.2442085693359375,-0.1771709228515625
6.220560312271118,-0.007194486992953725,-0.277727392578125,-0.16280571289062498
6.240112066268921,-0.0073277182335639785,-0.2705447875976562,-0.12689268798828124
6.260312080383301,-0.006661562030512709,-0.28969840087890625,-0.19393033447265623
6.280246019363403,-0.005329249624410167,-0.30885201416015623,-0.16280571289062498
6.299875736236572,-0.0037304747370871167,-0.27293898925781246,-0.19632453613281248
6.322397232055664,-0.0030643185340358454,-0.28730419921875,-0.2059013427734375
6.340386152267456,-0.009326186842717792,-0.2537853759765625,-0.21787235107421873
6.359971761703491,-0.005595712105630674,-0.27293898925781246,-0.19393033447265623
6.379842758178711,-0.008793261880276773,-0.26815058593749996,-0.1867477294921875
6.4004857540130615,-0.004396630940138387,-0.2657563842773437,-0.201112939453125
6.419927597045898,-0.003863705977697371,-0.28969840087890625,-0.16041151123046873
6.440257549285889,-0.002398162330984575,-0.2537853759765625,-0.16759411621093748
6.460092067718506,-0.006128637068071691,-0.30406361083984373,-0.201112939453125
6.479867935180664,-0.006128637068071691,-0.44532150878906246,-0.19632453613281248
6.499605894088745,-0.004663093421358896,-0.2920926025390625,-0.23702596435546874
6.519888639450073,-0.005995405827461438,-0.29448680419921874,-0.2059013427734375
6.540132522583008,-0.0075941807147844875,-0.28730419921875,-0.23702596435546874
6.559704065322876,-0.005595712105630674,-0.32561142578124996,-0.19632453613281248
6.579795837402344,-0.005196018383799912,-0.28490999755859375,-0.16998831787109375
6.599644899368286,-0.005462480865020421,-0.3064578125,-0.19871873779296872
6.619958400726318,-0.002797856052815337,-0.30406361083984373,-0.19632453613281248
6.639765977859497,-0.005595712105630674,-0.3112462158203125,-0.19393033447265623
6.659585475921631,-0.0031975497746461,-0.296881005859375,-0.17477672119140625
6.679623365402222,-0.005062787143189658,-0.296881005859375,-0.201112939453125
6.700859546661377,-0.0063950995492922,-0.28969840087890625,-0.19871873779296872
6.720083236694336,-0.0011990811654922875,-0.28969840087890625,-0.21787235107421873
6.7399327754974365,-0.006261868308681946,-0.32561142578124996,-0.16759411621093748
6.759929895401001,-0.006261868308681946,-0.26336218261718747,-0.17956512451171874
6.779652833938599,-0.0063950995492922,-0.2920926025390625,-0.19871873779296872
6.799680709838867,-0.0021316998497640663,-0.29448680419921874,-0.1771709228515625
6.8196094036102295,-0.005995405827461438,-0.277727392578125,-0.1867477294921875
6.839568614959717,-0.007061255752343471,-0.26336218261718747,-0.13168109130859373
6.859383583068848,-0.006661562030512709,-0.24899697265624998,-0.2154781494140625
6.879871368408203,-0.009326186842717792,-0.28012159423828126,-0.1771709228515625
6.900129318237305,-0.004663093421358896,-0.30885201416015623,-0.18435352783203124
6.920254230499268,-0.002531393571594829,-0.2537853759765625,-0.20829554443359374
6.940496921539307,-0.0029310872934255917,-0.2561795776367187,-0.20829554443359374
6.960054397583008,-0.006794793271122962,-0.23702596435546874,-0.18435352783203124
6.98020339012146,-0.0057289433462409285,-0.28490999755859375,-0.21308394775390624
6.999827861785889,-0.004529862180748642,-0.2825157958984375,-0.16280571289062498
7.020200490951538,-0.004396630940138387,-0.3184288208007812,-0.18435352783203124
7.040744781494141,-0.00866003063966652,-0.3232172241210937,-0.2059013427734375
7.059903383255005,-0.003863705977697371,-0.2609679809570312,-0.18914193115234373
7.08067512512207,-0.002797856052815337,-0.16041151123046873,-0.18914193115234373
7.099918365478516,-0.00985911180515881,-0.2825157958984375,-0.17956512451171874
7.120140552520752,-0.00479632466196915,-0.2705447875976562,-0.17238251953125
7.1403045654296875,-0.0057289433462409285,-0.16280571289062498,-0.22266075439453123
7.15994668006897,-0.005196018383799912,-0.2920926025390625,-0.1867477294921875
7.179949045181274,-0.008260336917835759,-0.4525041137695312,-0.201112939453125
7.199975967407227,-0.03357427263378405,-0.277727392578125,-0.19153613281249998
7.220449447631836,-0.005462480865020421,-0.28490999755859375,-0.20829554443359374
7.2402777671813965,-0.004929555902579405,-0.2657563842773437,-0.16280571289062498
7.259755373001099,-0.0029310872934255917,-0.2753331909179687,-0.18435352783203124
7.279925107955933,-0.008127105677225504,-0.29448680419921874,-0.16998831787109375
7.299884796142578,-0.0031975497746461,-0.2825157958984375,-0.1867477294921875
7.319881439208984,-0.002531393571594829,-0.3184288208007812,-0.22266075439453123
7.340165376663208,-0.002531393571594829,-0.3016694091796875,-0.19632453613281248
7.359853506088257,-0.005329249624410167,-0.3064578125,-0.21787235107421873
7.379940748214722,-0.002531393571594829,-0.2920926025390625,-0.17238251953125
7.399964332580566,-0.0013323124061025418,-0.3016694091796875,-0.20350714111328125
7.420029163360596,-0.003863705977697371,-0.3136404174804687,-0.1867477294921875
7.440168619155884,-0.0029310872934255917,-0.28969840087890625,-0.16998831787109375
7.460041761398315,-0.00159877488732305,-0.28490999755859375,-0.181959326171875
7.479724407196045,-0.005329249624410167,-0.2657563842773437,-0.19632453613281248
7.499786138534546,-0.002531393571594829,-0.3136404174804687,-0.22744915771484372
7.51990008354187,-0.006661562030512709,-0.2920926025390625,-0.20350714111328125
7.540441274642944,-0.004663093421358896,-0.26815058593749996,-0.2154781494140625
7.560119152069092,-0.004529862180748642,-0.28012159423828126,-0.19393033447265623
7.5799596309661865,-0.005329249624410167,-0.26336218261718747,-0.2059013427734375
7.599981307983398,-0.009192955602107537,-0.30406361083984373,-0.2537853759765625
7.62032413482666,-0.0029310872934255917,-0.3016694091796875,-0.2154781494140625
7.640193700790405,-0.0029310872934255917,-0.29448680419921874,-0.18435352783203124
7.6599085330963135,-0.0035972434964768626,-0.29927520751953124,-0.201112939453125
7.680019378662109,-0.005196018383799912,-0.3184288208007812,-0.201112939453125
7.700667858123779,-0.008526799399056265,-0.16519991455078123,-0.201112939453125
7.720170259475708,-0.006128637068071691,-0.2705447875976562,-0.22026655273437498
7.7401463985443115,-0.005462480865020421,-0.28012159423828126,-0.21308394775390624
7.759934186935425,-0.005462480865020421,-0.28730419921875,-0.20350714111328125
7.7802417278289795,-0.0037304747370871167,-0.28012159423828126,-0.2154781494140625
7.799928188323975,-0.005329249624410167,-0.29448680419921874,-0.16041151123046873
7.819926500320435,-0.003863705977697371,-0.2825157958984375,-0.201112939453125
7.840126991271973,-0.0037304747370871167,-0.29927520751953124,-0.17956512451171874
7.85981297492981,-0.005995405827461438,-0.2753331909179687,-0.16280571289062498
7.880195379257202,-0.004929555902579405,-0.28730419921875,-0.143652099609375
7.900209188461304,-0.005995405827461438,-0.2657563842773437,-0.19632453613281248
7.920271158218384,-0.0063950995492922,-0.28012159423828126,-0.22026655273437498
7.940351724624634,-0.004929555902579405,-0.32082302246093747,-0.19393033447265623
7.95996880531311,-0.006928024511733216,-0.3184288208007812,-0.1771709228515625
7.9800145626068115,-0.0073277182335639785,-0.3447650390625,-0.2059013427734375
7.999900817871094,-0.0029310872934255917,-0.16041151123046873,-0.1771709228515625
8.019828081130981,-0.0030643185340358454,-0.2753331909179687,-0.22266075439453123
8.040213584899902,-0.0073277182335639785,-0.28490999755859375,-0.181959326171875
8.059860229492188,-0.004529862180748642,-0.29927520751953124,-0.201112939453125
8.080859661102295,-0.004663093421358896,-0.316034619140625,-0.1771709228515625
8.100054025650024,-0.004529862180748642,-0.277727392578125,-0.14604630126953125
8.120657682418823,-0.0013323124061025418,-0.2825157958984375,-0.143652099609375
8.140226364135742,-0.004929555902579405,-0.3016694091796875,-0.21308394775390624
8.15991997718811,-0.004263399699528133,-0.2705447875976562,-0.20350714111328125
8.1803617477417,-0.005062787143189658,-0.29927520751953124,-0.19871873779296872
8.200309753417969,-0.0029310872934255917,-0.28490999755859375,-0.16041151123046873
8.220282077789307,-0.004130168458917879,-0.26815058593749996,-0.19153613281249998
8.240032196044922,-0.007061255752343471,-0.15562310791015624,-0.23223756103515625
8.260300874710083,-0.005595712105630674,-0.2920926025390625,-0.20350714111328125
8.280020713806152,-0.006128637068071691,-0.16759411621093748,-0.19871873779296872
8.30005168914795,-0.0039969372183076245,-0.2825157958984375,-0.21068974609375
8.320040225982666,-0.001732006127933304,-0.27293898925781246,-0.1771709228515625
8.340076923370361,-0.0057289433462409285,-0.277727392578125,-0.18435352783203124
8.359939336776733,-0.0058621745868511835,-0.2657563842773437,-0.1867477294921875
8.380232572555542,-0.004663093421358896,-0.29448680419921874,-0.18435352783203124
8.400028705596924,-0.006661562030512709,-0.2753331909179687,-0.16998831787109375
8.419915676116943,-0.0031975497746461,-0.2920926025390625,-0.21308394775390624
8.440274000167847,-0.0039969372183076245,-0.27293898925781246,-0.19871873779296872
8.460000991821289,-0.0057289433462409285,-0.28012159423828126,-0.19871873779296872
8.480163812637329,-0.007061255752343471,-0.2609679809570312,-0.181959326171875
8.499794960021973,-0.0074609494741742334,-0.2825157958984375,-0.19153613281249998
8.51999545097351,-0.009059724361497283,-0.45010991210937495,-0.181959326171875
8.540574789047241,-0.005196018383799912,-0.2753331909179687,-0.22505495605468748
8.560005187988281,-0.004529862180748642,-0.27293898925781246,-0.16998831787109375
8.579972982406616,-0.010258805526989571,-0.2920926025390625,-0.19632453613281248
8.600008010864258,-0.003464012255866608,-0.277727392578125,-0.18914193115234373
8.619909048080444,-0.0039969372183076245,-0.30406361083984373,-0.19871873779296872
8.640164375305176,-0.00479632466196915,-0.24899697265624998,-0.19153613281249998
8.659992218017578,-0.0033307810152563544,-0.28730419921875,-0.21787235107421873
8.679892539978027,-0.002398162330984575,-0.26336218261718747,-0.19632453613281248
8.6999671459198,-0.005995405827461438,-0.29448680419921874,-0.1867477294921875
8.720011234283447,-0.0035972434964768626,-0.27293898925781246,-0.18914193115234373
8.739954233169556,-0.005062787143189658,-0.45489831542968745,-0.1771709228515625
8.760077476501465,-0.005329249624410167,-0.15562310791015624,-0.2059013427734375
8.78069806098938,-0.005595712105630674,-0.28969840087890625,-0.1580173095703125
8.80015754699707,-0.0063950995492922,-0.316034619140625,-0.201112939453125
8.820267915725708,-0.0018652373685435584,-0.29448680419921874,-0.201112939453125
8.84020471572876,-0.0057289433462409285,-0.2609679809570312,-0.1867477294921875
8.860954761505127,-0.004929555902579405,-0.277727392578125,-0.201112939453125
8.880556583404541,-0.002398162330984575,-0.16759411621093748,-0.16759411621093748
8.900132656097412,-0.007061255752343471,-0.28490999755859375,-0.1867477294921875
8.920058488845825,-0.005062787143189658,-0.26815058593749996,-0.20350714111328125
8.940468549728394,-0.004663093421358896,-0.3016694091796875,-0.23223756103515625
8.96021819114685,-0.0073277182335639785,-0.32561142578124996,-0.19153613281249998
8.980862617492676,-0.002797856052815337,-0.2753331909179687,-0.18435352783203124
9.000192880630493,-0.004130168458917879,-0.3399766357421875,-0.19393033447265623
9.020150661468506,-0.00159877488732305,-0.2442085693359375,-0.22744915771484372
9.040327072143555,-0.004663093421358896,-0.3280056274414062,-0.18914193115234373
9.061018705368042,-0.0074609494741742334,-0.29927520751953124,-0.17477672119140625
9.081252098083496,-0.006261868308681946,-0.26336218261718747,-0.181959326171875
9.099939823150635,-0.004396630940138387,-0.2825157958984375,-0.19871873779296872
9.120462656021118,-0.0074609494741742334,-0.27293898925781246,-0.201112939453125
9.140286684036255,-0.0039969372183076245,-0.2609679809570312,-0.2059013427734375
9.160524845123291,-0.007860643196004996,-0.43574470214843747,-0.17477672119140625
9.180410146713257,-0.0029310872934255917,-0.28969840087890625,-0.1867477294921875
9.200145721435547,-0.006261868308681946,-0.17238251953125,-0.21787235107421873
9.220393896102905,-0.005995405827461438,-0.277727392578125,-0.201112939453125
9.240575551986694,-0.0058621745868511835,-0.29927520751953124,-0.18914193115234373
9.260261058807373,-0.0021316998497640663,-0.3016694091796875,-0.16759411621093748
9.280545711517334,-0.007061255752343471,-0.3112462158203125,-0.2059013427734375
9.300520896911621,-0.005329249624410167,-0.44532150878906246,-0.1867477294921875
9.320069551467896,0.0002664624812205083,-0.3064578125,-0.1771709228515625
9.34023380279541,-0.0058621745868511835,-0.296881005859375,-0.1867477294921875
9.360044717788696,-0.005196018383799912,-0.27293898925781246,-0.21068974609375
9.380119562149048,-0.006794793271122962,-0.2537853759765625,-0.201112939453125
9.399929761886597,-0.007061255752343471,-0.296881005859375,-0.18435352783203124
9.420101881027222,-0.0075941807147844875,-0.2825157958984375,-0.21308394775390624
9.440587997436523,-0.0026646248122050836,-0.3064578125,-0.1292868896484375
9.629976034164429,-0.004929555902579405,-0.28490999755859375,-0.21308394775390624
9.630134344100952,-0.006528330789902454,-0.2657563842773437,-0.15562310791015624
9.630274534225464,-0.003863705977697371,-0.3184288208007812,-0.19153613281249998
9.630388498306274,-0.004529862180748642,-0.3280056274414062,-0.21068974609375
9.63045620918274,-0.0033307810152563544,-0.3112462158203125,-0.21787235107421873
9.630499839782715,-0.0029310872934255917,-0.296881005859375,-0.21787235107421873
9.630535364151001,-0.0074609494741742334,-0.296881005859375,-0.2059013427734375
9.63057017326355,-0.008393568158446012,-0.3016694091796875,-0.20829554443359374
9.630707502365112,-0.0074609494741742334,-0.28012159423828126,-0.16998831787109375
9.643232107162476,-0.006128637068071691,-0.3112462158203125,-0.22026655273437498
9.660436868667603,-0.005595712105630674,-0.316034619140625,-0.2059013427734375
9.68000864982605,-0.005595712105630674,-0.2609679809570312,-0.17238251953125
9.700048685073853,-0.0014655436467127959,-0.24899697265624998,-0.17477672119140625
9.720495462417603,-0.007860643196004996,-0.29927520751953124,-0.22266075439453123
9.740440607070923,-0.006128637068071691,-0.24899697265624998,-0.19632453613281248
9.760226488113403,-0.005062787143189658,-0.2920926025390625,-0.201112939453125
9.780215740203857,-0.007727411955394742,-0.3016694091796875,-0.17956512451171874
9.800008058547974,-0.0026646248122050836,-0.28012159423828126,-0.16759411621093748
9.820246934890747,-0.009326186842717792,-0.28969840087890625,-0.1867477294921875
9.84007716178894,-0.0075941807147844875,-0.15562310791015624,-0.22744915771484372
9.860145330429077,-0.0057289433462409285,-0.1580173095703125,-0.19153613281249998
9.880154132843018,-0.0033307810152563544,-0.2825157958984375,-0.1867477294921875
9.899896621704102,-0.0005329249624410166,-0.2920926025390625,-0.22026655273437498
9.920018434524536,-0.0003996937218307625,-0.316034619140625,-0.1867477294921875
9.94023609161377,-0.004529862180748642,-0.2753331909179687,-0.2154781494140625
9.959977865219116,-0.006261868308681946,-0.28012159423828126,-0.18914193115234373
9.980149030685425,-0.004263399699528133,-0.25139117431640623,-0.17956512451171874
9.999995708465576,-0.007061255752343471,-0.28490999755859375,-0.19153613281249998
10.020222663879395,-0.001732006127933304,-0.2657563842773437,-0.201112939453125
10.040357112884521,-0.005062787143189658,-0.44053310546874996,-0.18914193115234373
10.06003737449646,-0.00159877488732305,-0.26336218261718747,-0.1484405029296875
10.08102011680603,-0.006794793271122962,-0.277727392578125,-0.19153613281249998
10.09986686706543,-0.006794793271122962,-0.3280056274414062,-0.17956512451171874
10.12012767791748,-0.0057289433462409285,-0.2753331909179687,-0.17956512451171874
10.140279054641724,-0.004929555902579405,-0.28490999755859375,-0.18435352783203124
10.16000485420227,-0.002398162330984575,-0.3184288208007812,-0.181959326171875
10.180081367492676,-0.0026646248122050836,-0.28969840087890625,-0.21068974609375
10.199901580810547,-0.0073277182335639785,-0.3016694091796875,-0.23223756103515625
10.220240831375122,-0.0039969372183076245,-0.16519991455078123,-0.181959326171875
10.24049687385559,-0.0063950995492922,-0.26336218261718747,-0.22026655273437498
10.260146856307983,-0.0058621745868511835,-0.44532150878906246,-0.2154781494140625
10.280497789382935,-0.0035972434964768626,-0.16519991455078123,-0.201112939453125
10.300519227981567,-0.005995405827461438,-0.3064578125,-0.18914193115234373
10.320240259170532,-0.005196018383799912,-0.3280056274414062,-0.201112939453125
10.340283393859863,-0.005462480865020421,-0.3064578125,-0.15562310791015624
10.360257387161255,-0.005595712105630674,-0.28730419921875,-0.16759411621093748
10.380249977111816,-0.004130168458917879,-0.316034619140625,-0.17477672119140625
10.399977445602417,-0.0039969372183076245,-0.29927520751953124,-0.19871873779296872
10.420189142227173,-0.0026646248122050836,-0.2825157958984375,-0.18914193115234373
10.440571069717407,-0.005995405827461438,-0.2920926025390625,-0.1771709228515625
10.460493803024292,-0.0073277182335639785,-0.239420166015625,-0.18914193115234373
10.480199575424194,-0.0031975497746461,-0.45010991210937495,-0.201112939453125
10.500054836273193,-0.003464012255866608,-0.45010991210937495,-0.2154781494140625
10.520245790481567,-0.004263399699528133,-0.2657563842773437,-0.21308394775390624
10.540258884429932,-0.0074609494741742334,-0.29927520751953124,-0.1771709228515625
10.559996128082275,-0.0030643185340358454,-0.3112462158203125,-0.22505495605468748
10.580184936523438,-0.005595712105630674,-0.26815058593749996,-0.17477672119140625
10.599819898605347,-0.0035972434964768626,-0.28490999755859375,-0.21308394775390624
10.620122909545898,-0.0006661562030512709,-0.2920926025390625,-0.22505495605468748
10.640164852142334,-0.006661562030512709,-0.28490999755859375,-0.18914193115234373
10.660114288330078,-0.0029310872934255917,-0.33758243408203126,-0.17956512451171874
10.680179119110107,-0.0037304747370871167,-0.27293898925781246,-0.2059013427734375
10.699957609176636,-0.009459418083328047,-0.3064578125,-0.16998831787109375
10.720198154449463,-0.003464012255866608,-0.3950432739257812,-0.1771709228515625
10.74013876914978,-0.005462480865020421,-0.44053310546874996,-0.181959326171875
10.760313272476196,-0.005062787143189658,-0.28969840087890625,-0.20350714111328125
10.780216693878174,-0.00479632466196915,-0.277727392578125,-0.21787235107421873
10.80007028579712,-0.007860643196004996,-0.2825157958984375,-0.201112939453125
10.820094108581543,-0.004529862180748642,-0.3064578125,-0.16280571289062498
10.840022325515747,-0.004929555902579405,-0.2920926025390625,-0.18914193115234373
10.860102891921997,-0.006928024511733216,-0.27293898925781246,-0.18914193115234373
10.88123106956482,-0.006128637068071691,-0.2753331909179687,-0.16041151123046873
10.9001624584198,-0.005462480865020421,-0.32561142578124996,-0.1580173095703125
10.919603824615479,-0.004396630940138387,-0.32082302246093747,-0.18914193115234373
10.939507246017456,-0.0011990811654922875,-0.28969840087890625,-0.181959326171875
10.959463119506836,-0.005995405827461438,-0.32082302246093747,-0.17477672119140625
10.979637384414673,-0.004263399699528133,-0.16998831787109375,-0.22505495605468748
10.999520540237427,-0.004130168458917879,-0.15562310791015624,-0.18914193115234373
11.019792556762695,-0.006528330789902454,-0.33039982910156246,-0.20829554443359374
11.039624691009521,-0.005329249624410167,-0.2657563842773437,-0.18914193115234373
11.059451341629028,-0.004663093421358896,-0.28730419921875,-0.2154781494140625
11.080256462097168,-0.002398162330984575,-0.29927520751953124,-0.20829554443359374
11.100207805633545,-0.002531393571594829,-0.4477157104492187,-0.1867477294921875
11.120245933532715,-0.0019984686091538122,-0.30885201416015623,-0.18914193115234373
11.140183925628662,-0.006661562030512709,-0.277727392578125,-0.17956512451171874
11.160057067871094,-0.007860643196004996,-0.4525041137695312,-0.1771709228515625
11.180165529251099,-0.004663093421358896,-0.28490999755859375,-0.19153613281249998
11.199910163879395,-0.006661562030512709,-0.34237083740234375,-0.18435352783203124
11.220319032669067,-0.006128637068071691,-0.3016694091796875,-0.2154781494140625
11.240076303482056,-0.003863705977697371,-0.28490999755859375,-0.19871873779296872
11.260158061981201,-0.005329249624410167,-0.27293898925781246,-0.18435352783203124
11.28017282485962,-0.004396630940138387,-0.3136404174804687,-0.19393033447265623
11.300305843353271,-0.0033307810152563544,-0.29448680419921874,-0.2059013427734375
11.320369958877563,-0.004130168458917879,-0.15562310791015624,-0.201112939453125
11.340487718582153,-0.005062787143189658,-0.3112462158203125,-0.20350714111328125
11.359986066818237,-0.0037304747370871167,-0.27293898925781246,-0.17956512451171874
11.380361318588257,-0.004529862180748642,-0.296881005859375,-0.18435352783203124
11.400071859359741,-0.006261868308681946,-0.277727392578125,-0.181959326171875
11.420267343521118,-0.003464012255866608,-0.2920926025390625,-0.20829554443359374
11.440240859985352,-0.00479632466196915,-0.2920926025390625,-0.16759411621093748
11.460140705108643,-0.005595712105630674,-0.28490999755859375,-0.181959326171875
11.480210304260254,-0.0018652373685435584,-0.2753331909179687,-0.17477672119140625
11.499969720840454,-0.0057289433462409285,-0.30406361083984373,-0.18914193115234373
11.520214319229126,-0.0029310872934255917,-0.29448680419921874,-0.20350714111328125
11.540424108505249,-0.004263399699528133,-0.29448680419921874,-0.19153613281249998
11.559829235076904,-0.005196018383799912,-0.27293898925781246,-0.21787235107421873
11.580318927764893,-0.005462480865020421,-0.430956298828125,-0.181959326171875
11.600359678268433,-0.0013323124061025418,-0.33039982910156246,-0.17956512451171874
11.620549201965332,0.0010658499248820332,-0.45968671875,-0.21068974609375
11.6402108669281,-0.004263399699528133,-0.28969840087890625,-0.19393033447265623
11.660356044769287,-0.006794793271122962,-0.2920926025390625,-0.19871873779296872
11.680177927017212,-0.005196018383799912,-0.28012159423828126,-0.20829554443359374
11.69998836517334,-0.003464012255866608,-0.28012159423828126,-0.19153613281249998
11.720215320587158,-0.004396630940138387,-0.3136404174804687,-0.1867477294921875
11.740163326263428,-0.0029310872934255917,-0.316034619140625,-0.16519991455078123
11.759869813919067,-0.004663093421358896,-0.2753331909179687,-0.181959326171875
11.78035569190979,-0.005329249624410167,-0.15562310791015624,-0.17238251953125
11.799983978271484,-0.007061255752343471,-0.43574470214843747,-0.229843359375
11.820419073104858,-0.010791730489430587,-0.26336218261718747,-0.2442085693359375
11.840544939041138,-0.0058621745868511835,-0.28012159423828126,-0.18914193115234373
11.86001205444336,-0.004263399699528133,-0.2753331909179687,-0.17477672119140625
11.880303621292114,-0.004663093421358896,-0.3016694091796875,-0.17956512451171874
11.900074481964111,-0.006661562030512709,-0.28490999755859375,-0.18435352783203124
11.920540809631348,-0.0031975497746461,-0.3184288208007812,-0.19393033447265623
11.940173625946045,-0.0019984686091538122,-0.29448680419921874,-0.1771709228515625
11.959998607635498,-0.004263399699528133,-0.2920926025390625,-0.21308394775390624
11.98025918006897,-0.004929555902579405,-0.2920926025390625,-0.20829554443359374
12.000207901000977,-0.007061255752343471,-0.296881005859375,-0.2059013427734375
12.020105123519897,-0.004529862180748642,-0.26815058593749996,-0.21068974609375
12.040600538253784,-0.005595712105630674,-0.1580173095703125,-0.201112939453125
12.06010127067566,-0.005462480865020421,-0.2825157958984375,-0.181959326171875
12.081227540969849,-0.0011990811654922875,-0.3184288208007812,-0.28730419921875
12.100032329559326,0.029310872934255914,0.10773907470703124,-0.29927520751953124
12.120214700698853,0.04689739669480947,-0.29448680419921874,-0.5602431884765625
12.140257596969604,0.06528330789902453,-0.19393033447265623,-0.6631938598632812
12.160264015197754,0.0927289434647369,-0.06943184814453125,-0.19632453613281248
12.18031358718872,0.08566768771239343,0.009576806640625,-0.4955997436523437
12.200106859207153,0.05662327725935802,0.2705447875976562,0.36391865234375
12.220321893692017,0.01505513018895872,0.5434837768554687,0.4860229370117187
12.240543603897095,-0.01692036755750228,0.6344634399414062,0.1149216796875
12.260056257247925,-0.03397396635561481,0.2561795776367187,-0.055066638183593745
12.280360221862793,-0.028911179212425153,0.0718260498046875,-0.3447650390625
12.300184726715088,-0.02531393571594829,0.086191259765625,-0.5913678100585937
12.320433139801025,-0.020650842294589397,-0.1867477294921875,-0.2705447875976562
12.340339422225952,-0.017586523760553547,-0.20829554443359374,-0.22505495605468748
12.360194683074951,-0.011058192970651094,-0.2657563842773437,-0.16519991455078123
12.380119323730469,0.0018652373685435584,-0.3687070556640625,-0.17477672119140625
12.400001764297485,0.005995405827461438,-0.3280056274414062,-0.30406361083984373
12.420251607894897,0.011724349173702367,-0.1292868896484375,-0.35673604736328124
12.440294981002808,0.0073277182335639785,0.09816226806640624,-0.229843359375
12.460414171218872,0.005062787143189658,0.1771709228515625,-0.0718260498046875
12.480468511581421,-0.002264931090374321,0.51714755859375,-0.15562310791015624
12.499885559082031,-0.016387442595061263,0.3184288208007812,0.28730419921875
12.520235538482666,-0.014921898948348467,0.24899697265624998,0.0143652099609375
12.540031909942627,-0.023581929588014985,0.1867477294921875,-0.5410895751953124
12.560124397277832,-0.03077641658096871,0.19393033447265623,-0.23223756103515625
12.580171823501587,-0.03477335379927634,-0.17477672119140625,0.08858546142578125
12.599967002868652,-0.022382848422522698,-0.4644751220703125,-0.6607996582031249
12.620147943496704,-0.010924961730040842,-0.46208092041015625,0.0909796630859375
12.64010214805603,-0.004263399699528133,-0.6871358764648438,-0.37828386230468747
12.659834146499634,-0.002797856052815337,-0.737414111328125,-0.13646949462890623
12.680171251296997,-0.002264931090374321,-0.5578489868164063,-0.3758896606445312
12.699951648712158,0.013989280264076687,-0.076614453125,0.5602431884765625
12.719811916351318,0.011457886692481857,-0.5386953735351562,-0.5889736083984375
12.740012645721436,0.013856049023466432,-0.3184288208007812,-0.39983167724609375
12.759720087051392,0.02105053601642016,-0.14604630126953125,-0.15562310791015624
12.780166149139404,0.02145022973825092,0.22744915771484372,0.29927520751953124
12.799950122833252,0.0011990811654922875,0.14125789794921875,-0.04548983154296875
12.820051908493042,-0.02571362943777905,-0.3950432739257812,-0.05985504150390625
12.84016728401184,-0.027712098046932865,-0.33039982910156246,-0.296881005859375
12.859983682632446,-0.013589586542245924,-0.028730419921875,-0.4644751220703125
12.880789518356323,-0.009326186842717792,-0.09337386474609374,-0.19632453613281248
12.900606393814087,-0.014255742745297196,-0.7038952880859375,0.18435352783203124
12.920480251312256,-0.018652373685435583,-0.3495534423828125,-0.3950432739257812
12.940473318099976,0.0009326186842717792,-1.0606313354492187,-0.5291185668945312
12.959973812103271,0.016387442595061263,-0.239420166015625,-0.20350714111328125
12.980106353759766,0.014921898948348467,-0.6105214233398437,-0.11731588134765625
12.999826669692993,0.003863705977697371,-0.6488286499023437,-0.373495458984375
13.019960641860962,-0.004529862180748642,-0.15322890625,0.14604630126953125
13.0403151512146,-0.004663093421358896,0.02633621826171875,0.19871873779296872
13.060459852218628,-0.012923430339194655,0.15083470458984374,-0.5698199951171875
13.080151319503784,-0.026779479362661087,-0.19632453613281248,-0.44053310546874996
13.099688053131104,-0.040901990867348026,-0.33039982910156246,0.41898529052734373
13.120465278625488,-0.05688973974057853,-0.28012159423828126,0.09576806640624999
13.140528440475464,-0.058355283387291325,-0.5817910034179687,-0.05985504150390625
13.160104990005493,-0.04276722823589159,-0.7613561279296874,-0.40222587890625
13.180463552474976,-0.016387442595061263,-0.679953271484375,-0.07422025146484375
13.200228929519653,-0.00159877488732305,-0.7254431030273437,-0.6775590698242188
13.220529079437256,0.010791730489430587,-0.6536170532226562,-0.12210428466796874
13.240800619125366,0.018119448722994567,-0.5051765502929687,-0.22266075439453123
13.25994086265564,0.03503981628049684,-0.7230489013671875,-0.06703764648437499
13.280370950698853,0.03450689131805583,-0.35673604736328124,0.13407529296874998
13.300004482269287,0.0011990811654922875,-0.6631938598632812,-0.5147533569335937
13.320654392242432,-0.036372128686599385,-0.21308394775390624,0.028730419921875
13.340342998504639,-0.03170903526524049,-0.6631938598632812,-0.3711012573242187
13.359964370727539,-0.01945176112909711,-0.16041151123046873,-0.1149216796875
13.380619287490845,-0.016387442595061263,-0.26336218261718747,-0.18914193115234373
13.400169134140015,-0.021983154700691936,-0.4955997436523437,-0.3687070556640625
13.42030143737793,-0.012523736617363892,-0.70868369140625,-0.7517793212890624
13.440344333648682,0.0063950995492922,-0.36391865234375,-0.1197100830078125
13.46036696434021,0.015987748873230498,-0.3399766357421875,-0.40940848388671874
13.480318546295166,0.01372281778285618,-0.229843359375,-0.07422025146484375
13.500195026397705,0.0021316998497640663,-0.5913678100585937,-0.33039982910156246
13.520216226577759,-0.0030643185340358454,-0.38307226562499996,-0.23702596435546874
13.540427446365356,-0.018785604926045835,-0.4213794921875,0.28012159423828126
13.559875249862671,-0.02691271060327134,-0.4333505004882812,-0.06464344482421874
13.580377578735352,-0.02571362943777905,-0.5386953735351562,-0.20829554443359374
13.599928140640259,-0.012523736617363892,-0.316034619140625,-0.411802685546875
13.620357990264893,-0.0075941807147844875,-0.2346317626953125,-0.25139117431640623
13.640311241149902,-0.014255742745297196,-0.39264907226562495,-0.3280056274414062
13.65990662574768,-0.012390505376753637,-0.34237083740234375,-0.3687070556640625
13.68014931678772,0.008127105677225504,-0.603338818359375,-0.258573779296875
13.70004653930664,0.01185758041431262,-0.4213794921875,-0.34715924072265625
13.720515251159668,-0.004396630940138387,-0.5578489868164063,-0.1867477294921875
13.740170001983643,-0.021716692219471426,-0.5291185668945312,-0.2920926025390625
13.759964942932129,-0.009059724361497283,-0.469263525390625,-0.12210428466796874
13.780127763748169,0.006794793271122962,-0.42377369384765623,-0.07422025146484375
13.800183057785034,0.005595712105630674,-0.2753331909179687,-0.40940848388671874
13.820178985595703,-0.009059724361497283,-0.6200982299804687,-0.3495534423828125
13.840529680252075,-0.013989280264076687,-0.430956298828125,-0.1197100830078125
13.860012292861938,-0.008127105677225504,-0.4644751220703125,-0.3184288208007812
13.8803391456604,-0.005196018383799912,-0.32561142578124996,-0.26336218261718747
13.90002727508545,-0.003464012255866608,-0.13646949462890623,-0.19153613281249998
13.920470476150513,-0.011058192970651094,-0.4381389038085937,-0.16998831787109375
13.940470457077026,-0.004396630940138387,-0.5003881469726562,-0.26336218261718747
13.960196495056152,-0.015854517632620246,-0.33039982910156246,0.0383072265625
13.980381488800049,-0.02078407353519965,-0.5506663818359374,-0.30885201416015623
14.000014781951904,-0.0075941807147844875,-0.51714755859375,-0.28730419921875
14.020115613937378,0.0057289433462409285,-0.5051765502929687,-0.34715924072265625
14.040783405303955,-0.0058621745868511835,-0.5339069702148437,-0.18435352783203124
14.060628414154053,-0.020917304775809907,-0.45489831542968745,-0.277727392578125
14.08102822303772,-0.011324655451871604,-0.469263525390625,-0.1771709228515625
14.100069761276245,0.014788667707738212,-0.4740519287109375,-0.21308394775390624
14.120438814163208,0.016387442595061263,-0.4285620971679687,-0.33758243408203126
14.140536546707153,0.03370750387439431,-0.3495534423828125,-0.08858546142578125
14.160091161727905,-0.018119448722994567,-0.4261678955078125,-0.05985504150390625
14.180238246917725,-0.009459418083328047,-0.5746083984375,-0.10295067138671875
14.200074195861816,0.03384073511500456,-0.4644751220703125,-0.47884033203125
14.220550298690796,-0.001732006127933304,-0.5482721801757812,-0.12689268798828124
14.240549325942993,-0.005995405827461438,-0.7062894897460937,-0.38786066894531246
14.259999752044678,-0.008926493120887028,-0.5961562133789062,-0.2059013427734375
14.280233383178711,-0.008393568158446012,-0.5363011718749999,-0.19871873779296872
14.300145864486694,-0.006661562030512709,-0.41898529052734373,-0.10773907470703124
14.32029390335083,0.0037304747370871167,-0.45489831542968745,-0.277727392578125
14.34020709991455,0.0037304747370871167,-0.5722141967773438,-0.17956512451171874
14.359992265701294,-0.003464012255866608,-0.3184288208007812,-0.4285620971679687
14.380199193954468,-0.016387442595061263,-0.5746083984375,-0.3591302490234375
14.40029501914978,-0.018918836166656093,-0.39743747558593745,-0.26815058593749996
14.420350313186646,0.004396630940138387,-0.5339069702148437,-0.14125789794921875
14.440526962280273,0.014122511504686942,-0.430956298828125,-0.2346317626953125
14.459893941879272,0.002797856052815337,-0.6560112548828124,-0.28969840087890625
14.480573892593384,-0.009725880564548555,-0.32082302246093747,-0.40222587890625
14.499889373779297,-0.007194486992953725,-0.469263525390625,0.00239420166015625
14.520101070404053,0.019052067407266345,-0.32561142578124996,-0.17238251953125
14.540135860443115,0.016653905076281773,-0.46686932373046874,-0.40222587890625
14.559999704360962,-0.008127105677225504,-0.46686932373046874,-0.3016694091796875
14.580270528793335,-0.022249617181912446,-0.5386953735351562,-0.2825157958984375
14.600393772125244,-0.006128637068071691,-0.5434837768554687,-0.033518823242187495
14.620468139648438,0.003863705977697371,-0.612915625,-0.12449848632812499
14.640216588973999,-0.0029310872934255917,-0.5434837768554687,-0.27293898925781246
14.659841775894165,-0.005462480865020421,-0.6584054565429687,-0.3399766357421875
14.680134773254395,-0.00479632466196915,-0.296881005859375,-0.35194764404296874
14.70000696182251,0.0018652373685435584,-0.4070142822265625,-0.24181436767578124
14.72063398361206,0.0011990811654922875,-0.4070142822265625,-0.07900865478515624
14.740278005599976,0.009992343045769061,-0.5506663818359374,-0.4333505004882812
14.759899139404297,0.006928024511733216,-0.5482721801757812,-0.5602431884765625
14.780347108840942,-0.000799387443661525,-0.6655880615234374,-0.5147533569335937
14.800077676773071,-0.006261868308681946,-0.411802685546875,0.1484405029296875
14.82072925567627,-0.011058192970651094,-0.5602431884765625,0.06464344482421874
14.84047818183899,-0.0031975497746461,-0.7254431030273437,-0.18914193115234373
14.860056638717651,-0.004396630940138387,-0.46208092041015625,-0.4070142822265625
14.880182266235352,-0.011324655451871604,-0.36391865234375,-0.28730419921875
14.89985179901123,-0.014788667707738212,-0.4860229370117187,-0.3687070556640625
14.920161485671997,-0.011990811654922875,-0.51714755859375,-0.14125789794921875
14.940293550491333,0.005462480865020421,-0.3854664672851562,-0.3447650390625
14.95984935760498,0.0018652373685435584,-0.4860229370117187,-0.22026655273437498
14.98021650314331,-0.01572128639200999,-0.5770026000976562,-0.2442085693359375
14.999966621398926,-0.01692036755750228,-0.5602431884765625,-0.20350714111328125
15.020259141921997,-0.009725880564548555,-0.47644613037109373,-0.3902548706054687
15.040832281112671,0.0021316998497640663,-0.2059013427734375,-0.2442085693359375
15.060233354568481,-0.0039969372183076245,-0.39743747558593745,-0.4572925170898437
15.08115553855896,-0.0018652373685435584,-0.4285620971679687,-0.1484405029296875
15.100025415420532,0.0026646248122050836,-0.41898529052734373,-0.373495458984375
15.12018346786499,-0.0014655436467127959,-0.3136404174804687,-0.22266075439453123
15.140311479568481,-0.011457886692481857,-0.565031591796875,-0.24181436767578124
15.160005807876587,-0.007993874436615249,-0.7110778930664062,-0.19632453613281248
15.180198192596436,0.0018652373685435584,-0.5482721801757812,-0.4285620971679687
15.199875354766846,-0.002797856052815337,-0.5291185668945312,-0.3280056274414062
15.220040559768677,-0.012656967857974145,-0.430956298828125,-0.1867477294921875
15.240222930908203,-0.009992343045769061,-0.7445967163085937,-0.2537853759765625
15.259851932525635,0.008526799399056265,-0.46208092041015625,-0.29448680419921874
15.280045986175537,0.0095926493239383,-0.411802685546875,-0.1580173095703125
15.300195455551147,-0.010392036767599824,-0.39264907226562495,-0.277727392578125
15.319987535476685,-0.02438131703167651,-0.39983167724609375,-0.277727392578125
15.340208292007446,-0.01212404289553313,-0.565031591796875,-0.07900865478515624
15.359848976135254,0.0075941807147844875,-0.296881005859375,-0.17956512451171874
15.380468368530273,-0.0010658499248820332,-0.6105214233398437,-0.00718260498046875
15.40005087852478,-0.015987748873230498,-0.45968671875,-0.3016694091796875
15.420697212219238,-0.011191424211261349,-0.6272808349609375,-0.06464344482421874
15.440623998641968,-0.002797856052815337,-0.36631285400390623,-0.39743747558593745
15.46039628982544,0.004263399699528133,-0.3136404174804687,-0.16998831787109375
15.480033874511719,-0.008393568158446012,-0.4261678955078125,-0.4261678955078125
15.499889850616455,-0.015854517632620246,-0.6177040283203125,-0.10295067138671875
15.520298480987549,-0.005595712105630674,-0.47644613037109373,-0.22505495605468748
15.540087461471558,-0.0063950995492922,-0.5267243652343749,-0.2154781494140625
15.559948921203613,-0.009725880564548555,-0.5458779785156249,-0.30885201416015623
15.580180406570435,-0.0019984686091538122,-0.699106884765625,-0.239420166015625
15.599817514419556,0.004929555902579405,-0.5291185668945312,-0.2561795776367187
15.620200634002686,0.0009326186842717792,-0.5722141967773438,-0.28969840087890625
15.640292644500732,-0.016120980113840753,-0.37828386230468747,-0.33518823242187495
15.659849882125854,-0.011058192970651094,-0.5434837768554687,-0.143652099609375
15.680181503295898,0.0003996937218307625,-0.49799394531249996,-0.08140285644531249
15.699841260910034,0.0003996937218307625,-0.4213794921875,-0.35673604736328124
15.720050573348999,-0.01505513018895872,-0.3112462158203125,-0.08858546142578125
15.740353345870972,-0.01945176112909711,-0.584185205078125,-0.22505495605468748
15.760047435760498,-0.004396630940138387,-0.6440402465820312,-0.08379705810546874
15.780274629592896,0.011457886692481857,-0.3950432739257812,-0.3016694091796875
15.79975175857544,-0.0011990811654922875,-0.4860229370117187,-0.22505495605468748
15.82017970085144,-0.013589586542245924,-0.7637503295898437,-0.40222587890625
15.840203285217285,-0.008127105677225504,-0.6823474731445313,-0.4477157104492187
15.859724283218384,0.002531393571594829,-0.6703764648437499,-0.18435352783203124
15.880115270614624,0.03397396635561481,-0.488417138671875,-0.143652099609375
15.899805545806885,-0.008526799399056265,-0.5961562133789062,-0.20829554443359374
15.920310735702515,-0.014921898948348467,-0.6200982299804687,-0.17956512451171874
15.94022536277771,-0.01692036755750228,-0.32561142578124996,-0.1580173095703125
15.959826946258545,-0.02105053601642016,-0.38786066894531246,0.023942016601562498
15.980174779891968,-0.013189892820415163,-0.411802685546875,-0.38786066894531246
15.999811887741089,-0.0058621745868511835,-0.5339069702148437,-0.3495534423828125
16.02010416984558,0.002264931090374321,-0.5099649536132812,-0.1580173095703125
16.040318250656128,-0.011324655451871604,-0.26336218261718747,-0.3711012573242187
16.059978485107422,-0.015454823910789483,-0.5722141967773438,-0.15322890625
16.08074164390564,-0.0019984686091538122,-0.4908113403320312,-0.105344873046875
16.099838256835938,0.010924961730040842,-0.47884033203125,-0.29448680419921874
16.120321035385132,-0.004663093421358896,-0.5770026000976562,-0.29448680419921874
16.140238523483276,-0.022116385941302188,-0.40940848388671874,-0.15083470458984374
16.16011357307434,-0.02997702913730719,-0.6392518432617187,-0.14125789794921875
16.180186986923218,-0.00985911180515881,-0.3280056274414062,-0.22026655273437498
16.19983220100403,0.0019984686091538122,-0.5961562133789062,-0.143652099609375
16.220050811767578,-0.010392036767599824,-0.6057330200195312,-0.2059013427734375
16.24016237258911,-0.0255803981971688,-0.3902548706054687,-0.39264907226562495
16.260019063949585,-0.015588055151399738,-0.5434837768554687,-0.033518823242187495
16.280373573303223,-0.0074609494741742334,-0.5530605834960938,-0.239420166015625
16.300458431243896,-0.00479632466196915,-0.5219359619140624,-0.13646949462890623
16.320225715637207,-0.007993874436615249,-0.5793968017578125,-0.18435352783203124
16.340394496917725,-0.013189892820415163,-0.49320554199218747,-0.38307226562499996
16.360070943832397,-0.010791730489430587,-0.44532150878906246,-0.1149216796875
16.380390167236328,-0.01851914244482533,-0.5482721801757812,-0.21787235107421873
16.400013208389282,-0.013189892820415163,-0.33518823242187495,-0.3447650390625
16.420522689819336,-0.012523736617363892,-0.55545478515625,-0.076614453125
16.440677642822266,-0.011724349173702367,-0.4261678955078125,-0.08140285644531249
16.46045184135437,-0.023182235866184224,-0.6344634399414062,-0.2537853759765625
16.48024296760559,-0.019984686091538122,-0.28012159423828126,-0.4333505004882812
16.499855279922485,-0.009725880564548555,-0.699106884765625,-0.181959326171875
16.52023410797119,0.01052526800821008,-0.5506663818359374,-0.24660277099609373
16.540295600891113,-0.002531393571594829,-0.5434837768554687,-0.19632453613281248
16.55998945236206,-0.020650842294589397,-0.47644613037109373,-0.14125789794921875
16.580121994018555,-0.01732006127933304,-0.5123591552734374,-0.16280571289062498
16.600104093551636,0.0002664624812205083,-0.3184288208007812,-0.430956298828125
16.62038278579712,0.0031975497746461,-0.17477672119140625,0.04548983154296875
16.640256643295288,-0.0127901990985844,-0.3854664672851562,-0.16041151123046873
16.65999484062195,-0.022915773384963714,-0.3854664672851562,-0.3016694091796875
16.680193424224854,-0.017453292519943295,-0.3854664672851562,-0.17956512451171874
16.699973106384277,-0.012656967857974145,-0.5578489868164063,0.105344873046875
16.720179080963135,-0.004529862180748642,-0.5003881469726562,-0.1771709228515625
16.740265369415283,-0.007727411955394742,-0.6751648681640625,-0.35194764404296874
16.760143041610718,-0.006794793271122962,-0.6153098266601562,-0.39743747558593745
16.78010845184326,-0.0035972434964768626,-0.6560112548828124,-0.3136404174804687
16.799826622009277,-0.002398162330984575,-0.33518823242187495,0.1005564697265625
16.820146799087524,0.0035972434964768626,-0.488417138671875,-0.16998831787109375
16.84032654762268,-0.002797856052815337,-0.4908113403320312,-0.1771709228515625
16.860002040863037,-0.011591117933092112,-0.3280056274414062,-0.13168109130859373
16.880338430404663,-0.02118376725703041,-0.36631285400390623,-0.0383072265625
16.89991521835327,-0.025447166956558548,-0.4333505004882812,-0.03591302490234375
16.920252561569214,-0.010924961730040842,-0.5267243652343749,-0.28012159423828126
16.94040012359619,-0.006528330789902454,-0.4261678955078125,-0.239420166015625
16.960514307022095,-0.011191424211261349,-0.39983167724609375,-0.2920926025390625
16.98020577430725,-0.025047473234727783,-0.4213794921875,-0.17238251953125
17.000020027160645,-0.020517611053979142,-0.5578489868164063,-0.09337386474609374
17.020076990127563,-0.002797856052815337,-0.3327940307617187,0.03591302490234375
17.040241718292236,-0.0014655436467127959,-0.6200982299804687,-0.47165772705078124
17.060137033462524,-0.015454823910789483,-0.39743747558593745,-0.17477672119140625
17.08089542388916,-0.013856049023466432,-0.5458779785156249,-0.2825157958984375
17.1000018119812,-0.0006661562030512709,-0.45010991210937495,-0.1580173095703125
17.120299816131592,0.0,-0.699106884765625,-0.24899697265624998
17.140247106552124,-0.001732006127933304,-0.45489831542968745,-0.09576806640624999
17.15985655784607,-0.014122511504686942,-0.6751648681640625,-0.3399766357421875
17.180097818374634,-0.015854517632620246,-0.6967126831054687,-0.0383072265625
17.199800491333008,-0.022649310903743208,-0.3064578125,0.11013327636718749
17.22105383872986,-0.032108728987071254,-0.6440402465820312,-0.20350714111328125
17.240323781967163,-0.026379785640830326,-0.6009446166992187,-0.16759411621093748
17.260371446609497,-0.009992343045769061,-0.49320554199218747,-0.26815058593749996
17.280375003814697,-0.014522205226517705,-0.32561142578124996,-0.4860229370117187
17.299946546554565,-0.02424808579106626,-0.5865794067382812,-0.24899697265624998
17.32020401954651,-0.01345635530163567,-0.7015010864257812,-0.25139117431640623
17.340428113937378,0.01971822361031762,-0.4285620971679687,-0.33518823242187495
17.36031460762024,0.01692036755750228,-0.5746083984375,-0.17956512451171874
17.38024115562439,-0.012257274136143382,-0.4955997436523437,-0.3327940307617187
17.39993906021118,-0.025447166956558548,-0.7326257080078125,0.062249243164062495
17.42023515701294,-0.0033307810152563544,-0.565031591796875,-0.26336218261718747
17.441518783569336,0.01505513018895872,-0.41419688720703124,-0.22026655273437498
17.45984196662903,-0.003464012255866608,-0.4644751220703125,-0.296881005859375
17.480616569519043,-0.02011791733214838,-0.316034619140625,-0.27293898925781246
17.499985456466675,-0.02371516082862524,-0.5961562133789062,-0.06943184814453125
17.520198106765747,-0.014255742745297196,-0.44532150878906246,-0.06943184814453125
17.540212631225586,-0.012257274136143382,-0.6009446166992187,-0.2442085693359375
17.560120344161987,-0.013189892820415163,-0.7781155395507812,-0.3806780639648437
17.580206871032715,-0.01732006127933304,-0.6392518432617187,-0.2705447875976562
17.60000252723694,-0.005196018383799912,-0.1867477294921875,-0.076614453125
17.620095014572144,-0.004929555902579405,-0.29927520751953124,-0.4333505004882812
17.64105534553528,-0.009059724361497283,-0.4213794921875,-0.0143652099609375
17.660526275634766,-0.0019984686091538122,-0.5626373901367188,-0.1388636962890625
17.68052887916565,0.0014655436467127959,-0.8499415893554687,-0.17477672119140625
17.700557708740234,-0.012523736617363892,-0.39983167724609375,-0.3232172241210937
17.721084356307983,-0.026779479362661087,-0.5602431884765625,-0.21068974609375
17.74068784713745,-0.017986217482384312,-0.6536170532226562,-0.0909796630859375
17.760650157928467,0.0003996937218307625,-0.4908113403320312,-0.5434837768554687
17.780601263046265,0.002398162330984575,-0.5386953735351562,-0.26336218261718747
17.800393104553223,-0.008260336917835759,-0.4525041137695312,-0.08140285644531249
17.821720838546753,-0.01732006127933304,-0.5482721801757812,-0.36391865234375
17.840672969818115,-0.0003996937218307625,-0.5865794067382812,-0.181959326171875
17.860567331314087,0.011058192970651094,-0.33039982910156246,-0.34237083740234375
17.880825519561768,-0.0035972434964768626,-0.40462008056640625,-0.29448680419921874
17.900359392166138,-0.017453292519943295,-0.565031591796875,-0.17956512451171874
17.92167615890503,-0.020517611053979142,-0.6919242797851562,-0.09576806640624999
17.94063425064087,-0.010791730489430587,-0.565031591796875,-0.28730419921875
17.960320949554443,-0.006928024511733216,-0.36391865234375,-0.16759411621093748
17.980603456497192,-0.023848392069235495,-0.6703764648437499,-0.4261678955078125
18.000455379486084,-0.017719755001163805,-0.38307226562499996,-0.4261678955078125
18.020952939987183,0.0009326186842717792,-0.699106884765625,-0.316034619140625
18.041026830673218,0.00013323124061025415,-0.22026655273437498,-0.17238251953125
18.06035351753235,-0.0013323124061025418,-0.47165772705078124,-0.5315127685546874
18.08059334754944,0.00479632466196915,-0.6464344482421874,-0.18914193115234373
18.100239038467407,0.017186830038722786,-0.3854664672851562,-0.29448680419921874
18.12087392807007,0.0031975497746461,-0.5291185668945312,-0.2609679809570312
18.14067006111145,-0.015987748873230498,-0.4070142822265625,-0.14604630126953125
18.160379648208618,-0.017852986241774057,-0.4213794921875,-0.258573779296875
18.180630445480347,-0.0003996937218307625,-0.5530605834960938,-0.28012159423828126
18.200486421585083,0.002398162330984575,-0.40462008056640625,-0.5698199951171875
18.221251487731934,-0.011324655451871604,-0.5123591552734374,-0.201112939453125
18.240872144699097,-0.01732006127933304,-0.4955997436523437,-0.21068974609375
18.260414361953735,-0.0013323124061025418,-0.6679822631835937,-0.1867477294921875
18.28049087524414,0.0095926493239383,-0.45010991210937495,-0.2346317626953125
18.300261735916138,-0.002531393571594829,-0.4955997436523437,-0.14604630126953125
18.32063889503479,-0.01692036755750228,-0.488417138671875,-0.15562310791015624
18.340484142303467,-0.012390505376753637,-0.5147533569335937,-0.10773907470703124
18.360310792922974,-0.006928024511733216,-0.3687070556640625,-0.3902548706054687
18.380406141281128,-0.0009326186842717792,-0.46208092041015625,-0.3806780639648437
18.400365829467773,-0.0074609494741742334,-0.39264907226562495,-0.36391865234375
18.420523405075073,-0.0039969372183076245,-0.46208092041015625,-0.11252747802734374
18.4405677318573,0.0005329249624410166,-0.40222587890625,-0.21308394775390624
18.4604434967041,-0.0018652373685435584,-0.5889736083984375,-0.11252747802734374
18.480486392974854,-0.00159877488732305,-0.3232172241210937,-0.34715924072265625
18.50074791908264,0.005995405827461438,-0.4955997436523437,-0.10773907470703124
18.52096676826477,0.01505513018895872,-0.4572925170898437,-0.2537853759765625
18.540691375732422,0.0,-0.38786066894531246,-0.44532150878906246
18.560426950454712,-0.016520673835671518,-0.2657563842773437,-0.229843359375
18.58052897453308,-0.010924961730040842,-0.5889736083984375,-0.24181436767578124
18.60028576850891,0.002398162330984575,-0.40222587890625,-0.028730419921875
18.62069034576416,0.005062787143189658,-0.4908113403320312,-0.38786066894531246
18.64093542098999,-0.009326186842717792,-0.33518823242187495,-0.28969840087890625
18.660513639450073,-0.016787136316892024,-0.7445967163085937,-0.354341845703125
18.68058443069458,0.0019984686091538122,-0.565031591796875,-0.13168109130859373
18.700286149978638,0.015854517632620246,-0.6081272216796875,-0.39743747558593745
18.720592975616455,0.006528330789902454,-0.47165772705078124,-0.4908113403320312
18.740663766860962,-0.0031975497746461,-0.6679822631835937,-0.18914193115234373
18.76033902168274,-0.0006661562030512709,-0.37828386230468747,-0.35673604736328124
18.78065013885498,0.0026646248122050836,-0.584185205078125,-0.10773907470703124
18.800354480743408,0.010658499248820334,-0.24899697265624998,-0.2059013427734375
18.82074737548828,-0.0033307810152563544,-0.5243301635742187,-0.3687070556640625
18.840801239013672,-0.005196018383799912,-0.40940848388671874,-0.3184288208007812
18.86029863357544,-0.003863705977697371,-0.4836287353515625,0.1149216796875
18.88041639328003,-0.0021316998497640663,-0.354341845703125,-0.2346317626953125
18.90013289451599,-0.002398162330984575,-0.5458779785156249,-0.5003881469726562
18.920326709747314,0.000799387443661525,-0.8020575561523438,-0.3687070556640625
18.940665006637573,-0.006928024511733216,-0.3327940307617187,-0.15083470458984374
18.960378885269165,-0.016120980113840753,-0.5219359619140624,-0.05746083984375
18.980472087860107,-0.020917304775809907,-0.6703764648437499,-0.17956512451171874
19.000177145004272,-0.0021316998497640663,-0.5817910034179687,-0.354341845703125
19.02031946182251,0.01212404289553313,-0.4285620971679687,-0.3687070556640625
19.04067373275757,-0.003863705977697371,-0.3112462158203125,-0.36631285400390623
19.060447216033936,-0.011191424211261349,-0.16759411621093748,-0.15562310791015624
19.08136749267578,-0.0010658499248820332,-0.4860229370117187,-0.26336218261718747
19.100156784057617,0.010924961730040842,-0.5865794067382812,-0.33518823242187495
19.12052273750305,0.008526799399056265,-0.3184288208007812,-0.1580173095703125
19.14053225517273,-0.007727411955394742,-0.5339069702148437,-0.3399766357421875
19.1601722240448,-0.015987748873230498,-0.6272808349609375,-0.1292868896484375
19.180458307266235,-0.009059724361497283,-0.6416460449218749,-0.11731588134765625
19.20018768310547,-0.006528330789902454,-0.814028564453125,-0.20829554443359374
19.220442533493042,-0.005462480865020421,-0.4525041137695312,-0.47644613037109373
19.24097228050232,-0.008393568158446012,-0.9720458740234375,-0.23223756103515625
19.260287761688232,-0.004130168458917879,-0.7733271362304687,-0.24899697265624998
19.280447483062744,-0.0014655436467127959,-0.8499415893554687,-0.05027823486328125
19.300333499908447,-0.007993874436615249,-0.8164227661132812,-0.25139117431640623
19.320231437683105,-0.015854517632620246,-1.0462661254882812,-0.277727392578125
19.34086585044861,-0.0030643185340358454,-1.3742717529296875,-0.7541735229492187
19.36017155647278,0.0018652373685435584,-1.3742717529296875,-0.28969840087890625
19.380473375320435,0.013989280264076687,-0.9313444458007812,-0.2561795776367187
19.400162935256958,0.008793261880276773,-0.9911994873046874,-0.40222587890625
19.42039704322815,-0.01532159267017923,-0.7972691528320313,-0.39983167724609375
19.44059109687805,-0.012923430339194655,-0.5865794067382812,-0.11731588134765625
19.460447549819946,-0.006661562030512709,-0.6655880615234374,-0.00239420166015625
19.480348587036133,-0.008393568158446012,-0.7661445312499999,-0.24899697265624998
19.50013518333435,-0.014522205226517705,-0.7110778930664062,-0.28969840087890625
19.520469188690186,-0.013323124061025418,-0.9097966308593749,-0.4333505004882812
19.540614128112793,-0.006928024511733216,-0.74699091796875,-0.2059013427734375
19.56042766571045,-0.0033307810152563544,-0.7230489013671875,-0.040701428222656245
19.580466985702515,-0.000799387443661525,-0.7613561279296874,-0.20350714111328125
19.600205421447754,-0.0021316998497640663,-0.7398083129882812,-0.4477157104492187
19.62057137489319,-0.0009326186842717792,-0.74699091796875,-0.33039982910156246
19.640788793563843,0.002398162330984575,-0.718260498046875,-0.22505495605468748
19.660407066345215,0.0019984686091538122,-0.7302315063476562,-0.201112939453125
19.68046259880066,0.006528330789902454,-0.7015010864257812,-0.22505495605468748
19.700023412704468,0.002531393571594829,-0.6703764648437499,-0.28490999755859375
19.720420598983765,0.0005329249624410166,-0.47644613037109373,-0.26336218261718747
19.740605115890503,-0.004130168458917879,-0.5770026000976562,-0.18914193115234373
19.76042103767395,-0.0074609494741742334,-0.5003881469726562,-0.2154781494140625
19.78045892715454,-0.007727411955394742,-0.5147533569335937,-0.22505495605468748
19.8001492023468,-0.012390505376753637,-0.40940848388671874,-0.21308394775390624
19.820472717285156,-0.020517611053979142,-0.43574470214843747,-0.24660277099609373
19.840923070907593,-0.014788667707738212,-0.34237083740234375,-0.19632453613281248
19.860398769378662,-0.01052526800821008,-0.3495534423828125,-0.22505495605468748
19.880476713180542,-0.013589586542245924,-0.4429273071289062,-0.33758243408203126
19.900132179260254,-0.009459418083328047,-0.4644751220703125,-0.296881005859375
19.920409679412842,-0.0021316998497640663,-0.612915625,-0.30885201416015623
19.940751552581787,0.0019984686091538122,-0.4836287353515625,-0.21787235107421873
19.960257291793823,0.008260336917835759,-0.46686932373046874,-0.2657563842773437
19.980371475219727,0.005196018383799912,-0.5506663818359374,-0.24181436767578124
20.000155687332153,-0.0006661562030512709,-0.51714755859375,-0.19871873779296872
20.020392179489136,0.000799387443661525,-0.5386953735351562,-0.19632453613281248
20.040855407714844,-0.002264931090374321,-0.5698199951171875,-0.19632453613281248
20.06097650527954,-0.006128637068071691,-0.5434837768554687,-0.23702596435546874
20.080589294433594,-0.0073277182335639785,-0.5482721801757812,-0.25139117431640623
20.100350618362427,-0.007860643196004996,-0.5147533569335937,-0.2442085693359375
20.12073850631714,-0.010258805526989571,-0.5315127685546874,-0.20829554443359374
20.140557289123535,-0.008393568158446012,-0.5195417602539062,-0.239420166015625
20.16041326522827,-0.007860643196004996,-0.5099649536132812,-0.28012159423828126
20.18034029006958,-0.004929555902579405,-0.5027823486328125,-0.258573779296875
20.20028257369995,-0.007860643196004996,-0.4740519287109375,-0.2537853759765625
20.220706939697266,-0.004263399699528133,-0.4525041137695312,-0.2537853759765625
20.241222620010376,-0.0019984686091538122,-0.469263525390625,-0.21068974609375
20.260741710662842,-0.003464012255866608,-0.5003881469726562,-0.24899697265624998
20.280848503112793,0.0334410413931738,-0.4955997436523437,-0.23702596435546874
20.300532341003418,-0.0033307810152563544,-0.5027823486328125,-0.22505495605468748
20.320634365081787,0.007993874436615249,-0.3902548706054687,-0.3064578125
20.34056782722473,0.03144257278401998,-0.411802685546875,-0.5051765502929687
20.360390663146973,0.06674885154573734,-0.2154781494140625,-0.603338818359375
20.380496978759766,0.14495558978395653,-0.1867477294921875,-0.8403647827148437
20.40017867088318,0.23195558990245252,-0.7493851196289062,-1.1755530151367186
20.420664072036743,0.3193552837427792,-0.9552864624023437,-1.0199299072265624
20.441103219985962,0.37318070494932193,-0.5315127685546874,-0.7278373046875
20.460451364517212,0.3410719759622507,-0.5291185668945312,-0.36391865234375
20.480429649353027,0.3670520678812502,-0.6943184814453125,0.181959326171875
20.500274419784546,0.35985758088829645,-0.6296750366210937,0.03591302490234375
20.520838975906372,0.33587595757845073,-0.584185205078125,0.1580173095703125
20.540998458862305,0.30056967881673335,-0.9504980590820312,-0.19153613281249998
20.56035041809082,0.2456784076853087,-0.6512228515624999,-0.00239420166015625
20.580984592437744,0.20237825448697608,-0.4381389038085937,0.4070142822265625
20.600470066070557,0.16653905076281772,-0.44532150878906246,0.2609679809570312
20.620718955993652,0.14455589606212577,-0.15562310791015624,0.06703764648437499
20.640865564346313,0.14295712117480272,-0.11252747802734374,-0.2705447875976562
20.66068458557129,0.15854517632620244,0.0526724365234375,-0.6105214233398437
20.680605173110962,0.18066156226750466,-0.411802685546875,-0.6296750366210937
20.70026421546936,0.21250382877335539,-0.1771709228515625,-0.4644751220703125
20.72037696838379,0.2432802453543241,-0.06464344482421874,-0.36631285400390623
20.740711450576782,0.24954211366300605,-0.7422025146484375,-0.22026655273437498
20.760452270507812,0.23941653937662674,-0.7996633544921875,0.05027823486328125
20.780874252319336,0.24367993907615484,-0.6775590698242188,-0.45968671875
20.800355195999146,0.2514073510315496,-0.9074024291992187,-0.411802685546875
20.82053518295288,0.2591347629869444,-0.8116343627929687,-0.3399766357421875
20.840988397598267,0.2616661565585392,-0.9959878906249999,-0.45489831542968745
20.860457181930542,0.25726952561840083,-0.7996633544921875,-0.11013327636718749
20.88058614730835,0.24607810140713945,-0.3758896606445312,-0.10295067138671875
20.900288820266724,0.2339540585116063,-0.6488286499023437,-0.5267243652343749
20.920252323150635,0.23128943369940122,-0.7829039428710937,0.040701428222656245
20.94059681892395,0.2511408885503291,0.12449848632812499,-0.201112939453125
20.96015691757202,0.27432312441651335,-0.17238251953125,-0.51714755859375
20.980465173721313,0.2825834613343491,-0.0718260498046875,-0.41419688720703124
21.000391483306885,0.3001699850949026,-0.277727392578125,-0.5434837768554687
21.020268440246582,0.2969724353202565,-0.2825157958984375,-0.23223756103515625
21.04132103919983,0.29457427298927197,-0.45010991210937495,0.09576806640624999
21.060767650604248,0.2586018380245033,-0.3711012573242187,0.16280571289062498
21.081135034561157,0.2424808579106626,-0.6560112548828124,-0.09816226806640624
21.100447416305542,0.22396171546583724,-0.41419688720703124,-0.2537853759765625
21.12040638923645,0.20824042907382725,-0.4381389038085937,-0.17477672119140625
21.141817808151245,0.183992343282761,-0.6009446166992187,-0.08140285644531249
21.160283088684082,0.1680045944095305,-0.5434837768554687,-0.06464344482421874
21.180511474609375,0.15681317019826913,-0.6081272216796875,-0.1292868896484375
21.20010805130005,0.14815313955860265,-0.584185205078125,-0.12689268798828124
21.220579624176025,0.15707963267948966,-0.3854664672851562,-0.28969840087890625
21.240593194961548,0.18439203700459178,-0.3232172241210937,-0.7398083129882812
21.26070499420166,0.2147687598637297,-0.5458779785156249,-0.7278373046875
21.28052306175232,0.26206585028036994,-0.507570751953125,-0.41419688720703124
21.30065083503723,0.287779479718149,-0.2657563842773437,-0.46686932373046874
21.32077717781067,0.2944410417486617,-0.5386953735351562,-0.622492431640625
21.340834379196167,0.2976385915233078,-0.6105214233398437,0.15083470458984374
21.36017394065857,0.28538131738716443,-0.5363011718749999,0.06464344482421874
21.380327939987183,0.2763215930256671,-0.3399766357421875,-0.21787235107421873
21.400261163711548,0.2544716695655854,-0.47644613037109373,-0.22505495605468748
21.42069697380066,0.23648545208320115,-0.5315127685546874,-0.15083470458984374
21.442347764968872,0.22609341531560131,-0.4213794921875,-0.05746083984375
21.460170030593872,0.20943951023931956,-0.4908113403320312,-0.05985504150390625
21.480150938034058,0.2069081166677247,-0.5291185668945312,-0.29927520751953124
21.50033140182495,0.20717457914894524,-0.30885201416015623,-0.18435352783203124
21.52010440826416,0.21876569708203733,-0.2609679809570312,-0.45010991210937495
21.540550470352173,0.21796630963837582,-0.5961562133789062,-0.46208092041015625
21.56058406829834,0.2226294030597347,-0.4381389038085937,-0.062249243164062495
21.580713510513306,0.2339540585116063,-0.17477672119140625,-0.181959326171875
21.60030961036682,0.2388836144141857,-0.3902548706054687,-0.603338818359375
21.620582818984985,0.2391500768954062,-0.5243301635742187,-0.258573779296875
21.642224073410034,0.24288055163249336,-0.6607996582031249,-0.105344873046875
21.66048502922058,0.24807657001629327,-0.30885201416015623,-0.354341845703125
21.680418252944946,0.2467442576101907,-0.3112462158203125,-0.4381389038085937
21.700172185897827,0.24101531426394976,-0.8355763793945312,-0.06943184814453125
21.720227003097534,0.2482098012569035,-0.4429273071289062,-0.19153613281249998
21.740527153015137,0.24527871396347792,-0.3016694091796875,-0.34237083740234375
21.7602596282959,0.24314701411371384,-0.5027823486328125,-0.5219359619140624
21.780254364013672,0.24048238930150875,-0.5315127685546874,0.03591302490234375
21.80039620399475,0.24021592682028828,-0.2657563842773437,-0.14125789794921875
21.82036590576172,0.24274732039188307,-0.3136404174804687,-0.4525041137695312
21.840717792510986,0.23475344595526784,-0.45489831542968745,-0.19632453613281248
21.860246419906616,0.23182235866184223,-0.4572925170898437,-0.2609679809570312
21.880217790603638,0.23155589618062175,-0.19871873779296872,-0.24899697265624998
21.900120496749878,0.22103062817241168,-0.34715924072265625,-0.39264907226562495
21.920324563980103,0.22169678437546292,-0.3112462158203125,-0.1005564697265625
21.940561771392822,0.23088973997757045,-0.15562310791015624,-0.2154781494140625
21.96023917198181,0.232754977346114,-0.2825157958984375,-0.5147533569335937
21.980406045913696,0.2368851458050319,-0.737414111328125,-0.15322890625
22.000404119491577,0.2487427262193445,-0.5698199951171875,-0.277727392578125
22.020349502563477,0.25793568182145205,-0.411802685546875,-0.5147533569335937
22.04085397720337,0.25580398197168797,-0.5291185668945312,-0.3016694091796875
22.06051754951477,0.2554042882498572,-0.5889736083984375,0.21787235107421873
22.080373287200928,0.2523399697158214,-0.3112462158203125,-0.033518823242187495
22.100523710250854,0.2503415011066676,-0.3687070556640625,-0.5530605834960938
22.12041687965393,0.24461255776042665,-0.5746083984375,-0.2442085693359375
22.140547275543213,0.2440796327979856,-0.5602431884765625,-0.0526724365234375
22.160284519195557,0.2523399697158214,-0.11013327636718749,-0.3591302490234375
22.18014097213745,0.24434609527920614,-0.5123591552734374,-0.24181436767578124
22.200418949127197,0.20490964805857093,-0.44053310546874996,-0.033518823242187495
22.220407485961914,0.23954977061723698,-0.2920926025390625,-0.3016694091796875
22.24057674407959,0.27245788704796975,-0.36152445068359373,-0.33758243408203126
22.260291814804077,0.23102297121818072,-0.4477157104492187,-0.18914193115234373
22.280396938323975,0.22449464042827827,-0.51714755859375,-0.06464344482421874
22.301043272018433,0.22302909678156546,-0.27293898925781246,-0.11013327636718749
22.3204505443573,0.21903215956325783,-0.507570751953125,-0.4836287353515625
22.34073829650879,0.21876569708203733,-0.4955997436523437,0.011971008300781249
22.360341548919678,0.21903215956325783,-0.4429273071289062,-0.2154781494140625
22.38025164604187,0.23475344595526784,-0.3016694091796875,-0.39264907226562495
22.40089201927185,0.23315467106794477,-0.5051765502929687,-0.3758896606445312
22.42061948776245,0.23795099572991393,-0.7661445312499999,-0.2753331909179687
22.44084119796753,0.2462113326477497,-0.4285620971679687,-0.29448680419921874
22.460448265075684,0.24914241994117528,-0.2346317626953125,-0.13407529296874998
22.48030972480774,0.24541194520408816,-0.5746083984375,-0.14125789794921875
22.500802993774414,0.24754364505385223,-0.20829554443359374,-0.040701428222656245
22.52042865753174,0.24461255776042665,-0.36152445068359373,-0.354341845703125
22.540428161621094,0.2046431855773504,-0.3591302490234375,-0.15562310791015624
22.560269832611084,0.23581929588014985,-0.35673604736328124,-0.10773907470703124
22.58084988594055,0.23115620245879098,-0.24660277099609373,-0.2059013427734375
22.600922346115112,0.23422052099282684,-0.33758243408203126,-0.37828386230468747
22.62051224708557,0.22369525298461676,-0.5195417602539062,-0.2753331909179687
22.640431880950928,0.22795865268414486,-0.6153098266601562,-0.21787235107421873
22.66049599647522,0.23648545208320115,-0.3280056274414062,-0.17238251953125
22.680325746536255,0.2366186833238114,-0.35673604736328124,-0.411802685546875
22.700982809066772,0.24447932651981638,-0.7158662963867187,-0.2825157958984375
22.720407962799072,0.25100765730971886,-0.612915625,0.03591302490234375
22.74089002609253,0.25527105700924696,-0.2753331909179687,-0.33518823242187495
22.76038694381714,0.2526064321970419,-0.7517793212890624,-0.6440402465820312
22.780815362930298,0.25007503862544705,-0.4381389038085937,-0.00718260498046875
22.800897359848022,0.25167381351277013,-0.354341845703125,-0.16041151123046873
22.820585012435913,0.2523399697158214,-0.277727392578125,-0.4070142822265625
22.84069561958313,0.247943338775683,-0.36391865234375,-0.17477672119140625
22.860591173171997,0.23115620245879098,-0.40222587890625,-0.19871873779296872
22.880512237548828,0.232222052383673,-0.2561795776367187,-0.24899697265624998
22.900522232055664,0.22276263430034499,-0.33758243408203126,-0.09337386474609374
22.92030429840088,0.2137029099388477,-0.32082302246093747,-0.00239420166015625
22.94079828262329,0.21023889768298107,-0.28730419921875,-0.3016694091796875
22.960314989089966,0.20704134790833498,-0.39743747558593745,-0.3591302490234375
22.98019814491272,0.2130367537357964,-0.469263525390625,-0.11013327636718749
23.000545501708984,0.2284915776465859,-0.5793968017578125,-0.316034619140625
23.02020788192749,0.24554517644469842,-0.4908113403320312,-0.5051765502929687
23.041182279586792,0.2526064321970419,-0.5458779785156249,-0.5985504150390625
23.060357332229614,0.25833537554328284,-0.7589619262695312,-0.201112939453125
23.081002950668335,0.25473813204680595,-0.3447650390625,0.0
23.100411653518677,0.2582021443026726,-0.181959326171875,-0.19632453613281248
23.120408058166504,0.24834303249751374,-0.44053310546874996,-0.34237083740234375
23.140987873077393,0.23501990843648835,-0.3711012573242187,-0.02154781494140625
23.160999059677124,0.22942419633085767,-0.00718260498046875,-0.0909796630859375
23.18072009086609,0.2174333846759348,-0.4285620971679687,-0.29927520751953124
23.200180530548096,0.21503522234495023,-0.4285620971679687,-0.03591302490234375
23.220524549484253,0.2284915776465859,-0.38786066894531246,-0.011971008300781249
23.24088144302368,0.23755130200808316,-0.3064578125,-0.48123453369140623
23.26042652130127,0.24421286403859588,-0.6751648681640625,-0.5458779785156249
23.2803852558136,0.2560704444529085,-0.6751648681640625,-0.2442085693359375
23.300273418426514,0.2668621749423391,-0.4525041137695312,-0.23223756103515625
23.32039189338684,0.26726186866416984,-0.6105214233398437,-0.3136404174804687
23.341103076934814,0.25886830050572385,-0.5770026000976562,-0.08140285644531249
23.360342502593994,0.24661102636958046,-0.5315127685546874,-0.05027823486328125
23.380289554595947,0.23901684565479597,-0.28012159423828126,-0.22744915771484372
23.40040612220764,0.22729249648109362,-0.3902548706054687,-0.38307226562499996
23.420488834381104,0.22196324685668345,-0.3447650390625,-0.086191259765625
23.440953016281128,0.21783307839776556,-0.16998831787109375,-0.1197100830078125
23.46053433418274,0.21690045971349378,-0.18435352783203124,-0.4261678955078125
23.4806227684021,0.2220964780972937,-0.30406361083984373,-0.18914193115234373
23.500365257263184,0.2282251151653654,-0.43574470214843747,-0.16519991455078123
23.520432710647583,0.24754364505385223,-0.40222587890625,-0.38307226562499996
23.540844440460205,0.25060796358788806,-0.74699091796875,-0.3232172241210937
23.560397386550903,0.25047473234727785,-0.679953271484375,-0.2657563842773437
23.58042311668396,0.2554042882498572,-0.6584054565429687,-0.14125789794921875
23.600204706192017,0.2518070447533804,-0.46686932373046874,-0.21308394775390624
23.620495557785034,0.2494088824223958,-0.612915625,-0.00718260498046875
23.640878200531006,0.23581929588014985,-0.7278373046875,-0.13646949462890623
23.660389184951782,0.23248851486489353,-0.2561795776367187,-0.3136404174804687
23.680294036865234,0.2323552836242833,-0.29448680419921874,-0.6248866333007812
23.700237035751343,0.23368759603038583,-0.3711012573242187,0.1005564697265625
23.720414876937866,0.24461255776042665,-0.16759411621093748,-0.10773907470703124
23.740471363067627,0.24461255776042665,-0.38786066894531246,-0.4165910888671875
23.760324478149414,0.23581929588014985,-0.5817910034179687,-0.22744915771484372
23.780566453933716,0.22569372159377055,-0.565031591796875,0.0909796630859375
23.80035090446472,0.2282251151653654,-0.430956298828125,-0.181959326171875
23.820693254470825,0.2267595715186526,-0.565031591796875,-0.5410895751953124
23.84117341041565,0.2226294030597347,-0.5530605834960938,-0.08379705810546874
23.86043071746826,0.23821745821113444,-0.603338818359375,-0.5099649536132812
23.88040065765381,0.2523399697158214,-0.316034619140625,-0.5315127685546874
23.900522470474243,0.25726952561840083,-0.21787235107421873,-0.18435352783203124
23.920416593551636,0.2555375194904675,-0.6871358764648438,-0.24899697265624998
23.940787315368652,0.25886830050572385,-0.316034619140625,-0.12449848632812499
23.960383415222168,0.24927565118178552,-0.3806780639648437,-0.23223756103515625
23.98036789894104,0.24088208302333952,-0.6416460449218749,-0.0383072265625
24.000216722488403,0.23488667719587808,-0.47165772705078124,0.0526724365234375
24.020272970199585,0.22596018407499108,-0.3950432739257812,-0.30885201416015623
24.04105544090271,0.2188989283226476,-0.3902548706054687,-0.373495458984375
24.06053614616394,0.21117151636725284,-0.38786066894531246,-0.0526724365234375
24.0804340839386,0.22369525298461676,-0.45489831542968745,-0.17238251953125
24.100188732147217,0.23009035253390894,-0.36152445068359373,-0.5482721801757812
24.120429039001465,0.2398162330984575,-0.4572925170898437,-0.2657563842773437
24.14095950126648,0.23901684565479597,-0.5793968017578125,-0.16280571289062498
24.160409927368164,0.2531393571594829,-0.36152445068359373,-0.22266075439453123
24.180567741394043,0.2531393571594829,-0.5913678100585937,-0.4525041137695312
24.200772762298584,0.247943338775683,-0.5770026000976562,-0.0718260498046875
24.22032332420349,0.24501225148225741,-0.4644751220703125,0.033518823242187495
24.240560054779053,0.24554517644469842,-0.34237083740234375,-0.30406361083984373
24.26042366027832,0.2386171519329652,-0.5482721801757812,-0.3327940307617187
24.280512809753418,0.23728483952686266,-0.6272808349609375,-0.016759411621093748
24.300489902496338,0.2418147017076113,-0.4070142822265625,-0.18435352783203124
24.320420742034912,0.23941653937662674,-0.24899697265624998,-0.35194764404296874
24.34102463722229,0.23701837704564216,-0.33758243408203126,-0.21787235107421873
24.36027216911316,0.2346202147146576,-0.55545478515625,-0.239420166015625
24.380391120910645,0.24141500798578053,-0.34715924072265625,-0.3232172241210937
24.400166511535645,0.27259111828858,-0.3854664672851562,-0.2705447875976562
24.42044973373413,0.23115620245879098,-0.5626373901367188,0.023942016601562498
24.441558837890625,0.2424808579106626,-0.39264907226562495,-0.296881005859375
24.46040630340576,0.24034915806089852,-0.3495534423828125,-0.3591302490234375
24.480499505996704,0.2423476266700523,-0.5602431884765625,-0.15322890625
24.50015950202942,0.24394640155737538,-0.6153098266601562,-0.062249243164062495
24.520408868789673,0.24514548272286768,-0.49320554199218747,-0.34237083740234375
24.54064106941223,0.2424808579106626,-0.3711012573242187,-0.59376201171875
24.560439109802246,0.231689127421232,-0.5195417602539062,-0.011971008300781249
24.580310344696045,0.24088208302333952,-0.5339069702148437,-0.076614453125
24.600372552871704,0.2727243495291903,-0.16519991455078123,-0.28730419921875
24.62041926383972,0.2388836144141857,-0.469263525390625,-0.44532150878906246
24.641196727752686,0.23941653937662674,-0.4525041137695312,-0.0909796630859375
24.660344123840332,0.24061562054211902,-0.30885201416015623,-0.17477672119140625
24.680381059646606,0.24367993907615484,-0.2154781494140625,-0.2705447875976562
24.70036029815674,0.23475344595526784,-0.6153098266601562,-0.2609679809570312
24.720340490341187,0.2046431855773504,-0.5051765502929687,-0.1149216796875
24.740676641464233,0.2380842269705242,-0.44053310546874996,-0.2753331909179687
24.76040554046631,0.23928330813601648,-0.49799394531249996,-0.3758896606445312
24.780641794204712,0.2391500768954062,-0.47884033203125,-0.04548983154296875
24.8001070022583,0.2391500768954062,-0.5219359619140624,-0.19153613281249998
24.820523023605347,0.2467442576101907,-0.41419688720703124,-0.5410895751953124
24.840970516204834,0.2456784076853087,-0.5746083984375,-0.2561795776367187
24.860179662704468,0.2514073510315496,-0.5985504150390625,-0.1197100830078125
24.880497932434082,0.25167381351277013,-0.3447650390625,-0.28730419921875
24.900259256362915,0.24541194520408816,-0.4740519287109375,-0.5051765502929687
24.920422315597534,0.24714395133202147,-0.5985504150390625,0.01915361328125
24.940563917160034,0.24541194520408816,-0.4477157104492187,-0.040701428222656245
24.96067476272583,0.2464777951289702,-0.39983167724609375,-0.3591302490234375
24.980635166168213,0.2430137828731036,-0.6057330200195312,-0.40940848388671874
25.000186681747437,0.24048238930150875,-0.5770026000976562,-0.1292868896484375
25.02039098739624,0.2346202147146576,-0.3591302490234375,-0.1484405029296875
25.041385173797607,0.2366186833238114,-0.33039982910156246,-0.4525041137695312
25.060425281524658,0.22835834640597563,-0.3711012573242187,-0.05985504150390625
25.08095097541809,0.21956508452569887,-0.4477157104492187,-0.16041151123046873
25.100247621536255,0.21969831576630913,-0.26815058593749996,-0.39264907226562495
25.12037229537964,0.215434916066781,-0.41419688720703124,-0.16759411621093748
25.140755653381348,0.22023124072875014,-0.6823474731445313,-0.0526724365234375
25.16020178794861,0.24034915806089852,-0.46208092041015625,-0.4333505004882812
25.180628538131714,0.2467442576101907,-0.584185205078125,-0.5458779785156249
25.20021080970764,0.25220673847521113,-0.8188169677734375,-0.3806780639648437
25.220382928848267,0.25527105700924696,-0.4213794921875,-0.0909796630859375
25.24053716659546,0.2607335378742674,-0.3854664672851562,-0.3758896606445312
25.26020574569702,0.26153292531792893,-0.4740519287109375,-0.39264907226562495
25.280308961868286,0.2621990815209802,-0.354341845703125,0.0383072265625
25.300283432006836,0.2538055133625342,-0.373495458984375,-0.1484405029296875
25.32016944885254,0.2496753449036163,-0.40940848388671874,-0.36631285400390623
25.341089010238647,0.23928330813601648,-0.5123591552734374,-0.2920926025390625
25.360440015792847,0.23355436478977554,-0.3758896606445312,-0.02154781494140625
25.38086724281311,0.2302235837745192,-0.28969840087890625,-0.02154781494140625
25.400329113006592,0.22529402787193978,-0.4165910888671875,-0.3064578125
25.420722246170044,0.21516845358556047,-0.45968671875,-0.009576806640625
25.440590620040894,0.2174333846759348,-0.5626373901367188,-0.04548983154296875
25.460386753082275,0.22356202174400647,-0.34715924072265625,-0.2609679809570312
25.480382919311523,0.2354196021583191,-0.7278373046875,-0.4740519287109375
25.50011372566223,0.2723246558073595,-0.7254431030273437,-0.00239420166015625
25.52041983604431,0.24314701411371384,-0.5913678100585937,-0.30885201416015623
25.540457248687744,0.2424808579106626,-0.3758896606445312,-0.5482721801757812
25.56025266647339,0.24208116418883183,-0.46208092041015625,-0.316034619140625
25.580425262451172,0.24341347659493437,-0.4860229370117187,0.1005564697265625
25.60033679008484,0.2464777951289702,-0.181959326171875,-0.22266075439453123
25.620506048202515,0.24741041381324197,-0.33758243408203126,-0.5386953735351562
25.640766382217407,0.23581929588014985,-0.3591302490234375,-0.09576806640624999
25.660715341567993,0.2391500768954062,-0.21787235107421873,-0.11252747802734374
25.68070125579834,0.2328882085867243,-0.3806780639648437,-0.23223756103515625
25.700230836868286,0.23115620245879098,-0.45010991210937495,0.0047884033203125
25.72036647796631,0.22342879050339623,-0.5889736083984375,-0.13168109130859373
25.740545749664307,0.22835834640597563,-0.47644613037109373,-0.277727392578125
25.7608380317688,0.23115620245879098,-0.49799394531249996,-0.46686932373046874
25.780656099319458,0.23155589618062175,-0.7110778930664062,-0.143652099609375
25.800249814987183,0.2482098012569035,-0.46208092041015625,-0.17956512451171874
25.820225477218628,0.24860949497873427,-0.5267243652343749,-0.7278373046875
25.840523719787598,0.2511408885503291,-0.3854664672851562,-0.201112939453125
25.86056423187256,0.25273966343765214,-0.49799394531249996,-0.05746083984375
25.880536317825317,0.2619326190397597,-0.29927520751953124,0.0430956298828125
25.900288105010986,0.25527105700924696,-0.40462008056640625,-0.37828386230468747
25.920382738113403,0.24781010753507274,-0.5386953735351562,-0.2920926025390625
25.942668676376343,0.24208116418883183,-0.42377369384765623,-0.05746083984375
25.95998740196228,0.23928330813601648,-0.3758896606445312,-0.040701428222656245
25.98037624359131,0.23009035253390894,-0.469263525390625,-0.16759411621093748
26.000051259994507,0.22302909678156546,-0.42377369384765623,-0.1484405029296875
26.020050287246704,0.22143032189424242,-0.3854664672851562,-0.10295067138671875
26.040318965911865,0.22635987779682182,-0.45489831542968745,-0.44053310546874996
26.060161590576172,0.223828484225227,-0.4261678955078125,-0.1580173095703125
26.080766916275024,0.22969065881207817,-0.47884033203125,-0.3064578125
26.10008955001831,0.2456784076853087,-0.5051765502929687,-0.40940848388671874
26.120903730392456,0.24860949497873427,-0.5291185668945312,-0.35673604736328124
26.14007592201233,0.24860949497873427,-0.74699091796875,-0.07422025146484375
26.159921884536743,0.24887595745995478,-0.6009446166992187,-0.0909796630859375
26.180121421813965,0.24807657001629327,-0.17477672119140625,-0.15322890625
26.199998378753662,0.24634456388835996,-0.5315127685546874,-0.34237083740234375
26.22009015083313,0.25300612591887267,-0.41419688720703124,-0.040701428222656245
26.24002432823181,0.2459448701665292,-0.30885201416015623,-0.3399766357421875
26.26011300086975,0.24541194520408816,-0.316034619140625,-0.45968671875
26.2801251411438,0.23994946433906775,-0.3806780639648437,-0.07422025146484375
26.29996609687805,0.2346202147146576,-0.36152445068359373,-0.031124621582031248
26.32015824317932,0.23368759603038583,-0.23223756103515625,-0.24660277099609373
26.340148210525513,0.22715926524048335,-0.430956298828125,-0.19393033447265623
26.35999846458435,0.21823277211959632,-0.5195417602539062,0.016759411621093748
26.380322217941284,0.21903215956325783,-0.3758896606445312,-0.16280571289062498
26.400166273117065,0.22369525298461676,-0.4836287353515625,-0.41419688720703124
26.419974327087402,0.23102297121818072,-0.7781155395507812,-0.17956512451171874
26.440327644348145,0.2467442576101907,-0.699106884765625,-0.5770026000976562
26.460106372833252,0.2476768762944625,-0.4477157104492187,-0.2753331909179687
26.480278253555298,0.25273966343765214,-0.5315127685546874,-0.2561795776367187
26.499988555908203,0.25327258840009315,-0.4381389038085937,0.0
26.520124673843384,0.26139969407731867,-0.45010991210937495,-0.26815058593749996
26.54016947746277,0.2676615623860006,-0.25139117431640623,-0.55545478515625
26.560182332992554,0.26606278749867757,-0.47644613037109373,-0.34715924072265625
26.580140590667725,0.2651301688144058,-0.32082302246093747,-0.08379705810546874
26.600002765655518,0.2677947936266109,-0.19153613281249998,-0.086191259765625
26.62017297744751,0.2688606435514929,-0.2753331909179687,-0.21068974609375
26.640018701553345,0.2575359880996213,-0.584185205078125,-0.15562310791015624
26.660181045532227,0.25567075073107776,-0.45010991210937495,-0.16041151123046873
26.680884838104248,0.2482098012569035,-0.4572925170898437,-0.3016694091796875
26.700244665145874,0.24554517644469842,-0.5817910034179687,-0.2537853759765625
26.72028160095215,0.2423476266700523,-0.4644751220703125,0.12449848632812499
26.740426778793335,0.2423476266700523,-0.316034619140625,-0.229843359375
26.760241746902466,0.2423476266700523,-0.6009446166992187,-0.469263525390625
26.780308961868286,0.23581929588014985,-0.4261678955078125,-0.3687070556640625
26.799875020980835,0.23621898960198062,-0.4381389038085937,-0.08858546142578125
26.820207834243774,0.2464777951289702,-0.18435352783203124,-0.24181436767578124
26.84028697013855,0.24021592682028828,-0.28490999755859375,-0.011971008300781249
26.860044956207275,0.23595252712076012,-0.6057330200195312,-0.03591302490234375
26.880207300186157,0.22596018407499108,-0.30885201416015623,-0.22026655273437498
26.900033712387085,0.22409494670644753,-0.4070142822265625,-0.39264907226562495
26.920158624649048,0.2211638594130219,-0.4836287353515625,-0.181959326171875
26.940125226974487,0.21463552862311946,-0.4836287353515625,-0.01915361328125
26.959927797317505,0.215434916066781,-0.3064578125,-0.19871873779296872
26.980286359786987,0.20730781038955548,-0.5027823486328125,-0.21787235107421873
27.000081777572632,0.1883889742228994,-0.6775590698242188,0.29927520751953124
27.020169973373413,0.16240888230389983,-0.43574470214843747,-0.02154781494140625
27.040396213531494,0.12403828500814663,-0.6440402465820312,-0.023942016601562498
27.060290813446045,0.07447626350113207,-0.488417138671875,0.42377369384765623
27.081156969070435,0.027845329287543123,-0.5219359619140624,0.2154781494140625
27.100146293640137,-0.01572128639200999,-0.3112462158203125,0.10295067138671875
27.12011742591858,-0.04396630940138387,-0.22505495605468748,-0.2059013427734375
27.141186952590942,-0.04543185304809667,-0.229843359375,-0.1388636962890625
27.160717725753784,-0.016120980113840753,-0.1867477294921875,-0.584185205078125
27.180179119110107,0.009992343045769061,-0.37828386230468747,-0.4644751220703125
27.200559377670288,0.007993874436615249,-0.612915625,-0.21068974609375
27.220255374908447,0.006261868308681946,-0.5434837768554687,-0.28012159423828126
27.239877939224243,0.004130168458917879,-0.5793968017578125,-0.11252747802734374
27.26001286506653,-0.0074609494741742334,-0.51714755859375,-0.05027823486328125
27.2804217338562,-0.015854517632620246,-0.316034619140625,-0.29927520751953124
27.300040245056152,-0.011191424211261349,-0.28012159423828126,-0.40222587890625
27.32007360458374,0.0018652373685435584,-0.3447650390625,-0.2537853759765625
27.339930772781372,0.0018652373685435584,-0.603338818359375,-0.1292868896484375
27.359956979751587,-0.006661562030512709,-0.4908113403320312,-0.0718260498046875
27.38086247444153,-0.015188361429568975,-0.5434837768554687,-0.28012159423828126
27.39979124069214,-0.008393568158446012,-0.5051765502929687,-0.3280056274414062
27.420132160186768,-0.0033307810152563544,-0.4285620971679687,-0.296881005859375
27.440013885498047,-0.0005329249624410166,-0.3687070556640625,-0.23223756103515625
27.460057258605957,-0.000799387443661525,-0.3758896606445312,-0.1149216796875
27.480732440948486,-0.008393568158446012,-0.42377369384765623,-0.1484405029296875
27.499936819076538,-0.0074609494741742334,-0.4285620971679687,-0.18435352783203124
27.52006220817566,-0.0074609494741742334,-0.5243301635742187,-0.28969840087890625
27.540114641189575,-0.004130168458917879,-0.4836287353515625,-0.28012159423828126
27.560054063796997,-0.0037304747370871167,-0.47884033203125,-0.18914193115234373
27.58026695251465,-0.0058621745868511835,-0.3902548706054687,-0.17477672119140625
27.600003480911255,-0.007061255752343471,-0.3591302490234375,-0.1867477294921875
27.620076179504395,-0.006528330789902454,-0.41419688720703124,-0.24660277099609373
27.641286373138428,-0.010258805526989571,-0.39983167724609375,-0.2442085693359375
27.659984350204468,-0.003863705977697371,-0.45968671875,-0.20350714111328125
27.680727005004883,-0.0018652373685435584,-0.4836287353515625,-0.17956512451171874
27.700278282165527,-0.005995405827461438,-0.45010991210937495,-0.19871873779296872
27.720494985580444,-0.008260336917835759,-0.44053310546874996,-0.2537853759765625
27.74034881591797,-0.008526799399056265,-0.40222587890625,-0.201112939453125
27.760287284851074,-0.00479632466196915,-0.36152445068359373,-0.19871873779296872
27.780893325805664,-0.0013323124061025418,-0.4333505004882812,-0.2154781494140625
27.80002784729004,-0.0063950995492922,-0.42377369384765623,-0.22744915771484372
27.820099592208862,-0.0063950995492922,-0.48123453369140623,-0.22026655273437498
27.840361833572388,-0.004529862180748642,-0.4644751220703125,-0.24181436767578124
27.860612630844116,-0.002264931090374321,-0.39983167724609375,-0.21068974609375
27.880658388137817,-0.0033307810152563544,-0.38786066894531246,-0.18435352783203124
27.900168657302856,-0.006261868308681946,-0.44532150878906246,-0.22505495605468748
27.920435190200806,-0.007727411955394742,-0.4429273071289062,-0.18914193115234373
27.940340280532837,-0.00479632466196915,-0.4261678955078125,-0.21068974609375
27.96010398864746,-0.0035972434964768626,-0.41898529052734373,-0.2346317626953125
27.980371713638306,0.0334410413931738,-0.4333505004882812,-0.19632453613281248
28.00000500679016,-0.006528330789902454,-0.3854664672851562,-0.20829554443359374
28.020198583602905,-0.0021316998497640663,-0.430956298828125,-0.2059013427734375
28.04039978981018,-0.005196018383799912,-0.411802685546875,-0.19393033447265623
28.06018090248108,-0.007860643196004996,-0.4213794921875,-0.19632453613281248
28.080389261245728,-0.007860643196004996,-0.4572925170898437,-0.17238251953125
28.099858283996582,0.005462480865020421,0.033518823242187495,-0.40222587890625
28.120059728622437,0.009459418083328047,-0.1005564697265625,-0.18914193115234373
28.140037775039673,0.006128637068071691,0.040701428222656245,0.011971008300781249
28.159909963607788,0.0057289433462409285,0.20350714111328125,-0.373495458984375
28.180077075958252,-0.006261868308681946,0.14604630126953125,-0.3495534423828125
28.199997186660767,0.0006661562030512709,0.12449848632812499,0.373495458984375
28.22006392478943,0.002531393571594829,-0.17956512451171874,-0.23223756103515625
28.239899158477783,0.0005329249624410166,-0.46208092041015625,-0.46686932373046874
28.259824752807617,-0.009725880564548555,-0.16280571289062498,0.1867477294921875
28.280056476593018,-0.007061255752343471,-0.29448680419921874,-0.023942016601562498
28.299991846084595,-0.016254211354451008,-0.4644751220703125,-0.35194764404296874
28.320075750350952,-0.018252679963604822,-0.5363011718749999,-0.32082302246093747
28.33999252319336,-0.026779479362661087,-0.28730419921875,-0.05746083984375
28.359973669052124,-0.037171516130260915,0.03591302490234375,-0.16041151123046873
28.38010048866272,-0.037171516130260915,0.15083470458984374,-0.12449848632812499
28.399967193603516,-0.0305099540997482,0.25139117431640623,-0.19871873779296872
28.420042991638184,-0.009059724361497283,0.01915361328125,-0.5865794067382812
28.440552949905396,0.016787136316892024,-0.22026655273437498,-0.5099649536132812
28.460052490234375,0.028911179212425153,-0.009576806640625,-0.27293898925781246
28.480130434036255,0.02398162330984575,-0.47165772705078124,0.05985504150390625
28.49982786178589,0.013323124061025418,-0.34237083740234375,0.15083470458984374
28.52011251449585,0.006928024511733216,-0.23702596435546874,-0.04548983154296875
28.54020929336548,0.008393568158446012,-0.4836287353515625,-0.4955997436523437
28.560177326202393,-0.006128637068071691,-0.0718260498046875,0.16998831787109375
28.580425262451172,-0.041168453348568536,-0.2346317626953125,-0.18435352783203124
28.600002765655518,-0.040768759626737774,-0.689530078125,-1.0654197387695312
28.620218515396118,-0.010791730489430587,-0.373495458984375,-0.0047884033203125
28.63998556137085,-0.007061255752343471,-0.2537853759765625,0.09337386474609374
28.660075426101685,-0.024781010753507273,-0.9217676391601562,-0.39264907226562495
28.680042505264282,-0.030909647821578966,-0.6943184814453125,-0.33758243408203126
28.700282335281372,-0.0037304747370871167,-0.5291185668945312,0.011971008300781249
28.720057010650635,0.020517611053979142,-0.32082302246093747,-0.6057330200195312
28.740747451782227,0.014788667707738212,-0.4285620971679687,-0.24181436767578124
28.759953022003174,-0.001732006127933304,-0.5386953735351562,-0.3447650390625
28.780169010162354,0.0010658499248820332,-0.3184288208007812,0.201112939453125
28.800029039382935,0.008526799399056265,-0.3711012573242187,-0.3327940307617187
28.820056915283203,-0.0058621745868511835,-0.18914193115234373,-0.0383072265625
28.83998727798462,-0.031575804024630234,-0.46208092041015625,-0.23702596435546874
28.860097646713257,-0.03130934154340973,-0.34237083740234375,-0.41898529052734373
28.88016438484192,-0.01185758041431262,-0.5267243652343749,-0.19153613281249998
28.89991784095764,-0.007860643196004996,-0.5410895751953124,-0.23702596435546874
28.920195817947388,-0.014655436467127957,-0.6105214233398437,-0.16041151123046873
28.94009280204773,-0.01052526800821008,-0.6607996582031249,-0.507570751953125
28.96067786216736,0.016653905076281773,-0.5674257934570313,-0.3591302490234375
28.980232000350952,0.011191424211261349,-0.40940848388671874,-0.17238251953125
28.99990749359131,-0.0037304747370871167,-0.5410895751953124,-0.55545478515625
29.02087903022766,-0.011058192970651094,-0.4740519287109375,-0.09816226806640624
29.040157318115234,0.0039969372183076245,-0.4644751220703125,-0.11731588134765625
29.060101747512817,-0.001732006127933304,-0.3902548706054687,-0.29448680419921874
29.081085205078125,-0.0191852986478766,-0.4955997436523437,-0.1197100830078125
29.100019454956055,-0.026379785640830326,-0.4955997436523437,-0.28969840087890625
29.120347261428833,-0.011990811654922875,-0.59376201171875,-0.07422025146484375
29.141176462173462,-0.03410719759622506,-0.430956298828125,-0.5578489868164063
29.15988063812256,-0.004263399699528133,-0.7661445312499999,-0.040701428222656245
29.180296659469604,-0.009725880564548555,-0.4908113403320312,-0.5291185668945312
29.199991464614868,0.006661562030512709,-0.7637503295898437,-0.2442085693359375
29.220271587371826,0.016120980113840753,-0.5698199951171875,-0.3399766357421875
29.240017414093018,0.011990811654922875,-0.488417138671875,-0.2442085693359375
29.260128498077393,-0.008127105677225504,-0.3711012573242187,-0.239420166015625
29.2802255153656,-0.0073277182335639785,-0.584185205078125,-0.0383072265625
29.299988746643066,-0.03384073511500456,-0.39983167724609375,-0.14604630126953125
29.320229530334473,-0.0057289433462409285,-0.5410895751953124,-0.33039982910156246
29.34064531326294,-0.016653905076281773,-0.3711012573242187,-0.047884033203124995
29.360074043273926,-0.008127105677225504,-0.5698199951171875,-0.40462008056640625
29.380420207977295,0.0026646248122050836,-0.47165772705078124,-0.36152445068359373
29.400348901748657,0.0003996937218307625,-0.5913678100585937,-0.2561795776367187
29.42024326324463,-0.004929555902579405,-0.565031591796875,-0.201112939453125
29.440341472625732,-0.0002664624812205083,-0.7015010864257812,-0.1484405029296875
29.46033215522766,0.01345635530163567,-0.5267243652343749,-0.3950432739257812
29.48041319847107,0.006128637068071691,-0.6631938598632812,-0.3064578125
29.50020956993103,-0.004663093421358896,-0.3950432739257812,-0.08140285644531249
29.520251512527466,-0.009192955602107537,-0.6703764648437499,-0.5865794067382812
29.540588855743408,0.0021316998497640663,-0.411802685546875,-0.086191259765625
29.560166120529175,0.006528330789902454,-0.34237083740234375,-0.45968671875
29.58033061027527,-0.0075941807147844875,-0.5674257934570313,-0.4955997436523437
29.600464820861816,-0.00985911180515881,-0.4740519287109375,-0.1484405029296875
29.620515823364258,-0.03397396635561481,-0.5482721801757812,-0.3399766357421875
29.64016079902649,0.005595712105630674,-0.430956298828125,-0.2537853759765625
29.660184621810913,-0.006261868308681946,-0.6488286499023437,-0.16041151123046873
29.680237293243408,-0.0005329249624410166,-0.49799394531249996,-0.16998831787109375
29.700229167938232,0.012923430339194655,-0.9145850341796874,-0.24660277099609373
29.7204692363739,0.015588055151399738,-0.6057330200195312,-0.33518823242187495
29.740163326263428,-0.0029310872934255917,-0.6751648681640625,-0.3902548706054687
29.760703086853027,-0.015854517632620246,-0.17238251953125,-0.01915361328125
29.7803738117218,-0.008526799399056265,-0.40222587890625,-0.3232172241210937
29.800164461135864,-0.0003996937218307625,-0.46208092041015625,-0.05985504150390625
29.820347547531128,-0.006928024511733216,-0.38786066894531246,-0.1580173095703125
29.84059190750122,-0.026113323159609816,-0.5027823486328125,-0.22744915771484372
29.860210418701172,-0.021849923460081685,-0.6009446166992187,-0.34237083740234375
29.880288124084473,-0.005329249624410167,-0.6871358764648438,-0.1388636962890625
29.900165557861328,0.00159877488732305,-0.49320554199218747,-0.3687070556640625
29.92034339904785,-0.00479632466196915,-0.7278373046875,-0.46208092041015625
29.940462827682495,-0.008393568158446012,-0.8283937744140625,-0.258573779296875
29.960159301757812,0.005595712105630674,-0.5961562133789062,-0.09337386474609374
29.980586528778076,0.002531393571594829,-0.5051765502929687,-0.11252747802734374
30.000043153762817,-0.014255742745297196,-0.6200982299804687,-0.4070142822265625
30.020053386688232,-0.012390505376753637,-0.33039982910156246,-0.06943184814453125
30.040764331817627,-0.009059724361497283,-0.43574470214843747,-0.21787235107421873
30.060057163238525,-0.008526799399056265,-0.2753331909179687,0.05027823486328125
30.08077335357666,-0.020517611053979142,-0.36631285400390623,-0.21308394775390624
30.099905014038086,-0.022382848422522698,-0.30885201416015623,-0.33039982910156246
30.12012505531311,0.002531393571594829,-0.430956298828125,-0.20350714111328125
30.13999605178833,0.01505513018895872,-0.4165910888671875,-0.3136404174804687
30.16002130508423,-0.005462480865020421,-0.4955997436523437,-0.24899697265624998
30.180076360702515,-0.009192955602107537,-0.3495534423828125,-0.16041151123046873
30.199920415878296,-0.0005329249624410166,-0.6177040283203125,-0.09816226806640624
30.220125675201416,0.006794793271122962,-0.5386953735351562,-0.430956298828125
30.23991346359253,-0.008926493120887028,-0.699106884765625,-0.08379705810546874
30.260094165802002,-0.01851914244482533,-0.5626373901367188,-0.42377369384765623
30.279975652694702,-0.007194486992953725,-0.7493851196289062,-0.3064578125
30.300025701522827,0.008393568158446012,-0.430956298828125,-0.277727392578125
30.32015371322632,0.002531393571594829,-0.6009446166992187,-0.08379705810546874
30.339901447296143,-0.0073277182335639785,-0.39983167724609375,-0.16041151123046873
30.36019206047058,-0.010125574286379316,-0.45968671875,-0.22505495605468748
30.380061388015747,0.0018652373685435584,-0.28490999755859375,-0.20350714111328125
30.399980068206787,-0.002531393571594829,-0.47644613037109373,-0.22266075439453123
30.420118808746338,-0.01505513018895872,-0.39743747558593745,-0.0526724365234375
30.440265655517578,-0.0095926493239383,-0.3112462158203125,-0.32561142578124996
30.460083961486816,0.004130168458917879,-0.6703764648437499,-0.3687070556640625
30.480204343795776,0.006928024511733216,-0.46208092041015625,-0.40462008056640625
30.49995732307434,-0.006928024511733216,-0.6057330200195312,0.105344873046875
30.52005124092102,0.0005329249624410166,-0.6631938598632812,-0.354341845703125
30.53988814353943,0.005995405827461438,-0.41419688720703124,-0.30406361083984373
30.560229063034058,0.004130168458917879,-0.5195417602539062,-0.15562310791015624
30.579949855804443,-0.014255742745297196,-0.4381389038085937,0.047884033203124995
30.599889278411865,-0.01971822361031762,-0.5195417602539062,-0.22505495605468748
30.62033224105835,-0.005462480865020421,-0.603338818359375,-0.28490999755859375
30.640262842178345,0.0021316998497640663,-0.4165910888671875,-0.411802685546875
30.66018581390381,-0.009059724361497283,-0.679953271484375,-0.4525041137695312
30.680102586746216,-0.01212404289553313,-0.6081272216796875,-0.14125789794921875
30.70003843307495,0.009326186842717792,-0.43574470214843747,-0.21068974609375
30.720106601715088,0.006928024511733216,-0.5674257934570313,-0.3016694091796875
30.74005699157715,-0.009992343045769061,-0.5147533569335937,-0.229843359375
30.760250568389893,-0.015854517632620246,-0.5746083984375,-0.13168109130859373
30.780536890029907,-0.006794793271122962,-0.6727706665039062,-0.28969840087890625
30.800236701965332,-0.0014655436467127959,-0.35194764404296874,-0.1580173095703125
30.820075511932373,-0.016787136316892024,-0.6440402465820312,-0.27293898925781246
30.839895725250244,-0.03077641658096871,-0.42377369384765623,-0.06943184814453125
30.859867334365845,-0.020517611053979142,-0.6655880615234374,-0.3854664672851562
30.880165100097656,-0.0011990811654922875,-0.4213794921875,-0.07900865478515624
30.899976015090942,-0.014255742745297196,-0.4644751220703125,-0.39983167724609375
30.920671224594116,-0.02105053601642016,-0.689530078125,-0.1580173095703125
30.940906763076782,-0.012923430339194655,-0.565031591796875,-0.29927520751953124
30.959961652755737,-0.002531393571594829,-0.718260498046875,-0.2442085693359375
30.98026466369629,0.03317457891195329,-0.6057330200195312,-0.3854664672851562
30.99982500076294,-0.016787136316892024,-0.6464344482421874,-0.29927520751953124
31.019994020462036,-0.015854517632620246,-0.488417138671875,0.06703764648437499
31.04007339477539,-0.008393568158446012,-0.6416460449218749,-0.4836287353515625
31.060189485549927,-0.013323124061025418,-0.5339069702148437,0.14604630126953125
31.081023693084717,-0.03450689131805583,-0.6009446166992187,-0.05985504150390625
31.099913358688354,-0.031575804024630234,-0.411802685546875,-0.229843359375
31.12016987800598,-0.01185758041431262,-0.3591302490234375,-0.26336218261718747
31.140179872512817,-0.0035972434964768626,-0.2657563842773437,-0.22744915771484372
31.16001319885254,-0.011990811654922875,-0.6655880615234374,-0.4477157104492187
31.18027901649475,-0.012656967857974145,-0.488417138671875,-0.19393033447265623
31.199910402297974,0.007727411955394742,-0.7924807495117187,-0.0718260498046875
31.220083236694336,0.011058192970651094,-0.5051765502929687,-0.4261678955078125
31.239832401275635,-0.007061255752343471,-0.6919242797851562,-0.1580173095703125
31.26002526283264,-0.01572128639200999,-0.5793968017578125,-0.15322890625
31.280280113220215,-0.007061255752343471,-0.6943184814453125,-0.031124621582031248
31.299927473068237,0.0019984686091538122,-0.5410895751953124,-0.023942016601562498
31.32008147239685,-0.008526799399056265,-0.38307226562499996,-0.2561795776367187
31.340147972106934,-0.028245023009373885,-0.4070142822265625,-0.2154781494140625
31.360142707824707,-0.014655436467127957,-0.36631285400390623,0.08858546142578125
31.38070273399353,0.0029310872934255917,-0.3184288208007812,-0.5530605834960938
31.400114059448242,-0.004529862180748642,-0.5339069702148437,-0.05746083984375
31.420177221298218,-0.020917304775809907,-0.6847416748046875,-0.39983167724609375
31.440011739730835,-0.010392036767599824,-0.6344634399414062,-0.1197100830078125
31.460681915283203,0.0037304747370871167,-0.6296750366210937,-0.181959326171875
31.480307579040527,-0.004929555902579405,-0.5985504150390625,-0.16041151123046873
31.499919414520264,-0.016254211354451008,-0.6177040283203125,-0.2154781494140625
31.52002263069153,-0.012257274136143382,-0.5865794067382812,-0.1484405029296875
31.540388107299805,0.00159877488732305,-0.7326257080078125,-0.3495534423828125
31.559741735458374,-0.004529862180748642,-0.469263525390625,-0.29927520751953124
31.58039355278015,-0.02131699849764067,-0.507570751953125,-0.10295067138671875
31.600125551223755,-0.018652373685435583,-0.4740519287109375,-0.36391865234375
31.620330810546875,-0.001732006127933304,-0.737414111328125,-0.028730419921875
31.639724016189575,0.0002664624812205083,-0.3136404174804687,-0.06464344482421874
31.66054105758667,-0.01851914244482533,-0.4908113403320312,-0.09337386474609374
31.680274724960327,-0.02464777951289702,-0.45010991210937495,-0.1292868896484375
31.69998335838318,-0.011191424211261349,-0.47644613037109373,-0.1388636962890625
31.72009801864624,-0.002264931090374321,-0.4572925170898437,-0.44053310546874996
31.740013122558594,-0.0075941807147844875,-0.7422025146484375,-0.19153613281249998
31.760226488113403,-0.013323124061025418,-0.5722141967773438,-0.4333505004882812
31.780296325683594,-0.00159877488732305,-0.7589619262695312,-0.10295067138671875
31.800644636154175,0.007727411955394742,-0.59376201171875,-0.39983167724609375
31.820314645767212,0.00013323124061025415,-0.4525041137695312,0.02154781494140625
31.839959144592285,-0.017719755001163805,-0.5506663818359374,-0.18914193115234373
31.861276149749756,-0.013989280264076687,-0.4381389038085937,-0.2920926025390625
31.88043451309204,-0.007727411955394742,-0.5315127685546874,-0.055066638183593745
31.90005135536194,-0.01052526800821008,-0.3950432739257812,-0.19871873779296872
31.920085668563843,-0.031042879062189218,-0.5770026000976562,-0.3854664672851562
31.940293788909912,-0.02997702913730719,-0.41419688720703124,-0.316034619140625
31.960089445114136,-0.0063950995492922,-0.5913678100585937,0.0718260498046875
31.980376958847046,-0.005462480865020421,-0.5817910034179687,-0.584185205078125
32.00002098083496,-0.010924961730040842,-0.5386953735351562,-0.16759411621093748
32.020514726638794,-0.00985911180515881,-0.7517793212890624,-0.26336218261718747
32.04015851020813,0.0039969372183076245,-0.6440402465820312,-0.1388636962890625
32.06014609336853,0.007727411955394742,-0.45968671875,-0.20350714111328125
32.08082175254822,-0.011591117933092112,-0.5123591552734374,-0.469263525390625
32.09984254837036,-0.01971822361031762,-0.5578489868164063,-0.09337386474609374
32.12006711959839,-0.00985911180515881,-0.45968671875,-0.143652099609375
32.14012908935547,-0.018119448722994567,-0.32082302246093747,-0.229843359375
32.16011190414429,-0.020384379813368887,-0.33758243408203126,-0.0047884033203125
32.180386543273926,-0.020251148572758632,-0.46686932373046874,-0.45489831542968745
32.19984817504883,-0.005196018383799912,-0.5698199951171875,-0.316034619140625
32.2201669216156,0.0011990811654922875,-0.5961562133789062,-0.18435352783203124
32.239856243133545,-0.0057289433462409285,-0.5889736083984375,-0.16759411621093748
32.26024413108826,-0.013189892820415163,-0.7134720947265625,-0.29448680419921874
32.280083656311035,-0.005595712105630674,-0.8667010009765624,-0.086191259765625
32.29996991157532,-0.008260336917835759,-0.488417138671875,0.2537853759765625
32.320006132125854,-0.028644716731204646,-0.833182177734375,-0.47644613037109373
32.33996057510376,-0.040768759626737774,-0.4908113403320312,0.16998831787109375
32.36036705970764,-0.025047473234727783,-0.48123453369140623,-0.29927520751953124
32.380314350128174,-0.008926493120887028,-0.316034619140625,-0.3854664672851562
32.40005612373352,-0.012523736617363892,-0.59376201171875,-0.411802685546875
32.420313119888306,-0.009725880564548555,-0.3136404174804687,-0.1580173095703125
32.43980669975281,0.002797856052815337,-0.603338818359375,-0.33039982910156246
32.460346937179565,0.011324655451871604,-0.4860229370117187,-0.4860229370117187
32.480414390563965,-0.0019984686091538122,-0.59376201171875,0.16041151123046873
32.49997591972351,-0.018385911204215073,-0.74699091796875,-0.28730419921875
32.520156145095825,-0.007061255752343471,-0.5626373901367188,-0.4333505004882812
32.54028606414795,0.0029310872934255917,-0.8954314208984374,-0.03591302490234375
32.56022262573242,-0.003863705977697371,-0.5793968017578125,-0.18435352783203124
32.580137729644775,-0.017852986241774057,-0.49320554199218747,-0.2154781494140625
32.60015678405762,-0.0074609494741742334,-0.4572925170898437,-0.15322890625
32.620028018951416,0.002264931090374321,-0.6009446166992187,-0.3280056274414062
32.640393018722534,0.004663093421358896,-0.5746083984375,-0.24899697265624998
32.66016173362732,-0.01572128639200999,-0.6248866333007812,-0.3064578125
32.68006181716919,-0.013856049023466432,-0.3327940307617187,-0.14604630126953125
32.70000171661377,0.03384073511500456,-0.4261678955078125,-0.22266075439453123
32.72004723548889,0.006661562030512709,-0.5123591552734374,-0.4213794921875
32.73983669281006,-0.01052526800821008,-0.4860229370117187,-0.055066638183593745
32.7599937915802,-0.021849923460081685,-0.584185205078125,-0.28730419921875
32.780417919158936,-0.0058621745868511835,-0.7302315063476562,-0.1149216796875
32.799890995025635,0.002797856052815337,-0.5626373901367188,-0.28730419921875
32.8199999332428,-0.0075941807147844875,-0.6464344482421874,-0.32561142578124996
32.84034037590027,-0.017719755001163805,-0.5674257934570313,-0.20829554443359374
32.86021089553833,-0.004529862180748642,-0.5985504150390625,-0.0909796630859375
32.88037967681885,0.008526799399056265,-0.40222587890625,-0.38307226562499996
32.89997601509094,-0.004263399699528133,-0.5195417602539062,-0.25139117431640623
32.920170307159424,-0.013323124061025418,-0.47884033203125,-0.23223756103515625
32.9400897026062,-0.005062787143189658,-0.3806780639648437,-0.08140285644531249
32.96025776863098,-0.0334410413931738,-0.5913678100585937,-0.45968671875
32.98026490211487,-0.012923430339194655,-0.5003881469726562,0.0430956298828125
32.9997775554657,-0.024914241994117528,-0.5099649536132812,-0.033518823242187495
33.02013111114502,-0.024914241994117528,-0.6847416748046875,-0.5602431884765625
33.040202140808105,-0.012523736617363892,-0.6009446166992187,-0.3136404174804687
33.06035852432251,-0.009192955602107537,-0.6440402465820312,-0.4908113403320312
33.0810489654541,-0.02371516082862524,-0.3112462158203125,-0.05746083984375
33.09986925125122,-0.007993874436615249,-0.48123453369140623,-0.3758896606445312
33.11999559402466,0.009725880564548555,-0.39983167724609375,-0.20350714111328125
33.13983774185181,0.011058192970651094,-0.5386953735351562,-0.6368576416015624
33.1600821018219,-0.0010658499248820332,-0.5602431884765625,0.055066638183593745
33.18016338348389,-0.00866003063966652,-0.5626373901367188,-0.2059013427734375
33.199987173080444,0.00479632466196915,-0.4477157104492187,-0.316034619140625
33.219987630844116,0.0063950995492922,-0.3136404174804687,-0.4477157104492187
33.239999294281006,-0.014921898948348467,-0.5099649536132812,-0.2609679809570312
33.26027035713196,-0.020384379813368887,-0.32082302246093747,-0.3064578125
33.28009605407715,-0.006794793271122962,-0.36631285400390623,0.05746083984375
33.30020046234131,0.002531393571594829,-0.3136404174804687,-0.4285620971679687
33.32010102272034,-0.0021316998497640663,-0.7517793212890624,-0.3711012573242187
33.33998918533325,-0.007061255752343471,-0.507570751953125,-0.18435352783203124
33.36028289794922,0.03397396635561481,-0.7709329345703124,-0.4261678955078125
33.38035869598389,0.005595712105630674,-0.5363011718749999,-0.20350714111328125
33.40000343322754,-0.001732006127933304,-0.6631938598632812,-0.40462008056640625
33.42004919052124,-0.008393568158446012,-0.488417138671875,-0.30406361083984373
33.44020199775696,0.0021316998497640663,-0.6392518432617187,-0.16041151123046873
33.46028661727905,0.011191424211261349,-0.258573779296875,-0.3447650390625
33.48020935058594,0.0026646248122050836,-0.6057330200195312,-0.2609679809570312
33.501028537750244,-0.015588055151399738,-0.21308394775390624,0.03591302490234375
33.520129680633545,-0.009192955602107537,-0.3854664672851562,-0.41898529052734373
33.53990316390991,0.005196018383799912,-0.44532150878906246,-0.22026655273437498
33.56029534339905,0.005595712105630674,-0.55545478515625,-0.28490999755859375
33.580190896987915,-0.011191424211261349,-0.6177040283203125,-0.4213794921875
33.59997248649597,-0.0074609494741742334,-0.7110778930664062,-0.34237083740234375
33.620288133621216,0.010791730489430587,-0.4165910888671875,-0.19153613281249998
33.64032173156738,0.010125574286379316,-0.18435352783203124,-0.12449848632812499
33.66016125679016,-0.006528330789902454,-0.55545478515625,-0.40940848388671874
33.68030595779419,-0.01185758041431262,-0.3136404174804687,-0.076614453125
33.69983267784119,-0.0009326186842717792,-0.5626373901367188,-0.30885201416015623
33.72008800506592,0.0021316998497640663,-0.4285620971679687,-0.296881005859375
33.739994764328,-0.009459418083328047,-0.5027823486328125,-0.32561142578124996
33.76026725769043,-0.012523736617363892,-0.51714755859375,-0.1005564697265625
33.78006958961487,-0.0037304747370871167,-0.49799394531249996,-0.39743747558593745
33.79984927177429,0.010791730489430587,-0.6081272216796875,-0.3064578125
33.82007956504822,-0.0002664624812205083,-0.4908113403320312,-0.11731588134765625
33.839998722076416,-0.014255742745297196,-0.49799394531249996,-0.29448680419921874
33.860591888427734,0.0011990811654922875,-0.5434837768554687,-0.11731588134765625
33.880428314208984,0.017586523760553547,-0.49320554199218747,-0.17477672119140625
33.90001583099365,-0.03384073511500456,-0.6584054565429687,-0.39983167724609375
33.92005228996277,-0.015987748873230498,-0.4165910888671875,-0.32082302246093747
33.94004702568054,-0.0026646248122050836,-0.5099649536132812,0.1005564697265625
33.959956407547,0.009992343045769061,-0.584185205078125,-0.3854664672851562
33.980082511901855,-0.005595712105630674,-0.38307226562499996,-0.12689268798828124
33.99990248680115,-0.022649310903743208,-0.699106884765625,-0.28012159423828126
34.02011966705322,-0.02531393571594829,-0.6919242797851562,-0.08858546142578125
34.04034686088562,-0.006528330789902454,-0.3591302490234375,-0.2825157958984375
34.060293197631836,-0.009059724361497283,-0.603338818359375,-0.12689268798828124
34.08022141456604,-0.021583460978861175,-0.5722141967773438,-0.3950432739257812
34.10003066062927,-0.010658499248820334,-0.5482721801757812,-0.488417138671875
34.12004613876343,0.0063950995492922,-0.5961562133789062,-0.016759411621093748
34.14010000228882,0.005462480865020421,-0.2561795776367187,-0.2609679809570312
34.16031265258789,-0.01185758041431262,-0.36631285400390623,-0.13407529296874998
34.18091607093811,-0.01505513018895872,-0.507570751953125,-0.23223756103515625
34.19994878768921,0.004929555902579405,-0.699106884765625,-0.16519991455078123
34.22134828567505,0.005062787143189658,-0.4908113403320312,-0.5722141967773438
34.24001121520996,-0.012390505376753637,-0.507570751953125,-0.17477672119140625
34.26028656959534,-0.018252679963604822,-0.5722141967773438,-0.2920926025390625
34.280182123184204,-0.0003996937218307625,-0.5722141967773438,-0.20350714111328125
34.299973249435425,0.01052526800821008,-0.5817910034179687,-0.3016694091796875
34.32012701034546,-0.004529862180748642,-0.5243301635742187,-0.1771709228515625
34.34000301361084,-0.01971822361031762,-0.5698199951171875,-0.3591302490234375
34.360299587249756,-0.004396630940138387,-0.6057330200195312,-0.20829554443359374
34.380393505096436,-0.0009326186842717792,-0.45489831542968745,-0.07422025146484375
34.399967670440674,-0.009192955602107537,-0.5363011718749999,-0.24660277099609373
34.420095682144165,-0.020251148572758632,-0.49799394531249996,-0.3495534423828125
34.43997073173523,-0.010658499248820334,-0.5889736083984375,-0.3064578125
34.46056151390076,0.006794793271122962,-0.36391865234375,-0.28012159423828126
34.480422019958496,0.002398162330984575,-0.7637503295898437,-0.40222587890625
34.499847412109375,-0.008260336917835759,-0.51714755859375,-0.411802685546875
34.52187752723694,0.003464012255866608,-0.737414111328125,-0.13168109130859373
34.5401828289032,0.01185758041431262,-0.38786066894531246,-0.258573779296875
34.5604350566864,0.007061255752343471,-0.55545478515625,-0.19393033447265623
34.58012771606445,-0.01692036755750228,-0.42377369384765623,0.0383072265625
34.59994602203369,-0.01851914244482533,-0.7038952880859375,-0.46208092041015625
34.620315074920654,-0.0073277182335639785,-0.5386953735351562,0.08858546142578125
34.64003324508667,-0.003464012255866608,-0.45489831542968745,-0.45010991210937495
34.66036295890808,-0.011990811654922875,-0.6703764648437499,-0.603338818359375
34.68027853965759,-0.008793261880276773,-0.3711012573242187,-0.26815058593749996
34.699883460998535,0.010125574286379316,-0.4740519287109375,-0.34237083740234375
34.72007489204407,0.01532159267017923,-0.5674257934570313,-0.02633621826171875
34.739933252334595,-0.03384073511500456,-0.36152445068359373,-0.06464344482421874
34.76026916503906,-0.015188361429568975,-0.5147533569335937,-0.26336218261718747
34.77998065948486,-0.0095926493239383,-0.32082302246093747,-0.2705447875976562
34.79979968070984,-0.00159877488732305,-0.2346317626953125,0.055066638183593745
34.82001781463623,-0.01505513018895872,-0.5315127685546874,-0.38786066894531246
34.839853286743164,-0.026513016881440577,-0.4525041137695312,-0.2920926025390625
34.860233545303345,-0.01705359879811253,-0.5363011718749999,-0.2705447875976562
34.88032412528992,0.0014655436467127959,-0.35673604736328124,-0.32082302246093747
34.9000563621521,0.002797856052815337,-0.6057330200195312,-0.17238251953125
34.92008185386658,-0.010658499248820334,-0.5410895751953124,-0.05027823486328125
34.939857006073,-0.007993874436615249,-0.5722141967773438,-0.3327940307617187
34.96027064323425,0.001732006127933304,-0.7422025146484375,-0.143652099609375
34.98011565208435,-0.004929555902579405,-0.6081272216796875,-0.27293898925781246
34.99999284744263,-0.016787136316892024,-0.5746083984375,-0.3232172241210937
35.02042102813721,-0.01945176112909711,-0.488417138671875,-0.1867477294921875
35.04024410247803,-0.01438897398590745,-0.5674257934570313,-0.2705447875976562
35.06022024154663,-0.023315467106794475,-0.411802685546875,0.0909796630859375
35.08128118515015,-0.03370750387439431,-0.430956298828125,-0.16519991455078123
35.099926471710205,-0.029577335415476424,-0.277727392578125,-0.35673604736328124
35.12005662918091,-0.010658499248820334,-0.6105214233398437,-0.10295067138671875
35.14023947715759,0.00159877488732305,-0.2561795776367187,-0.17238251953125
35.160264015197754,-0.009326186842717792,-0.6823474731445313,-0.40940848388671874
35.180033922195435,-0.013323124061025418,-0.4525041137695312,-0.47165772705078124
35.199962854385376,-0.0026646248122050836,-0.8188169677734375,0.040701428222656245
35.220072746276855,0.010791730489430587,-0.737414111328125,-0.35673604736328124
35.239893436431885,0.0014655436467127959,-0.8116343627929687,-0.45010991210937495
35.2603120803833,-0.0005329249624410166,-0.6272808349609375,-0.18914193115234373
35.28055453300476,0.007194486992953725,-0.6584054565429687,-0.11013327636718749
35.299988746643066,0.01052526800821008,-1.005564697265625,-0.20829554443359374
35.320061922073364,-0.011191424211261349,-0.7445967163085937,0.105344873046875
35.33991312980652,-0.05475803989081446,-1.1923124267578125,0.011971008300781249
35.36041784286499,-0.06115313944010666,-1.1061211669921875,-0.3806780639648437
35.38029861450195,-0.049695252747624805,-1.3263877197265623,-0.2442085693359375
35.39995884895325,-0.004663093421358896,-1.0893617553710937,-0.49799394531249996
35.42059683799744,0.018652373685435583,-1.1061211669921875,-0.689530078125
35.440359592437744,0.01945176112909711,-0.45489831542968745,-0.373495458984375
35.460328340530396,0.024514548272286763,-0.814028564453125,-0.11252747802734374
35.48007249832153,0.030909647821578966,-0.6943184814453125,-0.15322890625
35.49994993209839,0.06794793271122962,-0.6775590698242188,-0.076614453125
35.52016282081604,0.020917304775809907,-0.46208092041015625,-0.11731588134765625
35.539987087249756,-0.0035972434964768626,-0.7278373046875,-0.22026655273437498
35.56015586853027,-0.022382848422522698,-0.7517793212890624,-0.0047884033203125
35.580257415771484,-0.02438131703167651,-0.6847416748046875,-0.00239420166015625
35.599977254867554,-0.026779479362661087,-0.7613561279296874,-0.29927520751953124
35.61999273300171,-0.02571362943777905,-0.7038952880859375,-0.258573779296875
35.63992524147034,-0.06794793271122962,-0.7733271362304687,-0.28490999755859375
35.66051697731018,-0.03410719759622506,-0.7015010864257812,-0.20829554443359374
35.680275201797485,-0.024114854550456002,-0.6416460449218749,-0.181959326171875
35.69999361038208,-0.018385911204215073,-0.7278373046875,-0.2154781494140625
35.72010827064514,-0.0063950995492922,-0.6703764648437499,-0.2753331909179687
35.73992300033569,-0.011058192970651094,-0.584185205078125,-0.3064578125
35.760066986083984,-0.004130168458917879,-0.6009446166992187,-0.26336218261718747
35.78034567832947,-0.0039969372183076245,-0.5051765502929687,-0.19153613281249998
35.79999375343323,0.002531393571594829,-0.4955997436523437,-0.22266075439453123
35.82059669494629,0.0002664624812205083,-0.4429273071289062,-0.201112939453125
35.840012550354004,-0.0033307810152563544,-0.44053310546874996,-0.181959326171875
35.860291481018066,-0.004663093421358896,-0.3232172241210937,-0.22026655273437498
35.88036274909973,-0.0039969372183076245,-0.354341845703125,-0.21068974609375
35.900251388549805,-0.005196018383799912,-0.4836287353515625,-0.15562310791015624
35.92035961151123,-0.009059724361497283,-0.5195417602539062,-0.2059013427734375
35.940335750579834,-0.008260336917835759,-0.5267243652343749,-0.19153613281249998
35.960174322128296,-0.008926493120887028,-0.5003881469726562,-0.19153613281249998
35.980592012405396,-0.010125574286379316,-0.6009446166992187,-0.22026655273437498
36.00010681152344,-0.008393568158446012,-0.5698199951171875,-0.24660277099609373
36.02005195617676,-0.0039969372183076245,-0.55545478515625,-0.22026655273437498
36.04000687599182,-0.0037304747370871167,-0.5913678100585937,-0.21787235107421873
36.06035590171814,-0.003863705977697371,-0.5482721801757812,-0.2442085693359375
36.08096528053284,-0.002264931090374321,-0.5889736083984375,-0.17238251953125
36.099833488464355,-0.0039969372183076245,-0.5626373901367188,-0.2059013427734375
36.119943141937256,-0.0039969372183076245,-0.5243301635742187,-0.19153613281249998
36.139963150024414,-0.006528330789902454,-0.5147533569335937,-0.15083470458984374
36.16024470329285,-0.0095926493239383,-0.5291185668945312,-0.24181436767578124
36.18006896972656,-0.008127105677225504,-0.4955997436523437,-0.21308394775390624
36.19990301132202,-0.008926493120887028,-0.5123591552734374,-0.16519991455078123
36.2200231552124,-0.008926493120887028,-0.5123591552734374,-0.23223756103515625
36.24008107185364,-0.0075941807147844875,-0.5147533569335937,-0.22026655273437498
36.260257720947266,-0.00159877488732305,-0.5434837768554687,-0.22505495605468748
36.28010845184326,-0.0075941807147844875,-0.5602431884765625,-0.22505495605468748
36.30013179779053,-0.0033307810152563544,-0.5530605834960938,-0.229843359375
36.320048809051514,0.008393568158446012,-0.565031591796875,-0.3447650390625
36.34033966064453,0.032108728987071254,-0.37828386230468747,-0.3950432739257812
36.360182762145996,0.06728177650817835,-0.258573779296875,-0.7230489013671875
36.380045890808105,0.12310566632387485,-0.22026655273437498,-0.7541735229492187
36.39984893798828,0.1961163861782941,-0.59376201171875,-0.8786720092773437
36.42000436782837,0.2835160800186209,-0.25139117431640623,-0.6560112548828124
36.440502643585205,0.30869678449395893,-0.9457096557617187,-0.9744400756835937
36.46059560775757,0.36358805562538365,-0.9313444458007812,-0.9241618408203125
36.48021650314331,0.3615895870162298,0.02154781494140625,-0.01915361328125
36.50010895729065,0.34720061303032235,-0.5099649536132812,-0.08858546142578125
36.52021884918213,0.33547626385661994,-0.9121908325195311,-0.3591302490234375
36.540547609329224,0.31642419644935366,-0.4070142822265625,0.17238251953125
36.56048774719238,0.2679280248672211,-0.016759411621093748,0.6488286499023437
36.58006143569946,0.2017120982839248,-0.43574470214843747,0.02633621826171875
36.5997838973999,0.16494027587549465,-0.5410895751953124,0.055066638183593745
36.62000370025635,0.16200918858206906,-0.00718260498046875,0.3184288208007812
36.64009189605713,0.1726676878308894,-0.03591302490234375,-0.21308394775390624
36.660170793533325,0.18705666181679687,-0.4836287353515625,-0.7876923461914062
36.68021202087402,0.18492496196703279,-0.258573779296875,-0.3184288208007812
36.69993305206299,0.1906539053132737,-0.1149216796875,0.06703764648437499
36.71983194351196,0.19864777974988895,-0.3854664672851562,-0.30885201416015623
36.739980697631836,0.21010566644237083,-0.7493851196289062,-0.15322890625
36.76027965545654,0.22715926524048335,-0.9888052856445312,-0.49799394531249996
36.78010010719299,0.24154823922639082,-0.852335791015625,-0.5817910034179687
36.79995942115784,0.25460490080619574,-0.9720458740234375,-0.4836287353515625
36.82022452354431,0.26313170020525195,-0.9026140258789062,-0.06943184814453125
36.84066343307495,0.25833537554328284,-0.5722141967773438,-0.21308394775390624
36.860339879989624,0.2633981626864725,-0.33518823242187495,-0.1771709228515625
36.88022232055664,0.27099234340125694,-0.6153098266601562,-0.20829554443359374
36.89992046356201,0.3065650846441948,-0.34715924072265625,-0.29448680419921874
36.92078900337219,0.2711255746418672,-0.25139117431640623,-0.39743747558593745
36.94041109085083,0.2764548242662774,-0.16280571289062498,-0.23223756103515625
36.960777282714844,0.27458958689773383,-0.28730419921875,-0.34237083740234375
36.98016619682312,0.2653966312956263,-0.6488286499023437,-0.1580173095703125
36.99998641014099,0.26299846896464174,-0.36152445068359373,-0.12210428466796874
37.01998829841614,0.24887595745995478,-0.40222587890625,-0.4477157104492187
37.040234088897705,0.2287580401278064,-0.7493851196289062,-0.06943184814453125
37.060258865356445,0.22356202174400647,-0.49799394531249996,0.11731588134765625
37.08082938194275,0.2130367537357964,-0.00718260498046875,-0.19153613281249998
37.099921226501465,0.20597549798345294,-0.7110778930664062,-0.17238251953125
37.120837926864624,0.19824808602805818,-0.6727706665039062,-0.19871873779296872
37.140523195266724,0.19318529888486854,-0.36391865234375,-0.11013327636718749
37.160444021224976,0.19465084253158133,-0.15562310791015624,-0.26815058593749996
37.18013095855713,0.1877228180198481,-0.5578489868164063,-0.20350714111328125
37.199984073638916,0.18625727437313533,-0.3327940307617187,-0.1388636962890625
37.220205545425415,0.19771516106561718,-0.488417138671875,-0.39264907226562495
37.24021506309509,0.22023124072875014,-0.7876923461914062,-0.36152445068359373
37.2605197429657,0.24168147046700106,-0.7972691528320313,-0.20350714111328125
37.28003478050232,0.2586018380245033,-0.6584054565429687,-0.21308394775390624
37.29991316795349,0.2763215930256671,-0.5267243652343749,-0.4860229370117187
37.31999921798706,0.2737901994540723,-0.7948749511718749,-0.15083470458984374
37.34024453163147,0.26646248122050836,-0.5003881469726562,0.04548983154296875
37.3608238697052,0.2543384383249752,-0.05746083984375,-0.18914193115234373
37.37995743751526,0.25047473234727785,-0.430956298828125,-0.27293898925781246
37.399808406829834,0.24701072009141123,-0.5243301635742187,0.1005564697265625
37.42044377326965,0.2482098012569035,-0.3950432739257812,-0.22266075439453123
37.44015645980835,0.24860949497873427,-0.201112939453125,-0.17956512451171874
37.46058487892151,0.24527871396347792,-0.5482721801757812,-0.22026655273437498
37.48031210899353,0.23049004625573968,-0.603338818359375,-0.00718260498046875
37.49995470046997,0.2211638594130219,-0.5363011718749999,-0.21068974609375
37.52062201499939,0.21556814730739124,-0.3399766357421875,-0.1771709228515625
37.54058504104614,0.2113047476078631,-0.7757213378906249,-0.229843359375
37.56065034866333,0.2090398165174888,-0.7254431030273437,-0.09816226806640624
37.58035683631897,0.21969831576630913,-0.2561795776367187,-0.239420166015625
37.59988355636597,0.23501990843648835,-0.6081272216796875,-0.3280056274414062
37.62043476104736,0.2519402759939906,-0.5267243652343749,-0.06464344482421874
37.64004111289978,0.2600673816712161,-0.239420166015625,-0.28490999755859375
37.66040301322937,0.27418989317590303,-0.5746083984375,-0.44532150878906246
37.6801278591156,0.27192496208552874,-0.6751648681640625,-0.15322890625
37.69991326332092,0.2659295562580673,-0.5099649536132812,-0.06943184814453125
37.72005319595337,0.2659295562580673,-0.32561142578124996,-0.2442085693359375
37.74004793167114,0.264197550130134,-0.5051765502929687,-0.18914193115234373
37.76045560836792,0.25167381351277013,-0.6536170532226562,-0.011971008300781249
37.780168771743774,0.2412817767451703,-0.5458779785156249,-0.08140285644531249
37.79996204376221,0.23595252712076012,-0.4261678955078125,-0.1197100830078125
37.82002401351929,0.22942419633085767,-0.5147533569335937,-0.2705447875976562
37.84016561508179,0.22236294057851422,-0.5434837768554687,-0.05985504150390625
37.86026620864868,0.21903215956325783,-0.37828386230468747,-0.009576806640625
37.8805296421051,0.2162343035104425,-0.4572925170898437,-0.3854664672851562
37.90015244483948,0.21210413505152462,-0.5626373901367188,-0.3591302490234375
37.920279026031494,0.21463552862311946,-0.2753331909179687,-0.011971008300781249
37.940325021743774,0.2284915776465859,-0.47884033203125,-0.3591302490234375
37.96079349517822,0.23182235866184223,-0.6344634399414062,-0.37828386230468747
37.98043632507324,0.24701072009141123,-0.7302315063476562,-0.076614453125
37.99994516372681,0.25580398197168797,-0.5147533569335937,-0.39983167724609375
38.02014136314392,0.26353139392708275,-0.3495534423828125,-0.411802685546875
38.03997468948364,0.27192496208552874,-0.6416460449218749,-0.011971008300781249
38.06039500236511,0.2628652377240315,-0.33518823242187495,0.0430956298828125
38.080352544784546,0.2649969375737955,-0.1867477294921875,-0.11731588134765625
38.09994292259216,0.25207350723460087,-0.5746083984375,-0.258573779296875
38.120189905166626,0.24554517644469842,-0.5123591552734374,-0.15322890625
38.139918088912964,0.22635987779682182,-0.6057330200195312,0.0047884033203125
38.16034770011902,0.21756661591654505,-0.28730419921875,-0.105344873046875
38.1801540851593,0.21170444132969385,-0.488417138671875,-0.22505495605468748
38.19991588592529,0.20211179200575555,-0.48123453369140623,0.0
38.22035789489746,0.21037212892359133,-0.39743747558593745,-0.19393033447265623
38.239986419677734,0.21583460978861177,-0.39743747558593745,-0.5458779785156249
38.2605836391449,0.23488667719587808,-0.5817910034179687,-0.3399766357421875
38.280471324920654,0.2528728946782624,-0.6655880615234374,-0.26336218261718747
38.30010986328125,0.2677947936266109,-0.3112462158203125,-0.44532150878906246
38.32002782821655,0.2752557431007851,-0.6440402465820312,-0.30885201416015623
38.33989953994751,0.2695267997545442,-0.6560112548828124,-0.086191259765625
38.36020827293396,0.2755222055820056,-0.411802685546875,-0.0047884033203125
38.380146980285645,0.26672894370172884,-0.5770026000976562,-0.3112462158203125
38.39990592002869,0.2590015317463341,-0.5770026000976562,-0.086191259765625
38.42011570930481,0.25273966343765214,-0.5219359619140624,-0.01915361328125
38.44004583358765,0.24154823922639082,-0.37828386230468747,-0.20350714111328125
38.46061563491821,0.2723246558073595,-0.46208092041015625,-0.26815058593749996
38.48042702674866,0.23435375223343707,-0.4836287353515625,0.06464344482421874
38.49993920326233,0.23035681501512945,-0.3687070556640625,-0.0383072265625
38.52012228965759,0.22622664655621155,-0.21787235107421873,-0.3711012573242187
38.540247440338135,0.21556814730739124,-0.55545478515625,-0.3950432739257812
38.5600688457489,0.21237059753274515,-0.5243301635742187,0.06943184814453125
38.58025121688843,0.21503522234495023,-0.34715924072265625,0.009576806640625
38.59983825683594,0.21516845358556047,-0.3687070556640625,-0.32561142578124996
38.620065689086914,0.21263706001396562,-0.679953271484375,-0.47165772705078124
38.64016914367676,0.21903215956325783,-0.5530605834960938,-0.06703764648437499
38.66000771522522,0.2339540585116063,-0.49799394531249996,-0.33518823242187495
38.68024754524231,0.25220673847521113,-0.7733271362304687,-0.3399766357421875
38.69993448257446,0.26153292531792893,-0.5865794067382812,-0.17477672119140625
38.7200243473053,0.26113323159609814,-0.5386953735351562,-0.2609679809570312
38.73997235298157,0.26526340005501603,-0.6009446166992187,-0.3184288208007812
38.76008176803589,0.25500459452802643,-0.6919242797851562,-0.023942016601562498
38.78043246269226,0.2507411948284983,-0.45489831542968745,0.1484405029296875
38.79992389678955,0.24501225148225741,-0.2753331909179687,-0.19153613281249998
38.820250511169434,0.23488667719587808,-0.5099649536132812,-0.3327940307617187
38.840136766433716,0.22782542144353463,-0.47644613037109373,0.239420166015625
38.86026191711426,0.2270260339998731,-0.35194764404296874,-0.01915361328125
38.88039016723633,0.22729249648109362,-0.2657563842773437,-0.33758243408203126
38.89987826347351,0.22396171546583724,-0.5793968017578125,-0.24181436767578124
38.92014980316162,0.22143032189424242,-0.5793968017578125,-0.06703764648437499
38.93992853164673,0.23328790230855506,-0.33039982910156246,-0.17956512451171874
38.96061873435974,0.2430137828731036,-0.6177040283203125,-0.3758896606445312
38.98035168647766,0.2507411948284983,-0.5410895751953124,-0.08858546142578125
38.99993920326233,0.24834303249751374,-0.6177040283203125,-0.28012159423828126
39.02000904083252,0.2467442576101907,-0.4429273071289062,-0.24181436767578124
39.04027724266052,0.24048238930150875,-0.7757213378906249,-0.181959326171875
39.060097217559814,0.2292909650902474,-0.622492431640625,0.031124621582031248
39.08140158653259,0.22049770320997064,-0.41419688720703124,-0.009576806640625
39.10007119178772,0.22143032189424242,-0.354341845703125,-0.2059013427734375
39.11996364593506,0.21330321621701692,-0.5410895751953124,-0.12210428466796874
39.14021420478821,0.21210413505152462,-0.2442085693359375,-0.086191259765625
39.160595655441284,0.22249617181912446,-0.3806780639648437,-0.3112462158203125
39.180129528045654,0.23009035253390894,-0.5291185668945312,-0.29927520751953124
39.20040011405945,0.24088208302333952,-0.5770026000976562,-0.21068974609375
39.220163106918335,0.2528728946782624,-0.5003881469726562,-0.36391865234375
39.24022936820984,0.2643307813707443,-0.488417138671875,-0.3495534423828125
39.26060891151428,0.27392343069468256,-0.7062894897460937,-0.076614453125
39.28019428253174,0.27085911216064673,-0.5434837768554687,-0.181959326171875
39.30009150505066,0.2723246558073595,-0.3711012573242187,-0.28730419921875
39.320114612579346,0.264730475092575,-0.5482721801757812,-0.05985504150390625
39.33994102478027,0.2575359880996213,-0.5793968017578125,0.1484405029296875
39.36017394065857,0.24834303249751374,-0.4955997436523437,-0.02633621826171875
39.38000130653381,0.24434609527920614,-0.430956298828125,-0.08140285644531249
39.39989709854126,0.2368851458050319,-0.46686932373046874,-0.2346317626953125
39.420018434524536,0.22809188392475513,-0.5530605834960938,-0.086191259765625
39.4404296875,0.2282251151653654,-0.2442085693359375,0.011971008300781249
39.460294008255005,0.224361409187668,-0.35673604736328124,-0.48123453369140623
39.48015213012695,0.22715926524048335,-0.411802685546875,-0.13168109130859373
39.49989581108093,0.2282251151653654,-0.5770026000976562,-0.12449848632812499
39.520018577575684,0.24074885178272928,-0.32561142578124996,-0.35673604736328124
39.54034972190857,0.247943338775683,-0.5889736083984375,-0.296881005859375
39.56047582626343,0.24581163892591892,-0.5746083984375,0.0383072265625
39.58021664619446,0.25207350723460087,-0.3902548706054687,-0.1292868896484375
39.600027084350586,0.2523399697158214,-0.612915625,-0.32082302246093747
39.62033820152283,0.2519402759939906,-0.6488286499023437,-0.28490999755859375
39.6405725479126,0.2507411948284983,-0.6631938598632812,-0.047884033203124995
39.66037058830261,0.2507411948284983,-0.40462008056640625,-0.07422025146484375
39.680214166641235,0.2554042882498572,-0.4860229370117187,-0.4261678955078125
39.70002889633179,0.24421286403859588,-0.5961562133789062,-0.0383072265625
39.720134973526,0.2487427262193445,-0.3399766357421875,-0.13168109130859373
39.740254163742065,0.2464777951289702,-0.1580173095703125,-0.023942016601562498
39.760246992111206,0.24381317031676514,-0.5746083984375,-0.4836287353515625
39.780163526535034,0.2432802453543241,-0.5003881469726562,-0.1484405029296875
39.799917459487915,0.24288055163249336,-0.24899697265624998,-0.01915361328125
39.819979429244995,0.23848392069235497,-0.41419688720703124,-0.17477672119140625
39.8401985168457,0.23581929588014985,-0.5746083984375,0.07900865478515624
39.860509395599365,0.23595252712076012,-0.35194764404296874,-0.21787235107421873
39.88045334815979,0.23701837704564216,-0.42377369384765623,-0.16998831787109375
39.899906635284424,0.2282251151653654,-0.6775590698242188,-0.229843359375
39.920122385025024,0.215434916066781,-0.5003881469726562,0.05985504150390625
39.94008541107178,0.21769984715715532,-0.34715924072265625,-0.023942016601562498
39.960082054138184,0.21143797884847337,-0.3854664672851562,-0.3064578125
39.979814291000366,0.20291117944941708,-0.5339069702148437,-0.086191259765625
39.99995160102844,0.1967825423813454,-0.3806780639648437,-0.031124621582031248
40.01999545097351,0.1962496174189044,-0.239420166015625,-0.07900865478515624
40.04028844833374,0.18905513042595065,-0.5410895751953124,-0.26336218261718747
40.060129165649414,0.19718223610317617,-0.5123591552734374,-0.0909796630859375
40.081310987472534,0.2113047476078631,-0.1580173095703125,-0.32561142578124996
40.10012722015381,0.232754977346114,-0.5291185668945312,-0.5458779785156249
40.120190382003784,0.25633690693412897,-0.679953271484375,-0.1867477294921875
40.139912366867065,0.2644640126113545,-0.47884033203125,-0.22026655273437498
40.16018080711365,0.27805359915360045,-0.4644751220703125,-0.30885201416015623
40.18009424209595,0.2815176114094671,-0.6512228515624999,-0.354341845703125
40.19978976249695,0.27072588092003647,-0.51714755859375,0.105344873046875
40.21986937522888,0.2644640126113545,-0.411802685546875,-0.055066638183593745
40.23991346359253,0.25567075073107776,-0.3184288208007812,-0.16519991455078123
40.260125398635864,0.24367993907615484,-0.5985504150390625,-0.229843359375
40.279953956604004,0.22649310903743208,-0.488417138671875,-0.03591302490234375
40.29987335205078,0.22422817794705777,-0.076614453125,-0.031124621582031248
40.32001090049744,0.22276263430034499,-0.354341845703125,-0.229843359375
40.339900732040405,0.2191653908038681,-0.32561142578124996,0.09816226806640624
40.36039161682129,0.21703369095410402,-0.28969840087890625,-0.2753331909179687
40.379964113235474,0.20837366031443752,-0.36152445068359373,-0.3064578125
40.399885177612305,0.2113047476078631,-0.6847416748046875,-0.19153613281249998
40.41996216773987,0.223295559262786,-0.5051765502929687,0.1149216796875
40.439980030059814,0.23741807076747293,-0.5410895751953124,-0.38786066894531246
40.460254192352295,0.2496753449036163,-0.7062894897460937,-0.44532150878906246
40.48021745681763,0.25780245058084184,-0.7326257080078125,-0.3902548706054687
40.49991226196289,0.26606278749867757,-0.507570751953125,-0.33758243408203126
40.52002143859863,0.2767212867474979,-0.16280571289062498,-0.22266075439453123
40.53989911079407,0.2824502300937389,-0.612915625,-0.20829554443359374
40.560245990753174,0.27432312441651335,-0.7589619262695312,0.08858546142578125
40.5800507068634,0.2628652377240315,-0.40222587890625,-0.055066638183593745
40.59987735748291,0.2526064321970419,-0.4525041137695312,-0.17956512451171874
40.620219707489014,0.23941653937662674,-0.5602431884765625,-0.23702596435546874
40.63988900184631,0.22835834640597563,-0.46686932373046874,0.06943184814453125
40.660135984420776,0.2211638594130219,-0.29927520751953124,0.02154781494140625
40.68020987510681,0.21503522234495023,-0.35673604736328124,-0.30885201416015623
40.700013637542725,0.20717457914894524,-0.3902548706054687,-0.011971008300781249
40.72015714645386,0.20797396659260675,-0.3327940307617187,-0.16280571289062498
40.74002289772034,0.2110382851266426,-0.23223756103515625,-0.3687070556640625
40.76023745536804,0.20477641681796063,-0.4572925170898437,-0.011971008300781249
40.78002381324768,0.21636753475105278,-0.6727706665039062,-0.07422025146484375
40.79977464675903,0.23062327749634998,-0.3184288208007812,-0.28012159423828126
40.82005858421326,0.2494088824223958,-0.6727706665039062,-0.41898529052734373
40.83989453315735,0.26046707539304687,-0.74699091796875,-0.19632453613281248
40.86022329330444,0.26259877524281094,-0.5985504150390625,-0.316034619140625
40.880369663238525,0.26313170020525195,-0.373495458984375,-0.13646949462890623
40.89999032020569,0.25673660065595977,-0.5985504150390625,-0.17477672119140625
40.92009782791138,0.2526064321970419,-0.5339069702148437,0.011971008300781249
40.94001269340515,0.2432802453543241,-0.32082302246093747,-0.105344873046875
40.96013379096985,0.2346202147146576,-0.24181436767578124,-0.3280056274414062
40.98005962371826,0.2220964780972937,-0.42377369384765623,-0.15083470458984374
40.99992537498474,0.21343644745762716,-0.39983167724609375,-0.05985504150390625
41.020392656326294,0.22089739693180138,-0.28969840087890625,-0.1867477294921875
41.04006886482239,0.21583460978861177,-0.45010991210937495,-0.258573779296875
41.06012463569641,0.224894334150109,-0.6392518432617187,-0.009576806640625
41.080424070358276,0.23568606463953962,-0.26336218261718747,-0.181959326171875
41.09995126724243,0.24807657001629327,-0.5506663818359374,-0.5219359619140624
41.120129346847534,0.2610000003554879,-0.7422025146484375,-0.11013327636718749
41.14019298553467,0.3068315471254154,-0.49320554199218747,-0.33518823242187495
41.16043424606323,0.2757886680632261,-0.4381389038085937,-0.3399766357421875
41.180177211761475,0.2659295562580673,-0.39983167724609375,-0.33518823242187495
41.19981384277344,0.2587350692651136,-0.63206923828125,0.031124621582031248
41.22025918960571,0.24367993907615484,-0.39264907226562495,0.11252747802734374
41.239893198013306,0.23595252712076012,-0.22744915771484372,-0.13168109130859373
41.26031279563904,0.22049770320997064,-0.430956298828125,-0.23223756103515625
41.28038215637207,0.21316998497640668,-0.34237083740234375,0.11731588134765625
41.3001823425293,0.20797396659260675,-0.229843359375,-0.143652099609375
41.32018232345581,0.2153016848261707,-0.26336218261718747,-0.3327940307617187
41.339932441711426,0.21063859140481184,-0.4525041137695312,-0.02633621826171875
41.36101198196411,0.2110382851266426,-0.44532150878906246,-0.06703764648437499
41.38124465942383,0.22409494670644753,-0.47165772705078124,-0.3806780639648437
41.4001259803772,0.2482098012569035,-0.7158662963867187,-0.4525041137695312
41.42050075531006,0.2592679942275546,-0.6727706665039062,-0.354341845703125
41.439945459365845,0.2683277185890519,-0.48123453369140623,-0.3687070556640625
41.46043634414673,0.26726186866416984,-0.36631285400390623,-0.16759411621093748
41.48006319999695,0.2703261871982057,-0.5027823486328125,-0.38786066894531246
41.499927282333374,0.26606278749867757,-0.4860229370117187,0.12689268798828124
41.52013278007507,0.26459724385196476,-0.10295067138671875,-0.0718260498046875
41.53990840911865,0.26033384415243666,-0.5363011718749999,-0.239420166015625
41.56054735183716,0.24221439542944206,-0.5003881469726562,-0.03591302490234375
41.580095291137695,0.24048238930150875,-0.3327940307617187,-0.17477672119140625
41.60083222389221,0.23488667719587808,-0.2561795776367187,-0.2609679809570312
41.62015104293823,0.22729249648109362,-0.44053310546874996,-0.031124621582031248
41.64000058174133,0.2137029099388477,-0.612915625,0.08379705810546874
41.660242557525635,0.2041102606149094,-0.34715924072265625,-0.22744915771484372
41.68028473854065,0.2053093417804017,-0.4644751220703125,-0.5219359619140624
41.699939250946045,0.20810719783321702,-0.46686932373046874,0.06703764648437499
41.720027446746826,0.22156355313485268,-0.4070142822265625,-0.3758896606445312
41.73997950553894,0.2284915776465859,-0.33758243408203126,-0.229843359375
41.76025104522705,0.25167381351277013,-0.7302315063476562,-0.4955997436523437
41.78025841712952,0.26233231276159047,-0.8403647827148437,-0.32561142578124996
41.80004525184631,0.2711255746418672,-0.35673604736328124,-0.181959326171875
41.820130348205566,0.2671286374235596,-0.6177040283203125,-0.03591302490234375
41.839972257614136,0.25300612591887267,-0.6847416748046875,0.047884033203124995
41.86030125617981,0.2419479329482216,-0.47644613037109373,0.009576806640625
41.880332708358765,0.2323552836242833,-0.45968671875,-0.17956512451171874
41.899890184402466,0.22196324685668345,-0.3591302490234375,-0.20829554443359374
41.92015361785889,0.2162343035104425,-0.4070142822265625,0.062249243164062495
41.940332651138306,0.21396937242006817,-0.1580173095703125,-0.07900865478515624
41.960317850112915,0.21756661591654505,-0.22744915771484372,-0.430956298828125
41.98035144805908,0.21809954087898606,-0.5339069702148437,-0.00239420166015625
41.999910831451416,0.23741807076747293,-0.6009446166992187,-0.14604630126953125
42.02015686035156,0.2482098012569035,-0.3758896606445312,-0.38786066894531246
42.04158353805542,0.25567075073107776,-0.7206546997070312,-0.5482721801757812
42.06044149398804,0.26113323159609814,-0.6536170532226562,-0.11252747802734374
42.08101534843445,0.2607335378742674,-0.3758896606445312,-0.1388636962890625
42.099881172180176,0.2575359880996213,-0.40940848388671874,-0.14604630126953125
42.1199209690094,0.2476768762944625,-0.7230489013671875,-0.17956512451171874
42.14058518409729,0.2391500768954062,-0.5195417602539062,-0.0143652099609375
42.16021108627319,0.22755895896231412,-0.29927520751953124,-0.033518823242187495
42.180883169174194,0.22569372159377055,-0.27293898925781246,-0.28490999755859375
42.20060920715332,0.21849923460081683,-0.40222587890625,-0.033518823242187495
42.22099733352661,0.21210413505152462,-0.5458779785156249,-0.09816226806640624
42.23992991447449,0.215967841029222,-0.3184288208007812,-0.35673604736328124
42.260305404663086,0.22476110290949877,-0.5482721801757812,-0.3064578125
42.280306339263916,0.23355436478977554,-0.5889736083984375,-0.1197100830078125
42.30055642127991,0.247943338775683,-0.3902548706054687,-0.258573779296875
42.320738792419434,0.25673660065595977,-0.7661445312499999,-0.5027823486328125
42.34012031555176,0.25940122546816485,-0.7254431030273437,-0.13168109130859373
42.36037611961365,0.264197550130134,-0.33518823242187495,-0.02154781494140625
42.380247831344604,0.2633981626864725,-0.39264907226562495,-0.4285620971679687
42.40011405944824,0.2570030631371803,-0.4429273071289062,-0.354341845703125
42.42018175125122,0.2487427262193445,-0.6081272216796875,0.0718260498046875
42.441248655319214,0.23928330813601648,-0.35673604736328124,-0.10295067138671875
42.46035647392273,0.23621898960198062,-0.2825157958984375,-0.28969840087890625
42.48033094406128,0.22276263430034499,-0.4381389038085937,-0.2346317626953125
42.499903202056885,0.20770750411138625,-0.5243301635742187,0.016759411621093748
42.51999354362488,0.2034441044118581,-0.16280571289062498,-0.17238251953125
42.53991174697876,0.20104594208087354,-0.5051765502929687,-0.29448680419921874
42.56040692329407,0.21383614117945793,-0.6248866333007812,-0.0718260498046875
42.58086967468262,0.23475344595526784,-0.4908113403320312,-0.2609679809570312
42.60135316848755,0.24527871396347792,-0.488417138671875,-0.38307226562499996
42.62015390396118,0.2564701381747393,-0.9169792358398436,-0.4955997436523437
42.63993716239929,0.27165849960430827,-0.49320554199218747,-0.12210428466796874
42.66073203086853,0.2808514552064158,-0.3854664672851562,-0.3495534423828125
42.68037700653076,0.279385911559703,-0.46208092041015625,-0.32082302246093747
42.69998264312744,0.27752067419115944,-0.7422025146484375,-0.08858546142578125
42.71997404098511,0.2648637063331853,-0.47884033203125,-0.10295067138671875
42.7398681640625,0.25993415043060586,-0.2537853759765625,-0.09576806640624999
42.760276794433594,0.25207350723460087,-0.5889736083984375,-0.1771709228515625
42.78020524978638,0.2058422667428427,-0.4333505004882812,0.040701428222656245
42.79992723464966,0.2295574275714679,-0.296881005859375,-0.0430956298828125
42.81990194320679,0.22422817794705777,-0.44053310546874996,-0.32082302246093747
42.839962005615234,0.21769984715715532,-0.39983167724609375,-0.2825157958984375
42.86057925224304,0.21570137854800148,-0.45968671875,0.086191259765625
42.88043665885925,0.22076416569119114,-0.34715924072265625,-0.13168109130859373
42.900057554244995,0.2162343035104425,-0.5003881469726562,-0.43574470214843747
42.92008972167969,0.20797396659260675,-0.5219359619140624,-0.011971008300781249
42.94015097618103,0.2095727414799298,-0.44053310546874996,-0.16998831787109375
42.96048164367676,0.21769984715715532,-0.40940848388671874,-0.3591302490234375
42.98025727272034,0.22609341531560131,-0.7422025146484375,-0.2346317626953125
42.99976873397827,0.20917304775809903,-0.7302315063476562,-0.00239420166015625
43.020201683044434,0.19105359903510447,-0.5602431884765625,-0.3687070556640625
43.04023742675781,0.16960336929685357,-0.7589619262695312,-0.05985504150390625
43.060460329055786,0.1552143953109461,-0.8212111694335937,0.0909796630859375
43.081178188323975,0.1215068914365518,-0.5410895751953124,0.0909796630859375
43.10001492500305,0.06954670759855268,-0.277727392578125,0.16280571289062498
43.120193004608154,0.01692036755750228,-0.4429273071289062,0.27293898925781246
43.14000058174133,-0.03743797861148142,-0.15562310791015624,0.45489831542968745
43.16023111343384,-0.06448392045536301,-0.201112939453125,-0.277727392578125
43.18023633956909,-0.05182695259738887,-0.45968671875,-0.16519991455078123
43.19986891746521,-0.027045941843881597,-0.19871873779296872,-0.3806780639648437
43.220200300216675,-0.004663093421358896,-0.35673604736328124,-0.6919242797851562
43.23991918563843,0.012257274136143382,-0.6416460449218749,-0.5051765502929687
43.26022028923035,0.018119448722994567,-0.679953271484375,-0.13407529296874998
43.28019905090332,0.02118376725703041,-0.5458779785156249,0.02633621826171875
43.299904584884644,0.011324655451871604,-0.6943184814453125,-0.143652099609375
43.32010006904602,-0.014921898948348467,-0.44053310546874996,-0.12689268798828124
43.33999013900757,-0.0401026034236865,-0.47884033203125,-0.023942016601562498
43.36010789871216,-0.026646248122050836,-0.36391865234375,-0.18914193115234373
43.3803915977478,-0.0013323124061025418,-0.4381389038085937,-0.33039982910156246
43.39986491203308,0.006661562030512709,-0.1580173095703125,-0.3399766357421875
43.420105934143066,-0.0009326186842717792,-0.44532150878906246,-0.41898529052734373
43.440247535705566,-0.005062787143189658,-0.4572925170898437,-0.13407529296874998
43.46019792556763,-0.0010658499248820332,-0.5315127685546874,-0.0383072265625
43.48028206825256,0.00013323124061025415,-0.5291185668945312,-0.0909796630859375
43.499786615371704,-0.010924961730040842,-0.565031591796875,-0.229843359375
43.52029490470886,-0.018252679963604822,-0.469263525390625,-0.24660277099609373
43.540024518966675,-0.007194486992953725,-0.33518823242187495,-0.201112939453125
43.56023621559143,0.0057289433462409285,-0.39983167724609375,-0.18914193115234373
43.58008170127869,0.001732006127933304,-0.41419688720703124,-0.17238251953125
43.59996795654297,-0.006928024511733216,-0.4213794921875,-0.1771709228515625
43.6201114654541,-0.014255742745297196,-0.5147533569335937,-0.17956512451171874
43.63987374305725,-0.0057289433462409285,-0.5578489868164063,-0.0383072265625
43.66024446487427,-0.001732006127933304,-0.5410895751953124,-0.2059013427734375
43.68007302284241,-0.008393568158446012,-0.5123591552734374,-0.28490999755859375
43.699878454208374,-0.00985911180515881,-0.45968671875,-0.18435352783203124
43.72010374069214,-0.004130168458917879,-0.47884033203125,-0.14604630126953125
43.73993182182312,-0.0019984686091538122,-0.40940848388671874,-0.16041151123046873
43.760228633880615,-0.006794793271122962,-0.48123453369140623,-0.201112939453125
43.78023028373718,-0.011457886692481857,-0.507570751953125,-0.21787235107421873
43.800055503845215,-0.005196018383799912,-0.5051765502929687,-0.229843359375
43.820210456848145,-0.003464012255866608,-0.5482721801757812,-0.18914193115234373
43.840293884277344,-0.0030643185340358454,-0.4836287353515625,-0.19393033447265623
43.860366106033325,-0.004396630940138387,-0.45489831542968745,-0.22266075439453123
43.88040256500244,-0.008926493120887028,-0.47644613037109373,-0.16280571289062498
43.90046739578247,-0.005062787143189658,-0.4429273071289062,-0.181959326171875
43.92072296142578,-0.0019984686091538122,-0.612915625,-0.20350714111328125
43.94022607803345,-0.0063950995492922,-0.488417138671875,-0.19871873779296872
43.96040344238281,-0.0057289433462409285,-0.4955997436523437,-0.21068974609375
43.98022222518921,-0.000799387443661525,-0.4644751220703125,-0.1867477294921875
43.99977231025696,-0.002531393571594829,-0.4644751220703125,-0.19871873779296872
44.01998686790466,-0.00479632466196915,-0.47884033203125,-0.19153613281249998
44.0400025844574,-0.0058621745868511835,-0.4261678955078125,-0.25139117431640623
44.06050682067871,-0.011191424211261349,-0.5027823486328125,-0.19632453613281248
44.08122277259827,-0.003464012255866608,-0.46208092041015625,-0.22505495605468748
44.10079002380371,-0.008393568158446012,-0.35194764404296874,-0.28969840087890625
44.12054109573364,0.004396630940138387,-0.09576806640624999,-0.04548983154296875
44.140536308288574,0.0033307810152563544,-0.07900865478515624,-0.1149216796875
44.16017174720764,0.00866003063966652,0.19632453613281248,-0.3184288208007812
44.18019366264343,0.0021316998497640663,-0.05985504150390625,-0.23223756103515625
44.199856758117676,-0.002264931090374321,0.143652099609375,0.076614453125
44.220207929611206,-0.0029310872934255917,-0.05027823486328125,-0.4429273071289062
44.239853382110596,-0.011724349173702367,-0.2154781494140625,-0.00718260498046875
44.26049256324768,-0.013189892820415163,-0.258573779296875,-0.1149216796875
44.280208349227905,-0.01732006127933304,-0.34237083740234375,-0.239420166015625
44.29977297782898,-0.023581929588014985,-0.2059013427734375,-0.22505495605468748
44.32025599479675,-0.023448698347404734,-0.38786066894531246,-0.028730419921875
44.339962005615234,-0.012656967857974145,-0.23702596435546874,-0.062249243164062495
44.36018753051758,0.004529862180748642,-0.1005564697265625,-0.49320554199218747
44.380109548568726,0.007727411955394742,-0.30885201416015623,-0.33518823242187495
44.399986743927,0.012523736617363892,-0.18435352783203124,-0.00239420166015625
44.420209884643555,0.005462480865020421,0.16519991455078123,-0.011971008300781249
44.43990778923035,0.002531393571594829,0.055066638183593745,0.086191259765625
44.46025490760803,0.0014655436467127959,-0.1292868896484375,-0.28730419921875
44.480650663375854,0.009459418083328047,-0.42377369384765623,-0.2753331909179687
44.50010108947754,0.006128637068071691,-0.3016694091796875,-0.09816226806640624
44.52054524421692,-0.009059724361497283,-0.25139117431640623,-0.011971008300781249
44.54034972190857,-0.009725880564548555,-0.3280056274414062,0.41898529052734373
44.5602912902832,0.0013323124061025418,-0.19632453613281248,-0.06464344482421874
44.580207109451294,-0.005462480865020421,-0.7326257080078125,-0.8068459594726562
44.59992837905884,-0.015987748873230498,-0.5315127685546874,-0.15083470458984374
44.62040305137634,-0.012390505376753637,-0.4213794921875,-0.055066638183593745
44.6402325630188,0.003863705977697371,-0.7038952880859375,-0.5674257934570313
44.66028547286987,0.018918836166656093,-0.6488286499023437,-0.4070142822265625
44.680548667907715,0.008127105677225504,-0.4213794921875,0.06464344482421874
44.70014500617981,0.004263399699528133,-0.6081272216796875,0.17956512451171874
44.72031378746033,0.0011990811654922875,-0.737414111328125,-0.10295067138671875
44.73992085456848,-0.0010658499248820332,-0.5985504150390625,-0.34237083740234375
44.760244846343994,-0.016387442595061263,-0.5698199951171875,-0.3016694091796875
44.78074383735657,-0.022249617181912446,-0.46686932373046874,-0.24660277099609373
44.80015707015991,-0.01185758041431262,-0.35194764404296874,-0.20829554443359374
44.82018685340881,0.0033307810152563544,-0.47165772705078124,-0.34715924072265625
44.83991622924805,-0.006928024511733216,-0.3902548706054687,-0.4333505004882812
44.86071538925171,-0.018252679963604822,-0.5051765502929687,-0.08379705810546874
44.88052177429199,0.000799387443661525,-0.42377369384765623,-0.09816226806640624
44.9000883102417,0.02398162330984575,-0.49799394531249996,-0.16280571289062498
44.92022347450256,0.01052526800821008,-0.612915625,-0.3950432739257812
44.940218687057495,-0.01732006127933304,-0.8714894042968749,-0.047884033203124995
44.96073508262634,-0.018252679963604822,-0.5578489868164063,-0.3280056274414062
44.98041486740112,-0.005062787143189658,-0.7733271362304687,-0.14125789794921875
44.99989581108093,0.0037304747370871167,-0.469263525390625,-0.2753331909179687
45.02039051055908,-0.0063950995492922,-0.5602431884765625,-0.16519991455078123
45.04062581062317,-0.017986217482384312,-0.354341845703125,-0.05985504150390625
45.06024479866028,-0.008793261880276773,-0.6919242797851562,-0.24181436767578124
45.080304861068726,0.0031975497746461,-0.2705447875976562,-0.23702596435546874
45.099868297576904,0.0011990811654922875,-0.45010991210937495,-0.36631285400390623
45.120452880859375,-0.01345635530163567,-0.5626373901367188,-0.011971008300781249
45.140007972717285,-0.011191424211261349,-0.5219359619140624,-0.1771709228515625
45.160234451293945,-0.013856049023466432,-0.6584054565429687,-0.12449848632812499
45.180168867111206,-0.022782542144353463,-0.70868369140625,-0.27293898925781246
45.19984412193298,-0.022915773384963714,-0.37828386230468747,-0.076614453125
45.21997547149658,0.000799387443661525,-0.47165772705078124,-0.612915625
45.23996591567993,0.010658499248820334,-0.28012159423828126,-0.33758243408203126
45.26024889945984,0.0009326186842717792,-0.21068974609375,-0.09337386474609374
45.28048229217529,-0.0095926493239383,-0.4429273071289062,-0.21787235107421873
45.30052900314331,0.006661562030512709,-0.45010991210937495,-0.2154781494140625
45.32025384902954,0.02078407353519965,-0.5674257934570313,-0.07422025146484375
45.340346574783325,0.009459418083328047,-0.55545478515625,-0.5482721801757812
45.36024260520935,-0.017852986241774057,-0.5770026000976562,-0.14604630126953125
45.38022232055664,-0.016520673835671518,-0.34237083740234375,-0.0383072265625
45.39991044998169,0.001732006127933304,-0.6105214233398437,-0.05985504150390625
45.42033243179321,0.03370750387439431,-0.5770026000976562,-0.3806780639648437
45.440146923065186,-0.012257274136143382,-0.43574470214843747,-0.0718260498046875
45.46020007133484,-0.020650842294589397,-0.45489831542968745,-0.02633621826171875
45.48007011413574,-0.01505513018895872,-0.5147533569335937,-0.296881005859375
45.49977159500122,-0.005196018383799912,-0.5363011718749999,-0.1149216796875
45.52042317390442,-0.006261868308681946,-0.16519991455078123,-0.40222587890625
45.53991174697876,-0.011724349173702367,-0.42377369384765623,-0.3016694091796875
45.5601909160614,-0.0014655436467127959,-0.411802685546875,-0.29927520751953124
45.58032035827637,-0.005196018383799912,-0.4213794921875,-0.05027823486328125
45.599936962127686,-0.013589586542245924,-0.3902548706054687,-0.29448680419921874
45.62020206451416,-0.009326186842717792,-0.49320554199218747,0.0143652099609375
45.64013862609863,0.004529862180748642,-0.411802685546875,-0.36631285400390623
45.660561084747314,0.0003996937218307625,-0.59376201171875,-0.143652099609375
45.68015670776367,-0.017186830038722786,-0.4836287353515625,-0.46208092041015625
45.69994807243347,-0.021716692219471426,-0.5722141967773438,-0.02154781494140625
45.7201771736145,-0.0026646248122050836,-0.5267243652343749,-0.12210428466796874
45.739856243133545,0.007860643196004996,-0.603338818359375,-0.44053310546874996
45.76022219657898,-0.005329249624410167,-0.584185205078125,-0.1149216796875
45.78022885322571,-0.02904441045303541,-0.36152445068359373,0.0383072265625
45.80018138885498,-0.02118376725703041,-0.4381389038085937,-0.3016694091796875
45.820064544677734,-0.004929555902579405,-0.5722141967773438,-0.0430956298828125
45.84017515182495,0.0011990811654922875,-0.41898529052734373,-0.21068974609375
45.860289335250854,-0.015188361429568975,-0.6847416748046875,-0.4261678955078125
45.88027739524841,-0.01572128639200999,-0.40940848388671874,-0.2561795776367187
45.90028166770935,-0.005462480865020421,-0.5770026000976562,-0.0526724365234375
45.92057800292969,-0.0031975497746461,-0.6967126831054687,-0.34237083740234375
45.94015717506409,-0.010125574286379316,-0.5770026000976562,-0.06703764648437499
45.96028709411621,-0.004396630940138387,-0.40462008056640625,-0.19393033447265623
45.9802360534668,-0.0009326186842717792,-0.6368576416015624,-0.2059013427734375
45.999980211257935,-0.007993874436615249,-0.4860229370117187,-0.1149216796875
46.02021551132202,-0.018385911204215073,-0.7302315063476562,-0.21787235107421873
46.04020667076111,-0.007194486992953725,-0.34237083740234375,-0.1197100830078125
46.060250997543335,0.0009326186842717792,-0.565031591796875,-0.45010991210937495
46.08009886741638,-0.007860643196004996,-0.5315127685546874,-0.17238251953125
46.100050926208496,-0.027578866806322613,-0.5985504150390625,-0.24181436767578124
46.12035036087036,-0.025180704475338038,-0.3112462158203125,0.0047884033203125
46.14079308509827,-0.004396630940138387,-0.6105214233398437,-0.296881005859375
46.16049814224243,-0.005196018383799912,-0.6464344482421874,-0.16041151123046873
46.18041777610779,-0.015987748873230498,-0.6248866333007812,-0.16519991455078123
46.20009446144104,-0.02398162330984575,-0.33758243408203126,-0.38307226562499996
46.22023558616638,-0.007860643196004996,-0.5530605834960938,-0.1388636962890625
46.24005842208862,0.00985911180515881,-0.3495534423828125,-0.4381389038085937
46.260287284851074,0.002797856052815337,-0.5722141967773438,-0.19871873779296872
46.28026986122131,-0.010924961730040842,-0.565031591796875,-0.22744915771484372
46.300015926361084,-0.008260336917835759,-0.41419688720703124,-0.1292868896484375
46.32009410858154,-0.006128637068071691,-0.48123453369140623,-0.07422025146484375
46.33984994888306,-0.016120980113840753,-0.51714755859375,-0.05027823486328125
46.36025261878967,-0.023315467106794475,-0.5027823486328125,-0.15322890625
46.38011813163757,-0.015188361429568975,-0.5434837768554687,-0.29927520751953124
46.40002250671387,-0.013989280264076687,-0.6344634399414062,-0.26815058593749996
46.420329332351685,-0.016254211354451008,-0.5123591552734374,-0.5865794067382812
46.43985056877136,-0.023581929588014985,-0.7230489013671875,-0.105344873046875
46.46031999588013,-0.03397396635561481,-0.5291185668945312,-0.36391865234375
46.48038339614868,0.014255742745297196,-0.4381389038085937,-0.06943184814453125
46.49997806549072,-0.004529862180748642,-0.6057330200195312,-0.23702596435546874
46.520201683044434,-0.027845329287543123,-0.51714755859375,0.11013327636718749
46.539876222610474,-0.026779479362661087,-0.39743747558593745,-0.16519991455078123
46.560463428497314,-0.0058621745868511835,-0.39264907226562495,-0.21787235107421873
46.58016586303711,-0.0037304747370871167,-0.5746083984375,-0.565031591796875
46.599852561950684,-0.02744563556571236,-0.4477157104492187,-0.38307226562499996
46.62026524543762,-0.028111791768763626,-0.7110778930664062,-0.36631285400390623
46.63991093635559,-0.006128637068071691,-0.40940848388671874,0.09337386474609374
46.66048455238342,0.014522205226517705,-0.49799394531249996,-0.12210428466796874
46.680357456207275,0.0010658499248820332,-0.7685387329101562,-0.5410895751953124
46.70013117790222,-0.011457886692481857,-0.488417138671875,-0.13168109130859373
46.71991848945618,-0.0018652373685435584,-0.4955997436523437,-0.1197100830078125
46.74027156829834,-0.03410719759622506,-0.4836287353515625,-0.45489831542968745
46.76037526130676,-0.010658499248820334,-0.5363011718749999,-0.05027823486328125
46.78025770187378,-0.01185758041431262,-0.36152445068359373,-0.06703764648437499
46.800161838531494,-0.0033307810152563544,-0.3711012573242187,-0.40222587890625
46.8201699256897,-0.003464012255866608,-0.32561142578124996,-0.3280056274414062
46.83983111381531,-0.019318529888486854,-0.36391865234375,-0.08140285644531249
46.86018896102905,-0.023448698347404734,-0.622492431640625,0.05027823486328125
46.880258083343506,-0.009192955602107537,-0.35673604736328124,-0.33039982910156246
46.90001821517944,0.004130168458917879,-0.48123453369140623,-0.1292868896484375
46.92026686668396,-0.008127105677225504,-0.5195417602539062,-0.4477157104492187
46.939955711364746,-0.02717917308449185,-0.622492431640625,-0.32082302246093747
46.96003174781799,-0.014122511504686942,-0.6488286499023437,-0.28490999755859375
46.98029828071594,0.01372281778285618,-0.5386953735351562,-0.201112939453125
47.0002658367157,0.0058621745868511835,-0.2920926025390625,-0.07422025146484375
47.020161390304565,-0.024114854550456002,-0.5219359619140624,-0.3064578125
47.039968967437744,-0.03543951000232761,-0.2609679809570312,0.028730419921875
47.060197591781616,-0.014122511504686942,-0.5674257934570313,-0.24181436767578124
47.081015825271606,0.0006661562030512709,-0.39264907226562495,-0.39264907226562495
47.09984993934631,-0.008127105677225504,-0.5530605834960938,-0.2825157958984375
47.12032461166382,-0.023581929588014985,-0.3591302490234375,-0.16041151123046873
47.140172481536865,-0.011724349173702367,-0.6272808349609375,-0.25139117431640623
47.16041612625122,0.0063950995492922,-0.5458779785156249,-0.27293898925781246
47.18032169342041,-0.004663093421358896,-0.5267243652343749,-0.24181436767578124
47.200446367263794,-0.01212404289553313,-0.6368576416015624,-0.03591302490234375
47.22000479698181,-0.004130168458917879,-0.6679822631835937,-0.2059013427734375
47.23985528945923,-0.004529862180748642,-0.3854664672851562,-0.09816226806640624
47.26051187515259,-0.013589586542245924,-0.5889736083984375,-0.40462008056640625
47.28058052062988,-0.018785604926045835,-0.622492431640625,-0.0718260498046875
47.300036907196045,0.005595712105630674,-0.39264907226562495,-0.181959326171875
47.32027792930603,0.013589586542245924,-0.6200982299804687,-0.36631285400390623
47.34027338027954,-0.005329249624410167,-0.47644613037109373,0.0143652099609375
47.3607497215271,-0.031042879062189218,-0.4836287353515625,-0.229843359375
47.38042140007019,-0.02717917308449185,-0.7805097412109374,-0.062249243164062495
47.399897813797,-0.004396630940138387,-0.488417138671875,0.0047884033203125
47.41997933387756,-0.0095926493239383,-0.6272808349609375,-0.0430956298828125
47.440019845962524,-0.033307810152563545,-0.6009446166992187,-0.047884033203124995
47.460386514663696,-0.02997702913730719,-0.38307226562499996,-0.469263525390625
47.480363845825195,-0.0033307810152563544,-0.6751648681640625,-0.2059013427734375
47.499987840652466,0.010125574286379316,-0.45968671875,-0.4261678955078125
47.52006912231445,0.0013323124061025418,-0.7493851196289062,-0.4285620971679687
47.54004979133606,-0.007061255752343471,-0.296881005859375,-0.04548983154296875
47.560492277145386,-0.003464012255866608,-0.5722141967773438,-0.26336218261718747
47.580235719680786,-0.006261868308681946,-0.5817910034179687,-0.30406361083984373
47.59973621368408,-0.01185758041431262,-0.7134720947265625,-0.1149216796875
47.62014722824097,-0.005196018383799912,-0.39743747558593745,-0.4429273071289062
47.64014387130737,0.0013323124061025418,-0.8044517578125,-0.10295067138671875
47.66022729873657,0.03384073511500456,-0.32561142578124996,-0.373495458984375
47.6803092956543,-0.013989280264076687,-0.5626373901367188,-0.2442085693359375
47.69983458518982,-0.011191424211261349,-0.6919242797851562,-0.13646949462890623
47.72017574310303,0.008260336917835759,-0.40940848388671874,-0.3064578125
47.739747762680054,0.009192955602107537,-0.6584054565429687,-0.22266075439453123
47.760045289993286,-0.014788667707738212,-0.49320554199218747,-0.2920926025390625
47.780349254608154,-0.03543951000232761,-0.41419688720703124,-0.05985504150390625
47.7997305393219,-0.009326186842717792,-0.33758243408203126,-0.06703764648437499
47.820024728775024,0.0127901990985844,-0.34715924072265625,-0.3950432739257812
47.839826345443726,0.0037304747370871167,-0.584185205078125,-0.5722141967773438
47.86024880409241,-0.014255742745297196,-0.5770026000976562,-0.1197100830078125
47.88032150268555,-0.0074609494741742334,-0.7398083129882812,-0.1867477294921875
47.9000186920166,0.004396630940138387,-0.5770026000976562,-0.34237083740234375
47.920249223709106,0.009725880564548555,-0.5315127685546874,-0.2442085693359375
47.94025897979736,-0.010258805526989571,-0.5291185668945312,0.1867477294921875
47.96036672592163,-0.014788667707738212,-0.35673604736328124,-0.5147533569335937
47.980621099472046,-0.017986217482384312,-0.5674257934570313,-0.2705447875976562
48.00012135505676,-0.01438897398590745,-0.4836287353515625,-0.24660277099609373
48.02025365829468,-0.013189892820415163,-0.7589619262695312,-0.38307226562499996
48.03996992111206,-0.003464012255866608,-0.19871873779296872,-0.2705447875976562
48.06021285057068,0.002531393571594829,-0.63206923828125,-0.32082302246093747
48.08028697967529,-0.006261868308681946,-0.5602431884765625,-0.4740519287109375
48.099889039993286,-0.022782542144353463,-0.6967126831054687,-0.0909796630859375
48.120240688323975,-0.005995405827461438,-0.5386953735351562,-0.21308394775390624
48.13981056213379,0.009192955602107537,-0.5913678100585937,-0.05027823486328125
48.16037130355835,-0.0030643185340358454,-0.411802685546875,-0.24899697265624998
48.18029856681824,-0.015854517632620246,-0.7565677246093749,-0.28490999755859375
48.200730323791504,-0.015854517632620246,-0.23702596435546874,-0.3687070556640625
48.220189809799194,0.006128637068071691,-0.5410895751953124,-0.277727392578125
48.23995327949524,0.02078407353519965,-0.27293898925781246,-0.201112939453125
48.260265588760376,0.004263399699528133,-0.718260498046875,-0.4165910888671875
48.28029775619507,-0.011457886692481857,-0.4261678955078125,-0.19393033447265623
48.30024862289429,-0.006661562030512709,-0.39264907226562495,-0.1388636962890625
48.31997561454773,0.0074609494741742334,-0.4333505004882812,-0.19632453613281248
48.33981657028198,0.00159877488732305,-0.44532150878906246,-0.28969840087890625
48.36029386520386,-0.015188361429568975,-0.3112462158203125,-0.031124621582031248
48.380114793777466,-0.011591117933092112,-0.6105214233398437,-0.2705447875976562
48.39985680580139,-0.01052526800821008,-0.5195417602539062,-0.277727392578125
48.42012166976929,-0.004396630940138387,-0.6105214233398437,-0.28490999755859375
48.44021534919739,-0.008127105677225504,-0.507570751953125,-0.4477157104492187
48.46033501625061,-0.008127105677225504,-0.5195417602539062,-0.316034619140625
48.48017454147339,0.004130168458917879,-0.469263525390625,-0.13646949462890623
48.499902963638306,-0.001732006127933304,-0.5291185668945312,-0.0143652099609375
48.52009439468384,-0.007860643196004996,-0.584185205078125,-0.3327940307617187
48.5400071144104,-0.002398162330984575,-0.488417138671875,-0.33518823242187495
48.560365200042725,0.008260336917835759,-0.37828386230468747,-0.023942016601562498
48.58011174201965,0.0013323124061025418,-0.4070142822265625,-0.3016694091796875
48.60025906562805,-0.023848392069235495,-0.5291185668945312,-0.44532150878906246
48.62068200111389,-0.016254211354451008,-0.40462008056640625,-0.05985504150390625
48.64063000679016,0.005462480865020421,-0.5865794067382812,-0.21787235107421873
48.66037368774414,0.01692036755750228,-0.5123591552734374,-0.49799394531249996
48.68044972419739,0.000799387443661525,-0.39264907226562495,-0.16519991455078123
48.700191259384155,-0.01052526800821008,-0.28490999755859375,-0.1484405029296875
48.72050166130066,0.0029310872934255917,-0.47165772705078124,-0.14604630126953125
48.73981809616089,0.012390505376753637,-0.44053310546874996,-0.30406361083984373
48.76038336753845,0.0002664624812205083,-0.4908113403320312,-0.19632453613281248
48.78040266036987,-0.012257274136143382,-0.5770026000976562,-0.4860229370117187
48.8003203868866,-0.011591117933092112,-0.4261678955078125,-0.2753331909179687
48.82034635543823,-0.0011990811654922875,-0.6703764648437499,-0.2059013427734375
48.839954137802124,-0.0074609494741742334,-0.63206923828125,-0.4165910888671875
48.86041784286499,-0.014921898948348467,-0.5315127685546874,-0.11252747802734374
48.88031220436096,-0.0033307810152563544,-0.32082302246093747,-0.09337386474609374
48.89988923072815,-0.002264931090374321,-0.5458779785156249,-0.24899697265624998
48.920084953308105,-0.007860643196004996,-0.5267243652343749,-0.3687070556640625
48.94006037712097,-0.014921898948348467,-0.4333505004882812,0.00718260498046875
48.960625648498535,0.0033307810152563544,-0.3399766357421875,-0.3711012573242187
48.980621099472046,0.016254211354451008,-0.7493851196289062,-0.55545478515625
49.001559257507324,0.0074609494741742334,-0.39983167724609375,-0.16759411621093748
49.02015948295593,-0.0191852986478766,-0.4908113403320312,-0.040701428222656245
49.0401828289032,-0.020384379813368887,-0.47884033203125,-0.06703764648437499
49.060503244400024,0.0011990811654922875,-0.4836287353515625,-0.06703764648437499
49.08088564872742,0.004663093421358896,-0.6057330200195312,-0.3016694091796875
49.10018563270569,-0.021983154700691936,-0.6536170532226562,-0.34715924072265625
49.120102405548096,-0.028378254249984136,-0.5267243652343749,-0.086191259765625
49.1398983001709,-0.00985911180515881,-0.5482721801757812,-0.06943184814453125
49.1603684425354,0.002797856052815337,-0.6057330200195312,-0.4213794921875
49.18055272102356,-0.0073277182335639785,-0.8164227661132812,-0.3112462158203125
49.200284242630005,-0.005462480865020421,-0.39983167724609375,-0.4070142822265625
49.220595359802246,0.0,-0.5913678100585937,-0.1388636962890625
49.24015831947327,0.004263399699528133,-0.3711012573242187,-0.277727392578125
49.260350942611694,-0.00159877488732305,-0.5793968017578125,-0.03591302490234375
49.28028059005737,-0.002264931090374321,-0.40222587890625,-0.16519991455078123
49.300013303756714,0.008526799399056265,-0.4429273071289062,-0.34237083740234375
49.32018685340881,-0.000799387443661525,-0.45489831542968745,-0.23702596435546874
49.339828968048096,-0.015854517632620246,-0.51714755859375,-0.316034619140625
49.36038851737976,-0.017852986241774057,-0.7326257080078125,-0.17238251953125
49.380308628082275,0.003464012255866608,-0.5195417602539062,-0.22266075439453123
49.400004148483276,0.012656967857974145,-0.5482721801757812,-0.06943184814453125
49.41998076438904,-0.007993874436615249,-0.6560112548828124,-0.2442085693359375
49.43984818458557,-0.023315467106794475,-0.47165772705078124,-0.047884033203124995
49.4602746963501,-0.010258805526989571,-0.612915625,-0.29927520751953124
49.480119943618774,0.010125574286379316,-0.33039982910156246,-0.25139117431640623
49.500001192092896,-0.0019984686091538122,-0.4070142822265625,-0.4525041137695312
49.520190954208374,-0.026779479362661087,-0.4070142822265625,-0.1484405029296875
49.53992962837219,-0.027712098046932865,-0.4333505004882812,-0.3711012573242187
49.560224771499634,-0.002531393571594829,-0.30885201416015623,-0.22266075439453123
49.58031749725342,0.000799387443661525,-0.488417138671875,-0.10773907470703124
49.60018563270569,-0.006528330789902454,-0.7613561279296874,-0.35673604736328124
49.62053465843201,-0.012923430339194655,-0.6464344482421874,0.13646949462890623
49.64014434814453,-0.0063950995492922,-0.469263525390625,-0.21308394775390624
49.66017436981201,-0.0073277182335639785,-0.6057330200195312,-0.36631285400390623
49.68061947822571,-0.011457886692481857,-0.6057330200195312,-0.21787235107421873
49.70018124580383,-0.010125574286379316,-0.5770026000976562,-0.13407529296874998
49.72017025947571,-0.004396630940138387,-0.6105214233398437,-0.33758243408203126
49.74015712738037,0.0026646248122050836,-0.603338818359375,-0.28490999755859375
49.760138511657715,-0.010392036767599824,-0.21308394775390624,-0.19153613281249998
49.780081033706665,-0.012656967857974145,-0.2920926025390625,-0.03591302490234375
49.800127267837524,0.0009326186842717792,-0.2920926025390625,-0.37828386230468747
49.8199987411499,0.0057289433462409285,-0.4836287353515625,-0.25139117431640623
49.83977389335632,-0.013323124061025418,-0.3399766357421875,-0.16759411621093748
49.86019325256348,-0.03437366007744557,-0.5722141967773438,-0.1197100830078125
49.88020133972168,-0.021983154700691936,-0.6105214233398437,-0.24899697265624998
49.899975538253784,0.003464012255866608,-0.40462008056640625,-0.19632453613281248
49.92002296447754,-0.004130168458917879,-0.612915625,-0.48123453369140623
49.94010829925537,-0.023581929588014985,-0.5506663818359374,-0.10773907470703124
49.960296630859375,-0.018119448722994567,-0.33518823242187495,-0.1292868896484375
49.9801070690155,0.005462480865020421,-0.5506663818359374,-0.2825157958984375
49.99978041648865,0.013056661579804908,-0.2657563842773437,-0.143652099609375
50.01997232437134,-0.0074609494741742334,-0.5961562133789062,-0.4836287353515625
50.03979206085205,-0.01185758041431262,-0.19393033447265623,-0.0526724365234375
50.060362815856934,-0.009459418083328047,-0.6871358764648438,-0.26815058593749996
50.08052945137024,-0.0057289433462409285,-0.4644751220703125,-0.3232172241210937
50.099891901016235,-0.016120980113840753,-0.6607996582031249,-0.00239420166015625
50.12030911445618,-0.015987748873230498,-0.5099649536132812,-0.16759411621093748
50.13982343673706,-0.00985911180515881,-0.5195417602539062,-0.33518823242187495
50.16023659706116,-0.01212404289553313,-0.5386953735351562,-0.00239420166015625
50.18017101287842,-0.02744563556571236,-0.6153098266601562,-0.3711012573242187
50.20014262199402,-0.02624655440022007,-0.5147533569335937,-0.24181436767578124
50.22006392478943,0.0030643185340358454,-0.5315127685546874,-0.11731588134765625
50.24038815498352,0.010791730489430587,-0.4070142822265625,-0.6823474731445313
50.26034688949585,-0.009192955602107537,-0.36631285400390623,-0.2154781494140625
50.2802848815918,-0.020650842294589397,-0.43574470214843747,-0.086191259765625
50.29981184005737,-0.005462480865020421,-0.5123591552734374,-0.20350714111328125
50.32001805305481,0.011457886692481857,-0.41898529052734373,-0.2825157958984375
50.339781522750854,-0.007860643196004996,-0.488417138671875,0.01915361328125
50.36037087440491,-0.031176110302799476,-0.59376201171875,-0.07900865478515624
50.38043808937073,-0.022382848422522698,-0.584185205078125,-0.36391865234375
50.40004205703735,-0.007860643196004996,-0.8930372192382812,-0.28012159423828126
50.420305490493774,0.000799387443661525,-0.5817910034179687,-0.3950432739257812
50.44005465507507,-0.012656967857974145,-0.7565677246093749,-0.229843359375
50.46037578582764,-0.010258805526989571,-0.3184288208007812,-0.19393033447265623
50.48066186904907,-0.0057289433462409285,-0.6248866333007812,-0.18435352783203124
50.5001323223114,-0.0018652373685435584,-0.33518823242187495,-0.1292868896484375
50.52017664909363,-0.013856049023466432,-0.3591302490234375,0.00718260498046875
50.54009985923767,-0.007727411955394742,-0.4333505004882812,-0.2561795776367187
50.56020164489746,-0.005595712105630674,-0.38307226562499996,-0.11731588134765625
50.58030581474304,-0.011191424211261349,-0.373495458984375,-0.2705447875976562
50.60014081001282,-0.024114854550456002,-0.47165772705078124,-0.12449848632812499
50.620118141174316,-0.021983154700691936,-0.49320554199218747,-0.2537853759765625
50.639829874038696,-0.0030643185340358454,-0.6919242797851562,-0.258573779296875
50.66023015975952,-0.0018652373685435584,-0.7015010864257812,-0.2705447875976562
50.68021631240845,-0.018652373685435583,-0.74699091796875,-0.17238251953125
50.70013689994812,-0.020917304775809907,-0.6296750366210937,-0.5363011718749999
50.72015380859375,0.006261868308681946,-0.6847416748046875,-0.06703764648437499
50.739964962005615,0.023448698347404734,-0.373495458984375,-0.373495458984375
50.76027965545654,0.0029310872934255917,-0.9074024291992187,-0.41419688720703124
50.780651569366455,-0.00985911180515881,-0.44053310546874996,-0.36391865234375
50.800153493881226,-0.0021316998497640663,-0.5027823486328125,-0.06464344482421874
50.82019329071045,0.005196018383799912,-0.47884033203125,-0.25139117431640623
50.84010434150696,-0.004263399699528133,-0.4381389038085937,-0.00718260498046875
50.86028718948364,-0.014122511504686942,-0.3902548706054687,0.11013327636718749
50.880245208740234,-0.01732006127933304,-0.4333505004882812,-0.33518823242187495
50.90019774436951,-0.01505513018895872,-0.603338818359375,-0.1149216796875
50.92021894454956,-0.015854517632620246,-0.5817910034179687,-0.14604630126953125
50.94005751609802,-0.022915773384963714,-0.5626373901367188,-0.38786066894531246
50.96023988723755,-0.007993874436615249,-0.7445967163085937,-0.41898529052734373
50.98057413101196,0.0026646248122050836,-0.6440402465820312,-0.373495458984375
51.00004863739014,-0.008127105677225504,-0.5602431884765625,-0.24899697265624998
51.02018713951111,-0.023848392069235495,-0.612915625,-0.14604630126953125
51.04006385803223,-0.014255742745297196,-0.35194764404296874,-0.10295067138671875
51.0602240562439,0.006528330789902454,-0.6009446166992187,-0.1580173095703125
51.08133053779602,-0.00159877488732305,-0.42377369384765623,-0.2442085693359375
51.09993243217468,-0.026379785640830326,-0.5722141967773438,-0.29927520751953124
51.12016177177429,-0.030909647821578966,-0.277727392578125,-0.32561142578124996
51.14023542404175,-0.008393568158446012,-0.7254431030273437,-0.3112462158203125
51.16046714782715,0.002398162330984575,-0.6751648681640625,-0.09576806640624999
51.180312395095825,-0.016254211354451008,-0.8762778076171874,-0.3327940307617187
51.20014047622681,-0.017186830038722786,-0.5482721801757812,-0.39264907226562495
51.22025418281555,-0.004929555902579405,-0.8906430175781249,-0.26815058593749996
51.240134477615356,0.00985911180515881,-0.488417138671875,-0.10295067138671875
51.260520935058594,-0.000799387443661525,-0.7805097412109374,-0.28730419921875
51.28067660331726,-0.013189892820415163,-0.7398083129882812,-0.2442085693359375
51.30041766166687,-0.004396630940138387,-0.9648632690429687,-0.21787235107421873
51.32014870643616,0.004263399699528133,-0.5195417602539062,-0.469263525390625
51.3399920463562,-0.007194486992953725,-1.4532804077148436,-0.258573779296875
51.360546827316284,-0.04383307816077362,-1.8746598999023436,-0.10773907470703124
51.38046193122864,-0.036372128686599385,-1.8291700683593748,-0.45968671875
51.40010666847229,-0.01505513018895872,-0.603338818359375,-0.19871873779296872
51.420143842697144,-0.010924961730040842,-0.6009446166992187,-0.45968671875
51.440202713012695,-0.0013323124061025418,-0.9145850341796874,-0.32082302246093747
51.46057629585266,0.0035972434964768626,-0.55545478515625,-0.25139117431640623
51.47997975349426,0.0003996937218307625,-0.6919242797851562,-0.21068974609375
51.499937772750854,0.005995405827461438,-0.8283937744140625,-0.181959326171875
51.5200355052948,0.008127105677225504,-0.7398083129882812,-0.16280571289062498
51.53998804092407,-0.0063950995492922,-0.5865794067382812,-0.1867477294921875
51.56026363372803,-0.020251148572758632,-0.6919242797851562,-0.17477672119140625
51.58043622970581,-0.03823736605514295,-0.6967126831054687,-0.08379705810546874
51.600107192993164,-0.02851148549059439,-0.507570751953125,-0.2059013427734375
51.620290756225586,-0.032774885190122525,-0.86191259765625,-0.2561795776367187
51.64030647277832,-0.037304747370871166,-0.6847416748046875,-0.28730419921875
51.66057229042053,-0.033307810152563545,-0.6607996582031249,-0.05746083984375
51.68046951293945,-0.02904441045303541,-0.679953271484375,-0.105344873046875
51.700052976608276,-0.026513016881440577,-0.7206546997070312,-0.38307226562499996
51.719996213912964,-0.023315467106794475,-0.7015010864257812,-0.316034619140625
51.740105867385864,-0.022516079663132953,-0.6512228515624999,-0.258573779296875
51.76058316230774,-0.018652373685435583,-0.5195417602539062,-0.20350714111328125
51.78042244911194,-0.016120980113840753,-0.5530605834960938,-0.2657563842773437
51.800256967544556,-0.008793261880276773,-0.5123591552734374,-0.30406361083984373
51.82015371322632,-0.004929555902579405,-0.4572925170898437,-0.35194764404296874
51.839964866638184,-0.0002664624812205083,-0.411802685546875,-0.296881005859375
51.86058855056763,0.000799387443661525,-0.4572925170898437,-0.24660277099609373
51.880672216415405,0.001732006127933304,-0.51714755859375,-0.11252747802734374
51.90011954307556,0.000799387443661525,-0.5770026000976562,-0.13646949462890623
51.92027425765991,-0.03357427263378405,-0.5195417602539062,-0.239420166015625
51.940282106399536,-0.007194486992953725,-0.565031591796875,-0.2561795776367187
51.960192918777466,-0.011724349173702367,-0.5865794067382812,-0.201112939453125
51.98007869720459,-0.010392036767599824,-0.5434837768554687,-0.1867477294921875
51.99980807304382,-0.006794793271122962,-0.5123591552734374,-0.18914193115234373
52.02009057998657,-0.010392036767599824,-0.5147533569335937,-0.24899697265624998
52.04014825820923,-0.0095926493239383,-0.5315127685546874,-0.2753331909179687
52.06014633178711,-0.008526799399056265,-0.51714755859375,-0.19871873779296872
52.08028531074524,-0.0058621745868511835,-0.48123453369140623,-0.19871873779296872
52.09980797767639,-0.0026646248122050836,-0.5291185668945312,-0.17477672119140625
52.120086908340454,0.0009326186842717792,-0.5985504150390625,-0.22266075439453123
52.13999557495117,-0.0033307810152563544,-0.584185205078125,-0.21308394775390624
52.160465478897095,-0.007860643196004996,-0.5913678100585937,-0.2154781494140625
52.180174827575684,-0.005329249624410167,-0.5219359619140624,-0.2059013427734375
52.19987893104553,-0.0018652373685435584,-0.5506663818359374,-0.19393033447265623
52.22014021873474,-0.007993874436615249,-0.5219359619140624,-0.22744915771484372
52.23989224433899,-0.003464012255866608,-0.5147533569335937,-0.1867477294921875
52.260271072387695,-0.0075941807147844875,-0.5482721801757812,-0.23223756103515625
52.28029489517212,-0.0037304747370871167,-0.5315127685546874,-0.22505495605468748
52.300153493881226,0.0006661562030512709,-0.5339069702148437,-0.3902548706054687
52.320125102996826,0.026513016881440577,-0.44532150878906246,-0.3902548706054687
52.340049266815186,0.046764165454199216,-0.3184288208007812,-0.32561142578124996
52.36049222946167,0.09019754989314206,-0.6584054565429687,-0.5243301635742187
52.380367279052734,0.16600612580037669,-0.5482721801757812,-0.9074024291992187
52.400078535079956,0.2383506894517447,-0.7996633544921875,-0.737414111328125
52.42000198364258,0.30323430362893844,-0.6440402465820312,-1.1635820068359375
52.44003677368164,0.3298805517509893,-0.4477157104492187,-0.8930372192382812
52.460180044174194,0.33920673859370715,-0.7661445312499999,-0.09576806640624999
52.480246782302856,0.32908116430732776,-0.6607996582031249,0.5003881469726562
52.500059843063354,0.32281929599864584,-0.4333505004882812,0.14604630126953125
52.52015566825867,0.2901776420491336,-0.718260498046875,-0.25139117431640623
52.53997468948364,0.24541194520408816,-0.8068459594726562,0.023942016601562498
52.56030631065369,0.21290352249518615,-0.5027823486328125,-0.23223756103515625
52.58035469055176,0.20131240456209404,-0.23702596435546874,-0.18435352783203124
52.60004997253418,0.19651607990012487,-0.06943184814453125,-0.00239420166015625
52.62015724182129,0.21516845358556047,-0.2059013427734375,-0.51714755859375
52.63997769355774,0.22915773384963717,-0.2705447875976562,-0.5434837768554687
52.66026258468628,0.232222052383673,-0.51714755859375,-0.3591302490234375
52.68011975288391,0.2380842269705242,-0.5099649536132812,0.13646949462890623
52.69979929924011,0.23435375223343707,-0.3806780639648437,-0.1197100830078125
52.72013282775879,0.22915773384963717,-0.5985504150390625,-0.3327940307617187
52.73978281021118,0.21383614117945793,-0.7302315063476562,-0.28012159423828126
52.7603976726532,0.19864777974988895,-0.6823474731445313,-0.0430956298828125
52.780210971832275,0.19025421159144296,-0.5051765502929687,0.0383072265625
52.79992914199829,0.19904747347171972,-0.411802685546875,-0.316034619140625
52.82004475593567,0.19691577362195564,-0.488417138671875,-0.32561142578124996
52.839913845062256,0.21183767257030411,-0.7589619262695312,0.01915361328125
52.85996890068054,0.23475344595526784,-0.3280056274414062,-0.4860229370117187
52.880407094955444,0.24701072009141123,-0.35194764404296874,-0.6847416748046875
52.9003324508667,0.25833537554328284,-0.7685387329101562,-0.3758896606445312
52.920196294784546,0.2691271060327134,-0.6200982299804687,0.11731588134765625
52.94014120101929,0.2727243495291903,-0.22505495605468748,-0.4477157104492187
52.96015000343323,0.25167381351277013,-0.5339069702148437,-0.06943184814453125
52.98007798194885,0.23901684565479597,-0.6512228515624999,0.239420166015625
53.000014543533325,0.23115620245879098,-0.30885201416015623,-0.10773907470703124
53.02013969421387,0.23302143982733453,-0.4285620971679687,-0.239420166015625
53.04006481170654,0.232222052383673,-0.5746083984375,-0.24660277099609373
53.06027317047119,0.2386171519329652,-0.2561795776367187,-0.19632453613281248
53.08122181892395,0.24781010753507274,-0.35673604736328124,-0.3902548706054687
53.09969711303711,0.25513782576863675,-0.5985504150390625,-0.011971008300781249
53.12015986442566,0.25580398197168797,-0.45489831542968745,-0.20829554443359374
53.14034867286682,0.2503415011066676,-0.3758896606445312,-0.258573779296875
53.160491704940796,0.23422052099282684,-0.2346317626953125,0.12449848632812499
53.18026804924011,0.21450229738250923,-0.469263525390625,-0.09816226806640624
53.200233459472656,0.20437672309612986,-0.5434837768554687,0.0143652099609375
53.220205307006836,0.2078407353519965,-0.5195417602539062,-0.23223756103515625
53.24004578590393,0.216500765991663,-0.6464344482421874,-0.4955997436523437
53.26011562347412,0.2231623280221757,-0.842758984375,-0.44532150878906246
53.280306577682495,0.2503415011066676,-0.6392518432617187,-0.2657563842773437
53.30002474784851,0.26646248122050836,-0.2825157958984375,-0.59376201171875
53.32039403915405,0.2684609498296621,-0.3591302490234375,-0.51714755859375
53.33986806869507,0.27165849960430827,-0.44532150878906246,-0.0526724365234375
53.36049294471741,0.2711255746418672,-0.3399766357421875,-0.181959326171875
53.38018536567688,0.2621990815209802,-0.39264907226562495,-0.28012159423828126
53.4000518321991,0.2502082698660573,-0.4525041137695312,-0.07422025146484375
53.42008638381958,0.23488667719587808,-0.4836287353515625,-0.16041151123046873
53.439900159835815,0.22742572772170386,-0.16519991455078123,-0.1388636962890625
53.460081815719604,0.21396937242006817,-0.47884033203125,-0.12689268798828124
53.48018026351929,0.2019785607651453,-0.36631285400390623,0.12210428466796874
53.50014591217041,0.18825574298228911,-0.2705447875976562,-0.11252747802734374
53.52007985115051,0.1883889742228994,-0.4908113403320312,-0.3758896606445312
53.540083169937134,0.1961163861782941,-0.6464344482421874,-0.16280571289062498
53.56026029586792,0.22183001561607318,-0.7422025146484375,-0.430956298828125
53.580201864242554,0.24954211366300605,-0.5506663818359374,-0.5865794067382812
53.59990906715393,0.2610000003554879,-0.6248866333007812,-0.42377369384765623
53.61992287635803,0.2789862178378722,-0.8810662109374999,-0.0909796630859375
53.63990497589111,0.2857810111089952,-0.47644613037109373,-0.12449848632812499
53.66037917137146,0.28817917343997973,-0.28490999755859375,-0.28012159423828126
53.68025994300842,0.2763215930256671,-0.34715924072265625,-0.143652099609375
53.70007085800171,0.2649969375737955,-0.3687070556640625,0.08140285644531249
53.719985008239746,0.2560704444529085,-0.22266075439453123,-0.1388636962890625
53.73987030982971,0.24501225148225741,-0.38786066894531246,-0.28490999755859375
53.76010298728943,0.22689280275926285,-0.430956298828125,0.062249243164062495
53.780261516571045,0.22196324685668345,-0.16280571289062498,-0.055066638183593745
53.80007195472717,0.20744104163016572,-0.33518823242187495,-0.1388636962890625
53.81988835334778,0.1906539053132737,-0.4572925170898437,-0.105344873046875
53.841057538986206,0.18119448722994566,-0.5243301635742187,-0.076614453125
53.86038422584534,0.19305206764425828,-0.47165772705078124,-0.3854664672851562
53.880101442337036,0.2090398165174888,-0.5602431884765625,-0.6488286499023437
53.89993691444397,0.23355436478977554,-0.7038952880859375,-0.2059013427734375
53.920175075531006,0.25846860678389305,-0.737414111328125,-0.4213794921875
53.94014048576355,0.27019295595759546,-0.3112462158203125,-0.4285620971679687
53.96014404296875,0.2784532928754312,-0.43574470214843747,-0.6392518432617187
53.98035001754761,0.2789862178378722,-0.3447650390625,0.016759411621093748
54.000274419784546,0.28271669257495935,-0.24181436767578124,0.0047884033203125
54.020331621170044,0.2723246558073595,-0.4429273071289062,-0.34237083740234375
54.04021430015564,0.2548713632874162,-0.35194764404296874,-0.028730419921875
54.06031012535095,0.2456784076853087,-0.4955997436523437,0.02154781494140625
54.08086276054382,0.23355436478977554,-0.36152445068359373,-0.1292868896484375
54.10006642341614,0.2174333846759348,-0.47884033203125,-0.14125789794921875
54.120059967041016,0.20291117944941708,-0.4644751220703125,0.016759411621093748
54.13992166519165,0.1854578869294738,-0.3591302490234375,-0.062249243164062495
54.16024875640869,0.18532465568886355,-0.19871873779296872,-0.49799394531249996
54.18005442619324,0.1961163861782941,-0.55545478515625,-0.28012159423828126
54.19980263710022,0.22036447196936038,-0.7876923461914062,-0.36631285400390623
54.2200767993927,0.2543384383249752,-0.40462008056640625,-0.7038952880859375
54.23996090888977,0.26206585028036994,-0.6248866333007812,-0.7517793212890624
54.26016426086426,0.2752557431007851,-0.6751648681640625,-0.086191259765625
54.28024339675903,0.2857810111089952,-0.42377369384765623,0.0143652099609375
54.30018925666809,0.2815176114094671,-0.43574470214843747,-0.2561795776367187
54.32013154029846,0.2751225118601749,-0.5339069702148437,-0.18914193115234373
54.340179443359375,0.26366462516769296,-0.5099649536132812,-0.13168109130859373
54.36030983924866,0.25327258840009315,-0.3902548706054687,-0.201112939453125
54.38018465042114,0.2528728946782624,-0.2825157958984375,-0.45010991210937495
54.39986491203308,0.2419479329482216,-0.46208092041015625,0.028730419921875
54.419995069503784,0.20504287929918116,-0.36152445068359373,-0.15322890625
54.44039702415466,0.2388836144141857,-0.2059013427734375,-0.21308394775390624
54.46046042442322,0.23155589618062175,-0.3495534423828125,-0.4285620971679687
54.48041033744812,0.21436906614189893,-0.612915625,0.0526724365234375
54.500067472457886,0.21250382877335539,-0.42377369384765623,-0.20350714111328125
54.52019667625427,0.20077947959965303,-0.3950432739257812,-0.316034619140625
54.54011106491089,0.1921194489599865,-0.63206923828125,-0.09337386474609374
54.56044316291809,0.1967825423813454,-0.43574470214843747,-0.3495534423828125
54.58088779449463,0.20837366031443752,-0.4070142822265625,-0.5267243652343749
54.600098609924316,0.22542725911255004,-0.507570751953125,-0.4213794921875
54.62029671669006,0.2418147017076113,-0.6200982299804687,-0.3232172241210937
54.64018106460571,0.26619601873928783,-0.4525041137695312,-0.38786066894531246
54.66042184829712,0.2764548242662774,-0.6057330200195312,-0.5267243652343749
54.680177450180054,0.2772542117099389,-0.39264907226562495,-0.0718260498046875
54.69995832443237,0.26060030663365713,-0.40940848388671874,0.0526724365234375
54.719889879226685,0.2511408885503291,-0.34237083740234375,0.02154781494140625
54.740105867385864,0.2323552836242833,-0.47644613037109373,-0.11731588134765625
54.760260343551636,0.21143797884847337,-0.5578489868164063,-0.10295067138671875
54.78010702133179,0.1967825423813454,-0.38786066894531246,-0.031124621582031248
54.799957513809204,0.2066416541865042,-0.41419688720703124,-0.23702596435546874
54.82016348838806,0.21170444132969385,-0.354341845703125,-0.41898529052734373
54.839943647384644,0.22422817794705777,-0.5195417602539062,-0.2154781494140625
54.86008024215698,0.24687748885080096,-0.51714755859375,-0.43574470214843747
54.87999606132507,0.25686983189657003,-0.469263525390625,-0.6368576416015624
54.89996337890625,0.25740275685901104,-0.4836287353515625,-0.0430956298828125
54.92016410827637,0.26046707539304687,-0.49320554199218747,0.09337386474609374
54.940221071243286,0.25780245058084184,-0.411802685546875,-0.22026655273437498
54.960612058639526,0.2432802453543241,-0.5339069702148437,-0.28490999755859375
54.98022961616516,0.224894334150109,-0.46686932373046874,0.0909796630859375
54.999922037124634,0.21783307839776556,-0.22505495605468748,-0.047884033203124995
55.020153522491455,0.21037212892359133,-0.4213794921875,-0.3687070556640625
55.04027271270752,0.20157886704331454,-0.42377369384765623,-0.1580173095703125
55.060222148895264,0.21756661591654505,-0.3399766357421875,-0.24899697265624998
55.08089518547058,0.23821745821113444,-0.40462008056640625,-0.3399766357421875
55.10002255439758,0.23435375223343707,-0.5770026000976562,-0.49320554199218747
55.12037420272827,0.248476263738124,-0.7398083129882812,-0.16280571289062498
55.139906883239746,0.2628652377240315,-0.6679822631835937,-0.29927520751953124
55.160271883010864,0.26299846896464174,-0.36152445068359373,-0.34237083740234375
55.1803343296051,0.2619326190397597,-0.5315127685546874,-0.2657563842773437
55.20005774497986,0.2523399697158214,-0.36152445068359373,0.1484405029296875
55.22016358375549,0.2456784076853087,-0.30406361083984373,-0.2442085693359375
55.239895820617676,0.24288055163249336,-0.33518823242187495,-0.49320554199218747
55.260438442230225,0.23088973997757045,-0.39983167724609375,0.076614453125
55.2801878452301,0.22596018407499108,-0.2561795776367187,0.01915361328125
55.29983329772949,0.22276263430034499,-0.44053310546874996,-0.17477672119140625
55.320067405700684,0.21969831576630913,-0.47884033203125,-0.2825157958984375
55.340192794799805,0.2267595715186526,-0.6296750366210937,-0.21787235107421873
55.360968351364136,0.24061562054211902,-0.5458779785156249,-0.30885201416015623
55.38030958175659,0.24434609527920614,-0.5027823486328125,-0.4070142822265625
55.40023684501648,0.2456784076853087,-0.7613561279296874,-0.277727392578125
55.42025709152222,0.25127411979093933,-0.612915625,-0.13407529296874998
55.44012784957886,0.26353139392708275,-0.2561795776367187,-0.39983167724609375
55.46048974990845,0.25500459452802643,-0.3950432739257812,-0.29927520751953124
55.480225563049316,0.2523399697158214,-0.411802685546875,0.0
55.50014686584473,0.2482098012569035,-0.36631285400390623,-0.26336218261718747
55.52010488510132,0.24554517644469842,-0.39743747558593745,-0.277727392578125
55.53992962837219,0.2432802453543241,-0.4955997436523437,-0.22026655273437498
55.560455083847046,0.23581929588014985,-0.33039982910156246,0.0718260498046875
55.58033609390259,0.2323552836242833,-0.2537853759765625,-0.047884033203124995
55.59993124008179,0.22795865268414486,-0.430956298828125,-0.39983167724609375
55.62028622627258,0.22795865268414486,-0.5434837768554687,-0.1580173095703125
55.64004707336426,0.22222970933790392,-0.47884033203125,-0.18435352783203124
55.66053533554077,0.2334211335491653,-0.38307226562499996,-0.296881005859375
55.68039298057556,0.23555283339892938,-0.7015010864257812,-0.47884033203125
55.70010781288147,0.23715160828625242,-0.5219359619140624,-0.09337386474609374
55.720146894454956,0.24554517644469842,-0.49799394531249996,-0.34715924072265625
55.739845275878906,0.25327258840009315,-0.5458779785156249,-0.28969840087890625
55.760374784469604,0.24421286403859588,-0.5746083984375,-0.0909796630859375
55.78005599975586,0.2508744260691086,-0.354341845703125,-0.105344873046875
55.79984474182129,0.24927565118178552,-0.45489831542968745,-0.3399766357421875
55.81998896598816,0.2518070447533804,-0.5243301635742187,-0.36631285400390623
55.84002161026001,0.2539387446031444,-0.4740519287109375,-0.1867477294921875
55.86037230491638,0.25886830050572385,-0.3758896606445312,-0.258573779296875
55.880061864852905,0.2632649314458622,-0.33518823242187495,-0.2920926025390625
55.90004110336304,0.25833537554328284,-0.5315127685546874,-0.18435352783203124
55.92004728317261,0.2540719758437547,-0.49799394531249996,-0.11013327636718749
55.940093994140625,0.24741041381324197,-0.20350714111328125,-0.08858546142578125
55.96028709411621,0.23621898960198062,-0.3902548706054687,-0.2657563842773437
55.98021841049194,0.2211638594130219,-0.4908113403320312,0.0047884033203125
56.00002145767212,0.21037212892359133,-0.40222587890625,0.047884033203124995
56.019914865493774,0.2090398165174888,-0.3184288208007812,-0.2657563842773437
56.040058612823486,0.19664931114073517,-0.7422025146484375,-0.3399766357421875
56.060425758361816,0.20131240456209404,-0.4836287353515625,-0.055066638183593745
56.08076024055481,0.21490199110433997,-0.4333505004882812,-0.32082302246093747
56.100040435791016,0.2287580401278064,-0.4955997436523437,-0.507570751953125
56.120373487472534,0.2053093417804017,-0.6200982299804687,-0.2609679809570312
56.140034675598145,0.25527105700924696,-0.6153098266601562,-0.258573779296875
56.16019058227539,0.264197550130134,-0.45489831542968745,-0.37828386230468747
56.18030381202698,0.2590015317463341,-0.45489831542968745,-0.22026655273437498
56.199806451797485,0.25633690693412897,-0.3591302490234375,0.076614453125
56.21991539001465,0.2534058196407034,-0.32082302246093747,-0.1771709228515625
56.23987793922424,0.24487902024164715,-0.40940848388671874,-0.0909796630859375
56.260135650634766,0.2270260339998731,-0.51714755859375,-0.07422025146484375
56.28014826774597,0.224361409187668,-0.4333505004882812,-0.181959326171875
56.299992084503174,0.22542725911255004,-0.39743747558593745,-0.45489831542968745
56.32004451751709,0.22449464042827827,-0.4644751220703125,-0.26815058593749996
56.339722871780396,0.23062327749634998,-0.7637503295898437,-0.0383072265625
56.36049461364746,0.25100765730971886,-0.5626373901367188,-0.26815058593749996
56.38036108016968,0.26313170020525195,-0.33518823242187495,-0.3758896606445312
56.39995741844177,0.26299846896464174,-0.5410895751953124,-0.47884033203125
56.420016050338745,0.2610000003554879,-0.5195417602539062,0.08379705810546874
56.439903020858765,0.26233231276159047,-0.3758896606445312,-0.17477672119140625
56.46026015281677,0.2643307813707443,-0.469263525390625,-0.41898529052734373
56.4800238609314,0.25793568182145205,-0.6200982299804687,-0.10773907470703124
56.49987173080444,0.2518070447533804,-0.3854664672851562,-0.30406361083984373
56.520124435424805,0.2502082698660573,-0.2537853759765625,-0.12449848632812499
56.54003071784973,0.2380842269705242,-0.4477157104492187,-0.1005564697265625
56.56017184257507,0.23875038317357547,-0.3711012573242187,-0.11013327636718749
56.58035588264465,0.23755130200808316,-0.28730419921875,-0.25139117431640623
56.59992599487305,0.23328790230855506,-0.37828386230468747,-0.24899697265624998
56.62012243270874,0.22542725911255004,-0.5219359619140624,0.0383072265625
56.63983416557312,0.21676722847288354,-0.488417138671875,-0.062249243164062495
56.66023588180542,0.2095727414799298,-0.32082302246093747,-0.2561795776367187
56.680116176605225,0.19851454850927872,-0.5195417602539062,-0.13168109130859373
56.69985842704773,0.19851454850927872,-0.5434837768554687,-0.05746083984375
56.72002577781677,0.20824042907382725,-0.4165910888671875,-0.3184288208007812
56.740073919296265,0.22982389005268844,-0.39264907226562495,-0.51714755859375
56.76009798049927,0.2391500768954062,-0.47884033203125,-0.3758896606445312
56.78032565116882,0.2548713632874162,-0.5051765502929687,-0.13407529296874998
56.800108671188354,0.273656968213462,-0.3758896606445312,-0.26336218261718747
56.82007694244385,0.27165849960430827,-0.44053310546874996,-0.354341845703125
56.84007287025452,0.26979326223576466,-0.4429273071289062,-0.016759411621093748
56.86004662513733,0.26699540618294937,-0.40940848388671874,-0.0909796630859375
56.88032913208008,0.25367228212192394,-0.373495458984375,-0.17238251953125
56.89994025230408,0.2462113326477497,-0.36631285400390623,-0.00239420166015625
56.92004179954529,0.2250275653907193,-0.5530605834960938,-0.06943184814453125
56.939993143081665,0.22036447196936038,-0.2346317626953125,-0.16759411621093748
56.96049356460571,0.21463552862311946,-0.5913678100585937,-0.2920926025390625
56.98036336898804,0.2078407353519965,-0.5147533569335937,-0.07900865478515624
57.0001859664917,0.2137029099388477,-0.3184288208007812,-0.26815058593749996
57.020129442214966,0.22249617181912446,-0.3950432739257812,-0.5602431884765625
57.040125370025635,0.22795865268414486,-0.45489831542968745,-0.36391865234375
57.06018924713135,0.2456784076853087,-0.5578489868164063,-0.15322890625
57.08101797103882,0.25766921934023157,-0.5099649536132812,-0.21787235107421873
57.09991693496704,0.2592679942275546,-0.37828386230468747,-0.4836287353515625
57.12009048461914,0.2598009191899956,-0.6584054565429687,-0.10295067138671875
57.13974165916443,0.25127411979093933,-0.38786066894531246,0.01915361328125
57.16022253036499,0.2523399697158214,-0.373495458984375,-0.20829554443359374
57.18017768859863,0.2487427262193445,-0.33039982910156246,-0.26815058593749996
57.199931144714355,0.23795099572991393,-0.5243301635742187,0.011971008300781249
57.220052003860474,0.231689127421232,-0.2825157958984375,-0.1149216796875
57.2399263381958,0.22529402787193978,-0.36631285400390623,-0.36152445068359373
57.260114669799805,0.2194318532850886,-0.5602431884765625,-0.12449848632812499
57.27994132041931,0.22196324685668345,-0.16280571289062498,-0.055066638183593745
57.300095081329346,0.22289586554095522,-0.4261678955078125,-0.2537853759765625
57.31991529464722,0.224894334150109,-0.5051765502929687,-0.40462008056640625
57.339853286743164,0.23355436478977554,-0.6607996582031249,-0.2920926025390625
57.36012291908264,0.24461255776042665,-0.49320554199218747,-0.24660277099609373
57.38008260726929,0.26033384415243666,-0.3806780639648437,-0.3495534423828125
57.40018939971924,0.2610000003554879,-0.4860229370117187,-0.277727392578125
57.420127630233765,0.26046707539304687,-0.5027823486328125,-0.16280571289062498
57.440014600753784,0.2596676879493854,-0.4525041137695312,-0.10773907470703124
57.46004772186279,0.26046707539304687,-0.38786066894531246,-0.16041151123046873
57.48064112663269,0.2555375194904675,-0.4955997436523437,-0.1771709228515625
57.5001163482666,0.2508744260691086,-0.45968671875,-0.09576806640624999
57.519875288009644,0.2459448701665292,-0.37828386230468747,-0.28490999755859375
57.54021120071411,0.24061562054211902,-0.5147533569335937,-0.296881005859375
57.56083083152771,0.23528637091770885,-0.488417138671875,-0.0430956298828125
57.581210136413574,0.22769219020292436,-0.1771709228515625,-0.16759411621093748
57.60003852844238,0.23035681501512945,-0.354341845703125,-0.34237083740234375
57.619781255722046,0.22769219020292436,-0.5003881469726562,-0.17956512451171874
57.640029430389404,0.2302235837745192,-0.5746083984375,-0.0909796630859375
57.66027855873108,0.24061562054211902,-0.3280056274414062,-0.28969840087890625
57.68042063713074,0.2462113326477497,-0.4836287353515625,-0.3327940307617187
57.70004057884216,0.24527871396347792,-0.5626373901367188,-0.26336218261718747
57.72003769874573,0.25207350723460087,-0.2537853759765625,-0.201112939453125
57.739951610565186,0.26459724385196476,-0.35673604736328124,-0.40222587890625
57.76047348976135,0.26579632501745704,-0.4955997436523437,-0.15322890625
57.7804217338562,0.271525268363698,-0.32561142578124996,-0.16759411621093748
57.800246238708496,0.272058193326139,-0.4429273071289062,-0.21308394775390624
57.820570945739746,0.2671286374235596,-0.46208092041015625,-0.24899697265624998
57.84011745452881,0.2587350692651136,-0.5363011718749999,-0.03591302490234375
57.8601188659668,0.2476768762944625,-0.4333505004882812,-0.04548983154296875
57.880107402801514,0.24754364505385223,-0.2154781494140625,-0.28969840087890625
57.900033712387085,0.23768453324869343,-0.5602431884765625,-0.18914193115234373
57.920281648635864,0.23608575836137038,-0.3447650390625,-0.0718260498046875
57.940244913101196,0.27245788704796975,-0.1580173095703125,-0.14604630126953125
57.96058440208435,0.2424808579106626,-0.23702596435546874,-0.5051765502929687
57.98026442527771,0.23928330813601648,-0.40222587890625,-0.040701428222656245
58.000157833099365,0.24061562054211902,-0.24660277099609373,0.028730419921875
58.02044177055359,0.23954977061723698,-0.28969840087890625,-0.22026655273437498
58.040353298187256,0.23115620245879098,-0.47165772705078124,-0.28012159423828126
58.060368061065674,0.22369525298461676,-0.3687070556640625,-0.009576806640625
58.08074688911438,0.21983154700691937,-0.3399766357421875,-0.1292868896484375
58.09968280792236,0.2095727414799298,-0.4261678955078125,-0.2920926025390625
58.120049476623535,0.20211179200575555,-0.36152445068359373,0.02633621826171875
58.13995838165283,0.19664931114073517,-0.40222587890625,-0.13646949462890623
58.16024684906006,0.19491730501280186,-0.24899697265624998,-0.48123453369140623
58.18010711669922,0.19931393595294022,-0.40940848388671874,-0.3016694091796875
58.199965476989746,0.2014456358027043,-0.6081272216796875,-0.2561795776367187
58.21990132331848,0.23408728975221654,-0.5770026000976562,-0.45010991210937495
58.23986744880676,0.2507411948284983,-0.7781155395507812,-0.4740519287109375
58.260369062423706,0.2596676879493854,-0.55545478515625,-0.5434837768554687
58.28004264831543,0.26726186866416984,-0.5865794067382812,-0.29448680419921874
58.2997887134552,0.3062986221629743,-0.354341845703125,-0.009576806640625
58.32005953788757,0.279918836522144,-0.22744915771484372,-0.17238251953125
58.3397433757782,0.2797856052815338,-0.36391865234375,-0.24899697265624998
58.3602135181427,0.2723246558073595,-0.316034619140625,-0.10773907470703124
58.38021230697632,0.2651301688144058,-0.22026655273437498,-0.258573779296875
58.39973187446594,0.2607335378742674,-0.3136404174804687,-0.20829554443359374
58.42002892494202,0.24554517644469842,-0.38307226562499996,0.15322890625
58.44013738632202,0.24447932651981638,-0.2609679809570312,-0.13407529296874998
58.46047282218933,0.2344869834740473,-0.34237083740234375,-0.258573779296875
58.48011827468872,0.21929862204447836,-0.55545478515625,-0.12210428466796874
58.49974346160889,0.21570137854800148,-0.38307226562499996,-0.011971008300781249
58.521000146865845,0.21077182264542207,-0.35194764404296874,-0.2059013427734375
58.540035247802734,0.2110382851266426,-0.4525041137695312,-0.33758243408203126
58.56010866165161,0.2137029099388477,-0.507570751953125,-0.062249243164062495
58.58002805709839,0.215434916066781,-0.37828386230468747,-0.2537853759765625
58.599801540374756,0.2137029099388477,-0.36391865234375,-0.3591302490234375
58.620625257492065,0.22396171546583724,-0.48123453369140623,-0.17238251953125
58.6400089263916,0.22782542144353463,-0.46208092041015625,-0.16759411621093748
58.660804748535156,0.24288055163249336,-0.33518823242187495,-0.27293898925781246
58.68012571334839,0.24421286403859588,-0.373495458984375,-0.5626373901367188
58.69999957084656,0.2423476266700523,-0.41419688720703124,-0.22266075439453123
58.72006821632385,0.24834303249751374,-0.4333505004882812,-0.023942016601562498
58.73989677429199,0.2538055133625342,-0.2537853759765625,-0.20829554443359374
58.76031279563904,0.24034915806089852,-0.5817910034179687,-0.2657563842773437
58.78007197380066,0.2368851458050319,-0.5267243652343749,-0.0909796630859375
58.800074100494385,0.22835834640597563,-0.38307226562499996,-0.06464344482421874
58.820080041885376,0.224361409187668,-0.3902548706054687,-0.26336218261718747
58.839974880218506,0.22516079663132954,-0.4860229370117187,-0.23702596435546874
58.86023926734924,0.22422817794705777,-0.5051765502929687,-0.1197100830078125
58.88026714324951,0.22915773384963717,-0.3016694091796875,-0.45968671875
58.89991593360901,0.23315467106794477,-0.45010991210937495,-0.4213794921875
58.920081615448,0.2388836144141857,-0.3758896606445312,-0.02154781494140625
58.94005250930786,0.25500459452802643,-0.25139117431640623,-0.24181436767578124
58.960368156433105,0.25726952561840083,-0.3447650390625,-0.469263525390625
58.98016810417175,0.2518070447533804,-0.4429273071289062,-0.011971008300781249
59.000173568725586,0.2351531396770986,-0.43574470214843747,0.03591302490234375
59.020268201828,0.2135696786982374,-0.5770026000976562,-0.08140285644531249
59.0399649143219,0.1825267996360482,-0.5722141967773438,0.16759411621093748
59.060633420944214,0.14189127124992068,-0.5698199951171875,0.1771709228515625
59.080371618270874,0.09899081177341885,-0.5793968017578125,0.1580173095703125
59.099955320358276,0.049695252747624805,-0.3016694091796875,0.24181436767578124
59.120415449142456,0.0018652373685435584,-0.40462008056640625,0.13407529296874998
59.14005994796753,-0.044898928085655654,-0.30406361083984373,0.32561142578124996
59.160321950912476,-0.06355130177109124,-0.258573779296875,-0.16519991455078123
59.18017625808716,-0.04809647786030175,-0.2705447875976562,-0.2657563842773437
59.19995331764221,-0.014655436467127957,-0.181959326171875,-0.5267243652343749
59.22013974189758,0.01372281778285618,-0.3327940307617187,-0.5698199951171875
59.23985767364502,0.017852986241774057,-0.45489831542968745,-0.2442085693359375
59.26024413108826,0.011591117933092112,-0.6153098266601562,-0.0430956298828125
59.28022241592407,0.006128637068071691,-0.5099649536132812,0.11252747802734374
59.29999041557312,-0.012257274136143382,-0.5817910034179687,-0.09337386474609374
59.31999492645264,-0.022915773384963714,-0.3112462158203125,-0.20829554443359374
59.34008288383484,-0.025047473234727783,-0.4070142822265625,-0.3136404174804687
59.36012029647827,-0.004130168458917879,-0.21308394775390624,-0.35673604736328124
59.38031888008118,0.010392036767599824,-0.39264907226562495,-0.1771709228515625
59.40003442764282,0.010791730489430587,-0.3687070556640625,-0.24660277099609373
59.42011547088623,-0.005995405827461438,-0.5195417602539062,-0.19153613281249998
59.44009351730347,-0.020384379813368887,-0.4860229370117187,-0.15083470458984374
59.46056818962097,-0.013589586542245924,-0.4285620971679687,-0.143652099609375
59.480632066726685,-0.004263399699528133,-0.4070142822265625,-0.21068974609375
59.49998641014099,-0.0011990811654922875,-0.39264907226562495,-0.33758243408203126
59.52005624771118,0.0013323124061025418,-0.4165910888671875,-0.2059013427734375
59.540075063705444,-0.001732006127933304,-0.3854664672851562,-0.2154781494140625
59.56030869483948,-0.006261868308681946,-0.3711012573242187,-0.09816226806640624
59.58027768135071,-0.004663093421358896,-0.4165910888671875,-0.1484405029296875
59.60002660751343,-0.009459418083328047,-0.4477157104492187,-0.25139117431640623
59.620312452316284,-0.005995405827461438,-0.39983167724609375,-0.239420166015625
59.64040756225586,-0.007194486992953725,-0.4261678955078125,-0.19632453613281248
59.66018462181091,-0.0029310872934255917,-0.373495458984375,-0.00718260498046875
59.68054413795471,-0.005462480865020421,-0.4381389038085937,-0.3064578125
59.700207233428955,-0.01185758041431262,-0.4261678955078125,-0.2154781494140625
59.72023367881775,-0.007061255752343471,-0.43574470214843747,-0.21787235107421873
59.740087032318115,-0.002264931090374321,-0.430956298828125,-0.2346317626953125
59.76005721092224,-0.005062787143189658,-0.40940848388671874,-0.17477672119140625
59.7804811000824,-0.0075941807147844875,-0.41419688720703124,-0.18435352783203124
59.80012249946594,-0.006528330789902454,-0.41898529052734373,-0.15322890625
59.82013964653015,-0.008926493120887028,-0.38307226562499996,-0.21308394775390624
59.840200424194336,-0.002264931090374321,-0.430956298828125,-0.2059013427734375
59.860103607177734,-0.0037304747370871167,-0.38786066894531246,-0.201112939453125
59.88028955459595,-0.0037304747370871167,-0.43574470214843747,-0.2059013427734375
59.899956703186035,-0.0037304747370871167,-0.39264907226562495,-0.201112939453125
59.920175313949585,-0.006261868308681946,-0.38786066894531246,-0.18914193115234373
59.94033598899841,-0.004529862180748642,-0.3758896606445312,-0.19871873779296872
59.960123777389526,-0.004130168458917879,-0.40462008056640625,-0.2154781494140625
59.98037242889404,-0.0057289433462409285,-0.4261678955078125,-0.21068974609375
59.99988651275635,-0.0030643185340358454,-0.38786066894531246,-0.16280571289062498
60.020094871520996,-0.0026646248122050836,-0.39264907226562495,-0.15562310791015624
60.04044222831726,-0.004263399699528133,-0.42377369384765623,-0.1771709228515625
60.060383558273315,-0.0035972434964768626,-0.4070142822265625,-0.22744915771484372
60.08096504211426,-0.006528330789902454,-0.40940848388671874,-0.18914193115234373
60.10004138946533,-0.00985911180515881,-0.3495534423828125,-0.14604630126953125
60.119922161102295,0.0013323124061025418,0.06464344482421874,-0.1580173095703125
60.1400032043457,0.0058621745868511835,-0.06943184814453125,-0.3447650390625
60.16024589538574,0.002797856052815337,0.19632453613281248,-0.16998831787109375
60.180630922317505,0.007727411955394742,0.009576806640625,-0.11252747802734374
60.200161933898926,0.01212404289553313,0.18914193115234373,-0.5530605834960938
60.22025966644287,0.013989280264076687,0.011971008300781249,-0.11013327636718749
60.24017786979675,0.014788667707738212,0.06703764648437499,0.09576806640624999
60.26028108596802,0.007993874436615249,-0.086191259765625,-0.24899697265624998
60.28033781051636,-0.0030643185340358454,-0.06464344482421874,-0.15562310791015624
60.30014514923096,-0.015854517632620246,-0.3280056274414062,-0.07422025146484375
60.32009720802307,-0.026779479362661087,-0.36391865234375,0.0047884033203125
60.3400502204895,-0.027845329287543123,-0.1005564697265625,-0.16759411621093748
60.360349893569946,-0.023448698347404734,0.040701428222656245,-0.2609679809570312
60.38038086891174,-0.028378254249984136,0.031124621582031248,-0.5099649536132812
60.400036096572876,-0.01732006127933304,-0.11252747802734374,-0.5003881469726562
60.42016410827637,-0.0014655436467127959,-0.3902548706054687,-0.3016694091796875
60.440595865249634,0.0074609494741742334,-0.02154781494140625,-0.15083470458984374
60.46055603027344,0.011724349173702367,-0.45489831542968745,-0.5315127685546874
60.48052000999451,0.01185758041431262,-0.1292868896484375,0.14125789794921875
60.50012183189392,0.014255742745297196,-0.14125789794921875,0.076614453125
60.5199978351593,0.0018652373685435584,-0.3064578125,0.031124621582031248
60.54011845588684,-0.016653905076281773,-0.06464344482421874,-0.143652099609375
60.56104898452759,-0.018785604926045835,0.15562310791015624,0.5770026000976562
60.58063507080078,-0.03397396635561481,-0.07422025146484375,-0.28730419921875
60.60021162033081,-0.029843797896696934,-0.9050082275390624,-0.6775590698242188
60.620678424835205,-0.02571362943777905,-0.59376201171875,-0.13646949462890623
60.64053416252136,-0.024914241994117528,-0.5530605834960938,-0.09576806640624999
60.66073703765869,0.0037304747370871167,-0.5027823486328125,-0.70868369140625
60.68047332763672,0.022649310903743208,-0.8595183959960937,-0.7589619262695312
60.70014834403992,0.01692036755750228,-0.5506663818359374,0.00718260498046875
60.72016358375549,0.01212404289553313,-0.603338818359375,0.1484405029296875
60.74016714096069,0.009326186842717792,-0.4213794921875,-0.15562310791015624
60.76053714752197,0.009192955602107537,-0.6703764648437499,-0.01915361328125
60.7801992893219,-0.011191424211261349,-0.3495534423828125,0.086191259765625
60.80016231536865,-0.033041347671343035,-0.7398083129882812,-0.3184288208007812
60.820356369018555,-0.029843797896696934,-0.25139117431640623,0.06703764648437499
60.83999466896057,-0.018918836166656093,-0.4644751220703125,-0.5746083984375
60.860116481781006,-0.016120980113840753,-0.4165910888671875,-0.46686932373046874
60.88020610809326,-0.01532159267017923,-0.3806780639648437,-0.13168109130859373
60.900131702423096,-0.004929555902579405,-0.411802685546875,-0.12210428466796874
60.92005181312561,0.009059724361497283,-0.8092401611328125,-0.29448680419921874
60.94012665748596,0.008926493120887028,-0.6775590698242188,-0.41898529052734373
60.96037244796753,-0.005062787143189658,-0.6416460449218749,-0.047884033203124995
60.98033905029297,-0.008260336917835759,-0.47884033203125,0.016759411621093748
61.00002455711365,-0.0030643185340358454,-0.6655880615234374,-0.14125789794921875
61.02020287513733,-0.0031975497746461,-0.5746083984375,-0.10773907470703124
61.04011797904968,-0.019052067407266345,-0.4070142822265625,-0.16041151123046873
61.06030607223511,-0.03290811643073278,-0.48123453369140623,-0.33518823242187495
61.08098649978638,-0.016787136316892024,-0.37828386230468747,-0.05027823486328125
61.09982204437256,-0.00866003063966652,-0.5386953735351562,-0.3399766357421875
61.120078325271606,-0.01532159267017923,-0.5315127685546874,-0.469263525390625
61.14004635810852,-0.017586523760553547,-0.6296750366210937,-0.229843359375
61.16022086143494,0.0037304747370871167,-0.4955997436523437,-0.22505495605468748
61.18009924888611,0.01438897398590745,-0.6967126831054687,-0.11252747802734374
61.200490951538086,0.005329249624410167,-0.7565677246093749,-0.4525041137695312
61.22015023231506,-0.002264931090374321,-0.6871358764648438,0.09576806640624999
61.24007844924927,-0.004263399699528133,-0.5147533569335937,-0.41898529052734373
61.26046323776245,-0.009192955602107537,-0.74699091796875,-0.06703764648437499
61.2805495262146,-0.02118376725703041,-0.46686932373046874,-0.05985504150390625
61.299976110458374,-0.03077641658096871,-0.3399766357421875,-0.27293898925781246
61.32003998756409,-0.027845329287543123,-0.4070142822265625,-0.2753331909179687
61.340144872665405,-0.009459418083328047,-0.32082302246093747,-0.23223756103515625
61.36030459403992,-0.008393568158446012,-0.6847416748046875,-0.40940848388671874
61.38040471076965,0.0010658499248820332,-0.5722141967773438,-0.16519991455078123
61.40008807182312,0.007727411955394742,-0.39264907226562495,-0.2537853759765625
61.42010140419006,0.01851914244482533,-0.833182177734375,-0.12449848632812499
61.44043564796448,0.011191424211261349,-0.6488286499023437,-0.40462008056640625
61.460174560546875,-0.000799387443661525,-0.6727706665039062,-0.0526724365234375
61.48019480705261,-0.0031975497746461,-0.5889736083984375,-0.2442085693359375
61.50034832954407,-0.0037304747370871167,-0.7038952880859375,-0.1005564697265625
61.52026438713074,-0.03410719759622506,-0.3447650390625,0.09576806640624999
61.54016423225403,-0.01985145485092787,-0.6057330200195312,-0.28490999755859375
61.5601589679718,-0.02531393571594829,-0.5339069702148437,-0.26815058593749996
61.57998752593994,-0.017586523760553547,-0.2753331909179687,-0.17477672119140625
61.59997749328613,-0.01212404289553313,-0.5386953735351562,-0.09816226806640624
61.620176553726196,-0.017186830038722786,-0.6392518432617187,-0.44532150878906246
61.639994621276855,-0.02464777951289702,-0.3711012573242187,-0.16041151123046873
61.66010880470276,-0.012390505376753637,-0.6823474731445313,-0.16519991455078123
61.68036246299744,-0.004663093421358896,-0.5578489868164063,-0.36152445068359373
61.69984149932861,-0.009326186842717792,-0.5339069702148437,-0.1197100830078125
61.72003221511841,-0.015188361429568975,-0.3591302490234375,-0.1197100830078125
61.73986887931824,-0.006794793271122962,-0.4572925170898437,-0.02154781494140625
61.76009821891785,-0.0037304747370871167,-0.7829039428710937,-0.28730419921875
61.78021240234375,-0.014788667707738212,-0.5363011718749999,-0.229843359375
61.79995369911194,-0.02717917308449185,-0.51714755859375,-0.25139117431640623
61.820008754730225,-0.02464777951289702,-0.28490999755859375,-0.16041151123046873
61.840168476104736,-0.012523736617363892,-0.584185205078125,-0.17477672119140625
61.86044001579285,-0.0005329249624410166,-0.584185205078125,-0.17956512451171874
61.88023591041565,-0.013056661579804908,-0.5770026000976562,-0.34715924072265625
61.89997863769531,-0.009326186842717792,-0.36631285400390623,-0.21068974609375
61.92009997367859,-0.0003996937218307625,-0.4836287353515625,-0.1005564697265625
61.940160274505615,-0.002531393571594829,-0.6272808349609375,-0.28012159423828126
61.960402727127075,-0.013589586542245924,-0.6751648681640625,-0.28490999755859375
61.980345249176025,-0.016254211354451008,-0.41898529052734373,-0.033518823242187495
62.00001645088196,-0.006928024511733216,-0.5746083984375,-0.3232172241210937
62.02020478248596,-0.0035972434964768626,-0.689530078125,-0.3591302490234375
62.03986930847168,-0.013056661579804908,-0.51714755859375,-0.06943184814453125
62.060307025909424,-0.0035972434964768626,-0.4477157104492187,-0.3064578125
62.08009386062622,-0.0026646248122050836,-0.5363011718749999,-0.33518823242187495
62.09998869895935,0.002264931090374321,-0.45489831542968745,-0.016759411621093748
62.12006425857544,-0.00159877488732305,-0.5027823486328125,-0.21787235107421873
62.140036821365356,-0.013989280264076687,-0.45489831542968745,-0.51714755859375
62.16020655632019,-0.009992343045769061,-0.5913678100585937,-0.040701428222656245
62.18028807640076,0.005062787143189658,-0.6296750366210937,-0.09337386474609374
62.199830532073975,-0.002797856052815337,-0.7038952880859375,-0.3758896606445312
62.22008299827576,-0.01185758041431262,-0.49320554199218747,-0.22744915771484372
62.23987865447998,-0.008526799399056265,-0.39743747558593745,-0.047884033203124995
62.26007413864136,-0.0005329249624410166,-0.6416460449218749,-0.41419688720703124
62.28035521507263,-0.007061255752343471,-0.6488286499023437,-0.32082302246093747
62.299973249435425,-0.012523736617363892,-0.7924807495117187,-0.2059013427734375
62.32007551193237,-0.002797856052815337,-0.36391865234375,-0.28012159423828126
62.33994507789612,0.006794793271122962,-0.5291185668945312,-0.16519991455078123
62.3603777885437,0.0039969372183076245,-0.6775590698242188,-0.296881005859375
62.3801383972168,-0.010125574286379316,-0.7422025146484375,-0.11013327636718749
62.399988412857056,-0.011324655451871604,-0.28730419921875,0.0383072265625
62.42013072967529,-0.0010658499248820332,-0.49799394531249996,-0.3399766357421875
62.4400577545166,-0.0026646248122050836,-0.47644613037109373,-0.201112939453125
62.460352659225464,-0.015588055151399738,-0.5506663818359374,-0.13646949462890623
62.48014712333679,-0.01945176112909711,-0.7589619262695312,-0.13407529296874998
62.4999361038208,-0.010791730489430587,-0.679953271484375,-0.033518823242187495
62.5204701423645,-0.012390505376753637,-0.7709329345703124,-0.44532150878906246
62.54009962081909,-0.012390505376753637,-0.7254431030273437,-0.1388636962890625
62.560229778289795,-0.013989280264076687,-0.6009446166992187,-0.3016694091796875
62.57986283302307,-0.0019984686091538122,-0.7038952880859375,-0.11731588134765625
62.599950551986694,-0.001732006127933304,-0.46686932373046874,-0.3950432739257812
62.62007141113281,-0.004929555902579405,-0.4860229370117187,-0.13407529296874998
62.63982272148132,-0.004529862180748642,-0.3232172241210937,-0.009576806640625
62.66009449958801,-0.0039969372183076245,-0.3950432739257812,-0.39983167724609375
62.680325508117676,-0.018252679963604822,-0.47165772705078124,-0.08140285644531249
62.69993233680725,-0.016387442595061263,-0.5865794067382812,-0.28012159423828126
62.719873666763306,-0.016387442595061263,-0.6200982299804687,-0.35194764404296874
62.739840030670166,-0.002398162330984575,-0.3184288208007812,-0.2609679809570312
62.76011085510254,-0.0014655436467127959,-0.6488286499023437,-0.29927520751953124
62.78059458732605,-0.007194486992953725,-0.8954314208984374,-0.5267243652343749
62.80001664161682,-0.009992343045769061,-0.7948749511718749,0.12449848632812499
62.82021903991699,0.0011990811654922875,-0.4740519287109375,-0.23223756103515625
62.8402099609375,0.0039969372183076245,-0.6296750366210937,-0.32561142578124996
62.86019444465637,-0.014921898948348467,-0.3806780639648437,0.011971008300781249
62.88027548789978,-0.0287779479718149,-0.6105214233398437,-0.16519991455078123
62.90006184577942,-0.016120980113840753,-0.3136404174804687,-0.3711012573242187
62.92011904716492,-0.001732006127933304,-0.5339069702148437,-0.17477672119140625
62.94039583206177,0.002398162330984575,-0.3591302490234375,-0.28012159423828126
62.960482597351074,-0.009992343045769061,-0.7972691528320313,-0.3399766357421875
62.98052978515625,-0.006661562030512709,-0.7038952880859375,-0.10773907470703124
63.00002098083496,0.004263399699528133,-0.6823474731445313,-0.05027823486328125
63.02023005485535,-0.0021316998497640663,-0.5482721801757812,-0.296881005859375
63.04003667831421,-0.018918836166656093,-0.7302315063476562,-0.105344873046875
63.06020426750183,-0.01851914244482533,-0.47884033203125,-0.086191259765625
63.08093762397766,-0.0037304747370871167,-0.5817910034179687,-0.17477672119140625
63.100067377090454,-0.002264931090374321,-0.7517793212890624,-0.36391865234375
63.12000560760498,-0.007194486992953725,-0.5267243652343749,-0.08140285644531249
63.13990020751953,-0.009059724361497283,-0.3136404174804687,-0.07900865478515624
63.16019678115845,0.00479632466196915,-0.40462008056640625,-0.3327940307617187
63.18042755126953,0.006928024511733216,-0.5961562133789062,-0.1580173095703125
63.199949979782104,-0.0073277182335639785,-0.584185205078125,-0.1580173095703125
63.220255851745605,-0.017586523760553547,-0.9074024291992187,-0.13168109130859373
63.24014925956726,-0.013989280264076687,-0.47165772705078124,-0.3495534423828125
63.26030683517456,-0.00479632466196915,-0.6919242797851562,-0.239420166015625
63.2803213596344,-0.0009326186842717792,-0.4381389038085937,-0.28012159423828126
63.3001766204834,-0.00866003063966652,-0.488417138671875,-0.34237083740234375
63.32001614570618,0.004396630940138387,-0.3495534423828125,-0.3327940307617187
63.33986806869507,0.01851914244482533,-0.5339069702148437,-0.19871873779296872
63.3604257106781,0.016387442595061263,-0.34715924072265625,-0.3280056274414062
63.38026022911072,0.005062787143189658,-0.4572925170898437,0.06464344482421874
63.399858474731445,0.0018652373685435584,-0.29927520751953124,-0.0909796630859375
63.42010450363159,0.0019984686091538122,-0.603338818359375,-0.2442085693359375
63.44013690948486,-0.0058621745868511835,-0.5410895751953124,-0.181959326171875
63.46036124229431,-0.027712098046932865,-0.5913678100585937,-0.316034619140625
63.48033022880554,-0.02131699849764067,-0.36631285400390623,-0.21068974609375
63.49987316131592,-0.0057289433462409285,-0.5434837768554687,-0.21068974609375
63.52019476890564,0.005995405827461438,-0.5530605834960938,-0.33758243408203126
63.54016065597534,-0.006928024511733216,-0.584185205078125,-0.3950432739257812
63.56048774719238,-0.008127105677225504,-0.3950432739257812,0.03591302490234375
63.58017086982727,0.0035972434964768626,-0.33758243408203126,-0.16280571289062498
63.60001301765442,0.005595712105630674,-0.6177040283203125,-0.4429273071289062
63.62007451057434,-0.006794793271122962,-0.59376201171875,-0.2657563842773437
63.64066767692566,-0.01212404289553313,-0.5123591552734374,-0.2442085693359375
63.6611704826355,-0.010924961730040842,-0.3112462158203125,-0.2442085693359375
63.680636405944824,0.00013323124061025415,-0.48123453369140623,-0.258573779296875
63.700562953948975,-0.0018652373685435584,-0.33758243408203126,-0.19632453613281248
63.72075009346008,-0.010658499248820334,-0.5123591552734374,-0.15322890625
63.74079489707947,-0.006261868308681946,-0.40222587890625,-0.3327940307617187
63.76100158691406,-0.001732006127933304,-0.7254431030273437,-0.28730419921875
63.78068280220032,-0.001732006127933304,-0.4381389038085937,-0.28012159423828126
63.800302267074585,-0.014655436467127957,-0.5147533569335937,-0.45489831542968745
63.82067513465881,-0.0095926493239383,-0.3758896606445312,-0.076614453125
63.84071063995361,-0.0039969372183076245,-0.6105214233398437,-0.19153613281249998
63.86077046394348,-0.01438897398590745,-0.6751648681640625,-0.565031591796875
63.88068723678589,-0.0095926493239383,-0.5793968017578125,0.13407529296874998
63.90025281906128,-0.002398162330984575,-0.430956298828125,-0.354341845703125
63.920676469802856,0.0029310872934255917,-0.6153098266601562,-0.17477672119140625
63.940536975860596,0.0031975497746461,-0.47884033203125,-0.3327940307617187
63.96066999435425,-0.010125574286379316,-0.46208092041015625,-0.28490999755859375
63.9805645942688,-0.008926493120887028,-0.3591302490234375,-0.143652099609375
64.00029516220093,-0.006794793271122962,-0.4381389038085937,-0.28730419921875
64.0205352306366,-0.0002664624812205083,-0.4740519287109375,-0.18435352783203124
64.04052066802979,-0.010258805526989571,-0.584185205078125,-0.296881005859375
64.06061697006226,-0.009059724361497283,-0.4836287353515625,-0.40222587890625
64.081374168396,0.006794793271122962,-0.5363011718749999,-0.028730419921875
64.10040783882141,0.0127901990985844,-0.16041151123046873,-0.17956512451171874
64.12044715881348,-0.0035972434964768626,-0.7589619262695312,-0.3136404174804687
64.14029359817505,-0.005062787143189658,-0.3806780639648437,-0.11731588134765625
64.16071105003357,-0.00013323124061025415,-0.51714755859375,-0.19632453613281248
64.18050789833069,0.0026646248122050836,-0.4525041137695312,-0.09337386474609374
64.20015788078308,-0.011324655451871604,-0.45010991210937495,-0.29448680419921874
64.22065353393555,-0.020251148572758632,-0.3806780639648437,-0.07900865478515624
64.24041533470154,-0.014255742745297196,-0.39983167724609375,-0.3495534423828125
64.26054954528809,-0.011591117933092112,-0.7158662963867187,-0.11731588134765625
64.28044867515564,-0.01958499236970736,-0.5506663818359374,-0.11013327636718749
64.30020141601562,-0.021983154700691936,-0.36631285400390623,-0.4477157104492187
64.32049822807312,-0.010791730489430587,-0.47165772705078124,-0.2753331909179687
64.34037613868713,0.0011990811654922875,-0.5243301635742187,-0.16041151123046873
64.3605089187622,0.007993874436615249,-0.5746083984375,-0.3136404174804687
64.38031506538391,0.0014655436467127959,-0.47884033203125,-0.11013327636718749
64.4009301662445,0.0095926493239383,-0.2705447875976562,-0.26815058593749996
64.42057728767395,0.012257274136143382,-0.5051765502929687,-0.2154781494140625
64.44020581245422,0.004263399699528133,-0.373495458984375,0.1197100830078125
64.46066069602966,-0.009992343045769061,-0.6368576416015624,-0.17956512451171874
64.48047828674316,-0.018652373685435583,-0.3711012573242187,-0.076614453125
64.50023984909058,-0.015987748873230498,-0.4955997436523437,-0.00239420166015625
64.5209093093872,-0.020917304775809907,-0.5410895751953124,-0.22026655273437498
64.54021501541138,-0.02105053601642016,-0.5961562133789062,-0.30406361083984373
64.56044840812683,-0.011990811654922875,-0.469263525390625,-0.24660277099609373
64.58097338676453,-0.0002664624812205083,-0.373495458984375,-0.2346317626953125
64.60042548179626,-0.003863705977697371,-0.5698199951171875,-0.2561795776367187
64.62084627151489,-0.004529862180748642,-0.43574470214843747,-0.2609679809570312
64.6403865814209,-0.005196018383799912,-0.3758896606445312,-0.08140285644531249
64.66055583953857,0.0058621745868511835,-0.4955997436523437,-0.30406361083984373
64.68043208122253,-0.000799387443661525,-0.6512228515624999,-0.3758896606445312
64.70019507408142,-0.005595712105630674,-0.4070142822265625,0.10295067138671875
64.72046661376953,-0.011990811654922875,-0.4572925170898437,-0.0909796630859375
64.7403016090393,-0.01438897398590745,-0.24899697265624998,-0.32082302246093747
64.7605710029602,-0.015987748873230498,-0.7134720947265625,-0.239420166015625
64.78039622306824,-0.024514548272286763,-0.45489831542968745,-0.11731588134765625
64.80038404464722,-0.02624655440022007,-0.689530078125,-0.21308394775390624
64.82055401802063,-0.012257274136143382,-0.09816226806640624,-0.3184288208007812
64.84029793739319,0.006661562030512709,-0.5770026000976562,-0.2705447875976562
64.86057472229004,-0.0011990811654922875,-0.5243301635742187,-0.3399766357421875
64.88052535057068,-0.018252679963604822,-0.6631938598632812,-0.20350714111328125
64.90035271644592,-0.0039969372183076245,-0.28969840087890625,-0.00239420166015625
64.92074012756348,0.0029310872934255917,-0.4836287353515625,-0.21787235107421873
64.94033479690552,-0.00866003063966652,-0.3184288208007812,-0.29927520751953124
64.96058082580566,-0.0255803981971688,-0.3184288208007812,-0.028730419921875
64.9804220199585,-0.016520673835671518,-0.18914193115234373,-0.12689268798828124
65.00043439865112,-0.006928024511733216,-0.3495534423828125,-0.44532150878906246
65.0207347869873,-0.0127901990985844,-0.4429273071289062,-0.1149216796875
65.04037976264954,-0.016387442595061263,-0.46208092041015625,0.17477672119140625
65.06057214736938,-0.022782542144353463,-0.5817910034179687,-0.3950432739257812
65.08186984062195,-0.008127105677225504,-0.3806780639648437,-0.14604630126953125
65.10104441642761,-0.000799387443661525,-0.6727706665039062,-0.33758243408203126
65.12110686302185,-0.007993874436615249,-0.35194764404296874,-0.16280571289062498
65.14026546478271,-0.01052526800821008,-0.5674257934570313,-0.1197100830078125
65.16056728363037,0.007727411955394742,-0.59376201171875,-0.296881005859375
65.18061661720276,0.012923430339194655,-0.45489831542968745,-0.08379705810546874
65.20046138763428,-0.0073277182335639785,-0.4644751220703125,-0.2537853759765625
65.2212541103363,-0.022516079663132953,-0.4070142822265625,0.076614453125
65.24043440818787,-0.011591117933092112,-0.24660277099609373,-0.10773907470703124
65.26042652130127,-0.01572128639200999,-0.34715924072265625,-0.19393033447265623
65.28104162216187,-0.015454823910789483,-0.5195417602539062,-0.2657563842773437
65.30021619796753,-0.018785604926045835,-0.6009446166992187,-0.27293898925781246
65.32037687301636,-0.017453292519943295,-0.3687070556640625,-0.19632453613281248
65.34012341499329,0.033307810152563545,-0.373495458984375,-0.143652099609375
65.3604781627655,0.0030643185340358454,-0.5339069702148437,-0.15562310791015624
65.3803699016571,-0.004396630940138387,-0.5770026000976562,-0.1484405029296875
65.40011191368103,0.0030643185340358454,-0.41419688720703124,-0.3495534423828125
65.4203405380249,0.006928024511733216,-0.6416460449218749,-0.0909796630859375
65.4403133392334,0.009459418083328047,-0.40222587890625,-0.277727392578125
65.4603922367096,-0.010924961730040842,-0.4740519287109375,0.047884033203124995
65.48050546646118,-0.01372281778285618,-0.45968671875,-0.14125789794921875
65.50024724006653,-0.006528330789902454,-0.35194764404296874,-0.33758243408203126
65.52059531211853,-0.005062787143189658,-0.5243301635742187,-0.143652099609375
65.54012084007263,-0.013589586542245924,-0.5339069702148437,-0.373495458984375
65.56036496162415,-0.011058192970651094,-0.411802685546875,-0.05746083984375
65.58033227920532,0.004396630940138387,-0.622492431640625,-0.4477157104492187
65.60081934928894,0.007727411955394742,-0.5410895751953124,-0.27293898925781246
65.62038850784302,-0.001732006127933304,-0.6847416748046875,-0.05027823486328125
65.64102149009705,-0.0074609494741742334,-0.3399766357421875,-0.1197100830078125
65.6611020565033,-0.002797856052815337,-0.5458779785156249,-0.04548983154296875
65.68029999732971,-0.006261868308681946,-0.44532150878906246,-0.17956512451171874
65.70022892951965,-0.02464777951289702,-0.5602431884765625,-0.19393033447265623
65.7204339504242,-0.02717917308449185,-0.4285620971679687,-0.02633621826171875
65.73994302749634,-0.013989280264076687,-0.45489831542968745,-0.29927520751953124
65.7603919506073,-0.0030643185340358454,-0.47884033203125,-0.49320554199218747
65.7805163860321,-0.006261868308681946,-0.5482721801757812,-0.3136404174804687
65.80000734329224,-0.01732006127933304,-0.5506663818359374,0.023942016601562498
65.82030606269836,-0.008260336917835759,-0.5746083984375,-0.33758243408203126
65.83998942375183,0.0002664624812205083,-0.4836287353515625,-0.11731588134765625
65.86028623580933,-0.0011990811654922875,-0.430956298828125,-0.201112939453125
65.88000535964966,-0.01345635530163567,-0.7254431030273437,-0.20829554443359374
65.89995288848877,-0.017719755001163805,-0.4285620971679687,-0.12210428466796874
65.92007756233215,-0.0010658499248820332,-0.63206923828125,-0.1867477294921875
65.94009852409363,-0.0026646248122050836,-0.603338818359375,-0.21787235107421873
65.9605655670166,-0.017986217482384312,-0.39983167724609375,-0.22026655273437498
65.98055267333984,-0.01532159267017923,-0.39983167724609375,0.0526724365234375
66.00032877922058,-0.00985911180515881,-0.5961562133789062,-0.2059013427734375
66.02006077766418,-0.009326186842717792,-0.7565677246093749,-0.19871873779296872
66.0401566028595,-0.018652373685435583,-0.5051765502929687,-0.23702596435546874
66.06032466888428,-0.01532159267017923,-0.2442085693359375,-0.277727392578125
66.08039474487305,-0.0014655436467127959,-0.8092401611328125,-0.34237083740234375
66.09990620613098,0.0013323124061025418,-0.4285620971679687,-0.12689268798828124
66.12042570114136,-0.010392036767599824,-0.6727706665039062,-0.02154781494140625
66.1402976512909,-0.021849923460081685,-0.4908113403320312,-0.3399766357421875
66.1602668762207,-0.010125574286379316,-0.5913678100585937,-0.22505495605468748
66.18003606796265,0.002531393571594829,-0.430956298828125,-0.105344873046875
66.19992446899414,-0.005595712105630674,-0.4836287353515625,-0.35194764404296874
66.2205400466919,-0.015454823910789483,-0.4261678955078125,-0.0909796630859375
66.24028134346008,-0.009059724361497283,-0.5434837768554687,-0.2154781494140625
66.26022219657898,0.03384073511500456,-0.6560112548828124,-0.354341845703125
66.2802574634552,-0.0026646248122050836,-0.5434837768554687,-0.2657563842773437
66.30006575584412,-0.014255742745297196,-0.6296750366210937,-0.12689268798828124
66.32000494003296,-0.006661562030512709,-0.6344634399414062,-0.15322890625
66.3400228023529,0.0021316998497640663,-0.5698199951171875,-0.22266075439453123
66.36041569709778,-0.004663093421358896,-0.7852981445312499,-0.23702596435546874
66.3804235458374,-0.013856049023466432,-0.373495458984375,-0.13407529296874998
66.40010142326355,-0.009725880564548555,-0.5051765502929687,-0.17956512451171874
66.4206817150116,0.004529862180748642,-0.4165910888671875,-0.201112939453125
66.44011235237122,-0.0010658499248820332,-0.43574470214843747,-0.08379705810546874
66.46032381057739,-0.015854517632620246,-0.6296750366210937,-0.3232172241210937
66.4802622795105,-0.023581929588014985,-0.5434837768554687,-0.14604630126953125
66.50037980079651,-0.008393568158446012,-0.39264907226562495,0.15322890625
66.52018332481384,-0.01052526800821008,-0.6823474731445313,-0.40462008056640625
66.53998827934265,-0.013056661579804908,-0.6105214233398437,-0.10773907470703124
66.56025743484497,-0.018385911204215073,-0.5530605834960938,-0.3687070556640625
66.58036351203918,-0.013856049023466432,-0.6512228515624999,-0.2442085693359375
66.59997582435608,0.0334410413931738,-0.49320554199218747,-0.05746083984375
66.62055587768555,0.001732006127933304,-0.3280056274414062,-0.02154781494140625
66.64031934738159,-0.002531393571594829,-0.488417138671875,-0.14125789794921875
66.66013813018799,-0.0011990811654922875,-0.6081272216796875,-0.4572925170898437
66.68027210235596,-0.012390505376753637,-0.59376201171875,-0.19393033447265623
66.70004343986511,-0.013189892820415163,-0.42377369384765623,-0.031124621582031248
66.72035026550293,-0.004663093421358896,-0.40940848388671874,-0.430956298828125
66.74010348320007,0.0037304747370871167,-0.4213794921875,-0.05746083984375
66.76025247573853,0.0,-0.5386953735351562,-0.2705447875976562
66.78032159805298,-0.010658499248820334,-0.718260498046875,-0.4860229370117187
66.80028676986694,-0.014522205226517705,-0.6655880615234374,0.055066638183593745
66.82026886940002,0.003863705977697371,-0.26815058593749996,-0.12210428466796874
66.84029412269592,0.0021316998497640663,-0.6512228515624999,-0.2705447875976562
66.86032915115356,-0.011324655451871604,-0.3136404174804687,-0.2609679809570312
66.88026571273804,-0.015854517632620246,-0.4381389038085937,-0.21308394775390624
66.89988350868225,-0.0058621745868511835,-0.28730419921875,-0.16280571289062498
66.92031598091125,0.006128637068071691,-0.4429273071289062,-0.25139117431640623
66.93997263908386,0.0009326186842717792,-0.5147533569335937,-0.20350714111328125
66.96033382415771,-0.007727411955394742,-0.6464344482421874,-0.11013327636718749
66.98017835617065,-0.014122511504686942,-0.699106884765625,-0.39983167724609375
66.99990630149841,-0.004663093421358896,-0.51714755859375,0.062249243164062495
67.02017784118652,-0.0037304747370871167,-0.7445967163085937,-0.1580173095703125
67.0401246547699,-0.020384379813368887,-0.7015010864257812,-0.29448680419921874
67.06031703948975,-0.010258805526989571,-0.5219359619140624,-0.3112462158203125
67.08095479011536,-0.0031975497746461,-0.5578489868164063,-0.28730419921875
67.09998440742493,-0.0013323124061025418,-0.43574470214843747,-0.20829554443359374
67.1203076839447,-0.009725880564548555,-0.4740519287109375,-0.14125789794921875
67.13997220993042,-0.004929555902579405,-0.3016694091796875,-0.23223756103515625
67.16013240814209,-0.003863705977697371,-0.5961562133789062,-0.34237083740234375
67.1802990436554,-0.0003996937218307625,-0.47644613037109373,-0.086191259765625
67.20007109642029,-0.015987748873230498,-0.8355763793945312,-0.21308394775390624
67.22028303146362,-0.02011791733214838,-0.8762778076171874,-0.17477672119140625
67.24010610580444,-0.011457886692481857,-0.6536170532226562,-0.12689268798828124
67.26014924049377,-0.0026646248122050836,-0.948103857421875,-0.00239420166015625
67.28020024299622,-0.0075941807147844875,-0.7996633544921875,-0.2705447875976562
67.30013823509216,-0.013323124061025418,-0.8690952026367187,-0.19393033447265623
67.3203616142273,-0.0035972434964768626,-0.6727706665039062,-0.3591302490234375
67.3402361869812,0.0075941807147844875,-0.9935936889648437,-0.031124621582031248
67.36023187637329,0.0383705972957532,-1.1563994018554686,-0.5339069702148437
67.38029766082764,0.02145022973825092,-1.5059528442382812,-0.6368576416015624
67.39989280700684,-0.009192955602107537,-1.3072341064453123,0.258573779296875
67.4203953742981,-0.014122511504686942,-1.3144167114257812,-0.08379705810546874
67.44004797935486,-0.011058192970651094,-0.9265560424804687,-0.11731588134765625
67.46047735214233,0.0026646248122050836,-0.6272808349609375,0.06464344482421874
67.48056745529175,0.004130168458917879,-0.6560112548828124,-0.5506663818359374
67.49995541572571,0.0075941807147844875,-0.689530078125,-0.4261678955078125
67.52032971382141,0.0074609494741742334,-0.6847416748046875,-0.18914193115234373
67.54004168510437,0.01572128639200999,-0.718260498046875,-0.1771709228515625
67.56049013137817,0.02584686067838931,-0.7517793212890624,-0.11731588134765625
67.5802743434906,0.02131699849764067,-0.7254431030273437,-0.4261678955078125
67.60012078285217,0.012257274136143382,-0.7924807495117187,-0.20350714111328125
67.62045931816101,-0.002531393571594829,-0.8355763793945312,-0.02633621826171875
67.64045834541321,-0.01732006127933304,-0.8786720092773437,-0.10773907470703124
67.66038775444031,-0.01505513018895872,-0.7445967163085937,-0.08858546142578125
67.68067479133606,-0.00985911180515881,-0.8092401611328125,-0.22266075439453123
67.70018577575684,-0.013056661579804908,-0.6368576416015624,-0.41898529052734373
67.72035598754883,-0.015854517632620246,-0.6440402465820312,-0.2705447875976562
67.74009227752686,-0.007061255752343471,-0.5961562133789062,-0.10773907470703124
67.76039814949036,0.003464012255866608,-0.5578489868164063,-0.181959326171875
67.780282497406,0.0073277182335639785,-0.4644751220703125,-0.2537853759765625
67.79995799064636,0.0011990811654922875,-0.4070142822265625,-0.143652099609375
67.8202691078186,-0.0039969372183076245,-0.373495458984375,-0.12210428466796874
67.84128308296204,-0.007860643196004996,-0.4261678955078125,-0.15562310791015624
67.86026287078857,-0.007061255752343471,-0.47644613037109373,-0.16041151123046873
67.88013553619385,-0.004929555902579405,-0.5027823486328125,-0.1197100830078125
67.89985394477844,-0.006928024511733216,-0.5626373901367188,-0.23223756103515625
67.92025375366211,-0.007061255752343471,-0.565031591796875,-0.29448680419921874
67.94007325172424,-0.003863705977697371,-0.5291185668945312,-0.258573779296875
67.96028113365173,-0.0011990811654922875,-0.5386953735351562,-0.181959326171875
67.98032593727112,-0.00013323124061025415,-0.584185205078125,-0.1771709228515625
67.99994707107544,-0.0033307810152563544,-0.59376201171875,-0.2657563842773437
68.02002811431885,-0.0035972434964768626,-0.6200982299804687,-0.18914193115234373
68.03974413871765,-0.006794793271122962,-0.612915625,-0.19632453613281248
68.06028032302856,-0.0030643185340358454,-0.5578489868164063,-0.143652099609375
68.08093333244324,-0.004929555902579405,-0.5291185668945312,-0.20350714111328125
68.10022401809692,-0.011724349173702367,-0.51714755859375,-0.22026655273437498
68.12040543556213,-0.009059724361497283,-0.5363011718749999,-0.23223756103515625
68.13993382453918,-0.006528330789902454,-0.4955997436523437,-0.22744915771484372
68.16031074523926,-0.0029310872934255917,-0.5099649536132812,-0.18435352783203124
68.18016648292542,-0.002264931090374321,-0.49799394531249996,-0.258573779296875
68.19987940788269,-0.003863705977697371,-0.5458779785156249,-0.19632453613281248
68.22004508972168,-0.00479632466196915,-0.5219359619140624,-0.239420166015625
68.23987030982971,-0.005462480865020421,-0.5003881469726562,-0.17477672119140625
68.2605926990509,-0.005062787143189658,-0.5530605834960938,-0.19632453613281248
68.28011202812195,-0.002398162330984575,-0.5051765502929687,-0.23702596435546874
68.29996299743652,-0.0039969372183076245,-0.5219359619140624,-0.21787235107421873
68.32017111778259,-0.008260336917835759,-0.5913678100585937,-0.201112939453125
68.33995604515076,-0.006661562030512709,-0.5865794067382812,-0.20350714111328125
68.36029553413391,-0.0021316998497640663,-0.5003881469726562,-0.05027823486328125
68.38037443161011,0.029577335415476424,-0.239420166015625,-0.22744915771484372
68.39991521835327,0.06848085767367064,-0.373495458984375,-1.0031704956054688
68.42025709152222,0.20371056689307862,-0.23223756103515625,-1.3024457031249999
68.43992590904236,0.2985712102075796,-0.9337386474609375,-1.13006318359375
68.46030330657959,0.35599387491059914,-0.6488286499023437,-1.0726023437499999
68.48010873794556,0.384238897919973,-0.3806780639648437,-0.3447650390625
68.49990344047546,0.38277335427326026,-0.40462008056640625,-0.09816226806640624
68.5203001499176,0.3691837677310143,-0.7685387329101562,0.30885201416015623
68.54007697105408,0.3593246559258555,-0.7398083129882812,-0.15322890625
68.56031250953674,0.3236186834423074,-0.5578489868164063,-0.09337386474609374
68.58038425445557,0.2610000003554879,-0.7134720947265625,-0.2561795776367187
68.60003066062927,0.20051301711843253,-0.37828386230468747,0.43574470214843747
68.62029719352722,0.16294180726634083,-0.5410895751953124,0.5267243652343749
68.63998484611511,0.14175804000931044,-0.565031591796875,0.316034619140625
68.66044354438782,0.12403828500814663,-0.49320554199218747,-0.45968671875
68.68036675453186,0.13443032177574646,-0.35194764404296874,-0.5817910034179687
68.70057392120361,0.15974425749169474,0.10295067138671875,-0.4955997436523437
68.72051882743835,0.1865237368543558,-0.15322890625,-0.5267243652343749
68.74022912979126,0.22076416569119114,-0.4381389038085937,-0.3495534423828125
68.76021814346313,0.2440796327979856,-0.5722141967773438,-0.22026655273437498
68.78067135810852,0.2518070447533804,-0.5746083984375,-0.2537853759765625
68.80004072189331,0.2575359880996213,-1.22583125,-0.181959326171875
68.8201277256012,0.27339050573224155,-1.005564697265625,-0.1867477294921875
68.83995699882507,0.2705926496794262,-0.5770026000976562,-0.25139117431640623
68.86032032966614,0.26206585028036994,-0.8595183959960937,-0.2537853759765625
68.88028979301453,0.24714395133202147,-0.97683427734375,0.16280571289062498
68.89995956420898,0.22635987779682182,-0.5913678100585937,-0.06943184814453125
68.91999888420105,0.23128943369940122,-0.34237083740234375,-0.16998831787109375
68.94010972976685,0.24114854550456005,-0.4261678955078125,-0.3591302490234375
68.96018362045288,0.24834303249751374,-0.5027823486328125,-0.0430956298828125
68.98032069206238,0.26646248122050836,-0.16519991455078123,-0.3687070556640625
69.00026869773865,0.26966003099515445,-0.19632453613281248,-0.39743747558593745
69.02014636993408,0.2747228181383441,-0.51714755859375,-0.3232172241210937
69.04011058807373,0.2675283311453904,-0.6392518432617187,-0.00239420166015625
69.06040000915527,0.25766921934023157,-0.45968671875,-0.00718260498046875
69.08026313781738,0.2351531396770986,-0.3327940307617187,-0.13407529296874998
69.10016679763794,0.21170444132969385,-0.6248866333007812,0.1005564697265625
69.12013411521912,0.192385911441207,-0.5817910034179687,0.05027823486328125
69.13986015319824,0.18305972459848924,-0.15562310791015624,-0.12449848632812499
69.16024160385132,0.18305972459848924,-0.34715924072265625,-0.26815058593749996
69.1803617477417,0.18119448722994566,-0.5315127685546874,-0.13407529296874998
69.20018720626831,0.20357733565246838,-0.5961562133789062,-0.30885201416015623
69.22033190727234,0.22982389005268844,-0.49320554199218747,-0.6081272216796875
69.24009990692139,0.2591347629869444,-0.9050082275390624,-0.3711012573242187
69.2602527141571,0.28271669257495935,-0.7422025146484375,-0.22026655273437498
69.28056287765503,0.2820505363719081,-0.40940848388671874,-0.2442085693359375
69.30048489570618,0.3064318534035846,-0.5602431884765625,-0.16759411621093748
69.32032537460327,0.25846860678389305,-0.6943184814453125,0.00718260498046875
69.34012579917908,0.24008269557967798,-0.5195417602539062,0.06464344482421874
69.36031985282898,0.23501990843648835,-0.143652099609375,-0.02154781494140625
69.38019156455994,0.22462787166888853,-0.40940848388671874,-0.40940848388671874
69.40038561820984,0.22156355313485268,-0.3950432739257812,-0.11731588134765625
69.42030787467957,0.22782542144353463,-0.07422025146484375,-0.20829554443359374
69.44018983840942,0.22569372159377055,-0.24181436767578124,-0.3280056274414062
69.46049094200134,0.22236294057851422,-0.47644613037109373,0.0047884033203125
69.48028588294983,0.22023124072875014,-0.5698199951171875,-0.055066638183593745
69.50009369850159,0.2188989283226476,-0.45968671875,-0.277727392578125
69.52010154724121,0.23795099572991393,-0.8906430175781249,-0.40222587890625
69.53998327255249,0.2467442576101907,-0.9983820922851562,-0.17956512451171874
69.56018996238708,0.24834303249751374,-0.6823474731445313,-0.27293898925781246
69.58012342453003,0.2554042882498572,-0.2825157958984375,-0.25139117431640623
69.60013771057129,0.2511408885503291,-0.6344634399414062,-0.028730419921875
69.62055563926697,0.2464777951289702,-0.430956298828125,0.03591302490234375
69.64039659500122,0.24607810140713945,-0.42377369384765623,-0.28730419921875
69.66020441055298,0.24514548272286768,-0.19153613281249998,-0.3687070556640625
69.68028521537781,0.23901684565479597,-0.44053310546874996,-0.10295067138671875
69.70024704933167,0.23701837704564216,-0.13646949462890623,-0.1197100830078125
69.72023963928223,0.232754977346114,-0.39983167724609375,-0.3016694091796875
69.739914894104,0.2282251151653654,-0.5267243652343749,-0.13646949462890623
69.76043796539307,0.2226294030597347,-0.4836287353515625,0.0143652099609375
69.78018546104431,0.2162343035104425,-0.41898529052734373,-0.14125789794921875
69.79988503456116,0.2250275653907193,-0.5817910034179687,-0.4333505004882812
69.82007336616516,0.23701837704564216,-0.8212111694335937,-0.2920926025390625
69.83995723724365,0.24834303249751374,-0.47644613037109373,-0.3591302490234375
69.86053228378296,0.2591347629869444,-0.29927520751953124,-0.3711012573242187
69.88052797317505,0.26366462516769296,-0.47884033203125,-0.23223756103515625
69.90015506744385,0.2621990815209802,-0.6057330200195312,-0.13646949462890623
69.9201192855835,0.2685941810702724,-0.30406361083984373,-0.00718260498046875
69.94039154052734,0.2668621749423391,-0.2537853759765625,-0.354341845703125
69.96040463447571,0.248476263738124,-0.5051765502929687,-0.2154781494140625
69.98019456863403,0.23621898960198062,-0.4572925170898437,0.15322890625
69.99989247322083,0.22276263430034499,-0.37828386230468747,-0.14604630126953125
70.02023816108704,0.21730015343532455,-0.4333505004882812,-0.26336218261718747
70.04022979736328,0.21117151636725284,-0.32082302246093747,-0.07900865478515624
70.06039333343506,0.20890658527687853,-0.41419688720703124,-0.11013327636718749
70.08082270622253,0.22156355313485268,-0.35194764404296874,-0.40222587890625
70.10031008720398,0.22769219020292436,-0.6272808349609375,-0.29448680419921874
70.12015557289124,0.24461255776042665,-0.5674257934570313,-0.258573779296875
70.13986420631409,0.25846860678389305,-0.28730419921875,-0.33039982910156246
70.16022992134094,0.2607335378742674,-0.5817910034179687,-0.2059013427734375
70.18027687072754,0.2633981626864725,-0.7350199096679687,-0.12210428466796874
70.19999742507935,0.26153292531792893,-0.4860229370117187,-0.12689268798828124
70.2201406955719,0.26619601873928783,-0.51714755859375,-0.277727392578125
70.23986577987671,0.2639310876489135,-0.5339069702148437,-0.2059013427734375
70.26022982597351,0.2571362943777905,-0.4908113403320312,-0.06703764648437499
70.2800498008728,0.24781010753507274,-0.28012159423828126,-0.09337386474609374
70.29976153373718,0.2560704444529085,-0.29927520751953124,-0.4429273071289062
70.31995916366577,0.25580398197168797,-0.4213794921875,-0.20350714111328125
70.34027314186096,0.2559372132122983,-0.38786066894531246,0.0
70.36020064353943,0.25513782576863675,-0.25139117431640623,-0.2537853759765625
70.3800277709961,0.2526064321970419,-0.5123591552734374,-0.2753331909179687
70.39980340003967,0.24994180738483682,-0.6177040283203125,-0.047884033203124995
70.42005658149719,0.25300612591887267,-0.3950432739257812,-0.2561795776367187
70.43988704681396,0.25460490080619574,-0.5865794067382812,-0.1580173095703125
70.46059656143188,0.2507411948284983,-0.679953271484375,-0.201112939453125
70.48007798194885,0.25633690693412897,-0.49799394531249996,-0.05027823486328125
70.49985814094543,0.25993415043060586,-0.26815058593749996,-0.28490999755859375
70.52031660079956,0.2591347629869444,-0.5889736083984375,-0.4381389038085937
70.54001069068909,0.25273966343765214,-0.47165772705078124,-0.06703764648437499
70.56020402908325,0.24541194520408816,-0.3016694091796875,-0.11731588134765625
70.58019852638245,0.24434609527920614,-0.2705447875976562,-0.20350714111328125
70.60001730918884,0.23435375223343707,-0.45489831542968745,-0.13407529296874998
70.62027597427368,0.23009035253390894,-0.5195417602539062,-0.08140285644531249
70.63993287086487,0.22369525298461676,-0.19632453613281248,-0.08379705810546874
70.66063404083252,0.21676722847288354,-0.3447650390625,-0.4261678955078125
70.68031668663025,0.22542725911255004,-0.46686932373046874,-0.1580173095703125
70.69992542266846,0.23568606463953962,-0.507570751953125,-0.09337386474609374
70.72074627876282,0.24154823922639082,-0.28730419921875,-0.3016694091796875
70.74007749557495,0.25207350723460087,-0.5506663818359374,-0.5243301635742187
70.76008749008179,0.2554042882498572,-0.51714755859375,0.031124621582031248
70.77996850013733,0.2518070447533804,-0.3687070556640625,-0.26815058593749996
70.79999828338623,0.24834303249751374,-0.39264907226562495,-0.28012159423828126
70.82006788253784,0.24008269557967798,-0.46686932373046874,0.07422025146484375
70.83968734741211,0.223828484225227,-0.47644613037109373,-0.0526724365234375
70.86033630371094,0.22715926524048335,-0.29927520751953124,-0.201112939453125
70.88098406791687,0.21556814730739124,-0.4572925170898437,-0.2657563842773437
70.90067315101624,0.2147687598637297,-0.4165910888671875,0.03591302490234375
70.92054581642151,0.21809954087898606,-0.22505495605468748,-0.05985504150390625
70.94015097618103,0.2199647782475296,-0.45968671875,-0.45010991210937495
70.96024513244629,0.21556814730739124,-0.5147533569335937,-0.18914193115234373
70.98040342330933,0.21503522234495023,-0.44532150878906246,-0.16998831787109375
71.00033140182495,0.21783307839776556,-0.3902548706054687,-0.00718260498046875
71.02053046226501,0.22089739693180138,-0.430956298828125,-0.2753331909179687
71.04007411003113,0.216500765991663,-0.5219359619140624,-0.25139117431640623
71.0600814819336,0.22236294057851422,-0.4525041137695312,-0.13646949462890623
71.08095264434814,0.23075650873696021,-0.2537853759765625,-0.25139117431640623
71.09995818138123,0.23102297121818072,-0.47644613037109373,-0.21787235107421873
71.12059044837952,0.23528637091770885,-0.6703764648437499,-0.24660277099609373
71.13989448547363,0.24114854550456005,-0.17238251953125,-0.22266075439453123
71.16021966934204,0.23608575836137038,-0.44053310546874996,-0.4477157104492187
71.18042182922363,0.23262174610550376,-0.6105214233398437,-0.10295067138671875
71.2002203464508,0.23435375223343707,-0.373495458984375,0.031124621582031248
71.22042059898376,0.22782542144353463,-0.20350714111328125,-0.181959326171875
71.2400734424591,0.2282251151653654,-0.4285620971679687,-0.35673604736328124
71.26050448417664,0.22569372159377055,-0.44532150878906246,-0.0047884033203125
71.28044486045837,0.22889127136841667,-0.24660277099609373,-0.201112939453125
71.3002061843872,0.23595252712076012,-0.3495534423828125,-0.44532150878906246
71.3202018737793,0.2388836144141857,-0.55545478515625,-0.2154781494140625
71.34038734436035,0.24501225148225741,-0.5219359619140624,-0.2537853759765625
71.36024522781372,0.25207350723460087,-0.3016694091796875,-0.39264907226562495
71.38020896911621,0.25247320095643166,-0.507570751953125,-0.22026655273437498
71.40041780471802,0.2518070447533804,-0.63206923828125,-0.05027823486328125
71.42028379440308,0.24754364505385223,-0.4165910888671875,-0.16280571289062498
71.43992233276367,0.2507411948284983,-0.28012159423828126,-0.1292868896484375
71.4601640701294,0.2456784076853087,-0.51714755859375,-0.25139117431640623
71.48036241531372,0.24754364505385223,-0.3950432739257812,-0.1388636962890625
71.49981617927551,0.2467442576101907,-0.2561795776367187,-0.29448680419921874
71.5201587677002,0.23901684565479597,-0.29448680419921874,-0.4477157104492187
71.53995060920715,0.2366186833238114,-0.36631285400390623,0.011971008300781249
71.56059694290161,0.23049004625573968,-0.20350714111328125,0.023942016601562498
71.58038139343262,0.22835834640597563,-0.2657563842773437,-0.29927520751953124
71.59993505477905,0.22169678437546292,-0.40462008056640625,-0.27293898925781246
71.62019467353821,0.21730015343532455,-0.45010991210937495,-0.09816226806640624
71.63985276222229,0.22769219020292436,-0.2753331909179687,-0.18435352783203124
71.66006374359131,0.23075650873696021,-0.4261678955078125,-0.34715924072265625
71.6801164150238,0.2380842269705242,-0.603338818359375,-0.13407529296874998
71.700031042099,0.2544716695655854,-0.4525041137695312,-0.258573779296875
71.72025489807129,0.24927565118178552,-0.373495458984375,-0.45968671875
71.74055862426758,0.25367228212192394,-0.5674257934570313,-0.39983167724609375
71.76023197174072,0.2526064321970419,-0.46208092041015625,0.10295067138671875
71.78036618232727,0.24061562054211902,-0.17477672119140625,-0.04548983154296875
71.80002498626709,0.2435467078355446,-0.17477672119140625,-0.29927520751953124
71.82072162628174,0.2380842269705242,-0.4381389038085937,-0.277727392578125
71.83991932868958,0.22342879050339623,-0.38307226562499996,-0.031124621582031248
71.86065745353699,0.22662634027804232,-0.21308394775390624,-0.18914193115234373
71.8803870677948,0.22542725911255004,-0.26336218261718747,-0.373495458984375
71.89999866485596,0.232754977346114,-0.5363011718749999,-0.09337386474609374
71.92013430595398,0.24381317031676514,-0.41419688720703124,-0.21308394775390624
71.94020414352417,0.24541194520408816,-0.3112462158203125,-0.5698199951171875
71.96015620231628,0.25154058227215986,-0.7134720947265625,-0.38307226562499996
71.98029375076294,0.26726186866416984,-0.4836287353515625,-0.016759411621093748
72.00000715255737,0.2633981626864725,-0.28730419921875,-0.17956512451171874
72.02026748657227,0.2653966312956263,-0.47644613037109373,-0.42377369384765623
72.04025721549988,0.25420520708436495,-0.5243301635742187,-0.13407529296874998
72.06031131744385,0.25273966343765214,-0.38786066894531246,0.0526724365234375
72.08095049858093,0.2456784076853087,-0.19632453613281248,-0.1292868896484375
72.09995460510254,0.2388836144141857,-0.4429273071289062,-0.181959326171875
72.11996722221375,0.22049770320997064,-0.40940848388671874,-0.06943184814453125
72.13990116119385,0.21463552862311946,-0.2059013427734375,-0.076614453125
72.1606559753418,0.21023889768298107,-0.24181436767578124,-0.2442085693359375
72.1805682182312,0.20091271084026327,-0.17477672119140625,-0.12689268798828124
72.20017671585083,0.19771516106561718,-0.277727392578125,-0.0143652099609375
72.22031378746033,0.20371056689307862,-0.3136404174804687,-0.28012159423828126
72.24014282226562,0.22795865268414486,-0.5674257934570313,-0.5363011718749999
72.26056861877441,0.2508744260691086,-0.6248866333007812,-0.2920926025390625
72.28030633926392,0.2679280248672211,-0.469263525390625,-0.42377369384765623
72.30029106140137,0.2829831550561798,-0.507570751953125,-0.3016694091796875
72.32027435302734,0.2825834613343491,-0.7565677246093749,-0.11731588134765625
72.33995628356934,0.2767212867474979,-0.4644751220703125,0.04548983154296875
72.36037945747375,0.26672894370172884,-0.17238251953125,-0.0383072265625
72.38012027740479,0.25780245058084184,-0.3327940307617187,-0.15562310791015624
72.39998960494995,0.24434609527920614,-0.55545478515625,-0.16280571289062498
72.42003655433655,0.23528637091770885,-0.21068974609375,-0.028730419921875
72.44014692306519,0.23128943369940122,-0.35194764404296874,-0.34715924072265625
72.46052861213684,0.23435375223343707,-0.32561142578124996,-0.239420166015625
72.4803614616394,0.23781776448930367,-0.2346317626953125,-0.1149216796875
72.4998631477356,0.22409494670644753,-0.23223756103515625,-0.15322890625
72.52011227607727,0.22249617181912446,-0.44532150878906246,-0.27293898925781246
72.53990054130554,0.2142358349012887,-0.46208092041015625,-0.13168109130859373
72.56020259857178,0.20850689155504776,-0.48123453369140623,-0.00718260498046875
72.58046698570251,0.2041102606149094,-0.17477672119140625,-0.1484405029296875
72.60033392906189,0.20650842294589394,-0.47165772705078124,-0.3184288208007812
72.62022805213928,0.21570137854800148,-0.5315127685546874,-0.028730419921875
72.64034366607666,0.23968300185784724,-0.51714755859375,-0.49799394531249996
72.66044998168945,0.25327258840009315,-0.5099649536132812,-0.6464344482421874
72.6801369190216,0.23928330813601648,-0.7924807495117187,-0.4070142822265625
72.6999740600586,0.2779203679129902,-0.5147533569335937,-0.16041151123046873
72.71997785568237,0.2703261871982057,-0.19153613281249998,-0.1149216796875
72.73993825912476,0.25846860678389305,-0.39983167724609375,-0.22026655273437498
72.76063418388367,0.24887595745995478,-0.33518823242187495,0.11013327636718749
72.78047728538513,0.23009035253390894,-0.3687070556640625,0.02633621826171875
72.80008554458618,0.22302909678156546,-0.181959326171875,-0.28490999755859375
72.82016491889954,0.21316998497640668,-0.296881005859375,-0.21068974609375
72.84011220932007,0.2069081166677247,-0.27293898925781246,-0.062249243164062495
72.86023187637329,0.21570137854800148,-0.023942016601562498,-0.2705447875976562
72.88053560256958,0.2137029099388477,-0.40222587890625,-0.3806780639648437
72.89998078346252,0.22835834640597563,-0.699106884765625,-0.16280571289062498
72.92007303237915,0.24860949497873427,-0.5410895751953124,-0.32561142578124996
72.94006538391113,0.2612664628367084,-0.5458779785156249,-0.6081272216796875
72.9603009223938,0.27485604937895436,-0.6679822631835937,-0.3806780639648437
72.98034477233887,0.26926033727332366,-0.6919242797851562,-0.07422025146484375
72.99996185302734,0.25940122546816485,-0.3232172241210937,0.055066638183593745
73.02025365829468,0.2535390508813137,-0.19871873779296872,-0.2657563842773437
73.04020404815674,0.2430137828731036,-0.3806780639648437,-0.17477672119140625
73.0607705116272,0.23368759603038583,-0.37828386230468747,0.09816226806640624
73.0809178352356,0.2290245026090269,-0.18435352783203124,-0.1580173095703125
73.10012817382812,0.22143032189424242,-0.29927520751953124,-0.20829554443359374
73.12029385566711,0.2115712100890836,-0.36631285400390623,0.040701428222656245
73.14013433456421,0.22289586554095522,-0.26815058593749996,-0.12449848632812499
73.16019129753113,0.21316998497640668,-0.2657563842773437,-0.3591302490234375
73.18050479888916,0.21849923460081683,-0.6823474731445313,-0.5219359619140624
73.1999819278717,0.2383506894517447,-0.6153098266601562,-0.21308394775390624
73.22024488449097,0.2544716695655854,-0.5267243652343749,-0.16041151123046873
73.23994135856628,0.2598009191899956,-0.6512228515624999,-0.4477157104492187
73.26000261306763,0.2671286374235596,-0.6679822631835937,-0.32082302246093747
73.28035378456116,0.2598009191899956,-0.37828386230468747,-0.28490999755859375
73.30007886886597,0.25247320095643166,-0.2537853759765625,-0.22505495605468748
73.32042455673218,0.24954211366300605,-0.39264907226562495,-0.02633621826171875
73.34010362625122,0.23182235866184223,-0.4333505004882812,0.143652099609375
73.36049604415894,0.21809954087898606,-0.2705447875976562,-0.15083470458984374
73.38065838813782,0.20557580426162217,-0.28730419921875,-0.2609679809570312
73.40001225471497,0.23848392069235497,-0.35194764404296874,-0.13646949462890623
73.42015051841736,0.21490199110433997,-0.30885201416015623,-0.14125789794921875
73.43999481201172,0.22516079663132954,-0.28490999755859375,-0.3711012573242187
73.46002388000488,0.2363522208425909,-0.6751648681640625,-0.5602431884765625
73.48035168647766,0.25833537554328284,-0.6392518432617187,-0.24660277099609373
73.49980235099792,0.264730475092575,-0.48123453369140623,-0.26336218261718747
73.51993989944458,0.27085911216064673,-0.4908113403320312,-0.2753331909179687
73.53996515274048,0.2693935685139339,-0.5674257934570313,-0.11013327636718749
73.56059265136719,0.25993415043060586,-0.3327940307617187,0.028730419921875
73.58025360107422,0.2528728946782624,-0.22505495605468748,-0.33758243408203126
73.60027289390564,0.24781010753507274,-0.5267243652343749,-0.17238251953125
73.62029957771301,0.24114854550456005,-0.5219359619140624,0.0526724365234375
73.63991451263428,0.24061562054211902,-0.24660277099609373,-0.11252747802734374
73.66052865982056,0.23795099572991393,-0.3447650390625,-0.3112462158203125
73.68033385276794,0.2282251151653654,-0.39743747558593745,-0.33039982910156246
73.7001006603241,0.224361409187668,-0.4213794921875,0.055066638183593745
73.71997928619385,0.22396171546583724,-0.33518823242187495,-0.0909796630859375
73.74026918411255,0.21769984715715532,-0.45010991210937495,-0.33758243408203126
73.76042819023132,0.21396937242006817,-0.5961562133789062,-0.19871873779296872
73.78035426139832,0.21836600336020656,-0.3399766357421875,-0.23223756103515625
73.80043816566467,0.20504287929918116,-0.3591302490234375,-0.30885201416015623
73.82005190849304,0.2543384383249752,-0.5865794067382812,-0.45968671875
73.8401951789856,0.2612664628367084,-0.6679822631835937,-0.26336218261718747
73.86011815071106,0.3062986221629743,-0.44053310546874996,-0.4477157104492187
73.88030767440796,0.27085911216064673,-0.47884033203125,-0.46686932373046874
73.89994788169861,0.26606278749867757,-0.6847416748046875,-0.009576806640625
73.92012929916382,0.2628652377240315,-0.4644751220703125,0.06703764648437499
73.94002056121826,0.25833537554328284,-0.16041151123046873,-0.08858546142578125
73.96005058288574,0.24554517644469842,-0.40462008056640625,-0.3136404174804687
73.98009324073792,0.24154823922639082,-0.42377369384765623,-0.08858546142578125
73.9998300075531,0.2398162330984575,-0.3854664672851562,-0.02154781494140625
74.02023649215698,0.24021592682028828,-0.2154781494140625,-0.19632453613281248
74.0399100780487,0.24141500798578053,-0.36391865234375,-0.17477672119140625
74.0599615573883,0.23248851486489353,-0.4213794921875,-0.24181436767578124
74.0806839466095,0.23408728975221654,-0.2825157958984375,-0.1771709228515625
74.09994912147522,0.20490964805857093,-0.34237083740234375,-0.18914193115234373
74.12036776542664,0.23768453324869343,-0.4381389038085937,-0.17956512451171874
74.13993620872498,0.23728483952686266,-0.45968671875,-0.13407529296874998
74.15996217727661,0.23382082727099607,-0.44053310546874996,-0.24181436767578124
74.1803810596466,0.23488667719587808,-0.5578489868164063,-0.36391865234375
74.20000863075256,0.2418147017076113,-0.47884033203125,-0.03591302490234375
74.22012400627136,0.23475344595526784,-0.5458779785156249,-0.19153613281249998
74.23990297317505,0.2339540585116063,-0.3136404174804687,-0.21308394775390624
74.26026463508606,0.2287580401278064,-0.5195417602539062,-0.08858546142578125
74.28039360046387,0.21783307839776556,-0.4740519287109375,0.01915361328125
74.30002498626709,0.22076416569119114,-0.277727392578125,-0.3112462158203125
74.32006549835205,0.21610107226983225,-0.33518823242187495,-0.34237083740234375
74.33995366096497,0.21290352249518615,-0.45010991210937495,-0.12210428466796874
74.36007404327393,0.2226294030597347,-0.239420166015625,0.08379705810546874
74.3802227973938,0.223295559262786,-0.2561795776367187,-0.277727392578125
74.39994263648987,0.23315467106794477,-0.488417138671875,-0.2442085693359375
74.41995930671692,0.24661102636958046,-0.5099649536132812,-0.30885201416015623
74.43994998931885,0.24914241994117528,-0.41898529052734373,-0.28490999755859375
74.46229147911072,0.25886830050572385,-0.6967126831054687,-0.29448680419921874
74.48017835617065,0.26206585028036994,-0.6823474731445313,-0.086191259765625
74.49969601631165,0.25993415043060586,-0.5410895751953124,-0.1771709228515625
74.51998615264893,0.2628652377240315,-0.316034619140625,-0.36152445068359373
74.5398919582367,0.2570030631371803,-0.5506663818359374,-0.06943184814453125
74.56009221076965,0.2528728946782624,-0.4740519287109375,0.22026655273437498
74.58022928237915,0.25473813204680595,-0.34715924072265625,-0.143652099609375
74.60044550895691,0.25686983189657003,-0.35194764404296874,-0.3854664672851562
74.62034940719604,0.25220673847521113,-0.5051765502929687,-0.33039982910156246
74.63991451263428,0.248476263738124,-0.36391865234375,-0.02633621826171875
74.66040420532227,0.24754364505385223,-0.3232172241210937,-0.13407529296874998
74.68027973175049,0.24208116418883183,-0.354341845703125,-0.02633621826171875
74.70005440711975,0.23768453324869343,-0.4213794921875,-0.033518823242187495
74.72006440162659,0.22835834640597563,-0.46208092041015625,-0.1484405029296875
74.73986840248108,0.22409494670644753,-0.32561142578124996,-0.29448680419921874
74.76018357276917,0.22769219020292436,-0.43574470214843747,-0.2346317626953125
74.78049731254578,0.22969065881207817,-0.4261678955078125,-0.05746083984375
74.80015277862549,0.23675191456442166,-0.20829554443359374,-0.296881005859375
74.82032322883606,0.2398162330984575,-0.612915625,-0.32561142578124996
74.84021806716919,0.2419479329482216,-0.5674257934570313,-0.06464344482421874
74.86023759841919,0.24900918870056504,-0.39983167724609375,-0.1149216796875
74.88010478019714,0.2464777951289702,-0.48123453369140623,-0.34237083740234375
74.89984941482544,0.23355436478977554,-0.5985504150390625,-0.18914193115234373
74.92011594772339,0.2095727414799298,-0.6584054565429687,0.18435352783203124
74.94023036956787,0.17986217482384312,-0.49320554199218747,0.08379705810546874
74.96010947227478,0.13696171534734128,-0.40940848388671874,0.15322890625
74.9804744720459,0.0834027566220191,-0.6081272216796875,0.33039982910156246
75.00018000602722,0.02851148549059439,-0.30406361083984373,0.296881005859375
75.02009320259094,-0.016120980113840753,-0.3711012573242187,0.4333505004882812
75.03978204727173,-0.057156202221799034,-0.19632453613281248,-0.040701428222656245
75.06101131439209,-0.05515773361264523,-0.3447650390625,-0.373495458984375
75.08099889755249,-0.03064318534035846,-0.24660277099609373,-0.4165910888671875
75.10024929046631,-0.016787136316892024,-0.45968671875,-0.5363011718749999
75.12011241912842,-0.0039969372183076245,-0.4955997436523437,-0.21787235107421873
75.14027571678162,0.0035972434964768626,-0.63206923828125,-0.201112939453125
75.16021919250488,0.008926493120887028,-0.507570751953125,-0.2657563842773437
75.18020415306091,0.01052526800821008,-0.6823474731445313,-0.24660277099609373
75.1998233795166,-0.0010658499248820332,-0.5961562133789062,-0.14125789794921875
75.22020721435547,0.000799387443661525,-0.36152445068359373,-0.1580173095703125
75.24023580551147,0.009326186842717792,-0.27293898925781246,-0.17956512451171874
75.26027655601501,0.003464012255866608,-0.20829554443359374,-0.13646949462890623
75.28031039237976,-0.01052526800821008,-0.34715924072265625,-0.1771709228515625
75.30013728141785,-0.01732006127933304,-0.469263525390625,-0.10295067138671875
75.32009601593018,-0.015188361429568975,-0.5865794067382812,-0.1771709228515625
75.3400866985321,-0.013056661579804908,-0.5339069702148437,-0.20350714111328125
75.36013627052307,-0.008926493120887028,-0.49799394531249996,-0.35673604736328124
75.38034629821777,0.000799387443661525,-0.47644613037109373,-0.39983167724609375
75.39998078346252,0.0063950995492922,-0.40462008056640625,-0.22266075439453123
75.4205493927002,0.00866003063966652,-0.35673604736328124,-0.06943184814453125
75.44043231010437,-0.003863705977697371,-0.4333505004882812,0.105344873046875
75.46020174026489,-0.014921898948348467,-0.38786066894531246,-0.00239420166015625
75.48048424720764,-0.016120980113840753,-0.6057330200195312,-0.24181436767578124
75.4997546672821,-0.007993874436615249,-0.4836287353515625,-0.19393033447265623
75.51997947692871,-0.00866003063966652,-0.3806780639648437,-0.24660277099609373
75.54003095626831,-0.0005329249624410166,-0.5291185668945312,-0.2609679809570312
75.56006669998169,0.002264931090374321,-0.3902548706054687,-0.20350714111328125
75.58034586906433,-0.0005329249624410166,-0.5961562133789062,-0.08140285644531249
75.60017418861389,-0.004663093421358896,-0.39743747558593745,-0.2346317626953125
75.62052416801453,-0.0029310872934255917,-0.38307226562499996,-0.29927520751953124
75.64035034179688,-0.002398162330984575,-0.29927520751953124,-0.24660277099609373
75.66047644615173,-0.004263399699528133,-0.411802685546875,-0.24660277099609373
75.68031859397888,-0.007061255752343471,-0.5003881469726562,-0.258573779296875
75.69998478889465,-0.011324655451871604,-0.41419688720703124,-0.12689268798828124
75.72010803222656,-0.008393568158446012,-0.4429273071289062,-0.17956512451171874
75.73998594284058,-0.0010658499248820332,-0.5339069702148437,-0.28012159423828126
75.75988149642944,-0.002398162330984575,-0.48123453369140623,-0.22266075439453123
75.78028392791748,-0.004663093421358896,-0.4165910888671875,-0.28969840087890625
75.80024123191833,-0.004263399699528133,-0.36152445068359373,-0.1197100830078125
75.82022666931152,-0.0035972434964768626,-0.44053310546874996,-0.15322890625
75.84047961235046,-0.0063950995492922,-0.41419688720703124,-0.2825157958984375
75.86112952232361,-0.0074609494741742334,-0.469263525390625,-0.22505495605468748
75.8805603981018,-0.004130168458917879,-0.39743747558593745,-0.16041151123046873
75.90020036697388,-0.0013323124061025418,-0.4429273071289062,-0.19153613281249998
75.92030477523804,-0.004130168458917879,-0.47644613037109373,-0.27293898925781246
75.94023537635803,-0.00479632466196915,-0.6105214233398437,-0.201112939453125
75.9600019454956,-0.004529862180748642,-0.40940848388671874,-0.055066638183593745
75.98030495643616,-0.007194486992953725,-0.4525041137695312,-0.09816226806640624
75.9999041557312,-0.004929555902579405,-0.507570751953125,-0.14125789794921875
76.02011632919312,-0.007860643196004996,-0.5267243652343749,-0.20829554443359374
76.04005742073059,-0.005062787143189658,-0.4429273071289062,-0.16759411621093748
76.06098246574402,-0.005462480865020421,-0.4333505004882812,-0.1149216796875
76.08093237876892,-0.0035972434964768626,-0.4429273071289062,-0.076614453125
76.09984564781189,-0.004130168458917879,-0.5291185668945312,-0.11252747802734374
76.11997866630554,-0.006128637068071691,-0.4644751220703125,-0.15562310791015624
76.13986110687256,-0.007194486992953725,-0.469263525390625,-0.1771709228515625
76.16013073921204,-0.0030643185340358454,-0.4165910888671875,-0.16041151123046873
76.18027901649475,-0.006261868308681946,-0.4525041137695312,-0.181959326171875
76.19996619224548,-0.010392036767599824,-0.33518823242187495,-0.258573779296875
76.2202079296112,-0.004396630940138387,-0.5219359619140624,-0.2825157958984375
76.23990797996521,-0.004396630940138387,-0.4477157104492187,-0.21787235107421873
76.26006889343262,-0.0033307810152563544,-0.488417138671875,-0.18435352783203124
76.28048753738403,-0.002797856052815337,-0.32561142578124996,-0.13407529296874998
76.2998480796814,-0.006661562030512709,-0.4285620971679687,-0.2442085693359375
76.32020449638367,0.03370750387439431,-0.4070142822265625,-0.29448680419921874
76.34001970291138,-0.007860643196004996,-0.5027823486328125,-0.26336218261718747
76.36019325256348,-0.008526799399056265,-0.3854664672851562,-0.1580173095703125
76.38012290000916,-0.005462480865020421,-0.4285620971679687,-0.11252747802734374
76.39987301826477,-0.0019984686091538122,-0.4333505004882812,-0.15562310791015624
76.42000961303711,-0.0057289433462409285,-0.488417138671875,-0.24899697265624998
76.43985414505005,-0.0039969372183076245,-0.4525041137695312,-0.18914193115234373
76.46010279655457,-0.005462480865020421,-0.3950432739257812,-0.1867477294921875
76.48050785064697,-0.0021316998497640663,-0.3806780639648437,-0.19393033447265623
76.50002145767212,-0.002797856052815337,-0.4860229370117187,-0.201112939453125
76.520339012146,-0.0039969372183076245,-0.59376201171875,-0.22266075439453123
76.54022884368896,-0.0039969372183076245,-0.47165772705078124,-0.16280571289062498
76.56003999710083,-0.0037304747370871167,-0.45010991210937495,-0.29448680419921874
76.5805311203003,-0.006928024511733216,-0.5889736083984375,-0.18914193115234373
76.59998655319214,-0.009992343045769061,-0.4333505004882812,-0.2154781494140625
76.62045311927795,-0.0031975497746461,-0.41419688720703124,-0.2059013427734375
76.63995313644409,-0.0011990811654922875,-0.430956298828125,-0.20829554443359374
76.66052341461182,-0.0033307810152563544,-0.45010991210937495,-0.20829554443359374
76.6804928779602,-0.005062787143189658,-0.5817910034179687,-0.19393033447265623
76.69987940788269,-0.004130168458917879,-0.4285620971679687,-0.19153613281249998
76.72022271156311,-0.009326186842717792,-0.4285620971679687,-0.19871873779296872
76.73985719680786,-0.007061255752343471,-0.4165910888671875,-0.17956512451171874
76.76026844978333,-0.00159877488732305,-0.43574470214843747,-0.19871873779296872
76.780592918396,-0.0031975497746461,-0.38786066894531246,-0.18914193115234373
76.80038142204285,-0.00479632466196915,-0.45489831542968745,-0.18435352783203124
76.82050037384033,-0.004663093421358896,-0.32082302246093747,-0.16998831787109375
76.8403673171997,-0.002531393571594829,-0.6009446166992187,-0.19393033447265623
76.86089944839478,-0.0063950995492922,-0.43574470214843747,-0.19393033447265623
76.88058924674988,-0.0063950995492922,-0.42377369384765623,-0.19632453613281248
76.9004487991333,-0.009326186842717792,-0.42377369384765623,-0.20350714111328125
76.92043614387512,-0.009992343045769061,-0.44532150878906246,-0.22026655273437498
76.94027757644653,-0.0019984686091538122,-0.45010991210937495,-0.22505495605468748
76.96020698547363,-0.005995405827461438,-0.39983167724609375,-0.17477672119140625
76.98037648200989,-0.0030643185340358454,-0.47884033203125,-0.17238251953125
77.00019359588623,-0.006661562030512709,-0.40462008056640625,-0.1867477294921875
77.02043867111206,-0.0018652373685435584,-0.4333505004882812,-0.229843359375
77.04000639915466,-0.009192955602107537,-0.3184288208007812,-0.19632453613281248
77.06033849716187,-0.0013323124061025418,-0.41898529052734373,-0.21787235107421873
77.08030366897583,-0.006128637068071691,-0.4429273071289062,-0.20829554443359374
77.09990191459656,-0.0039969372183076245,-0.43574470214843747,-0.20350714111328125
77.12010931968689,-0.0074609494741742334,-0.4572925170898437,-0.16041151123046873
77.14042854309082,-0.006128637068071691,-0.4381389038085937,-0.20350714111328125
77.1602475643158,-0.006794793271122962,-0.4333505004882812,-0.15562310791015624
77.18050146102905,-0.004130168458917879,-0.45489831542968745,-0.19632453613281248
77.20000433921814,-0.004529862180748642,-0.44532150878906246,-0.21308394775390624
77.22011613845825,-0.0037304747370871167,-0.44053310546874996,-0.19871873779296872
77.23993158340454,-0.007061255752343471,-0.4285620971679687,-0.19393033447265623
77.26032328605652,-0.006794793271122962,-0.43574470214843747,-0.19632453613281248
77.2802312374115,-0.006528330789902454,-0.4285620971679687,-0.19871873779296872
77.3002552986145,-0.00479632466196915,-0.4333505004882812,-0.18914193115234373
77.32027816772461,-0.006128637068071691,-0.4477157104492187,-0.22026655273437498
77.34017419815063,-0.0035972434964768626,-0.42377369384765623,-0.1867477294921875
77.36036133766174,-0.005196018383799912,-0.4213794921875,-0.23223756103515625
77.38035988807678,-0.002398162330984575,-0.4572925170898437,-0.19871873779296872
77.3998851776123,-0.0057289433462409285,-0.44053310546874996,-0.22026655273437498
77.42049646377563,-0.005462480865020421,-0.4285620971679687,-0.19632453613281248
77.44030427932739,-0.00159877488732305,-0.43574470214843747,-0.239420166015625
77.46041345596313,-0.0057289433462409285,-0.41898529052734373,-0.21068974609375
77.48050308227539,-0.0035972434964768626,-0.4213794921875,-0.19632453613281248
77.5002806186676,0.033307810152563545,-0.4165910888671875,-0.21308394775390624
77.52039361000061,-0.0031975497746461,-0.41419688720703124,-0.19632453613281248
77.54014348983765,-0.006661562030512709,-0.4381389038085937,-0.16998831787109375
77.56052160263062,-0.0073277182335639785,-0.4165910888671875,-0.19632453613281248
77.58024001121521,-0.002531393571594829,-0.44532150878906246,-0.22505495605468748
77.6002869606018,-0.004396630940138387,-0.316034619140625,-0.17956512451171874
77.62017321586609,-0.005595712105630674,-0.4165910888671875,-0.19632453613281248
77.64009833335876,-0.0063950995492922,-0.4285620971679687,-0.22744915771484372
77.66043448448181,-0.007993874436615249,-0.430956298828125,-0.1771709228515625
77.68061590194702,-0.006928024511733216,-0.4572925170898437,-0.17956512451171874
77.69987487792969,-0.003863705977697371,-0.46686932373046874,-0.1771709228515625
77.72014832496643,-0.0063950995492922,-0.4333505004882812,-0.15083470458984374
77.73985004425049,-0.002797856052815337,-0.3902548706054687,-0.19153613281249998
77.760502576828,-0.004529862180748642,-0.4525041137695312,-0.1867477294921875
77.78062176704407,-0.002797856052815337,-0.44532150878906246,-0.21787235107421873
77.80024695396423,-0.007993874436615249,-0.44053310546874996,-0.19393033447265623
77.82045102119446,-0.006661562030512709,-0.4429273071289062,-0.19153613281249998
77.84009790420532,-0.0002664624812205083,-0.4381389038085937,-0.21068974609375
77.86051654815674,-0.003863705977697371,-0.43574470214843747,-0.22266075439453123
77.88065576553345,-0.005995405827461438,-0.44532150878906246,-0.21308394775390624
77.90039372444153,-0.00866003063966652,-0.4429273071289062,-0.19871873779296872
77.9204032421112,-0.0095926493239383,-0.3112462158203125,-0.1867477294921875
77.94017624855042,-0.0033307810152563544,-0.45010991210937495,-0.2154781494140625
77.96034717559814,-0.008526799399056265,-0.4333505004882812,-0.18914193115234373
77.98051953315735,-0.004263399699528133,-0.4333505004882812,-0.1867477294921875
78.00028157234192,-0.00479632466196915,-0.44532150878906246,-0.19393033447265623
78.02052187919617,-0.003863705977697371,-0.45968671875,-0.20829554443359374
78.04049158096313,-0.0074609494741742334,-0.45489831542968745,-0.20829554443359374
78.06060361862183,-0.006261868308681946,-0.39743747558593745,-0.16998831787109375
78.08091998100281,-0.007727411955394742,-0.3136404174804687,-0.21787235107421873
78.09994459152222,-0.004663093421358896,-0.430956298828125,-0.1771709228515625
78.11998438835144,-0.0037304747370871167,-0.43574470214843747,-0.18435352783203124
78.14009070396423,-0.006794793271122962,-0.603338818359375,-0.18435352783203124
78.1603844165802,-0.007860643196004996,-0.5961562133789062,-0.19871873779296872
78.18017029762268,-0.008526799399056265,-0.47884033203125,-0.2154781494140625
78.20008778572083,-0.00013323124061025415,-0.4525041137695312,-0.17238251953125
78.22028851509094,-0.0037304747370871167,-0.4213794921875,-0.2154781494140625
78.24009728431702,-0.004529862180748642,-0.430956298828125,-0.21068974609375
78.26034498214722,-0.007061255752343471,-0.4381389038085937,-0.18914193115234373
78.28044509887695,-0.004663093421358896,-0.4333505004882812,-0.19153613281249998
78.30020546913147,-0.008127105677225504,-0.3902548706054687,-0.17238251953125
78.32012367248535,-0.00159877488732305,-0.39743747558593745,-0.16280571289062498
78.34013056755066,-0.005995405827461438,-0.411802685546875,-0.2154781494140625
78.36005592346191,-0.0037304747370871167,-0.39983167724609375,-0.2154781494140625
78.38048052787781,-0.006261868308681946,-0.45489831542968745,-0.18435352783203124
78.40002226829529,-0.00479632466196915,-0.42377369384765623,-0.19393033447265623
78.42049908638,-0.007727411955394742,-0.39983167724609375,-0.20350714111328125
78.44040203094482,-0.005462480865020421,-0.4213794921875,-0.2059013427734375
78.46249747276306,-0.010125574286379316,-0.41419688720703124,-0.17238251953125
78.48018527030945,-0.005462480865020421,-0.4740519287109375,-0.1580173095703125
78.50019407272339,-0.006794793271122962,-0.39983167724609375,-0.17956512451171874
78.52010655403137,-0.0037304747370871167,-0.4213794921875,-0.19393033447265623
78.53993463516235,-0.005995405827461438,-0.40222587890625,-0.17238251953125
78.56036686897278,-0.00479632466196915,-0.4429273071289062,-0.22266075439453123
78.58065843582153,-0.0033307810152563544,-0.430956298828125,-0.21308394775390624
78.60035920143127,-0.007194486992953725,-0.40462008056640625,-0.181959326171875
78.62051463127136,-0.003863705977697371,-0.45010991210937495,-0.1771709228515625
78.64049887657166,-0.004396630940138387,-0.41419688720703124,-0.19871873779296872
78.66069889068604,-0.0058621745868511835,-0.4285620971679687,-0.19871873779296872
78.68015694618225,-0.009059724361497283,-0.44053310546874996,-0.181959326171875
78.7000105381012,-0.005329249624410167,-0.430956298828125,-0.22266075439453123
78.7199776172638,-0.004663093421358896,-0.39983167724609375,-0.1867477294921875
78.7400894165039,-0.0057289433462409285,-0.4285620971679687,-0.201112939453125
78.76008033752441,-0.005462480865020421,-0.45489831542968745,-0.19871873779296872
78.78020167350769,-0.008260336917835759,-0.41419688720703124,-0.16759411621093748
78.79978561401367,-0.0033307810152563544,-0.4285620971679687,-0.19393033447265623
78.820321559906,-0.007061255752343471,-0.3184288208007812,-0.18435352783203124
78.83984971046448,-0.0019984686091538122,-0.4285620971679687,-0.18435352783203124
78.86021828651428,-0.0011990811654922875,-0.44532150878906246,-0.21787235107421873
78.88049411773682,-0.0075941807147844875,-0.59376201171875,-0.22266075439453123
78.90019392967224,-0.006128637068071691,-0.41419688720703124,-0.19871873779296872
78.92031788825989,-0.004263399699528133,-0.40462008056640625,-0.229843359375
78.94032645225525,-0.002398162330984575,-0.41898529052734373,-0.1580173095703125
78.96039819717407,-0.0037304747370871167,-0.4429273071289062,-0.19393033447265623
78.98028612136841,-0.002264931090374321,-0.30885201416015623,-0.18435352783203124
78.99989628791809,-0.002264931090374321,-0.40462008056640625,-0.2346317626953125
79.02018713951111,-0.001732006127933304,-0.44532150878906246,-0.15562310791015624
79.04003691673279,-0.00479632466196915,-0.5889736083984375,-0.22266075439453123
79.06018447875977,-0.0033307810152563544,-0.411802685546875,-0.19393033447265623
79.08068704605103,-0.005062787143189658,-0.430956298828125,-0.16519991455078123
79.10007905960083,-0.005062787143189658,-0.411802685546875,-0.20829554443359374
79.12031769752502,-0.005329249624410167,-0.41419688720703124,-0.19393033447265623
79.13988852500916,-0.0030643185340358454,-0.411802685546875,-0.19871873779296872
79.15990352630615,-0.001732006127933304,-0.4525041137695312,-0.1771709228515625
79.18040704727173,-0.009459418083328047,-0.45968671875,-0.21787235107421873
79.1998405456543,-0.008127105677225504,-0.3136404174804687,-0.18914193115234373
79.22031235694885,-0.006261868308681946,-0.41898529052734373,-0.21068974609375
79.24008297920227,-0.005595712105630674,-0.4381389038085937,-0.21787235107421873
79.26027369499207,-0.005329249624410167,-0.4381389038085937,-0.2059013427734375
79.28007674217224,-0.0063950995492922,-0.42377369384765623,-0.17956512451171874
79.29971432685852,-0.005062787143189658,-0.44532150878906246,-0.23702596435546874
79.32016181945801,-0.0063950995492922,-0.41898529052734373,-0.20829554443359374
79.33989119529724,-0.00479632466196915,-0.4477157104492187,-0.17477672119140625
79.35990881919861,-0.0019984686091538122,-0.46686932373046874,-0.16519991455078123
79.38024282455444,-0.0014655436467127959,-0.4285620971679687,-0.18435352783203124
79.39979338645935,-0.004663093421358896,-0.44532150878906246,-0.22744915771484372
79.42015480995178,-0.003464012255866608,-0.44532150878906246,-0.17477672119140625
79.43989992141724,-0.0029310872934255917,-0.4285620971679687,-0.19153613281249998
79.46032357215881,-0.005062787143189658,-0.411802685546875,-0.20350714111328125
79.48010206222534,-0.001732006127933304,-0.41419688720703124,-0.1771709228515625
79.49987959861755,-0.0057289433462409285,-0.4333505004882812,-0.2059013427734375
79.51996660232544,-0.008260336917835759,-0.45010991210937495,-0.22266075439453123
79.53992938995361,-0.005196018383799912,-0.411802685546875,-0.20829554443359374
79.55990362167358,-0.002797856052815337,-0.4285620971679687,-0.18435352783203124
79.58010149002075,-0.005062787143189658,-0.47644613037109373,-0.20829554443359374
79.59984946250916,-0.005995405827461438,-0.44532150878906246,-0.25139117431640623
79.62017679214478,-0.004263399699528133,-0.4285620971679687,-0.19871873779296872
79.63983249664307,-0.00866003063966652,-0.46686932373046874,-0.22505495605468748
79.65978384017944,-0.007194486992953725,-0.45489831542968745,-0.1867477294921875
79.68020963668823,-0.003863705977697371,-0.45010991210937495,-0.181959326171875
79.7000150680542,-0.006261868308681946,-0.45489831542968745,-0.21068974609375
79.72025680541992,-0.0037304747370871167,-0.4429273071289062,-0.18914193115234373
79.73977565765381,-0.008526799399056265,-0.44532150878906246,-0.19153613281249998
79.76001048088074,-0.006661562030512709,-0.430956298828125,-0.20350714111328125
79.78012299537659,-0.00866003063966652,-0.4381389038085937,-0.18914193115234373
79.79979634284973,-0.005462480865020421,-0.44532150878906246,-0.22744915771484372
79.82011556625366,-0.0019984686091538122,-0.41898529052734373,-0.22744915771484372
79.83995079994202,-0.000799387443661525,-0.4525041137695312,-0.22266075439453123
79.86003136634827,-0.006128637068071691,-0.45968671875,-0.18435352783203124
79.88010692596436,-0.0057289433462409285,-0.42377369384765623,-0.20829554443359374
79.90031218528748,-0.007061255752343471,-0.44053310546874996,-0.15322890625
79.92046761512756,-0.004263399699528133,-0.45489831542968745,-0.20350714111328125
79.94038939476013,-0.0011990811654922875,-0.59376201171875,-0.16759411621093748
79.96114587783813,-0.004130168458917879,-0.4213794921875,-0.1771709228515625
79.98014712333679,-0.003464012255866608,-0.49320554199218747,-0.22505495605468748
79.99984979629517,-0.006128637068071691,-0.40462008056640625,-0.21068974609375
80.02020192146301,-0.0039969372183076245,-0.39743747558593745,-0.201112939453125
80.03990745544434,-0.005995405827461438,-0.4285620971679687,-0.17477672119140625
80.0603539943695,-0.004529862180748642,-0.4381389038085937,-0.22026655273437498
80.08070468902588,-0.005329249624410167,-0.4070142822265625,-0.239420166015625
80.0998260974884,-0.008393568158446012,-0.40462008056640625,-0.20350714111328125
80.12026643753052,-0.0058621745868511835,-0.45010991210937495,-0.19153613281249998
80.13979864120483,-0.007194486992953725,-0.4477157104492187,-0.19153613281249998
80.1605908870697,-0.002531393571594829,-0.4477157104492187,-0.18435352783203124
80.1804575920105,-0.006661562030512709,-0.44053310546874996,-0.18435352783203124
80.1999762058258,-0.009326186842717792,-0.430956298828125,-0.19632453613281248
80.22031664848328,-0.0058621745868511835,-0.4381389038085937,-0.19871873779296872
80.23988199234009,-0.003464012255866608,-0.4381389038085937,-0.20350714111328125
80.26019167900085,-0.004396630940138387,-0.6081272216796875,-0.2059013427734375
80.28046298027039,-0.005196018383799912,-0.469263525390625,-0.19153613281249998
80.29989337921143,-0.005462480865020421,-0.42377369384765623,-0.2059013427734375
80.3205018043518,-0.0057289433462409285,-0.430956298828125,-0.201112939453125
80.34005951881409,-0.0033307810152563544,-0.45968671875,-0.22026655273437498
80.3604691028595,-0.0058621745868511835,-0.33518823242187495,-0.16998831787109375
80.38020205497742,-0.004130168458917879,-0.4429273071289062,-0.19393033447265623
80.4000027179718,-0.002531393571594829,-0.4429273071289062,-0.20350714111328125
80.42019724845886,-0.004529862180748642,-0.4381389038085937,-0.18435352783203124
80.44004249572754,-0.007860643196004996,-0.42377369384765623,-0.16280571289062498
80.4601366519928,-0.005595712105630674,-0.43574470214843747,-0.21308394775390624
80.48019218444824,-0.006261868308681946,-0.5722141967773438,-0.18914193115234373
80.49990272521973,-0.004130168458917879,-0.4333505004882812,-0.20829554443359374
80.52021074295044,-0.0063950995492922,-0.4261678955078125,-0.19153613281249998
80.54000616073608,-0.005995405827461438,-0.5913678100585937,-0.18914193115234373
80.56010675430298,-0.007061255752343471,-0.4429273071289062,-0.20350714111328125
80.5805413722992,-0.005062787143189658,-0.45010991210937495,-0.201112939453125
80.59996342658997,-0.005062787143189658,-0.39983167724609375,-0.20829554443359374
80.62019228935242,-0.004663093421358896,-0.4429273071289062,-0.181959326171875
80.63995623588562,-0.0074609494741742334,-0.46208092041015625,-0.2059013427734375
80.66085863113403,-0.0073277182335639785,-0.44053310546874996,-0.21787235107421873
80.68023419380188,-0.007061255752343471,-0.43574470214843747,-0.2561795776367187
80.70011496543884,-0.0063950995492922,-0.4572925170898437,-0.18914193115234373
80.72019100189209,-0.004263399699528133,-0.30885201416015623,-0.20829554443359374
80.74045515060425,-0.005196018383799912,-0.4525041137695312,-0.1867477294921875
80.76041007041931,-0.0058621745868511835,-0.430956298828125,-0.2059013427734375
80.78027200698853,-0.002797856052815337,-0.4644751220703125,-0.19393033447265623
80.79981279373169,-0.002264931090374321,-0.4740519287109375,-0.19632453613281248
80.82018089294434,-0.003464012255866608,-0.4261678955078125,-0.229843359375
80.84010148048401,-0.005462480865020421,-0.430956298828125,-0.19393033447265623
80.86002135276794,-0.0010658499248820332,-0.4429273071289062,-0.21068974609375
80.8802740573883,-0.005062787143189658,-0.45489831542968745,-0.17956512451171874
80.90003061294556,-0.005995405827461438,-0.4429273071289062,-0.201112939453125
80.9201090335846,-0.003464012255866608,-0.4165910888671875,-0.2059013427734375
80.9399356842041,-0.0035972434964768626,-0.4381389038085937,-0.229843359375
80.96035575866699,-0.006128637068071691,-0.44053310546874996,-0.21308394775390624
80.98023200035095,-0.0063950995492922,-0.4213794921875,-0.18435352783203124
80.99998807907104,-0.005329249624410167,-0.4740519287109375,-0.239420166015625
81.02022886276245,-0.003863705977697371,-0.430956298828125,-0.18914193115234373
81.04024338722229,-0.002398162330984575,-0.59376201171875,-0.22505495605468748
81.06041407585144,-0.0018652373685435584,-0.4740519287109375,-0.21308394775390624
81.08108711242676,-0.003464012255866608,-0.4165910888671875,-0.20829554443359374
81.10017418861389,-0.004396630940138387,-0.430956298828125,-0.21068974609375
81.12087440490723,-0.007727411955394742,-0.45968671875,-0.19153613281249998
81.1422233581543,-0.005595712105630674,-0.4333505004882812,-0.17238251953125
81.16121888160706,-0.005196018383799912,-0.4285620971679687,-0.19393033447265623
81.18073201179504,-0.007993874436615249,-0.4477157104492187,-0.20829554443359374
81.20057535171509,-0.0039969372183076245,-0.4213794921875,-0.18435352783203124
81.22011303901672,-0.007194486992953725,-0.4381389038085937,-0.16998831787109375
81.23987126350403,-0.009725880564548555,-0.47165772705078124,-0.1867477294921875
81.2601101398468,-0.006794793271122962,-0.3112462158203125,-0.20350714111328125
81.28041100502014,-0.009725880564548555,-0.45010991210937495,-0.15562310791015624
81.30043244361877,-0.0006661562030512709,-0.46686932373046874,-0.239420166015625
81.31993842124939,-0.0074609494741742334,-0.4381389038085937,-0.19393033447265623
81.3398790359497,-0.007061255752343471,-0.4261678955078125,-0.19632453613281248
81.36067199707031,-0.004663093421358896,-0.41898529052734373,-0.21787235107421873
81.38096237182617,-0.004130168458917879,-0.43574470214843747,-0.19871873779296872
81.400794506073,-0.007061255752343471,-0.4261678955078125,-0.18914193115234373
81.42063689231873,-0.008393568158446012,-0.4261678955078125,-0.1580173095703125
81.44075465202332,-0.004396630940138387,-0.40940848388671874,-0.22505495605468748
81.46058440208435,-0.005995405827461438,-0.46686932373046874,-0.26815058593749996
81.4803991317749,-0.004396630940138387,-0.42377369384765623,-0.19871873779296872
81.50003719329834,-0.005196018383799912,-0.4477157104492187,-0.1771709228515625
81.51986503601074,-0.00479632466196915,-0.41419688720703124,-0.22266075439453123
81.53994488716125,-0.0057289433462409285,-0.411802685546875,-0.23223756103515625
81.55995154380798,-0.007194486992953725,-0.44532150878906246,-0.1867477294921875
81.57985663414001,-0.005329249624410167,-0.42377369384765623,-0.20350714111328125
81.59983444213867,-0.0035972434964768626,-0.4381389038085937,-0.18914193115234373
81.62183380126953,-0.002797856052815337,-0.603338818359375,-0.181959326171875
81.64034128189087,-0.00866003063966652,-0.6081272216796875,-0.2059013427734375
81.65994048118591,-0.002797856052815337,-0.45010991210937495,-0.20829554443359374
81.68027782440186,-0.0035972434964768626,-0.4525041137695312,-0.21068974609375
81.69988536834717,-0.007061255752343471,-0.4572925170898437,-0.16280571289062498
81.71982741355896,-0.006661562030512709,-0.4381389038085937,-0.17477672119140625
81.73992896080017,-0.0037304747370871167,-0.4261678955078125,-0.16998831787109375
81.75986003875732,-0.004929555902579405,-0.4477157104492187,-0.17477672119140625
81.77995085716248,-0.005062787143189658,-0.4070142822265625,-0.18435352783203124
81.79984498023987,-0.004130168458917879,-0.4572925170898437,-0.20350714111328125
81.81995677947998,-0.004396630940138387,-0.43574470214843747,-0.22744915771484372
81.840083360672,-0.005196018383799912,-0.44532150878906246,-0.229843359375
81.86020278930664,-0.005995405827461438,-0.430956298828125,-0.201112939453125
81.88009810447693,-0.005995405827461438,-0.411802685546875,-0.2154781494140625
81.89993572235107,-0.008127105677225504,-0.45489831542968745,-0.19871873779296872
81.92006182670593,-0.004263399699528133,-0.4261678955078125,-0.18435352783203124
81.94032311439514,-0.0010658499248820332,-0.430956298828125,-0.1771709228515625
81.96047759056091,-0.0057289433462409285,-0.4381389038085937,-0.17238251953125
81.98046088218689,-0.004263399699528133,-0.4572925170898437,-0.2059013427734375
81.99986743927002,-0.004263399699528133,-0.45968671875,-0.18914193115234373
82.02004909515381,-0.0033307810152563544,-0.4525041137695312,-0.19393033447265623
82.04003095626831,-0.006928024511733216,-0.44053310546874996,-0.18435352783203124
82.06045913696289,-0.0035972434964768626,-0.44053310546874996,-0.3064578125
82.08075618743896,-0.009059724361497283,-0.4429273071289062,-0.19393033447265623
82.10029697418213,-0.003464012255866608,-0.4572925170898437,-0.16280571289062498
82.11999750137329,-0.006661562030512709,-0.4333505004882812,-0.24181436767578124
82.14018511772156,-0.001732006127933304,-0.59376201171875,-0.21787235107421873
82.1598732471466,-0.006928024511733216,-0.6105214233398437,-0.17956512451171874
82.17998838424683,-0.0033307810152563544,-0.4333505004882812,-0.21787235107421873
82.19988369941711,-0.007993874436615249,-0.3854664672851562,-0.19393033447265623
82.21986627578735,-0.0039969372183076245,-0.41419688720703124,-0.21787235107421873
82.24011731147766,-0.0039969372183076245,-0.430956298828125,-0.1580173095703125
82.25986838340759,-0.008526799399056265,-0.40940848388671874,-0.19153613281249998
82.27987146377563,-0.0031975497746461,-0.4333505004882812,-0.20350714111328125
82.29996943473816,-0.007194486992953725,-0.4285620971679687,-0.25139117431640623
82.31987833976746,-0.0033307810152563544,-0.4429273071289062,-0.20350714111328125
82.34002709388733,-0.004929555902579405,-0.44532150878906246,-0.22026655273437498
82.36001014709473,-0.0057289433462409285,-0.44532150878906246,-0.21068974609375
82.37987494468689,-0.004130168458917879,-0.3184288208007812,-0.201112939453125
82.39998126029968,-0.005595712105630674,-0.43574470214843747,-0.16280571289062498
82.41998267173767,-0.0018652373685435584,-0.4381389038085937,-0.18435352783203124
82.44027662277222,-0.006928024511733216,-0.41898529052734373,-0.18914193115234373
82.460129737854,-0.004263399699528133,-0.41419688720703124,-0.21068974609375
82.4800283908844,-0.005062787143189658,-0.40940848388671874,-0.2346317626953125
82.49996829032898,-0.004663093421358896,-0.430956298828125,-0.19871873779296872
82.51985239982605,-0.0018652373685435584,-0.41898529052734373,-0.19871873779296872
82.5401554107666,-0.0029310872934255917,-0.4572925170898437,-0.21308394775390624
82.5600163936615,-0.0029310872934255917,-0.612915625,-0.19153613281249998
82.58014225959778,-0.005995405827461438,-0.3136404174804687,-0.143652099609375
82.59994626045227,-0.004130168458917879,-0.45489831542968745,-0.181959326171875
82.6201720237732,-0.004529862180748642,-0.4165910888671875,-0.21308394775390624
82.63995337486267,-0.002398162330984575,-0.3950432739257812,-0.181959326171875
82.66159081459045,-0.006528330789902454,-0.41419688720703124,-0.2059013427734375
82.68020963668823,-0.004663093421358896,-0.48123453369140623,-0.21068974609375
82.69986701011658,-0.0075941807147844875,-0.45489831542968745,-0.19871873779296872
82.71982669830322,-0.005595712105630674,-0.43574470214843747,-0.21308394775390624
82.73986554145813,-0.0014655436467127959,-0.4525041137695312,-0.201112939453125
82.7600531578064,-0.004130168458917879,-0.48123453369140623,-0.21068974609375
82.78012609481812,-0.005329249624410167,-0.4165910888671875,-0.20829554443359374
82.79985618591309,-0.0075941807147844875,-0.4333505004882812,-0.21068974609375
82.81996488571167,-0.0031975497746461,-0.4381389038085937,-0.21068974609375
82.839914560318,-0.004396630940138387,-0.42377369384765623,-0.1867477294921875
82.85998439788818,-0.005995405827461438,-0.4381389038085937,-0.16519991455078123
82.87995839118958,-0.007860643196004996,-0.41898529052734373,-0.239420166015625
82.89985823631287,-0.00479632466196915,-0.45968671875,-0.19153613281249998
82.91987872123718,-0.006928024511733216,-0.42377369384765623,-0.17956512451171874
82.94001126289368,-0.004663093421358896,-0.45489831542968745,-0.2059013427734375
82.95997786521912,-0.0074609494741742334,-0.4525041137695312,-0.22026655273437498
82.97987246513367,-0.004263399699528133,-0.45968671875,-0.19153613281249998
83.00067496299744,-0.004529862180748642,-0.45968671875,-0.19632453613281248
83.0199966430664,-0.0033307810152563544,-0.469263525390625,-0.26336218261718747
83.0401222705841,-0.0057289433462409285,-0.469263525390625,-0.1867477294921875
83.06017661094666,-0.008526799399056265,-0.44532150878906246,-0.1867477294921875
83.08067989349365,-0.0031975497746461,-0.43574470214843747,-0.21068974609375
83.0998706817627,-0.0057289433462409285,-0.46686932373046874,-0.21308394775390624
83.12014508247375,-0.0075941807147844875,-0.43574470214843747,-0.21068974609375
83.14016652107239,-0.0074609494741742334,-0.4070142822265625,-0.16998831787109375
83.16044354438782,-0.0037304747370871167,-0.316034619140625,-0.19153613281249998
83.18010592460632,-0.004396630940138387,-0.4333505004882812,-0.19153613281249998
83.19994950294495,-0.004929555902579405,-0.40462008056640625,-0.19153613281249998
83.21983671188354,-0.004929555902579405,-0.40940848388671874,-0.17477672119140625
83.23982262611389,-0.0035972434964768626,-0.45489831542968745,-0.201112939453125
83.26013088226318,-0.0073277182335639785,-0.4525041137695312,-0.19632453613281248
83.28020071983337,-0.0037304747370871167,-0.4285620971679687,-0.21787235107421873
83.30012392997742,-0.0030643185340358454,-0.603338818359375,-0.21787235107421873
83.31993770599365,-0.0021316998497640663,-0.30885201416015623,-0.22505495605468748
83.33986449241638,-0.002531393571594829,-0.430956298828125,-0.21068974609375
83.36028671264648,-0.0057289433462409285,-0.411802685546875,-0.181959326171875
83.38035869598389,-0.006128637068071691,-0.430956298828125,-0.19393033447265623
83.4000928401947,-0.0039969372183076245,-0.4285620971679687,-0.201112939453125
83.42005395889282,-0.002264931090374321,-0.4165910888671875,-0.1867477294921875
83.44012069702148,-0.002531393571594829,-0.39743747558593745,-0.201112939453125
83.45982265472412,-0.0029310872934255917,-0.44053310546874996,-0.181959326171875
83.48008561134338,-0.0039969372183076245,-0.44053310546874996,-0.19393033447265623
83.49982619285583,-0.0018652373685435584,-0.4285620971679687,-0.21308394775390624
83.51978754997253,-0.007860643196004996,-0.411802685546875,-0.21068974609375
83.53979897499084,-0.006661562030512709,-0.4381389038085937,-0.1867477294921875
83.55990266799927,-0.0018652373685435584,-0.4165910888671875,-0.17956512451171874
83.58008074760437,-0.005062787143189658,-0.4644751220703125,-0.20829554443359374
83.59994959831238,-0.0058621745868511835,-0.4572925170898437,-0.22505495605468748
83.62003350257874,-0.0010658499248820332,-0.4070142822265625,-0.19871873779296872
83.63983416557312,-0.004663093421358896,-0.42377369384765623,-0.201112939453125
83.65991592407227,-0.007061255752343471,-0.4381389038085937,-0.2537853759765625
83.68264412879944,-0.005329249624410167,-0.6057330200195312,-0.181959326171875
83.7000367641449,-0.004130168458917879,-0.430956298828125,-0.18914193115234373
83.71974992752075,-0.007061255752343471,-0.4477157104492187,-0.21308394775390624
83.73981785774231,-0.0057289433462409285,-0.44053310546874996,-0.19393033447265623
83.75994801521301,-0.004663093421358896,-0.430956298828125,-0.19871873779296872
83.78025150299072,-0.007061255752343471,-0.45968671875,-0.21068974609375
