time_s,x_m,y_m,yaw_rad,vx_m_s,vy_m_s,wz_rad_s
0.03176617622375488,0.0,0.0,0.0,1.8834174915389177e-92,-1.3692625557937527e-93,3.643844689102236e-30
0.1319141387939453,0.0,0.0,0.0,1.7696816422687435e-92,-1.286575504223794e-93,3.7564010135646754e-30
0.23178458213806152,0.0,0.0,0.0,1.659718524346421e-92,-1.2066312638699146e-93,3.6436173793515136e-30
0.3322157859802246,0.0,0.0,0.0,1.5595636269709805e-92,-1.1338176941229325e-93,3.759285127157984e-30
0.4318385124206543,0.0,0.0,0.0,1.4625533457954879e-92,-1.0632902911446784e-93,3.639469935530753e-30
0.5317187309265137,0.0,0.0,0.0,1.3743441875465449e-92,-9.99161387839233e-94,3.761466442066295e-30
0.6318118572235107,0.0,0.0,0.0,1.288860025537158e-92,-9.370135835029879e-94,3.6396887111924885e-30
0.7315812110900879,0.0,0.0,0.0,1.2110738153859972e-92,-8.804622633392257e-94,3.758747523632843e-30
0.8317890167236328,0.0,0.0,0.0,1.1357965661419334e-92,-8.25734982282718e-94,3.642352766365852e-30
0.9327044486999512,0.0,0.0,0.0,1.0672653467089759e-92,-7.759121293037238e-94,3.759748321890718e-30
1.0317473411560059,0.0,0.0,0.0,1.0009086304273303e-92,-7.276701611609888e-94,3.6412793387201434e-30
1.1317527294158936,0.0,0.0,0.0,9.40503423060508e-93,-6.837549967908019e-94,3.7588990154673055e-30
1.2319560050964355,0.0,0.0,0.0,8.820460469433121e-93,-6.412559243708594e-94,3.642475517363436e-30
1.331524133682251,0.0,0.0,0.0,8.288145249065321e-93,-6.025560980613134e-94,3.758917341424235e-30
1.4315407276153564,0.0,0.0,0.0,7.772797205038807e-93,-5.650898016036171e-94,3.641003056405398e-30
1.5316531658172607,0.0,0.0,0.0,7.303674174983899e-93,-5.309841079674198e-94,3.7586277672071174e-30
1.631532907485962,0.0,0.0,0.0,6.849666935296728e-93,-4.979773469254817e-94,3.642096967040169e-30
1.7316882610321045,0.0,0.0,0.0,6.4362421130111125e-93,-4.679209662887565e-94,3.7584641222304356e-30
1.8315742015838623,0.0,0.0,0.0,6.036243767159932e-93,-4.3884070358137815e-94,3.6429516836763315e-30
1.9315383434295654,0.0,0.0,0.0,5.6716320234100855e-93,-4.123330804661335e-94,3.755359277246665e-30
2.031606435775757,0.0,0.0,0.0,5.3191833853423225e-93,-3.867097268672777e-94,3.643299421353928e-30
2.1315431594848633,0.0,0.0,0.0,4.9980917383983385e-93,-3.633660565974406e-94,3.757941406341248e-30
2.2318661212921143,0.0,0.0,0.0,4.687527707193759e-93,-3.407877541249772e-94,3.643660965212674e-30
2.3316287994384766,0.0,0.0,0.0,4.404554120041261e-93,-3.2021530321916674e-94,3.7577704571365436e-30
2.431617498397827,0.0,0.0,0.0,4.13083045481507e-93,-3.0031533061931513e-94,3.6430893575747e-30
2.5316238403320312,0.0,0.0,0.0,3.881484053199244e-93,-2.82187608412667e-94,3.758103824395701e-30
2.63165545463562,0.0,0.0,0.0,3.640178185694681e-93,-2.6464444065338277e-94,3.641658830908259e-30
2.7316524982452393,0.0,0.0,0.0,3.4204133318116463e-93,-2.486673253481784e-94,3.757464005759284e-30
2.8316049575805664,0.0,0.0,0.0,3.207849957497358e-93,-2.3321376445875974e-94,3.643097392078588e-30
2.931729555130005,0.0,0.0,0.0,3.014206709750169e-93,-2.1913571477916065e-94,3.757898668305388e-30
3.031630039215088,0.0,0.0,0.0,2.826762885418748e-93,-2.055083692494543e-94,3.640517085000249e-30
3.13173508644104,0.0,0.0,0.0,2.6562410304913707e-93,-1.9311126714798824e-94,3.7606493368412555e-30
3.231618642807007,0.0,0.0,0.0,2.490980768895625e-93,-1.810966877661277e-94,3.638701570709602e-30
3.331669569015503,0.0,0.0,0.0,2.3407475670206553e-93,-1.7017459007600708e-94,3.761531247069856e-30
3.4316670894622803,0.0,0.0,0.0,2.195256254611926e-93,-1.5959723234015876e-94,3.642444506353094e-30
3.531991958618164,0.0,0.0,0.0,2.062740490466675e-93,-1.4996320938939207e-94,3.757953618258185e-30
3.631979465484619,0.0,0.0,0.0,1.934534170972967e-93,-1.4064248715177614e-94,3.642602829279102e-30
3.731607675552368,0.0,0.0,0.0,1.8177221829490074e-93,-1.3215014374236363e-94,3.756768268856599e-30
3.8316173553466797,0.0,0.0,0.0,1.704664767417904e-93,-1.2393076129296014e-94,3.6398639421353656e-30
3.931682825088501,0.0,0.0,0.0,1.601875209454194e-93,-1.1645786201126543e-94,3.762320544506659e-30
4.031638860702515,0.0,0.0,0.0,1.5023130915928644e-93,-1.0921960068411238e-94,3.64259479771395e-30
4.1317689418792725,0.0,0.0,0.0,1.4116209456644448e-93,-1.0262619481651299e-94,3.757703301144281e-30
4.2315895557403564,0.0,0.0,0.0,1.3238793828429082e-93,-9.624729916338244e-95,3.6424009116757255e-30
4.3315589427948,0.0,0.0,0.0,1.2439440385920645e-93,-9.043592306440611e-95,3.7569573970814386e-30
4.431530475616455,0.0,0.0,0.0,1.1666329773183447e-93,-8.481533486168107e-95,3.64282083352267e-30
4.531580448150635,0.0,0.0,0.0,1.0961936232129314e-93,-7.969432635611028e-95,3.7570453123039366e-30
4.631535053253174,0.0,0.0,0.0,1.0280694405207381e-93,-7.474163304083811e-95,3.6430617804772296e-30
4.731525182723999,0.0,0.0,0.0,9.660121331041566e-94,-7.02300073420656e-95,3.758064745086008e-30
4.8315956592559814,0.0,0.0,0.0,9.059968021297446e-94,-6.586683527898582e-95,3.6442614253594895e-30
4.931511163711548,0.0,0.0,0.0,8.512928188174028e-94,-6.188980331201319e-95,3.756935466764956e-30
5.031895875930786,0.0,0.0,0.0,7.983761132803433e-94,-5.8042708110610116e-95,3.6421634588781235e-30
5.131518602371216,0.0,0.0,0.0,7.501802314161275e-94,-5.4538821355251905e-95,3.75776919788822e-30
5.26505708694458,0.0,0.0,0.0,7.035367472133609e-94,-5.11477953682392e-95,3.641168097281621e-30
5.331690311431885,0.0,0.0,0.0,6.610923383886462e-94,-4.80620462168516e-95,3.760250717890684e-30
5.46503210067749,0.0,0.0,0.0,6.19981874429941e-94,-4.507327609935105e-95,3.6405846641704776e-30
5.531655550003052,0.0,0.0,0.0,5.825663000468905e-94,-4.2353127998757206e-95,3.758962508325297e-30
5.665087938308716,0.0,0.0,0.0,5.462825454878861e-94,-3.971526428878138e-95,3.634543601806298e-30
5.731637477874756,0.0,0.0,0.0,5.133702474425635e-94,-3.732250869968284e-95,3.7657445920426595e-30
5.865115642547607,0.0,0.0,0.0,4.814379168724033e-94,-3.500099768289876e-95,3.639608527784083e-30
5.931706666946411,0.0,0.0,0.0,4.5238499031581343e-94,-3.2888822086093875e-95,3.759189775464349e-30
6.065475702285767,0.0,0.0,0.0,4.242799478908482e-94,-3.0845558583195696e-95,3.644299321827992e-30
6.1317853927612305,0.0,0.0,0.0,3.98661728135945e-94,-2.8983089482835667e-95,3.756902476516e-30
6.2650628089904785,0.0,0.0,0.0,3.738818074803286e-94,-2.718156552498651e-95,3.642333228180373e-30
6.33158016204834,0.0,0.0,0.0,3.5132312097086877e-94,-2.554152739382058e-95,3.7598264761020005e-30
6.4657604694366455,0.0,0.0,0.0,3.2943053391546967e-94,-2.394991534463511e-95,3.6325446589690454e-30
6.565577268600464,0.0,0.0,0.0,3.0956112741036573e-94,-2.250539046683403e-95,3.761319561108424e-30
6.66497015953064,0.0,0.0,0.0,2.903520076433666e-94,-2.1108869057285526e-95,3.6489239693354124e-30
6.731550693511963,0.0,0.0,0.0,2.7281967638680654e-94,-1.9834251780597946e-95,3.756726740110552e-30
6.864965915679932,0.0,0.0,0.0,2.5586140652920294e-94,-1.8601369316973978e-95,3.642234576286348e-30
6.932706117630005,0.0,0.0,0.0,2.4041180066636976e-94,-1.747816817177165e-95,3.756753586932157e-30
7.065142393112183,0.0,0.0,0.0,2.2547577899835045e-94,-1.6392305091394374e-95,3.644268316695121e-30
7.1317267417907715,0.0,0.0,0.0,2.1186764313534843e-94,-1.5402980585950756e-95,3.758720571016747e-30
7.26491641998291,0.0,0.0,0.0,1.9868817632195714e-94,-1.4444820722814605e-95,3.63930383230151e-30
7.3315675258636475,0.0,0.0,0.0,1.8667879161687423e-94,-1.3571726956793048e-95,3.75274781222119e-30
7.464917421340942,0.0,0.0,0.0,1.7508308463253867e-94,-1.2728707948837226e-95,3.644976998729345e-30
7.53250527381897,0.0,0.0,0.0,1.645231903264569e-94,-1.1960993521750071e-95,3.761347698035079e-30
7.664906978607178,0.0,0.0,0.0,1.5429442175583676e-94,-1.1217352248060555e-95,3.641427170359071e-30
7.7315309047698975,0.0,0.0,0.0,1.449854727348305e-94,-1.0540582737419298e-95,3.7600941890629285e-30
7.864940404891968,0.0,0.0,0.0,1.3597452815264748e-94,-9.885478432788445e-96,3.6427691631991114e-30
7.931508779525757,0.0,0.0,0.0,1.2775764732760076e-94,-9.288103328025822e-96,3.753649166595721e-30
8.065022945404053,0.0,0.0,0.0,1.198246097294308e-94,-8.711363896496239e-96,3.646303178231631e-30
8.131737470626831,0.0,0.0,0.0,1.1258794317106221e-94,-8.185251306940953e-96,3.756012977001997e-30
8.264918088912964,0.0,0.0,0.0,1.0557562198810074e-94,-7.675448841899892e-96,3.634517330976925e-30
8.33161473274231,0.0,0.0,0.0,9.92111413146739e-95,-7.2127449986966165e-96,3.763361134717677e-30
8.465094566345215,0.0,0.0,0.0,9.30371692366976e-95,-6.7638913142763175e-96,3.637791595553376e-30
8.531949520111084,0.0,0.0,0.0,8.743556433559588e-95,-6.3566492738895605e-96,3.768370498016235e-30
8.664970636367798,0.0,0.0,0.0,8.199882844525515e-95,-5.961393368488166e-96,3.640935353808262e-30
8.764933586120605,0.0,0.0,0.0,7.705153206195133e-95,-5.601720181746827e-96,3.759996390871676e-30
8.865368127822876,0.0,0.0,0.0,7.222466399461611e-95,-5.250802249471308e-96,3.612125778429125e-30
8.964949607849121,0.0,0.0,0.0,6.790127877568955e-95,-4.936488003552827e-96,3.7917726333430124e-30
9.06501054763794,0.0,0.0,0.0,6.367843461765238e-95,-4.629483189557749e-96,3.640242028138364e-30
9.165192365646362,0.0,0.0,0.0,5.9836813477542595e-95,-4.3501936536783115e-96,3.7603460078708655e-30
9.265078783035278,0.0,0.0,0.0,5.6116558148625956e-95,-4.07972752665507e-96,3.641343472222556e-30
9.62995958328247,0.0,0.0,0.0,3.255380628104954e-88,-2.366692897001165e-89,3.641343472222556e-30
9.635456562042236,0.0,0.0,0.0,4.669898477953285e-95,-3.3950609220832893e-96,2.7833251661333456e-30
9.66509485244751,0.0,0.0,0.0,4.374781917044521e-95,-3.1805083557249365e-96,3.60868558988632e-30
9.764996528625488,0.0,0.0,0.0,4.111099070678845e-95,-2.988808400497275e-96,3.791991451616418e-30
9.865001440048218,0.0,0.0,0.0,3.854057108024113e-95,-2.8019364324865235e-96,3.643240778879501e-30
9.965043306350708,0.0,0.0,0.0,3.620182005479764e-95,-2.6319069921889723e-96,3.7584445017603524e-30
10.065025568008423,0.0,0.0,0.0,3.3936440322812446e-95,-2.4672117159997866e-96,3.6346749647693705e-30
10.165128707885742,0.0,0.0,0.0,3.188400994104483e-95,-2.3179980615357887e-96,3.767150308431458e-30
10.26597547531128,0.0,0.0,0.0,2.989496972092213e-95,-2.17339293307059e-96,3.6425328080193595e-30
10.365044593811035,0.0,0.0,0.0,2.8084669121195074e-95,-2.041782344821032e-96,3.7583003376638e-30
10.464904069900513,0.0,0.0,0.0,2.63337146117822e-95,-1.914486274980603e-96,3.6417058095399896e-30
10.564905643463135,0.0,0.0,0.0,2.474068907842133e-95,-1.7986717930584782e-96,3.759473248865786e-30
10.665197134017944,0.0,0.0,0.0,2.319771901193522e-95,-1.6864963907249833e-96,3.637970078207501e-30
10.76503610610962,0.0,0.0,0.0,2.1795967507231494e-95,-1.5845877135753774e-96,3.7617012382466644e-30
10.865516901016235,0.0,0.0,0.0,2.043782756405331e-95,-1.4858496396035114e-96,3.639420651460727e-30
10.965447902679443,0.0,0.0,0.0,1.9203150148397848e-95,-1.396087408850593e-96,3.760935438941934e-30
11.06494426727295,0.0,0.0,0.0,1.8007834535435704e-95,-1.3091868188042535e-96,3.642023453092837e-30
11.164953708648682,0.0,0.0,0.0,1.6920009666213808e-95,-1.230100908860637e-96,3.7597641352284726e-30
11.264930009841919,0.0,0.0,0.0,1.586659748660495e-95,-1.153516834305102e-96,3.640074708272468e-30
11.36509370803833,0.0,0.0,0.0,1.490878000344432e-95,-1.0838825860493832e-96,3.761465103472103e-30
11.465027093887329,0.0,0.0,0.0,1.3980956312091714e-95,-1.0164289150851145e-96,3.640730146290071e-30
11.565078020095825,0.0,0.0,0.0,1.313672584493525e-95,-9.550525510365e-97,3.7594879146271805e-30
11.665002346038818,0.0,0.0,0.0,1.2319513195695913e-95,-8.956404092327093e-97,3.641601422702901e-30
11.765184879302979,0.0,0.0,0.0,1.1575819715303866e-95,-8.415731806172389e-97,3.7599915008151765e-30
11.865123987197876,0.0,0.0,0.0,1.0855751911257217e-95,-7.892235614969457e-97,3.641290696934308e-30
11.96518850326538,0.0,0.0,0.0,1.0200359739001157e-95,-7.415759229773011e-97,3.759120087751129e-30
12.064954996109009,0.0,0.0,0.0,9.565715414451758e-96,-6.954366727670633e-97,3.640036864701211e-30
12.165006637573242,1.120437076451708e-12,0.0009999998023396128,0.0015299997411812871,0.008999996567409272,1.2449731588657576e-13,0.010471970197554095
12.265051364898682,4.1392667071704636e-11,0.003999999607196408,0.00305999992339423,0.03649999004856087,4.981245668952316e-13,0.010471975511963364
12.365006923675537,0.001999999751493675,0.010999999338368593,0.0015300004333589357,0.07799998499959612,1.4377047296368022e-13,-0.003490651417938145
12.465470790863037,0.003999999937430054,0.020999999615897602,0.0015299999418230126,0.09999999361570439,1.8962668669371012e-13,-1.7170982591525885e-09
12.5650475025177,0.006000000017307272,0.032999999588834567,0.0030599997408626844,0.13149999010556596,4.782054432225514e-13,-8.595218427721518e-16
12.665058374404907,0.008999999960047411,0.04799999970196049,0.0015300002510816313,0.15249999497323508,5.160426578157358e-13,-1.2554427241057363e-17
12.765061855316162,0.012000000029356084,0.06300000000933786,0.0015300000000006975,0.14600000552843342,5.646587575684363e-13,-8.500774772044736e-24
12.86579155921936,0.015000000021287985,0.07700000017157839,0.003059999749050135,0.1485000017856709,4.844903698811797e-13,0.006981313572750709
12.965009212493896,0.018000000007159844,0.09199999992579101,0.0030600001163554325,0.15150000145763634,5.208699258989506e-13,3.5451410236239655e-09
13.065016031265259,0.021000000037326938,0.10700000007461571,0.0030600000000005068,0.14800000380190523,5.560678402503574e-13,0.003490656786274872
13.1651930809021,0.024000000003419508,0.12100000011089734,0.0030600000581779696,0.15150000094108118,4.65552303484932e-13,-0.0034906549580193203
13.26511526107788,0.02700000003643588,0.1360000000704016,0.0015300001925817597,0.14900000313816708,5.042240185376413e-13,-0.0034906585039869253
13.364991664886475,0.03000000000994385,0.1509999999163135,0.003059999682647252,0.14850000221606885,5.535000835876785e-13,0.006981311686259362
13.46496033668518,0.03300000002331638,0.16500000020376085,0.0030600001163554325,0.14950000151818996,4.602999468349399e-13,-0.003490653357852584
13.565107107162476,0.036000000006273236,0.17999999992142948,0.003059999941823044,0.1490000019872798,4.981114230614725e-13,0.003490654956053482
13.66505241394043,0.03900000002343251,0.19500000000764514,0.0030600000581779696,0.14900000167302843,5.347315885287899e-13,-0.00349065506932519
13.765044212341309,0.04200000000355164,0.2090000001115346,0.003059999941823044,0.1495000013808201,4.4551439657041013e-13,-1.7730865313307642e-09
13.86510968208313,0.04500000002596982,0.22400000002017584,0.0030600000000005068,0.1475000022211161,4.855182471155299e-13,-8.698024371629324e-16
13.965169191360474,0.04799999999461413,0.23899999986493442,0.0030600000000005068,0.14950000058399818,5.217160614147973e-13,-4.4319647002797895e-22
14.06514310836792,0.051000000023466274,0.25300000020460567,0.0030600000000005068,0.14950000131161725,4.3061684080992427e-13,2.1234023665994996e-27
14.165118932723999,0.05300000020706053,0.267999999910511,0.0030600000000005068,0.1485000016142209,1.0613577853776143e-12,-2.7820029157724456e-26
14.26514720916748,0.05600000001957639,0.28299999998925773,0.0030600000000005068,0.15000000057996732,1.0629065910508994e-12,-2.6694571001001982e-27
14.365119934082031,0.05900000000412131,0.2979999999110229,0.001530000259423403,0.14850000167295568,1.0643251006105237e-12,-1.2971117503614647e-17
14.4652738571167,0.06200000002252981,0.31200000017754875,0.0015300000000006975,0.14850000099590255,9.530222138255488e-13,-8.504835048368373e-24
14.565104961395264,0.06500000000264627,0.32699999988148387,0.003059999740899322,0.14850000093615712,9.752007978850298e-13,1.2955040602174825e-17
14.665594577789307,0.06800000001743411,0.34199999997878233,0.0030600000000005068,0.14950000050890225,9.821188653663464e-13,8.49521217791984e-24
14.76528263092041,0.07100000000273221,0.35600000010751687,0.0015300002587277373,0.15000000065697014,8.657374227160025e-13,-1.29363356251443e-17
14.865135669708252,0.0740000000267611,0.37100000000084343,0.0030599997487623654,0.15000000080647183,8.939882669662205e-13,1.2561866121542492e-17
14.96521544456482,0.077000000004245,0.3859999999119128,0.0015300002586793315,0.14900000113924328,9.056289200581413e-13,-1.2933887441949782e-17
15.064977884292603,0.08000000002192964,0.4000000001747658,0.0015300000000006975,0.1480000010569912,8.04355544149082e-13,-8.493540806610295e-24
15.165838956832886,0.08299999999980656,0.41499999986799485,0.003059999741124031,0.14999999986013096,8.355391205475224e-13,1.2943816165159264e-17
15.264947175979614,0.08600000002147512,0.4299999999981572,0.0030600000000005068,0.14900000099996102,8.51139036451388e-13,8.495334623923473e-24
15.36496615409851,0.08899999999913888,0.44400000009018203,0.0030600000000005068,0.14850000075984765,7.426893081514388e-13,2.3948967122981844e-27
15.464993000030518,0.09200000001528741,0.4589999999683496,0.0030600000000005068,0.14950000015307655,7.640734879617772e-13,-2.6604533099017133e-27
15.56497836112976,0.09500000000066722,0.47399999989456476,0.0030600000000005068,0.1495000005141421,7.835601238113693e-13,-2.7612807521651896e-27
15.664994716644287,0.09800000001871778,0.48800000018179346,0.0030600000000005068,0.14850000085104526,6.762226905903925e-13,2.3261395741023165e-27
15.765015840530396,0.10099999999770626,0.5029999998805404,0.0030600000000005068,0.14900000023954243,7.010771872555213e-13,-2.7345797226107813e-27
15.864977359771729,0.10400000001599885,0.5179999999716389,0.0030600000000005068,0.15000000004491307,7.250204354998404e-13,-2.6703345530305446e-27
15.96496033668518,0.10700000000102117,0.5320000000994317,0.0030600000000005068,0.1480000011767558,6.243864678220044e-13,2.4076588321555704e-27
16.065001964569092,0.11000000001258092,0.5469999999553538,0.0030600000000005068,0.14800000034091673,6.531491778938964e-13,-2.6457886872321542e-27
16.16499090194702,0.11299999999337906,0.5619999998593296,0.0030600000000005068,0.14999999955702856,6.793224785998789e-13,-2.731464761886865e-27
16.2649667263031,0.11600000002051036,0.5760000001903559,0.0030600000000005068,0.1490000007153243,5.78396657249737e-13,2.328956291784966e-27
16.36505961418152,0.1189999999970408,0.5909999998769645,0.0030600000000005068,0.14900000030268212,6.090840605941589e-13,-2.7499650350363775e-27
16.465445518493652,0.12200000001725053,0.6059999999780165,0.0030600000000005068,0.14950000009964196,6.388373773919307e-13,-2.6585302319887398e-27
16.56503391265869,0.12500000000009015,0.6209999998918874,0.0030600000000005068,0.14900000046909784,6.659224785724463e-13,-2.7529999477923474e-27
16.664977312088013,0.12700000021153324,0.6350000001598614,0.0030600000000005068,0.14850000043433262,1.1730912020690195e-12,-2.1736111640455617e-26
16.76497173309326,0.12999999999515266,0.6499999998679721,0.0030600000000005068,0.15099999926863633,1.1678479232828814e-12,-2.7359567888520916e-27
16.86496663093567,0.1330000000239444,0.6640000002069615,0.0030600000000005068,0.14800000137322106,1.0365001241973944e-12,2.3439048567136384e-27
16.964983463287354,0.13599999999268864,0.6789999998560684,0.0030600000000005068,0.1489999997995789,1.0395174639256193e-12,-2.7263347209746787e-27
17.065016746520996,0.1390000000157534,0.6939999999706769,0.0030600000000005068,0.14900000019315385,1.0424313500142818e-12,-2.6593428593208643e-27
17.16511821746826,0.1419999999966266,0.708999999875044,0.0030600000000005068,0.1494999999909547,1.045088590202124e-12,-2.7450394541572794e-27
17.26544761657715,0.14500000001833335,0.7230000001798021,0.0030600000000005068,0.14900000036581593,9.212655112180736e-13,2.3162517504620697e-27
17.365165948867798,0.14799999999654734,0.7379999998746547,0.0015300002590290518,0.14949999996849186,9.312450992426274e-13,-1.2951372624844824e-17
17.465166091918945,0.15100000002138758,0.7529999999751591,0.0015300000000006975,0.14900000034583524,9.554243691942924e-13,-8.508849056151025e-24
17.565886735916138,0.1540000000014916,0.7670000000790832,0.003059999741189756,0.149999999758138,8.539238940111953e-13,1.2940541182630756e-17
17.664979934692383,0.15700000001909498,0.7819999999867315,0.001530000251010355,0.1475000010771158,8.683877083398312e-13,-1.2550490032593847e-17
17.765034198760986,0.15999999999473058,0.7969999998436456,0.0030599997409836988,0.14949999932406327,8.956850882589065e-13,1.2950812633263648e-17
17.864986896514893,0.16300000001716697,0.8110000001742884,0.001530000250991037,0.14850000049685655,7.813227489616352e-13,-1.2549489906609785e-17
17.965038776397705,0.16599999999880843,0.8259999998631584,0.0030599997410083457,0.14949999971557945,8.138850955219466e-13,1.2949566731240082e-17
18.065038204193115,0.169000000017133,0.8409999999772714,0.0015300002510025834,0.14900000029895458,8.308394895297888e-13,-0.003490656786025356
18.165493488311768,0.17200000000068805,0.8550000000752774,0.0030599996828151177,0.14900000009570968,7.369393558555933e-13,0.0034906549584769286
18.265064239501953,0.17500000001595062,0.8699999999717093,0.0030600000581779696,0.14949999990548304,7.587127765278318e-13,1.7155024371537375e-09
18.366084098815918,0.1779999999977253,0.8849999998802298,0.0030600000000005068,0.14950000009625936,7.784976573368334e-13,8.71984559471182e-16
18.4651300907135,0.18100000001740169,0.8990000001753502,0.001530000250836716,0.1490000002742164,6.713665702356536e-13,-1.25413309815573e-17
18.56522536277771,0.18400000000034833,0.9139999998704716,0.0030599997409233026,0.14850000026412086,7.105611779967025e-13,1.2953844221128087e-17
18.6649968624115,0.18700000001370976,0.9289999999608743,0.0030600000000005068,0.14999999950403597,7.339706506416174e-13,8.488096079397996e-24
18.764978647232056,0.18999999999951367,0.943000000092174,0.0030600000000005068,0.14950000027912422,6.328075635044883e-13,2.4054970931543517e-27
18.864885807037354,0.19300000001708906,0.9579999999770801,0.0030600000000005068,0.14850000044020478,6.610430197071535e-13,-2.6662925338908354e-27
18.964913606643677,0.19599999999396545,0.9729999998621571,0.0030600000000005068,0.14999999947142698,6.867393777598772e-13,-2.733986812288023e-27
19.064953327178955,0.19900000001898732,0.9870000001830126,0.0015300002509146537,0.14800000081362802,5.853518635259006e-13,-1.254566941462317e-17
19.164893627166748,0.20199999999663465,1.0019999998527716,0.0030599997410807322,0.14949999945283948,6.297676456895379e-13,1.2945986102244061e-17
19.2649929523468,0.20400000021209141,1.016000000165199,0.0030600000000005068,0.13550000522575567,1.1406506347060843e-12,8.471496803519089e-24
19.364928245544434,0.2069999999366554,1.0270000003983983,0.001530000258995301,0.11150000889290669,6.470913562267784e-13,-0.003490656731318788
19.464908599853516,0.20800000025025867,1.0350000005645867,0.003059999690841364,0.0730000134090111,1.0156959429979083e-12,0.010471968640678559
19.56500768661499,0.2090000000818355,1.0400000003584347,0.0030600001745328953,0.04550000884964307,9.761841756082213e-13,-0.0034906514161990605
19.664965867996216,0.209000000169961,1.0420000004258012,0.003059999941823044,0.01700000835054055,1.1678408679219473e-12,-1.7183061991506154e-09
19.764976263046265,0.20900000005354347,1.0420000002582923,0.0015300002586657868,0.0010000033995193423,1.0971849149775154e-12,-0.003490656733577537
19.86488366127014,0.20899999998888097,1.0419999999469287,0.0015299999418230126,-2.53065057104207e-09,1.0289552612289556e-12,-1.7193103499062168e-09
19.96495795249939,0.2089999999861325,1.041999999933769,0.0015300000000006975,-2.7478901775540576e-09,9.667540510802878e-13,-8.727447204629399e-16
20.065040588378906,0.2089999999865877,1.0419999999359395,0.0015300000000006975,-2.5768813046930794e-09,9.065901957271236e-13,-4.295226676830116e-22
20.164994478225708,0.20899999998778007,1.0419999999416372,0.0015300000000006975,-2.42108432087218e-09,8.517781960784413e-13,-2.1799832556482506e-28
20.264986276626587,0.20899999998808338,1.0419999999430836,0.0015300000000006975,-0.0005000020859606685,7.986097300327003e-13,1.7492939268491518e-34
20.365244388580322,0.20899999998736085,1.0419999999396197,0.006119999220047134,0.0009999972803094136,7.50525173947588e-13,0.03490656724544713
20.46503448486328,0.20899999999405283,1.0419999999709695,0.024479997572768752,0.001999997654414284,7.037747620935206e-13,0.18849548370063202
20.56503653526306,0.20899999999860652,1.0419999999925664,0.05201999847927041,-0.002000000307281917,6.612517688594219e-13,0.2687806640320504
20.664966821670532,0.20899999998651175,1.041999999914091,0.07650000046409455,-0.003500001258268397,6.200965580758025e-13,0.24434610730358838
20.764958143234253,0.20899999998556806,1.041999999890632,0.09945000018528449,0.000499996735152575,5.826466423097283e-13,0.23038346835800463
20.865106344223022,0.20899999999695273,1.041999999972054,0.12392999982476138,0.0019999979094007924,5.463785109350699e-13,0.24783674519566465
20.964926719665527,0.20900000000017815,1.042000000002281,0.14840999998633997,-0.0029999995007332345,5.133655930335214e-13,0.24085544032085707
21.064956188201904,0.20899999999437302,1.0419999999052072,0.17289000000117105,-0.0005000023590527383,4.813959634955236e-13,0.2478367503497886
21.165297985076904,0.20899999999858032,1.0419999999594187,0.19736999998720783,0.0014999979443049228,4.523035909534173e-13,0.24434609705165536
21.265095710754395,0.2089999999999801,1.041999999999136,0.22032000030831345,-0.0005000004276440135,4.2414954329907096e-13,0.2338741249198894
21.365009307861328,0.2090000000004757,1.0419999999619165,0.2447999997524093,-0.0005000011414942368,3.9852892015622714e-13,0.2443460899591762
21.46568489074707,0.2090000000013741,1.0419999999628393,0.27080999980525533,-0.000500001070428112,3.7372858087192156e-13,0.2513274088511363
21.56489396095276,0.20900000000226537,1.0419999999640877,0.2937600003072811,-0.0025000002428806098,3.511268840558919e-13,0.23038347188992647
21.664920330047607,0.20900000000626928,1.0419999999273462,0.3182399998204677,0.0009999977175412659,3.2929210421107523e-13,0.2408554316171915
21.76505422592163,0.20900000000015773,1.0419999999985075,0.342719999871389,-4.671223061136764e-10,3.0938951102163546e-13,0.24434609350698178
21.864935159683228,0.20900000000292174,1.0419999999784575,0.3672000000579283,-0.0015000002652566101,2.9012881274039393e-13,0.24434609527920526
21.96492314338684,0.2090000000077148,1.0419999999520393,0.3916799999281666,0.0004999984326003273,2.725988166462121e-13,0.23736478181686932
22.06494665145874,0.20900000000162544,1.0419999999912333,0.41615999994132213,-0.0010000001541444615,2.556294737774003e-13,0.24434609184436967
22.16493582725525,0.20900000000763885,1.0419999999638805,0.4406399999291819,-0.0005000008903335703,2.40180409359243e-13,0.24783675201080715
22.26488971710205,0.20900000000615826,1.0419999999740333,0.4635900003677058,-0.0010000004598931579,2.2522563620553277e-13,0.2373647834222136
22.364961862564087,0.20900000000890717,1.0419999999659508,0.4895999995563365,-0.0010000006168810456,2.116068423797476e-13,0.24434609173641947
22.46495747566223,0.20900000000938768,1.0419999999675815,0.512550000305013,0.0004999988672887228,1.9844599808156575e-13,0.23736478170933792
22.56502604484558,0.20900000000111962,1.0419999999964256,0.5370299998150756,-0.0014999997460916066,1.8644670403999736e-13,0.2443460917363588
22.66510820388794,0.20900000001360564,1.0419999999601932,0.5615100000642181,0.0004999987398463393,1.748225102805493e-13,0.2443460952792044
22.765165328979492,0.20900000000043706,1.041999999998804,0.5859899999297866,-2.547838620853629e-10,1.6425550310712967e-13,0.24085543854734479
22.864973306655884,0.20900000000424557,1.0419999999893106,0.6104699999889878,-0.001000000059263008,1.540555743903034e-13,0.2478367503393646
22.96489143371582,0.2090000000119554,1.04199999997194,0.6349499999888053,-0.0010000004263970835,1.447421206040412e-13,0.2443460970509719
23.064941883087158,0.20900000001223784,1.041999999973121,0.6579000003079489,-7.689960274462337e-10,1.3573334562769755e-13,0.23387412492038914
23.16502547264099,0.20900000000416874,1.041999999991369,0.6839099994949853,-0.0014999997800243725,1.27531495953281e-13,0.24783674669250874
23.264991283416748,0.20900000001714947,1.0419999999667555,0.706860000365074,0.0014999985269705304,1.1959600097720538e-13,0.23736478342581335
23.364925384521484,0.2089999999895924,1.0420000000190768,0.7328699995600232,-0.0009999993213323179,1.1235865628488252e-13,0.25132740520754665
23.46494770050049,0.2090000000143486,1.0419999999752394,0.7558200004279687,-0.0019999999456374764,1.0535900079014135e-13,0.24085544192334404
23.565165758132935,0.20900000002382324,1.0419999999609855,0.780299999862704,0.001499998342913421,9.900353883925903e-14,0.23736478004716824
23.66500496864319,0.20899999998775431,1.0420000000189857,0.804779999941382,-0.0014999991107727977,9.284045342317033e-14,0.24783674863101623
23.76597571372986,0.20900000002031804,1.0419999999701182,0.8292599999854771,-0.0005000006557279188,8.723200441332014e-14,0.2373647835908005
23.865006923675537,0.20900000000910035,1.0419999999872944,0.8537399999411264,-4.183665130910036e-10,8.180203906268138e-14,0.24434609184420403
23.965025663375854,0.20900000000327523,1.0419999999956537,0.8782199999420506,-0.0005000000179136181,7.684379985995614e-14,0.24783675201631167
24.06580638885498,0.2090000000100427,1.0419999999873373,0.9027000001017456,-0.0019999996509118025,7.207595510845816e-14,0.24085544022212513
24.165093421936035,0.2090000000284582,1.0419999999658744,0.9256500001442562,-9.88895768657544e-10,6.770487689483833e-14,0.24085543677521923
24.26509714126587,0.20900000000259755,1.0419999999970235,0.950129999983929,0.0004999996463210549,6.350549906236031e-14,0.24434609355512646
24.364996433258057,0.20899999999649754,1.0420000000038134,0.9746099999324951,-0.0014999993839850713,5.966464433607102e-14,0.24434609527920528
24.465000867843628,0.20900000002340358,1.0419999999757188,0.9990900000528331,-7.378809546883247e-10,5.595471623359266e-14,0.24434609527920614
24.564869165420532,0.20900000000262997,1.0419999999973997,1.0235699999317367,-0.0004999999471728036,5.2571122741227726e-14,0.24085543854651087
24.66501522064209,0.20900000001033936,1.0419999999902727,1.0480499999974882,-0.0014999997714442762,4.930010207160504e-14,0.24434609356092765
24.76495337486267,0.20900000002429486,1.0419999999782423,1.0725299999310156,0.0004999990818294353,4.631939837123352e-14,0.24085543854681837
24.864933490753174,0.2089999999947847,1.0420000000044431,1.0970099999966605,-0.0004999997301474131,4.343791989548185e-14,0.24434609356057355
24.96508002281189,0.20900000001046548,1.041999999991512,1.1214899999337042,-0.001499999735255377,4.081003878279893e-14,0.25132740874627935
25.06508231163025,0.20900000002616537,1.0419999999798222,1.1459700001682798,-0.0010000003169997435,3.827301636650403e-14,0.23736478515074677
25.164979696273804,0.2090000000176384,1.0419999999870737,1.170449999815446,0.0004999993152555789,3.5958601673225406e-14,0.2443460917366781
25.265082120895386,0.20899999999403773,1.0420000000041474,1.1949300000536915,-0.000999999516860214,3.37222559420524e-14,0.2408554384943394
25.364914417266846,0.20900000001902397,1.0419999999874412,1.2194099998727426,-0.0014999999105148884,3.168344058381504e-14,0.2443460935075644
25.464930295944214,0.20900000002719743,1.0419999999829872,1.2438900000571955,-0.0005000004755494067,2.9711362567680035e-14,0.24783675206556877
25.564903020858765,0.20900000000997432,1.0419999999940948,1.2668400002455096,-2.6780337214309113e-10,2.791609663093973e-14,0.23736478358948643
25.664966106414795,0.2090000000021548,1.0419999999987892,1.2913199999393452,-0.0014999995066480338,2.6179117876801298e-14,0.24434609184267927
25.764960765838623,0.20900000002689856,1.0419999999857537,1.315799999929549,0.0014999987636906225,2.4596845256790782e-14,0.2443460952792044
25.864986181259155,0.20899999997520347,1.042000000012364,1.3402800000577795,-0.0014999989094308937,2.306564930583485e-14,0.24434609527920614
25.96596932411194,0.2090000000287806,1.041999999986517,1.3647599999295998,-0.0010000002754893679,2.1671537478082467e-14,0.24434609527920614
26.065227508544922,0.20900000001989127,1.0419999999912686,1.3892400000582565,-0.0010000000678385367,2.032229453402825e-14,0.24085543849238839
26.165054082870483,0.209000000019675,1.041999999991932,1.4137199998689916,-0.0005000002546203491,1.909466946727842e-14,0.24085543677521837
26.265068531036377,0.2090000000104859,1.0419999999959966,1.438200000000867,-0.0005000000481875915,1.7905640323655517e-14,0.24085543677521748
26.365091800689697,0.20900000001019148,1.0419999999963925,1.4626799998676265,-2.362537140747356e-10,1.6824334778856496e-14,0.2443460935053752
26.465009927749634,0.20900000000045127,1.0419999999998522,1.4871600000576564,0.0004999997844981238,1.577702132797528e-14,0.24085543849264487
26.565214157104492,0.20899999999199137,1.0420000000024,1.511639999869324,-0.0014999992539070583,1.482389538649501e-14,0.24085543677521837
26.665072917938232,0.20900000002956798,1.0419999999919205,1.5361199999990944,-6.161547582914095e-10,1.390119288986409e-14,0.244346093561614
26.765140771865845,0.2089999999999903,1.0420000000000018,1.5605999999294689,0.0009999995942082392,1.306101483466813e-14,0.24783675201093014
26.86504340171814,0.20899999998137497,1.0420000000041207,1.5835500003659497,-0.0004999994458764585,1.2248130966977008e-14,0.2373647834246178
26.965087175369263,0.20900000001063646,1.0419999999979008,1.6080299998136987,-0.0005000000341804674,1.150776470009943e-14,0.24434609173518218
27.065029859542847,0.2090000000112684,1.0419999999980616,1.6279200008086754,-0.0014999996626767092,1.0791767650523696e-14,0.1919862434946286
27.165427923202515,0.20999999983307038,1.0419999999952114,1.6325100024403802,-0.0024999996809403967,-8.229632490082361e-14,0.041887976546642
27.26503300666809,0.21000000004945907,1.0419999999927365,1.6325100006981348,0.0004999987932737052,-7.727707957944048e-14,2.1068669885104807e-08
27.365374088287354,0.2099999999903961,1.0420000000014125,1.6325100000000017,1.9132211548540667e-10,-7.260943514630332e-14,1.0703930128752633e-14
27.46498727798462,0.21000000000028063,1.0419999999999605,1.6325100000000017,-1.1156766245720099e-11,-6.809045293634317e-14,5.267537594979084e-21
27.564982175827026,0.21000000000025576,1.041999999999964,1.6325100000000017,-1.0482388404959046e-11,-6.397422337844831e-14,2.673776325258114e-27
27.66501235961914,0.21000000000024688,1.0419999999999652,1.6325100000000017,-9.830262336562798e-12,-5.999428510106604e-14,1.3163712531872812e-33
27.765233278274536,0.21000000000022512,1.0419999999999683,1.6325100000000017,-9.235879259734264e-12,-5.636675345202082e-14,6.680733064611221e-40
27.865309476852417,0.21000000000021757,1.0419999999999694,1.6325100000000017,-8.661036338532095e-12,-5.285847575690799e-14,-1.0245307326068109e-44
27.965056657791138,0.21000000000019803,1.041999999999972,1.6325100000000017,-8.137692918879034e-12,-4.9664500542423066e-14,9.89777017597691e-44
28.064990997314453,0.2100000000001918,1.041999999999973,1.6325100000000017,-7.631171305896032e-12,-4.657318913574693e-14,7.524323871301297e-44
28.164979219436646,0.20900000019710951,1.042000000000896,1.6325100000000017,0.010499995983326786,4.392157464957287e-14,2.2174545215277504e-31
28.264943599700928,0.20500000055367718,1.0420000000343215,1.6325100000000017,0.042999988237225215,4.02531743966825e-13,-1.0315861769750731e-27
28.365066528320312,0.19800000052936273,1.0429999999279678,1.6325100000000017,0.07149999009990589,3.95080269980711e-13,-2.088884872030852e-28
28.464941263198853,0.1890000002993255,1.0440000000194145,1.6309800002509895,0.10099999067512824,5.685460761546983e-13,-0.006981313572244513
28.565298318862915,0.1760000005711615,1.0459999999009677,1.6325099996246468,0.13299998993688075,4.923819748921813e-13,0.01047196664842837
28.665013551712036,0.16100000023422112,1.0480000000055318,1.632510000174534,0.1499999964940843,5.870517851709319e-13,-0.003490651648660704
28.76498579978943,0.1460000000134669,1.0500000000394172,1.6325099999418242,0.14900000336296165,6.728852723579933e-13,-1.7764185825455692e-09
28.865065336227417,0.13099999993378963,1.0520000000497325,1.6325100000000017,0.1480000031408078,7.561526931366221e-13,0.003490656787034196
28.96501398086548,0.11600000005614453,1.0540000000330805,1.6325100000581791,0.1500000018177749,8.318971626303663e-13,1.773688156417319e-09
29.065004348754883,0.10099999992224973,1.0560000000514274,1.6325100000000017,0.1485000030205025,9.052572407303367e-13,8.725053666537109e-16
29.16503620147705,0.08699999984865592,1.0580000000336929,1.6325100000000017,0.14950000190136836,8.843130119503845e-13,4.430020756696632e-22
29.264946937561035,0.07199999993987527,1.0600000000488468,1.6325100000000017,0.1490000023484614,9.543949632772307e-13,-4.811013624659447e-27
29.36491894721985,0.05700000005042227,1.0620000000339063,1.6325100000000017,0.14900000202195332,1.0181813943161355e-12,-5.165360189352337e-27
29.46488332748413,0.04199999995589421,1.0649999998496753,1.6325100000000017,0.15000000152699214,4.649142276365347e-13,1.9594976346115545e-26
29.564889907836914,0.027000000036221383,1.0670000000359918,1.6325100000000017,0.1480000025683553,5.583013428889732e-13,-5.1897116039348186e-27
29.664952993392944,0.011999999980058629,1.069000000042939,1.6325100000000017,0.1500000009084554,6.487025166539921e-13,-4.9557291291552805e-27
29.76521921157837,-0.00200000016082047,1.0710000000350985,1.6325100000000017,0.14850000216558415,6.432670799734399e-13,-1.4389508779271118e-27
29.865278005599976,-0.017000000024900874,1.0730000000436641,1.6325100000000017,0.1500000009055099,7.283812068541119e-13,-4.963451577096906e-27
29.965064764022827,-0.03199999995445024,1.07500000003463,1.6325100000000017,0.15050000121466425,8.058156328620211e-13,-5.172956597216164e-27
30.06503987312317,-0.047000000062240144,1.0770000000490985,1.6325100000000017,0.14800000225078405,8.808893445881312e-13,-5.017378113573195e-27
30.1650390625,-0.0619999999208769,1.079000000029548,1.6325100000000017,0.149000000811186,9.493395377640687e-13,-5.076911692651381e-27
30.26501178741455,-0.07700000001387952,1.0810000000422113,1.6325100000000017,0.15050000058470578,1.0151287820184046e-12,0.0034906567796266666
30.365245580673218,-0.09100000016128496,1.0830000000351474,1.6325100000581791,0.14850000186900936,9.87536737548188e-13,1.7718241565774229e-09
30.4652042388916,-0.10600000001012067,1.0850000000415254,1.6325100000000017,0.15000000043702547,1.0511540106018119e-12,8.723766635542522e-16
30.565428733825684,-0.12099999994402832,1.0870000000330757,1.6325100000000017,0.14900000134772204,1.10911245346999e-12,4.430235578312265e-22
30.665173768997192,-0.13600000001832635,1.0890000000426974,1.6325100000000017,0.1485000010673946,1.1652053892810695e-12,-4.736089527126284e-27
30.764935731887817,-0.1509999999150735,1.0910000000287776,1.6325100000000017,0.149500000436902,1.2163211112132047e-12,-5.0872245404423315e-27
30.865015506744385,-0.16600000002185977,1.0930000000432643,1.6325100000000017,0.14850000115994227,1.265682437329163e-12,-4.9722943294593846e-27
30.964972257614136,-0.18099999991075189,1.0950000000281703,1.6325100000000017,0.1500000001474239,1.3106903757793028e-12,-5.086204312156213e-27
31.064976692199707,-0.19500000022959263,1.0970000000448232,1.6325100000000017,0.1490000010780859,1.2638852210328873e-12,-1.3815182992106816e-27
31.164968729019165,-0.2099999999166151,1.0990000000290407,1.6325100000000017,0.14800000102504915,1.3089936137789231e-12,-0.0034906567314225284
31.264930963516235,-0.22499999999299858,1.101000000038969,1.6325099999418242,0.15049999965761185,1.3526465180479564e-12,-1.717230014870036e-09
31.36505436897278,-0.2399999999424347,1.1030000000328584,1.6325100000000017,0.1480000015579273,1.3923660410202648e-12,-8.7257937305555e-16
31.465007543563843,-0.2549999999943675,1.1050000000391167,1.6325100000000017,0.14949999995506355,1.4308744356270075e-12,-4.287200988404482e-22
31.565031051635742,-0.2699999999196545,1.1070000000295368,1.6325100000000017,0.14900000070315597,1.4658486420125391e-12,-5.3361883969435515e-27
31.664965391159058,-0.28400000020446114,1.109000000041126,1.6325100000000017,0.14850000065261776,1.409378897665643e-12,-1.3687235446208513e-27
31.765104293823242,-0.29899999990314186,1.111000000027056,1.6325100000000017,0.14999999985601478,1.4456969362215536e-12,-5.0736265376487425e-27
31.865275621414185,-0.31400000002532513,1.1130000000437301,1.6325100000000017,0.14850000099018654,1.4808262783854408e-12,-4.967691871476706e-27
31.96497941017151,-0.32899999990021644,1.115000000026639,1.6325100000000017,0.14900000018486168,1.512815335682875e-12,-5.0727852764027065e-27
32.06496047973633,-0.3440000000061212,1.1170000000408833,1.6325100000000017,0.14850000054837273,1.5437850091570794e-12,-4.928262832842103e-27
32.16514587402344,-0.35800000010197053,1.1190000000264289,1.6325100000000017,0.14800000052100087,1.4842680248189203e-12,-1.4061318117937358e-27
32.264918088912964,-0.37299999998776645,1.1210000000381668,1.6325100000000017,0.14999999956048263,1.5170323798433059e-12,-4.889849984059265e-27
32.364919662475586,-0.38799999992629486,1.123000000030481,1.6325100000000017,0.14800000109021086,1.5468259980451916e-12,-5.123104716116661e-27
32.46488809585571,-0.402999999984778,1.1250000000377456,1.6325100000000017,0.1489999998910484,1.5756791335428842e-12,-0.0034906567871950582
32.56513428688049,-0.41799999990574976,1.1270000000274767,1.6325099999418242,0.1499999998855081,1.6019217270496662e-12,-1.7742547400896591e-09
32.66496396064758,-0.43300000002325767,1.1290000000433995,1.6325100000000017,0.14900000064289304,1.6273422174828975e-12,-8.726859858831601e-16
32.76496863365173,-0.4479999999103508,1.1319999998251378,1.6325100000000017,0.1499999998532881,1.0528808291428084e-12,-4.42770416212438e-22
32.86504626274109,-0.4620000002148945,1.1340000000426822,1.6325100000000017,0.14900000061204136,1.0221599292452126e-12,-1.596026535498339e-27
32.965014696121216,-0.476999999909554,1.1360000000279724,1.6325100000000017,0.14950000001434605,1.0819255414703133e-12,-5.077573684426148e-27
33.06511950492859,-0.4920000000090643,1.1380000000413781,1.6325100000000017,0.15049999983422568,1.1396562739301823e-12,-4.9452946363188504e-27
33.16575503349304,-0.5069999999366317,1.1400000000319774,1.6325100000000017,0.1500000004054394,1.1922784143128561e-12,-5.132478814495203e-27
33.26496720314026,-0.5220000000180378,1.1420000000426807,1.6325100000000017,0.14850000074378197,1.2431613898022942e-12,-4.959238129879604e-27
33.36497640609741,-0.5369999998979775,1.1440000000262855,1.6325100000000017,0.15099999919017804,1.2895398419606515e-12,-5.0594884634736625e-27
33.465688943862915,-0.5510000002364501,1.146000000045827,1.6325100000000017,0.14850000111447928,1.2440357116100102e-12,-1.3838316954149078e-27
33.56599307060242,-0.5659999998948808,1.1480000000258535,1.6325100000000017,0.1494999997412774,1.2903385072090352e-12,-5.061345797210109e-27
33.66496253013611,-0.5810000000075397,1.150000000041135,1.6325100000000017,0.14900000032304464,1.3351219789635373e-12,-4.940020281563886e-27
33.764962673187256,-0.5959999999081895,1.1520000000277506,1.6325100000000017,0.1490000001187563,1.375971466333856e-12,-5.07107176298949e-27
33.86598443984985,-0.6109999999977784,1.1540000000396966,1.6325100000000017,0.14949999992668916,1.4154299451867654e-12,-4.921719640833222e-27
33.96560788154602,-0.6259999999127919,1.1560000000284876,1.6325100000000017,0.14850000049822554,1.4513698385888686e-12,-5.09548536554895e-27
34.065958976745605,-0.6400000001858532,1.1580000000383919,1.6325100000000017,0.1489999999010001,1.3957959217927027e-12,-1.3592820853378716e-27
34.164957761764526,-0.6549999999033917,1.1600000000270965,1.6325100000000017,0.1485000002830278,1.4329319400657769e-12,-5.076112862049432e-27
34.265071868896484,-0.6699999999865267,1.162000000038044,1.6325100000000017,0.14850000007495984,1.4688448609742242e-12,-4.903633517101075e-27
34.36496567726135,-0.6849999998939555,1.1640000000257036,1.6325100000000017,0.14899999987989368,1.5015694062971217e-12,-5.0572724884796506e-27
34.46530103683472,-0.699999999999918,1.1660000000399589,1.6325100000000017,0.14850000026225163,1.5332492457468313e-12,-4.91385786239255e-27
34.564945936203,-0.7149999998925693,1.1680000000255184,1.6325100000000017,0.1494999996800477,1.562068671027289e-12,-5.059129363303102e-27
34.664937019348145,-0.7290000002038113,1.1700000000410329,1.6325100000000017,0.14950000008042003,1.4996330229111285e-12,-1.3687819142160193e-27
34.76507782936096,-0.7439999999129059,1.1720000000284874,1.6325100000000017,0.1485000004575017,1.5304973542858147e-12,-5.091581124879586e-27
34.86507034301758,-0.7589999999869033,1.174000000038087,1.6325100000000017,0.14899999986348847,1.5603472298749582e-12,-4.900912906331916e-27
34.96510052680969,-0.7739999999340732,1.176000000031188,1.6325100000000017,0.1504999994903075,1.587792967614745e-12,-5.023534988109356e-27
35.065128564834595,-0.7889999999990462,1.1780000000402302,1.6325100000000017,0.14800000101984234,1.61386052261001e-12,-5.0132874052693956e-27
35.165088415145874,-0.8039999998821123,1.1800000000239719,1.6325100000000017,0.14849999983445408,1.6378148278106642e-12,-0.003490656731095835
35.264939308166504,-0.8180000001767742,1.1820000000370554,1.6325099999418242,0.1370000042801548,1.5706439656696888e-12,-1.7175858300737257e-09
35.36509156227112,-0.829000000455328,1.1839999999888249,1.6325100000000017,0.11100000969179415,1.2463390427977646e-12,0.010471970194161342
35.46508455276489,-0.8370000005781835,1.1850000001193775,1.632510000174534,0.07350001302583575,1.2764991827438391e-12,-0.010471965206153032
35.56591510772705,-0.8410000005854337,1.18500000020526,1.6325099998254693,0.04500000924111419,1.55034922989523e-12,-5.315476718503742e-09
35.665038108825684,-0.8430000004235323,1.185999999923269,1.6325100000000017,0.015000008880367833,1.0192149405302434e-12,-2.614044803019739e-15
35.765023708343506,-0.8430000002216165,1.1860000000325306,1.6325100000000017,0.0010000026014516982,9.576710990994125e-13,-1.3283789221547522e-21
35.86501669883728,-0.8429999999460431,1.185999999992051,1.6325100000000017,-0.0005000023439783062,8.980673641878945e-13,-6.537024780590019e-28
35.965099811553955,-0.8429999999232569,1.1859999999887056,1.6325100000000017,-2.947992848965908e-09,8.437955432841811e-13,-5.394627180796036e-35
36.065213441848755,-0.8429999999353277,1.1859999999904793,1.6325100000000017,-2.574079381069405e-09,7.912901858750441e-13,2.178008289346371e-39
36.164974212646484,-0.8429999999407514,1.185999999991278,1.6325100000000017,-0.0005000022277190626,7.434312476033449e-13,2.453671884950133e-34
36.26513934135437,-0.8429999999331996,1.1859999999901694,1.6325100000000017,-2.4643655059317093e-09,6.972149808668048e-13,2.4395615254557816e-34
36.36504077911377,-0.8439999997462242,1.1859999999925377,1.635569999482092,0.001999997106972311,7.428073650625282e-13,0.02792525385275823
36.46540641784668,-0.84399999999017,1.1859999999985686,1.6539299974575439,0.0014999982332581977,6.965203452403876e-13,0.1919861370861624
36.56501245498657,-0.8439999999835748,1.1859999999979294,1.6814699985314991,-0.000500001080340508,6.544861772612482e-13,0.2687806657551185
36.66516876220703,-0.8439999999438506,1.1859999999945265,1.7044200007201464,-0.002500001038552628,6.137004941299891e-13,0.23736479371030472
36.765278339385986,-0.8439999999104755,1.185999999993354,1.7288999998105563,0.0014999967579039722,5.766303311862563e-13,0.24085543500186793
36.8651762008667,-0.8439999999896499,1.1859999999994737,1.7533799999980229,-0.0015000004080783615,5.407473162583195e-13,0.24085543677521662
36.965224504470825,-0.8439999999326719,1.185999999998305,1.7809199993512452,-0.0025000011113747995,5.080792925969593e-13,0.2408554367752175
37.06522464752197,-0.8439999999157104,1.1860000000002036,1.8053999999994783,0.0004999974694937957,4.764514052777949e-13,0.2478367503483394
37.165136098861694,-0.8439999999781986,1.1860000000005786,1.829879999985399,-0.0005000008863139645,4.476697318322797e-13,0.24085544032166536
37.26510667800903,-0.8439999999601779,1.1860000000020425,1.852830000251739,0.0009999982343287246,4.1979304088134704e-13,0.23387412320087772
37.3650541305542,-0.8439999999907348,1.1860000000006816,1.8773099997526885,-0.0024999997679670803,3.94433987441846e-13,0.24434608995953347
37.46504592895508,-0.8439999999232608,1.1860000000076085,1.9033199998073482,-0.0005000018542332396,3.698771735180078e-13,0.24783675206601213
37.56516933441162,-0.8439999999658969,1.1860000000042752,1.9262700002445174,-1.1935766251226776e-09,3.475332298866188e-13,0.240855440321627
37.66502618789673,-0.8439999999766599,1.1860000000034692,1.950749999999715,-9.287273797231599e-10,3.258981155068651e-13,0.23387412320189505
37.765026569366455,-0.8439999999788408,1.1860000000036766,1.976759999494504,-8.726136302254772e-10,3.062073633517095e-13,0.2583087168851025
37.86532473564148,-0.8439999999784003,1.186000000004335,1.9997100005408055,-0.0020000000799287087,2.8714828051125467e-13,0.24085544536345582
37.96496033668518,-0.8439999999428438,1.1860000000128552,2.024189999879655,0.0004999982333015827,2.6976018477623193e-13,0.23736478003991876
38.06585168838501,-0.8439999999908094,1.1860000000022994,2.048669999935061,-0.0019999997821612166,2.52992010432448e-13,0.2443460918390123
38.165087938308716,-0.8439999999449221,1.1860000000152553,2.0731499999293748,-0.0010000011028493492,2.3770166029509014e-13,0.2443460952792044
38.26522707939148,-0.8439999999658836,1.186000000010353,2.0976300000546666,0.0004999987925919519,2.229150681800352e-13,0.23736478170864186
38.365020990371704,-0.8439999999948018,1.186000000001713,2.1221099998139796,-0.0014999998161796253,2.0943959518766165e-13,0.24434609173542202
38.46596074104309,-0.843999999957934,1.1860000000150526,2.146590000063922,-0.0010000007733491144,1.9638282191018156e-13,0.2443460952792044
38.565001487731934,-0.8439999999690637,1.1860000000119313,2.1695400002253376,-0.0005000007305161949,1.8440624021006085e-13,0.23736478178205042
38.66622233390808,-0.8439999999800745,1.1860000000082134,2.1940199998946674,0.0009999989427350185,1.7305053043096443e-13,0.2408554350378427
38.76493191719055,-0.8440000000077323,1.185999999996583,2.2200299996118025,-0.0004999998597025762,1.6259278346677922e-13,0.2513274069697245
38.865071058273315,-0.8439999999797285,1.1860000000095805,2.2429800004262876,-0.0024999997018103843,1.524680225183351e-13,0.24085544192564584
38.96545481681824,-0.8439999999465497,1.186000000026786,2.2674599998685703,-1.4138684459319428e-09,1.43258686551345e-13,0.24085543677522012
39.0651216506958,-0.8439999999919054,1.1860000000043045,2.291940000000662,0.0004999994424880173,1.343384035951603e-13,0.24434609356228448
39.1650493144989,-0.8440000000009156,1.1859999999994801,2.316419999928369,-0.000499999957236287,1.2622113100756003e-13,0.23736478181669549
39.264936208724976,-0.8439999999847787,1.1860000000090805,2.340899999939724,0.0009999991052014447,1.1836678724060597e-13,0.24085543505711693
39.365150451660156,-0.8440000000099444,1.1859999999937272,2.365379999870287,-0.000999999522335324,1.1121443319893589e-13,0.2513274069691041
39.465068101882935,-0.8439999999769627,1.1860000000153221,2.389860000174996,-0.0005000004984829366,1.0428976013118012e-13,0.24085544192623437
39.56546235084534,-0.8439999999863481,1.1860000000095692,2.4143399998680515,-4.744614822554949e-10,9.79912042359745e-14,0.23736478004488062
39.66510057449341,-0.8439999999948031,1.186000000003834,2.4388199999390854,-2.543418161629271e-10,9.189443509396915e-14,0.24434609184245568
39.765146017074585,-0.8439999999948755,1.1860000000039785,2.4632999999300424,-0.0009999998573696736,8.63396962580159e-14,0.2443460952792044
39.865118741989136,-0.8439999999791676,1.1860000000170146,2.486250000308859,-0.00199999987791366,8.096469156660202e-14,0.2408554384925181
39.96506309509277,-0.8439999999657579,1.186000000029304,2.51072999987099,-1.018330210520585e-09,7.607158348004824e-14,0.24085543677521837
40.065109968185425,-0.8439999999961216,1.1860000000034854,2.5352099999975715,-0.000500000008451946,7.133824666553294e-14,0.2373647799894724
40.165030002593994,-0.8439999999899341,1.1860000000095046,2.5581600000723483,0.0009999992346598741,6.702630760407614e-14,0.23736477827122968
40.26503658294678,-0.8440000000111336,1.1859999999889885,2.584169999688206,2.228579336046102e-10,6.285592074476732e-14,0.2583087189853485
40.3654305934906,-0.8439999999962131,1.186000000003943,2.6086500001654533,-0.0024999992072728522,5.905413041038179e-14,0.23387413216327296
40.465078592300415,-0.8439999999643812,1.1860000000389674,2.631600000130844,0.0014999983141822564,5.5380947364778925e-14,0.23736477655234534
40.565070390701294,-0.8440000000170551,1.1859999999804562,2.6576099995586624,-0.0009999991503837806,5.203054988771028e-14,0.2513274052053511
40.66496706008911,-0.8439999999849435,1.1860000000181838,2.682090000168352,-0.0005000003393174141,4.879592760025965e-14,0.24085544193475922
40.76505184173584,-0.8439999999917762,1.1860000000104416,2.7050400001328754,-0.0005000001336057225,4.584484583319369e-14,0.2408554367752201
40.86500930786133,-0.8439999999922705,1.1860000000102913,2.729519999998754,-3.0986152792927824e-10,4.2991487329278537e-14,0.23736477998896696
40.96497082710266,-0.8439999999979566,1.1860000000028632,2.7539999998105174,-0.0014999995333352537,4.0394641622897025e-14,0.24783674846307505
41.06567716598511,-0.8439999999817935,1.1860000000268889,2.7784800001184156,-6.873001315212818e-10,3.787855768900468e-14,0.24085544020786198
41.16518211364746,-0.8439999999987853,1.1860000000018915,2.80295999986809,-9.139713375776008e-11,3.559086310003345e-14,0.24085543677521923
41.26490879058838,-0.8439999999985437,1.1860000000023938,2.8274400000040583,-0.00099999971701344,3.337295403357417e-14,0.2478367503522578
41.365394592285156,-0.8439999999884646,1.1860000000200663,2.851919999980872,-0.0019999997211467306,3.1359008184708014e-14,0.23736478359671015
41.46501302719116,-0.8439999999800589,1.1860000000367419,2.876399999946136,-8.572071407732251e-10,2.9404699636022096e-14,0.2408554350598606
41.564974784851074,-0.8439999999989789,1.1860000000019963,2.9008799998671613,-0.0009999996846036176,2.7629158767282737e-14,0.24434609350517533
41.664955139160156,-0.8439999999903907,1.1860000000199795,2.9238300003080164,-0.001000000085442552,2.5909484538914687e-14,0.2373647817065971
41.764944553375244,-0.8439999999916799,1.1860000000183673,2.948309999811338,0.0019999987742968456,2.434416372162647e-14,0.24085543500219622
41.86492872238159,-0.8440000000146957,1.185999999965323,2.974319999748598,-0.0014999987144149363,2.2828724806950955e-14,0.2513274071349515
41.9649224281311,-0.8439999999881254,1.1860000000301807,2.9972700003127395,-0.0019999998959462323,2.1446297520773258e-14,0.23736478534571384
42.065003395080566,-0.8439999999859404,1.1860000000382902,3.02174999992988,0.0004999989820063341,2.0114816857622963e-14,0.2408554350529075
42.16596508026123,-0.8440000000025942,1.18599999999236,3.046229999876374,-0.001499999267009259,1.8897687402592342e-14,0.24434609350911626
42.26530146598816,-0.8439999999910506,1.186000000028633,3.070710000053924,0.0014999988181114356,1.7722332156682426e-14,0.2373647817092769
42.365341901779175,-0.8440000000077479,1.1859999999728967,3.0951899998095413,-0.0014999988540569617,1.6652075938304655e-14,0.24434609173162458
42.46491765975952,-0.8439999999920222,1.1860000000307331,3.119670000058119,-0.0015000000689470926,1.5615376187446894e-14,0.24783675206596326
42.56496477127075,-0.8439999999930192,1.186000000029883,3.1441499999906606,-6.367275181499293e-10,1.4670948149369293e-14,0.23736478358415028
42.66490316390991,-0.8439999999998014,1.1860000000009552,3.167100000191499,-0.0004999998415689922,1.3757845871222994e-14,0.24085543505746085
42.76500749588013,-0.8439999999981382,1.1860000000101143,3.193109999615495,0.0004999995825781425,1.2925771499347425e-14,0.2513274069741843
42.86503624916077,-0.84400000000127,1.1859999999919277,3.21759000017029,-0.001999999087106486,1.2121839651560592e-14,0.24085544193227362
42.964964389801025,-0.843999999994653,1.1860000000404054,3.2405400001296556,-0.0005000006401300083,1.1389305752762486e-14,0.2408554367752201
43.065075159072876,-0.8439999999990051,1.1850000002059857,3.260430000751019,0.0019999990485757846,7.805303719799728e-14,0.18849558498651608
43.16494965553284,-0.8440000000032892,1.1859999997599364,3.2665500021058493,-0.003999997679824361,1.984221670081181e-14,0.05585060340996184
43.26493787765503,-0.8439999999934003,1.1860000000797073,3.2650200011820267,0.0004999982277227198,1.8608901518185233e-14,-0.010471942847070613
43.364973306655884,-0.8440000000007912,1.18599999999062,3.265019999825469,-0.0004999996178270859,1.748372085785852e-14,0.003490651418127825
43.46497559547424,-0.8439999999991379,1.1860000000102193,3.265020000058178,-2.0697021050133935e-10,1.6395876258411366e-14,1.7182909583038364e-09
43.565152406692505,-0.843999999999955,1.1860000000005326,3.2650200000000016,-0.0004999998185515361,1.5405298722081023e-14,8.727557184495692e-16
43.66495966911316,-0.8439999999991419,1.1860000000101696,3.2650200000000016,-2.0491209510448138e-10,1.444635962657097e-14,4.294199928016393e-22
43.76504683494568,-0.8439999999999839,1.1860000000001867,3.2650200000000016,-7.611687643979117e-12,1.3573552743898589e-14,2.1810822723366084e-28
43.86510872840881,-0.8439999999999848,1.1860000000001807,3.2650200000000016,-7.137792679639101e-12,1.2728612609916162e-14,1.0731228170606972e-34
43.96536612510681,-0.8439999999999861,1.1860000000001645,3.2650200000000016,-6.706332917379848e-12,1.1959203297195462e-14,5.49547404351045e-41
44.06537079811096,-0.8439999999999865,1.1860000000001591,3.2650200000000016,-6.288797895658742e-12,1.1214625556034356e-14,-2.768061688142444e-43
44.16505837440491,-0.8440000000005203,1.1850000001970336,3.2650200000000016,0.01049999598461975,6.123910629322134e-14,1.1235290961905115e-31
44.26522088050842,-0.8440000000198244,1.1810000005514705,3.2650200000000016,0.04249998843562853,2.66566612855309e-13,-5.959874376421029e-28
44.36513686180115,-0.8440000000749004,1.174000000535093,3.2650200000000016,0.0719999896877332,6.051854400472817e-13,-4.360984269351771e-27
44.46501708030701,-0.8449999999290978,1.1650000002783762,3.2650200000000016,0.1004999910621359,4.1820866405944197e-13,2.9198824605767786e-27
44.56501817703247,-0.8459999999719252,1.1520000005648492,3.2650200000000016,0.1329999897400367,4.509222364940243e-13,-1.677957749214381e-27
44.66497778892517,-0.8470000000334985,1.1370000002211902,3.2650200000000016,0.14999999648182694,5.870618576632241e-13,-5.921433870607106e-27
44.765008211135864,-0.8480000000549759,1.1219999999866412,3.2650200000000016,0.14850000355463638,7.109539541623662e-13,0.003490656730600145
44.86527895927429,-0.8490000000587385,1.1069999999217013,3.265020000058178,0.14900000257706533,8.309314743432453e-13,1.7170721034256986e-09
44.96504783630371,-0.850000000052626,1.09200000001448,3.2650200000000016,0.1500000022245732,9.40086016217506e-13,8.723981067640666e-16
45.06503987312317,-0.8510000000604458,1.0769999999015478,3.2650200000000016,0.14800000320542372,1.045773102514272e-12,4.2923523151966e-22
45.16503643989563,-0.8520000000505443,1.062000000038197,3.2650200000000016,0.14900000189083715,1.1420794369865672e-12,-6.522802793421567e-27
45.26500630378723,-0.8530000000580418,1.0469999999303858,3.2650200000000016,0.14850000233847382,1.2351380154755783e-12,-0.003490656785407812
45.36502003669739,-0.8540000000506827,1.0320000000370715,3.2650199999418232,0.15000000143978762,1.3199206831173967e-12,0.0034906549588447078
45.464967489242554,-0.8550000000592677,1.0169999999155066,3.265020000058178,0.14850000247529968,1.4019523558825731e-12,1.7177515347632788e-09
45.56494069099426,-0.8560000000503347,1.0029999998376113,3.2650200000000007,0.14900000157975266,1.425952876471379e-12,8.714138156018683e-16
45.66499090194702,-0.8570000000587621,0.9879999999165757,3.2650200000000007,0.15000000130463428,1.5019469077058893e-12,4.254298945055557e-22
45.76493835449219,-0.8580000000504637,0.9730000000449872,3.2650200000000007,0.1490000019789407,1.5700702855011065e-12,-6.633515288544046e-27
45.86509108543396,-0.8590000000565614,0.9579999999479458,3.2650200000000007,0.149000001471601,1.6364903588134594e-12,-6.54132780950465e-27
45.96510148048401,-0.8600000000501282,0.9430000000436354,3.2650200000000007,0.14950000119201073,1.6970104376842396e-12,-6.738416401402161e-27
46.06508803367615,-0.8610000000572642,0.9279999999388344,3.2650200000000007,0.14900000149268908,1.75560050285679e-12,-6.545264143990977e-27
46.16512489318848,-0.8620000000500387,0.9130000000439525,3.2650200000000007,0.15000000083643847,1.8089796289611285e-12,-6.720972047180365e-27
46.26519536972046,-0.8630000000573488,0.8979999999390275,3.2650200000000007,0.14850000171964123,1.860502497608152e-12,-6.571061743882598e-27
46.36493635177612,-0.8640000000488048,0.8830000000588453,3.2650200000000007,0.15000000048801027,1.907517146048797e-12,-6.692046788216574e-27
46.46512961387634,-0.8650000000573832,0.8679999999377316,3.2650200000000007,0.14950000121327928,1.9529738967645005e-12,-6.55378699186653e-27
46.56499671936035,-0.8660000000500778,0.8530000000439109,3.2650200000000007,0.14850000133681132,1.9943864700388138e-12,-6.732287538614262e-27
46.665098428726196,-0.8670000000561044,0.8379999999482735,3.2650200000000007,0.1500000003227249,2.034715055439977e-12,-6.431658288201859e-27
46.76542830467224,-0.8689999998443438,0.823000000061456,3.2650200000000007,0.14800000162438462,1.4738178854282113e-12,1.88814811842566e-26
46.86521053314209,-0.8700000000535932,0.8089999997858107,3.2650200000000007,0.14900000038570954,1.494044663749312e-12,-4.396864129053219e-27
46.965008020401,-0.8710000000488196,0.7940000000592442,3.2650200000000007,0.15050000015969495,1.5631666086860473e-12,-6.701300783798225e-27
47.065123558044434,-0.8720000000575445,0.7789999999358522,3.2650200000000007,0.1490000012749704,1.6300602877653632e-12,-6.55772484904122e-27
47.165130853652954,-0.8730000000486098,0.7640000000615237,3.2650200000000007,0.14900000064331934,1.6909791480536449e-12,-6.693926211466703e-27
47.26506280899048,-0.8740000000549615,0.7489999999660731,3.2650200000000007,0.1490000006031838,1.749949841880604e-12,-6.4816747670985e-27
47.36501908302307,-0.8750000000483973,0.7340000000641784,3.2650200000000007,0.14900000056696108,1.8036110291093452e-12,-6.690802640481765e-27
47.46585011482239,-0.8760000000546797,0.7189999999697819,3.2650200000000007,0.14900000053160817,1.8555367567904785e-12,-6.481269938128822e-27
47.56511616706848,-0.8770000000484184,0.7040000000634669,3.2650200000000007,0.14950000030891034,1.9028484834026477e-12,-6.682066357438658e-27
47.66511082649231,-0.8780000000553776,0.6889999999615747,3.2650200000000007,0.14950000047998852,1.9485915465011164e-12,-6.500600493971371e-27
47.7650887966156,-0.8790000000489422,0.674000000057666,3.2650200000000007,0.14850000083300002,1.99025139071559e-12,-6.705822910941996e-27
47.86536169052124,-0.8800000000536108,0.6589999999823152,3.2650200000000007,0.14900000021548385,2.030566858964532e-12,-6.450360715534741e-27
47.965370893478394,-0.881000000048004,0.6449999998655784,3.2650200000000007,0.1485000005779063,2.0165608227452067e-12,-4.552546215690134e-27
48.06519603729248,-0.8820000000534818,0.6299999999839987,3.2650200000000007,0.1494999999821287,2.055230022321821e-12,-6.449079800593588e-27
48.16515851020813,-0.8830000000490181,0.615000000056029,3.2650200000000007,0.1495000003533104,2.090484045194445e-12,-6.69226477188899e-27
48.265045404434204,-0.8840000000549684,0.5999999999665572,3.2650200000000007,0.14900000051593795,2.124541210512599e-12,-6.493309076674464e-27
48.36509871482849,-0.8850000000479814,0.5850000000684692,3.2650200000000007,0.14850000049066536,2.1555951603769233e-12,-6.668481834650046e-27
48.46592116355896,-0.8860000000532477,0.5699999999868344,3.2650200000000007,0.1490000000850719,2.1856072681864544e-12,-6.4448804096556145e-27
48.56510281562805,-0.8870000000477645,0.555000000071552,3.2650200000000007,0.149000000265153,2.212947923018805e-12,-6.671785833673485e-27
48.66523742675781,-0.8880000000541268,0.5399999999760373,3.2650200000000007,0.14900000024857615,2.239405234295518e-12,-6.461482086771939e-27
48.76523447036743,-0.8890000000477882,0.5250000000710594,3.2650200000000007,0.14950000004292602,2.2635026279249192e-12,-6.667692426058497e-27
48.86526155471802,-0.8900000000549348,0.5099999999664157,3.2650200000000007,0.14950000023061066,2.286813498946752e-12,-6.481693943643141e-27
48.96526789665222,-0.8910000000484302,0.4950000000637119,3.2650200000000007,0.14850000059873053,2.3080374671337984e-12,-6.69176311227746e-27
49.06526494026184,-0.8920000000531094,0.47999999998830745,3.2650200000000007,0.14949999981108486,2.328567356195074e-12,-6.438147069680545e-27
49.16512608528137,-0.8930000000485223,0.4659999998592269,3.2650200000000007,0.1495000001920228,2.2965471933067178e-12,-4.5578037606878025e-27
49.26511478424072,-0.8940000000548642,0.45099999996704676,3.2650200000000007,0.14900000036443944,2.317807779575107e-12,-6.476517845921894e-27
49.3649799823761,-0.8950000000475611,0.4360000000740213,3.2650200000000007,0.1499999997759396,2.3371588046028108e-12,-6.666069019083289e-27
49.46497678756714,-0.8960000000556172,0.42099999995822734,3.2650200000000007,0.14900000053988546,2.3558861211549686e-12,-6.49884453486774e-27
49.56495714187622,-0.8970000000474054,0.4060000000760539,3.2650200000000007,0.14900000013775927,2.3729320629072665e-12,-6.666833137807255e-27
49.66495156288147,-0.898000000054187,0.3909999999745094,3.2650200000000007,0.15049999957615945,2.389448089836334e-12,-6.446093903507019e-27
49.764981269836426,-0.8990000000496852,0.3760000000494924,3.2650200000000007,0.14800000111167988,2.4044569800309233e-12,-6.739928506177545e-27
49.86496591567993,-0.900000000052104,0.36100000000002436,3.2650200000000007,0.14849999990415746,2.418990475524965e-12,-6.408919821892208e-27
49.96499419212341,-0.9010000000466118,0.34600000008511184,3.2650200000000007,0.14899999990422252,2.4322319967467576e-12,-6.638183918771275e-27
50.06498622894287,-0.9020000000537283,0.3309999999809441,3.2650200000000007,0.14900000010062384,2.445033236171798e-12,-6.4546938502702904e-27
50.16499352455139,-0.9030000000475185,0.31600000007420986,3.2650200000000007,0.14999999971306582,2.456703441819732e-12,-6.659037278832828e-27
50.26500844955444,-0.9040000000553801,0.30199999976433634,3.2650200000000007,0.14750000103384978,2.4157335321988186e-12,-4.42738759389797e-27
50.364936113357544,-0.9050000000449612,0.2870000001046677,3.2650200000000007,0.15049999890189603,2.4291726365610524e-12,-6.5905758799693e-27
50.464937925338745,-0.90600000005626,0.2719999999507249,3.2650200000000007,0.14900000066678878,2.4421680167846364e-12,-6.518363106611845e-27
50.56494331359863,-0.9070000000475109,0.2570000000738585,3.2650200000000007,0.1480000004533911,2.4540188649140667e-12,-6.653090672212244e-27
50.66494297981262,-0.9080000000519743,0.24200000000199312,3.2650200000000007,0.15049999912095444,2.465459940526472e-12,-6.410713751908399e-27
50.76499962806702,-0.9090000000499807,0.2270000000448259,3.2650200000000007,0.14900000067178812,2.4758984247438267e-12,-6.724369365032773e-27
50.86510944366455,-0.9100000000535293,0.21199999998354474,3.2650200000000007,0.14850000024339566,2.485978470028892e-12,-6.4547915235064935e-27
50.96504878997803,-0.91100000004668,0.1970000000838828,3.2650200000000007,0.14999999947159098,2.4951775705556265e-12,-6.630885832941934e-27
51.06505870819092,-0.9120000000552051,0.18199999996364577,3.2650200000000007,0.1485000006296149,2.5040587364185763e-12,-6.498715604390393e-27
51.165130376815796,-0.913000000046615,0.16700000008471902,3.2650200000000007,0.1494999996551326,2.5121639049053603e-12,-6.631194135205579e-27
51.265971422195435,-0.9140000000537092,0.15299999978430995,3.2650200000000007,0.13500000541112508,2.4677595655215657e-12,-4.412194892522406e-27
51.36555004119873,-0.9150000000221215,0.1419999995630673,3.2650200000000007,0.1125000083021648,2.2750578014164185e-12,0.0034906567324232496
51.465542793273926,-0.9159999999882156,0.13399999937966,3.265020000058178,0.06950001509835445,1.9320838120246027e-12,1.7183363065775836e-09
51.56511211395264,-0.9160000001119513,0.12899999968740694,3.2650200000000016,0.04500000762453378,2.06897538161053e-12,8.72412339026891e-16
51.66497755050659,-0.9160000000694102,0.12699999957023053,3.2650200000000016,0.016000008528734157,2.0446890284831236e-12,4.295040042200702e-22
51.765029191970825,-0.9160000000204289,0.12699999975720622,3.2650200000000016,0.0005000031925930046,1.9210344459516223e-12,2.1790668910337055e-28
51.864970684051514,-0.9159999999945101,0.1270000000645464,3.2650200000000016,-0.0010000023525705897,1.8014314523998e-12,7.393848287673559e-34
51.96496534347534,-0.9159999999925863,0.12700000008741513,3.2650200000000016,-0.000500002956032787,1.6926224656631846e-12,1.6711630405851425e-33
52.06500196456909,-0.9159999999936335,0.12700000007500914,3.2650200000000016,-2.7659500384524804e-09,1.5872472014169395e-12,5.570914689671078e-34
52.16494679450989,-0.9159999999949684,0.1270000000592177,3.2650200000000016,-2.413884597415872e-09,1.4913132831911131e-12,4.6896593017282936e-39
52.2649359703064,-0.9159999999951345,0.12700000005726608,3.2650200000000016,-2.2637180584900163e-09,1.3985394860728149e-12,-3.3303834336710814e-40
52.36498785018921,-0.9159999999957189,0.12700000005037843,3.268079999482204,0.002999996728325717,1.3140016143408848e-12,0.024434597123812112
52.46495223045349,-0.9160000000007664,0.12699999999017583,3.287969997143718,0.0009999988128839353,1.2322408383823498e-12,0.19896744881590184
52.56495976448059,-0.9159999999983817,0.12700000002593692,3.3139799989147702,0.0004999983354118083,1.1577563706317113e-12,0.2617993559023294
52.664942264556885,-0.9159999999987165,0.12700000003570638,3.3369300005985227,-0.001500001012980329,1.085703020847382e-12,0.2303834767239645
52.76592230796814,-0.9159999999991171,0.1270000000701214,3.3629399994368585,0.0009999973541358516,1.0200974175711755e-12,0.2548180583826168
52.86494851112366,-0.9160000000002522,0.12700000002006287,3.3858900004811385,-0.0010000007901609176,9.566276730930078e-13,0.2268928165058849
52.96503710746765,-0.9160000000020534,0.12700000005647666,3.4103699996407686,-0.0010000014823171302,8.987810754198004e-13,0.25132739988789593
53.06511902809143,-0.9160000000033812,0.1270000000555161,3.4348500001732987,-0.0015000012053929803,8.428412497077831e-13,0.24085544192840944
53.165156841278076,-0.9160000000052473,0.1270000000613169,3.459329999873016,-1.889586278246147e-09,7.91880486100601e-13,0.25132740697260897
53.26532816886902,-0.9160000000032995,0.1270000000299957,3.4838100001709043,0.0004999986143583179,7.426216505477439e-13,0.23736478514625356
53.365854263305664,-0.9160000000026165,0.12700000001944786,3.508289999815032,-0.0029999997817087825,6.977185250132885e-13,0.24434609173632393
53.465096950531006,-0.9160000000136335,0.1270000000850531,3.5327700000540023,0.000999997394367542,6.543226001642986e-13,0.2443460952792044
53.56493520736694,-0.9160000000006838,0.12700000000376555,3.555720000189229,0.000999999032413408,6.147679155209983e-13,0.23387412508290156
53.66495633125305,-0.916000000001056,0.12700000000511028,3.580199999881133,-0.0024999996147910507,5.765164452771574e-13,0.24434609012436942
53.76505780220032,-0.9160000000164881,0.12700000007015055,3.6062099996703765,-0.0010000015054272482,5.416733843675744e-13,0.25132740874252796
53.86505889892578,-0.9160000000103419,0.12700000003939338,3.629160000425177,-1.2094054022138145e-09,5.079522050441027e-13,0.2408554419271693
53.96497821807861,-0.916000000005535,0.127000000019293,3.653639999869627,-0.0020000000029027267,4.772635239504798e-13,0.23387412331319424
54.06503629684448,-0.916000000017339,0.12700000005521117,3.6781199998822567,0.0004999983122612097,4.475599186693494e-13,0.24783674691200175
54.165122509002686,-0.9160000000024078,0.12700000000708747,3.702599999988589,-0.0014999998978904234,4.2050391857628613e-13,0.24434609705106272
54.26498746871948,-0.9160000000158006,0.1270000000428561,3.725550000309907,0.0004999985962656738,3.9431885406497396e-13,0.2338741249177075
54.36495041847229,-0.91600000000189,0.1270000000048084,3.7515599994937237,-0.0010000000067754437,3.7049804040977397e-13,0.2513274034212844
54.46494007110596,-0.9160000000133297,0.12700000003134204,3.776040000173455,-9.471131309779501e-10,3.474375278690733e-13,0.2408554419282115
54.56552481651306,-0.9160000000051673,0.12700000001138154,3.798990000129983,0.000499999289155389,3.264398642274018e-13,0.2408554367752201
54.66496229171753,-0.9160000000011723,0.12700000000244568,3.8234699999970427,-0.0005000001068145386,3.0613055461581074e-13,0.24085543677521748
54.76520800590515,-0.9160000000099866,0.12700000001946737,3.8494799996112254,-0.0010000002794980116,2.876327205707669e-13,0.25132740696902733
54.86522078514099,-0.9160000000149533,0.12700000002736533,3.8724300004242833,-0.0005000006371358985,2.6973051638846317e-13,0.23038347156959954
54.964980602264404,-0.9160000000099298,0.12700000001722392,3.8969099996961614,-6.045179231327358e-10,2.534304190158373e-13,0.25481805838354166
55.06520652770996,-0.9160000000049755,0.1270000000081673,3.9213900002322113,-3.764147344514912e-10,2.376543082946024e-13,0.23387413007174468
55.16581439971924,-0.9160000000048725,0.1270000000075751,3.945869999753918,-0.0005000001627930046,2.2329397005190193e-13,0.24085543322982447
55.26523399353027,-0.9160000000108641,0.12700000001600173,3.970350000000435,-0.0014999999740716947,2.093908153013831e-13,0.2513274071361251
55.364898443222046,-0.9160000000213961,0.1270000000299038,3.9933000003539076,0.0014999985253928115,1.965827177682062e-13,0.23387412851642525
55.464945554733276,-0.915999999986925,0.12699999998259734,4.019309999575073,-0.0014999991317528956,1.844970766585991e-13,0.24783674682148765
55.56510877609253,-0.9160000000225978,0.1270000000285218,4.043789999989382,0.0004999989285928361,1.733418840891337e-13,0.24085544031825612
55.66496419906616,-0.9159999999975503,0.12699999999706624,4.066740000248468,0.0004999997567060055,1.6255661664223912e-13,0.2408554367752192
55.7654287815094,-0.9159999999977191,0.12699999999739256,4.092749999613584,-0.000999999656303455,1.527292778665753e-13,0.24783675023965657
55.86515688896179,-0.9160000000180326,0.12700000001961312,4.115700000373557,-0.0015000000645670533,1.4320574021587802e-13,0.24434609699352972
55.96589946746826,-0.9160000000243582,0.12700000002529913,4.140179999920051,-8.190444260314234e-10,1.3456894076417273e-13,0.24434609527920703
56.06497764587402,-0.9160000000033128,0.12700000000328038,4.164660000065001,0.0004999996203859377,1.261776207250046e-13,0.24085543848950347
56.16514277458191,-0.9159999999962412,0.12699999999646497,4.18913999986996,-0.0004999997903496597,1.1855380634494776e-13,0.2373647800440625
56.26497983932495,-0.9160000000109263,0.12700000000979786,4.213619999933445,-0.000500000184402186,1.1118736324355151e-13,0.2548180621872296
56.36521863937378,-0.9160000000103898,0.12700000000886763,4.238100000101924,0.0004999994449103307,1.0447047153998239e-13,0.2338741304061484
56.46520638465881,-0.9159999999959516,0.12699999999671677,4.262579999883241,-0.0014999994012394292,9.796703579195094e-14,0.24783674691368857
56.56539797782898,-0.9160000000264792,0.12700000002044187,4.287059999987919,-7.493898075867922e-10,9.204562713986181e-14,0.2408554403195075
56.66494941711426,-0.9160000000029398,0.12700000000215955,4.311539999996805,-0.0004999999467527163,8.631938461969898e-14,0.24434609356063627
56.76500582695007,-0.916000000010682,0.12700000000744355,4.334490000186991,-3.258758385750807e-10,8.110410630757738e-14,0.2373647818170445
56.864994049072266,-0.916000000003216,0.12700000000213418,4.360499999693939,-0.0014999995618586537,7.605143042218091e-14,0.2478367486352142
56.96497964859009,-0.9160000000278861,0.1270000000174638,4.384979999984292,-0.0005000005245000879,7.145843577030888e-14,0.24085544032261116
57.0651650428772,-0.9160000000104866,0.12700000000621664,4.407930000254318,0.0004999995206581801,6.700580249814011e-14,0.23736477998687164
57.16501021385193,-0.9159999999935446,0.12699999999637337,4.432409999809649,-0.0004999996989807281,6.295919425747945e-14,0.24434609173171612
57.26502966880798,-0.9160000000113278,0.1270000000060081,4.456890000056235,-0.000999999914259644,5.904129037028326e-14,0.24783675206515682
57.36511731147766,-0.9160000000196518,0.1270000000098131,4.481369999987647,-4.860098048835304e-10,5.5472877174033415e-14,0.2338741268562916
57.46502637863159,-0.9160000000022834,0.1270000000010728,4.5058499998826225,-0.0009999997056837433,5.202009681292689e-14,0.24783674691262894
57.565030097961426,-0.9160000000193054,0.1270000000084864,4.5303299999843265,0.0009999991427642773,4.8878409339322667e-14,0.24434609705288637
57.66506099700928,-0.9159999999830508,0.12699999999304157,4.554810000059158,3.2744091173295825e-10,4.5834664338349017e-14,0.24085543849200375
57.765156745910645,-0.9160000000019903,0.12700000000076178,4.579289999870774,-0.000999999680322967,4.306477460510845e-14,0.24783675023822604
57.8650336265564,-0.9160000000204991,0.1270000000072678,4.603770000116004,-0.0005000002656550113,4.038388614411658e-14,0.24434609699655954
57.96530795097351,-0.9160000000115915,0.12700000000379322,4.628249999930231,-0.0014999996830891067,3.79426863019784e-14,0.23736478181510406
58.06504416465759,-0.9160000000292761,0.12700000000879172,4.6512000001894185,0.0009999989928867522,3.558240535694111e-14,0.24085543505651058
58.165077447891235,-0.9159999999820907,0.12699999999506828,4.675679999870314,-0.0004999994484501304,3.343230687626792e-14,0.24434609350652403
58.2650089263916,-0.916000000010738,0.12700000000267725,4.700160000057341,-2.388029120151472e-10,3.1351301852484114e-14,0.23736478170635358
58.36505937576294,-0.9160000000021262,0.12700000000047584,4.724639999814434,-0.0019999992763967732,2.9455882448892884e-14,0.25132740520038965
58.46509504318237,-0.916000000040389,0.1270000000079912,4.749120000173328,-0.0005000006366528214,2.7622545835479735e-14,0.2408554419283747
58.56523275375366,-0.9160000000106083,0.12700000000183073,4.773599999872017,-2.341169114041669e-10,2.595278068095315e-14,0.24434609350725547
58.66504454612732,-0.9160000000007371,0.12700000000010936,4.798080000089794,-2.911730451475754e-11,2.432496644779589e-14,0.23387412487828035
58.765002489089966,-0.9160000000012558,0.12700000000015443,4.822559999714638,-0.0009999996417837578,2.2868082570039485e-14,0.24783674662518942
58.86501598358154,-0.9160000000208259,0.12700000000203526,4.847040000117659,-0.000500000233090061,2.144394091629532e-14,0.24085544020850916
58.965126037597656,-0.9160000000111119,0.12700000000081219,4.869990000128242,-0.0009999998432193378,2.0148507811475684e-14,0.24085543677521923
59.06495666503906,-0.9160000000189048,0.12700000000094586,4.889880000751873,0.002499998664411092,1.8894401139750122e-14,0.19198624176613413
59.16494274139404,-0.9159999999526707,0.12699999999857658,4.89447000242292,-0.0034999976704489615,1.7752498275569377e-14,0.04886929172277091
59.264957427978516,-0.9160000000703614,0.12700000000179398,4.89447000081449,-1.386905070822897e-09,1.664304149812413e-14,-0.003490632850337995
59.36501860618591,-0.9160000000006465,0.12700000000001688,4.894469999941824,-0.0004999998223415736,1.5641691072515807e-14,-1.7808169726178658e-09
59.46597695350647,-0.9160000000100035,0.12700000000025538,4.894470000000002,0.0004999996063768448,1.466742641798518e-14,-8.756275238934357e-16
59.565019845962524,-0.9159999999903117,0.12699999999975337,4.894470000000002,1.906933311344311e-10,1.3781528277153514e-14,-4.448856508831882e-22
59.66508340835571,-0.9160000000002992,0.12700000000000794,4.894470000000002,-1.1756039148885442e-11,1.292302522000908e-14,-2.1872304200027085e-28
59.76529669761658,-0.9160000000002708,0.12700000000000722,4.894470000000002,-1.1046498263366563e-11,1.2142967816403777e-14,-1.1120086785994021e-34
59.8649423122406,-0.9160000000002628,0.127000000000007,4.894470000000002,-1.0358731603201223e-11,1.1386933802429823e-14,-5.475892511821395e-41
59.964982986450195,-0.9160000000002397,0.12700000000000636,4.894470000000002,-9.733027365565593e-12,1.069912249547547e-14,-3.686311655568057e-44
60.06496477127075,-0.9160000000002326,0.1270000000000062,4.894470000000002,-9.125320673929052e-12,1.0031095161707847e-14,7.965821933225648e-44
60.16498112678528,-0.9159999999941948,0.12699999999985226,4.894470000000002,0.009999996160997521,9.42676993666394e-15,-6.170816817906664e-35
60.26500082015991,-0.9120000005610316,0.1269999999942376,4.894470000000002,0.04299998804315443,7.221413937525896e-14,0.0034906567866708356
60.36503982543945,-0.9050000005206456,0.12699999997702688,4.8944700000581784,0.0724999897081724,1.754999163568469e-13,1.7728111647956346e-09
60.46494793891907,-0.8950000004601697,0.12699999996156963,4.894470000000002,0.10149999088479762,3.229943249921427e-13,-0.0034906567864914895
60.56502175331116,-0.8820000005399868,0.1269999999464424,4.894469999941824,0.1329999901338313,5.03360212220449e-13,0.0069813116883646244
60.66502046585083,-0.8670000002122689,0.12699999993019026,4.894470000116357,0.14949999666350228,7.09691814084585e-13,-0.003490653352485441
60.765156745910645,-0.8519999999823731,0.12699999992198227,4.894469999941824,0.1485000033475516,8.976822839518314e-13,0.0034906549623007657
60.864983320236206,-0.8369999999150353,0.12699999992256725,4.8944700000581784,0.14800000294331492,1.0793383750476481e-12,1.7184377254508831e-09
60.965019941329956,-0.8220000000201626,0.12699999992295133,4.894470000000002,0.15000000181784423,1.2449654704535745e-12,8.718114181612654e-16
61.06532692909241,-0.8069999998957695,0.12699999992202535,4.894470000000002,0.14800000320529427,1.404897856628959e-12,4.295166478854439e-22
61.165143728256226,-0.7920000000293412,0.12600000012617224,4.894470000000002,0.15000000150805604,9.471439877072041e-13,1.5992960162900324e-26
61.26516914367676,-0.776999999899699,0.12599999992219668,4.894470000000002,0.1485000027295501,1.1257723696974557e-12,-9.587530630119324e-27
61.36499309539795,-0.7620000000276059,0.12599999992307995,4.894470000000002,0.14900000181906276,1.2884684799606134e-12,-0.003490656731661099
61.465256452560425,-0.7469999999239829,0.1259999999228552,4.894469999941824,0.15000000152707232,1.4459100658047088e-12,0.0034906550694176926
61.56515145301819,-0.7320000000056082,0.12599999992248292,4.8944700000581784,0.14850000237761193,1.5891825709044949e-12,1.7733221349680584e-09
61.66508364677429,-0.7169999999405627,0.12599999992326383,4.894470000000002,0.15000000110407424,1.7278666468599946e-12,8.726598748931491e-16
61.76509690284729,-0.7020000000086162,0.12599999992259917,4.894470000000002,0.15000000159233184,1.85415758640554e-12,4.4313026241131795e-22
61.86509418487549,-0.6869999999078349,0.12599999992265742,4.894470000000002,0.14850000204486127,1.9766871202947403e-12,-9.280557769711691e-27
61.96516251564026,-0.6720000000514803,0.12599999992347372,4.894470000000002,0.151000000411347,2.0876437607631848e-12,-9.745147785840065e-27
62.06540489196777,-0.6569999998902154,0.1259999999222598,4.894470000000002,0.1490000020759787,2.195662852007036e-12,-9.541113094380042e-27
62.165961265563965,-0.6420000000491459,0.1259999999233444,4.894470000000002,0.15000000083059878,2.293334947909198e-12,-9.773119360406582e-27
62.26513695716858,-0.6269999999222882,0.12599999992287675,4.894470000000002,0.14900000152999718,2.388266528849858e-12,-9.488452759041057e-27
62.36513352394104,-0.612000000043174,0.1259999999234532,4.894470000000002,0.14900000106818653,2.4746062260078464e-12,-9.72840233654876e-27
62.46558618545532,-0.5969999999429034,0.12500000011996865,4.894470000000002,0.14950000081723022,1.9359558376427603e-12,1.520920454286855e-26
62.5651433467865,-0.5820000000389012,0.12499999992327612,4.894470000000002,0.14850000133497954,2.049543177792194e-12,-9.759481447228794e-27
62.665287494659424,-0.5669999999610744,0.12499999992380037,4.894470000000002,0.14900000068578417,2.1595789494513722e-12,-9.377824896502572e-27
62.7650728225708,-0.552000000047232,0.12499999992358202,4.894470000000002,0.15000000044770304,2.259767933452566e-12,-9.705048895229109e-27
62.864912271499634,-0.5369999999340416,0.12499999992313343,4.894470000000002,0.1475000017234604,2.35673977197064e-12,-9.463198810052285e-27
62.965049505233765,-0.5220000000807903,0.12499999992442004,4.894470000000002,0.14949999993133314,2.444992815759555e-12,-9.598707105522422e-27
63.06518483161926,-0.5069999999457493,0.12499999992343558,4.894470000000002,0.1485000010668317,2.5304328961649235e-12,-9.422660392135364e-27
63.16516375541687,-0.4920000000601683,0.12499999992397623,4.894470000000002,0.1490000004420166,2.6082667824872414e-12,-9.648021850778966e-27
63.26495146751404,-0.4769999999592205,0.12499999992372303,4.894470000000002,0.15000000023538804,2.683487051242017e-12,-9.390369946751949e-27
63.36494994163513,-0.46200000003425146,0.12499999992327987,4.894470000000002,0.14800000135478464,2.7520346078906263e-12,-9.745961972724055e-27
63.464961767196655,-0.44699999997995565,0.12499999992429031,4.894470000000002,0.14949999995471216,2.8183403029559797e-12,0.003490656786096938
63.564950704574585,-0.43200000004494976,0.12499999992356423,4.8944700000581784,0.14900000070331385,2.8787444103107866e-12,1.772258135818855e-09
63.66493225097656,-0.41699999996322434,0.12499999992384103,4.894470000000002,0.1485000006537091,2.937145847175214e-12,8.724973417609982e-16
63.76495981216431,-0.4020000000542119,0.12400000012637488,4.894470000000002,0.14900000023925808,2.384827969801359e-12,4.4123107968339075e-22
63.86494016647339,-0.38699999996501155,0.12399999992384125,4.894470000000002,0.1500000000444451,2.473929437365628e-12,-9.160483491629885e-27
63.96494245529175,-0.37200000004630596,0.1239999999233802,4.894470000000002,0.14850000098631644,2.5549449132690385e-12,-9.756620460240813e-27
64.06490397453308,-0.35699999997438914,0.12399999992414007,4.894470000000002,0.14949999998272878,2.6335126536902644e-12,-9.333779652055679e-27
64.1648964881897,-0.3420000000490231,0.1239999999236518,4.894470000000002,0.14950000035387542,2.705077218877216e-12,-9.69406677925932e-27
64.2648594379425,-0.3269999999548343,0.12399999992366291,4.894470000000002,0.14950000033172645,2.7743172283483373e-12,-9.392121736518177e-27
64.36485815048218,-0.31200000004146844,0.1239999999236811,4.894470000000002,0.14950000031176783,2.837538837489222e-12,-9.662884929244549e-27
64.46485376358032,-0.29699999996215043,0.12399999992368393,4.894470000000002,0.1500000001072789,2.8984076355892223e-12,0.0034906567825732588
64.56490421295166,-0.2820000000332774,0.12399999992346067,4.8944700000581784,0.14900000066685484,2.9541007870957908e-12,1.7678774173746081e-09
64.66495275497437,-0.2669999999744155,0.12399999992396399,4.894470000000002,0.14999999987514528,3.0077060345746294e-12,8.72235564532929e-16
64.76490545272827,-0.25200000004301737,0.1239999999234685,4.894470000000002,0.1500000002536901,3.0566351282479334e-12,4.431268971306963e-22
64.86491274833679,-0.23699999994685195,0.1239999999234852,4.894470000000002,0.1495000004222786,3.104002460879024e-12,-9.194296050605864e-27
64.96502017974854,-0.22200000005473575,0.12300000012696496,4.894470000000002,0.14800000078490322,2.5439768598178956e-12,1.566797543389233e-26
65.06494426727295,-0.20699999998722252,0.12299999992449234,4.894470000000002,0.1504999992415277,2.62325940287298e-12,-9.283384755008357e-27
65.1649706363678,-0.19200000003380957,0.12299999992325397,4.894470000000002,0.1490000007846531,2.6954350887788484e-12,-9.747998420954594e-27
65.26490497589111,-0.17699999996966564,0.12299999992403386,4.894470000000002,0.14850000034883137,2.7652692749218096e-12,-9.347434182397769e-27
65.36485528945923,-0.16200000007467397,0.12299999992428906,4.894470000000002,0.14899999995212973,2.828856729451075e-12,-9.613535806138497e-27
65.46493792533875,-0.14699999996973467,0.12299999992404122,4.894470000000002,0.1490000001455422,2.8903886205175694e-12,0.0034906567863160496
65.56486129760742,-0.13200000006289692,0.12299999992405633,4.8944700000581784,0.1485000003276734,2.946460228039037e-12,1.7715069402721162e-09
65.66516757011414,-0.11699999998010169,0.12299999992431741,4.894470000000002,0.14850000011685327,3.000678547800703e-12,8.716120591550389e-16
65.76503467559814,-0.10200000007553811,0.1229999999243152,4.894470000000002,0.14899999991910876,3.0500428215913178e-12,4.427083220123597e-22
65.86501145362854,-0.08699999997014318,0.12299999992405068,4.894470000000002,0.14999999974535771,3.097804212584196e-12,-9.124784547467955e-27
65.96499824523926,-0.07200000004087359,0.12299999992356304,4.894470000000002,0.1490000005119132,3.141367801464106e-12,-9.692630372558547e-27
66.06504154205322,-0.05699999997484673,0.12299999992406258,4.894470000000002,0.14999999972976918,3.183388733282895e-12,-9.354771229188031e-27
66.16499447822571,-0.04200000004155369,0.1229999999235816,4.894470000000002,0.1485000006883907,3.221773195110993e-12,-9.691280085018944e-27
66.26501560211182,-0.026999999984008927,0.12200000012135717,4.894470000000002,0.1494999997052789,2.6380034165476005e-12,1.507369721337265e-26
66.36531066894531,-0.012000000054600779,0.12199999992381526,4.894470000000002,0.1495000000935115,2.709322041483152e-12,-9.669340604288417e-27
66.46508884429932,0.0030000000383605396,0.12199999992383692,4.894470000000002,0.14850000045673428,2.778298308611421e-12,-9.371322439416648e-27
66.56500458717346,0.0179999999231355,0.12199999992434174,4.894470000000002,0.14899999986859638,2.8410961293811026e-12,-9.606847057460171e-27
66.66503882408142,0.033000000028951426,0.12199999992409222,4.894470000000002,0.14900000006721337,2.9018792560277186e-12,-9.336335457388378e-27
66.76509118080139,0.047999999933514115,0.12199999992407967,4.894470000000002,0.1499999996815135,2.9572108515207515e-12,-9.639214837958651e-27
66.86515665054321,0.06300000004746886,0.12199999992360727,4.894470000000002,0.14800000082061399,3.0107549093394805e-12,-9.40191187037126e-27
66.96519494056702,0.07799999991532847,0.12199999992459643,4.894470000000002,0.14999999926839833,3.059538469199919e-12,-9.5652400553692e-27
67.06529688835144,0.09300000004850961,0.1219999999235983,4.894470000000002,0.1490000004445151,3.10672221252189e-12,-9.399147802798466e-27
67.16508221626282,0.10799999993438325,0.1219999999241094,4.894470000000002,0.1490000000480545,3.1497027818479413e-12,-9.631469144945376e-27
67.26496076583862,0.12200000021642765,0.12199999992429604,4.894470000000002,0.13750000429161577,3.175416223708178e-12,-8.716339388532369e-27
67.3651831150055,0.13300000049210903,0.12199999993054854,4.894470000000002,0.11100000989699127,3.1527219901308478e-12,-0.0034906567304964398
67.46524453163147,0.14100000060140117,0.12199999994461735,4.894469999941824,0.07450001265084227,3.0831998771836764e-12,0.010471968642693463
67.56496548652649,0.14600000041519223,0.12199999996359204,4.894470000174534,0.04350001022507793,2.9738202341861005e-12,-0.003490651411284745
67.66557312011719,0.14800000040256167,0.1219999999797795,4.894469999941824,0.0160000079216967,2.8203444930234665e-12,0.0034906550700874385
67.76533603668213,0.14800000024380067,0.12199999999385056,4.895999999799145,0.0010000030018951587,2.649945681554896e-12,1.772938779294464e-09
67.86512184143066,0.1479999999454007,0.12200000000137133,4.896000000000002,-0.0005000023468002936,2.485004858172066e-12,8.724003291915774e-16
67.96510481834412,0.14799999992208113,0.12200000000192443,4.896000000000002,-0.0005000027597281175,2.3348170973168316e-12,4.42944814327313e-22
68.0651421546936,0.1479999999244641,0.12200000000186556,4.896000000000002,-2.7717681101713243e-09,2.189205779242647e-12,2.1750449455759263e-28
68.16510534286499,0.14799999994050106,0.12200000000147619,4.896000000000002,-2.4198457916277394e-09,2.057015998914403e-12,1.1054745359641327e-34
68.2650454044342,0.14799999994234136,0.12200000000143052,4.896000000000002,-2.2691466570329277e-09,1.9289126401017282e-12,5.809746208962021e-41
68.36506628990173,0.14799999994882462,0.1220000000012707,4.897529999740572,0.0019999971029009697,1.8125390638463654e-12,0.024434597098391853
68.46501445770264,0.14799999999036118,0.1220000000002594,4.932195301902558,0.0019999980463699966,1.69969144942823e-12,0.18151416493564548
68.5649197101593,0.14799999999351687,0.12199999999996003,4.9597353055526385,-1.07366090497385e-09,1.5967832762140474e-12,0.27576197405278213
68.66494154930115,0.14799999995385882,0.12199999999820166,4.985745307513381,-0.002000001029464615,1.4973069044195105e-12,0.24783676751143907
68.76516366004944,0.14799999991978607,0.12199999999474972,5.0071653076744855,0.0004999973364431583,1.4070587994606976e-12,0.2234021566974642
68.8650815486908,0.14799999997030966,0.12199999999743777,5.031645306886341,-0.0005000011735012393,1.3195071095400209e-12,0.24783674175570508
68.96502304077148,0.14799999995313584,0.12199999999477462,5.0561253071666385,-0.002000000899975933,1.2397678882479079e-12,0.24085544032024656
69.06504702568054,0.14799999992597934,0.12199999998988773,5.080605307178496,-2.15363534731422e-09,1.1626027420607438e-12,0.2478367503478535
69.16497230529785,0.14799999996791335,0.12199999999482773,5.105085307165824,-0.0015000007110733524,1.092358400118349e-12,0.24434609705207058
69.26496744155884,0.147999999941423,0.12199999998905656,5.129565307236726,0.0014999976541918208,1.024367430936963e-12,0.23387412492018742
69.36501479148865,0.1480000000012045,0.12200000000028051,5.154045306935287,-0.001499999949777511,9.624446832932215e-13,0.24783674669545117
69.46505498886108,0.1479999999443602,0.12199999998675572,5.1785253072937305,-0.0005000014645925943,9.025562191035169e-13,0.2408554402115158
69.56535649299622,0.1479999999675461,0.1219999999914379,5.20300530705123,0.0014999982306936797,8.480020211321115e-13,0.24085543677521923
69.66500902175903,0.14800000000421631,0.12200000000124755,5.227485307179334,-0.0029999992365553115,7.952105868153688e-13,0.24783675034856895
69.76503872871399,0.14799999992233204,0.12199999997535146,5.251965307165505,-2.0920720329720144e-09,7.471674442886302e-13,0.24434609705220717
69.86501288414001,0.14799999998033098,0.1219999999932376,5.274915307487926,-8.187022618004469e-10,7.006590905222072e-13,0.23736478170630548
69.96528553962708,0.1479999999816819,0.12199999999322753,5.299395306989984,-0.0010000003873313697,6.583378588420787e-13,0.24434609173235727
70.06503772735596,0.14799999996442637,0.12199999998583153,5.323875307237983,-1.113349498531313e-09,6.17349293320502e-13,0.2443460952792044
70.16528010368347,0.1479999999841377,0.12199999999323574,5.348355307106395,-0.0010000002944242367,5.800596723987069e-13,0.2408554385486186
70.2650089263916,0.14799999996661395,0.12199999998476838,5.3728353071791135,-0.0010000006571656125,5.439506135997846e-13,0.2443460935618
70.36507415771484,0.14799999996861635,0.12199999998474265,5.397315307108172,-0.0005000008082658093,5.11081242160049e-13,0.24085543854785807
70.46502327919006,0.1479999999785777,0.12199999998893303,5.421795307180963,-7.518930239709676e-10,4.792523302055786e-13,0.24434609356259077
70.56498527526855,0.14799999998900493,0.12199999999397987,5.446275307107072,0.000499999287432812,4.502996575369135e-13,0.24434609527920528
70.66498970985413,0.1479999999973396,0.12199999999846685,5.47075530723763,-0.0009999999240570834,4.222659611941525e-13,0.2408554384924796
70.76501369476318,0.14799999997307411,0.12199999998347356,5.495235307049711,-0.000500000674150317,3.967512347456491e-13,0.24434609350644457
70.86532473564148,0.14799999998193014,0.12199999998829417,5.519715307236613,-0.0010000002570611701,3.7205710704018213e-13,0.24434609527920526
70.96534371376038,0.1479999999750672,0.12199999998296206,5.5426653073686944,-0.0005000006171876912,3.495663819163964e-13,0.23387412508306712
71.06507849693298,0.14799999998436464,0.12199999998878425,5.56867530681059,0.00049999924242161,3.278115830517451e-13,0.24783674691155924
71.1652204990387,0.1480000000007733,0.12200000000059621,5.591625307427027,-0.0004999999603315933,3.079947362781053e-13,0.24085544031895817
71.26534152030945,0.1479999999850925,0.12199999998815875,5.616105307178074,-0.0010000001589629498,2.8882647713761734e-13,0.24434609356135623
71.36515688896179,0.14799999997903068,0.12199999998248434,5.64058530710807,0.0004999990931204362,2.713738846082215e-13,0.24085543854790128
71.4650309085846,0.14800000000125157,0.12200000000110806,5.6650653071773585,-0.0014999995403930603,2.544875956492286e-13,0.24085543677521834
71.56497931480408,0.1479999999732584,0.12199999997533932,5.689545307050828,0.0004999989286535366,2.391067168539297e-13,0.24434609350692124
71.66507959365845,0.14800000000252256,0.12200000000245259,5.714025307236707,-5.830897009261211e-11,2.242241908460599e-13,0.24085543849287402
71.76521706581116,0.14799999999564672,0.12199999999557817,5.738505307051794,-0.0005000000489319107,2.1066940550015372e-13,0.2443460935073355
71.86494970321655,0.1479999999890631,0.12199999998832056,5.762985307235933,-0.0005000002362613393,1.9755923717150285e-13,0.24085543849320462
71.965017080307,0.14799999998991087,0.12199999998868269,5.785935307308739,-4.1283884492406e-10,1.856219932696394e-13,0.24085543677521834
72.06498289108276,0.14799999999676006,0.12199999999619764,5.811945306927757,-1.966437767828011e-10,1.7406800292434877e-13,0.25132740713443513
72.16494178771973,0.14799999999636615,0.12199999999550229,5.834895307502858,-0.0019999994252550618,1.6350000599293026e-13,0.2408554420666637
72.26548671722412,0.14799999997354307,0.12199999996562427,5.859375307164626,0.0014999984839905128,1.5335626250674258e-13,0.23387412321445158
72.36494493484497,0.14800000001480784,0.12200000002025761,5.885385306682311,-0.0014999989823424036,1.4407413903983122e-13,0.2548180601738346
72.46499705314636,0.1479999999804109,0.12199999997170007,5.9083353076540135,-0.001000000371563692,1.3512487622778475e-13,0.2338741300955837
72.56523251533508,0.14799999998711355,0.12199999998044064,5.932815306928954,-5.459241678509863e-10,1.2696835483332625e-13,0.2443460899552743
72.66499423980713,0.1479999999985684,0.12199999999771263,5.955765307493134,0.0009999995008530263,1.1905479462245272e-13,0.23736478170154904
72.76500225067139,0.14800000000771307,0.12200000001302105,5.9817753067300705,-0.002999998571740847,1.118648800164674e-13,0.2548180619224181
72.86503291130066,0.14799999996907243,0.12199999994458197,6.006255307411328,-0.001000000923652664,1.0490203292078432e-13,0.23736478685932227
72.96503710746765,0.14799999998949565,0.12199999998004885,6.0292053072487555,-5.100138198051163e-10,9.85662554862006e-14,0.23736477827123317
73.06532382965088,0.14799999999862168,0.12199999999723489,6.053685307122169,-0.0009999997280822407,9.242868084959863e-14,0.2478367486325566
73.16492509841919,0.14799999999059876,0.12199999997988298,6.078165307164138,-4.961166544855539e-10,8.68462862820384e-14,0.2408554403223896
73.2649712562561,0.14799999999914126,0.12199999999804448,6.102645307178843,-8.406078957912122e-11,8.144040173398295e-14,0.24085543677521923
73.36538624763489,0.14799999999903335,0.12199999999764204,6.1271253070509495,-0.0009999996973331488,7.651812776195636e-14,0.24783675023872978
73.46502423286438,0.14799999999222768,0.12199999997958207,6.151605307306111,-4.6506751769960497e-10,7.174292549699007e-14,0.2338741266186562
73.56524157524109,0.14799999999924163,0.1219999999978558,6.176085306921542,-0.0009999996852192155,6.741955000843768e-14,0.2513274033981059
73.66524291038513,0.14799999999293245,0.12199999997829172,6.2005653073565545,-0.001999999717982339,6.321978285844127e-14,0.24434609871152785
73.7649712562561,0.14799999998790225,0.1219999999594935,6.225045307118044,-0.0015000002948260122,5.939099295181532e-14,0.240855438543638
73.86502265930176,0.1479999999920345,0.1219999999707361,6.249525307178564,0.0014999988061002395,5.569430423900034e-14,0.24085543677521834
73.96499109268188,0.14800000000673386,0.12200000002737801,6.274005307039433,-0.0009999990553159169,5.2336885494073663e-14,0.24434609350204683
74.06522345542908,0.14799999999545488,0.1219999999793665,6.298485307233797,-4.383862476590311e-10,4.9081546607147985e-14,0.24085543849411853
74.16523051261902,0.1479999999998025,0.12199999999899128,6.322965307050039,-4.175781993949988e-11,4.611566757154019e-14,0.24783675023795082
74.26494073867798,0.1479999999996764,0.12199999999809966,6.347445307295814,-0.0014999994855127916,4.324471252724609e-14,0.2408554402097345
74.36500644683838,0.14799999999550684,0.12199999996887165,6.370395307310007,-0.0010000002620053129,4.063091430345823e-14,0.23736478004340544
74.46494007110596,0.14799999999750346,0.12199999997936825,6.394875307129388,-4.2349538546121446e-10,3.809659875299985e-14,0.24085543506142637
74.5650532245636,0.147999999999902,0.12199999999899472,6.419355307039907,-0.0004999998375082301,3.579977811194089e-14,0.24783675022928056
74.66499781608582,0.14799999999919367,0.12199999998873923,6.443835307294052,-0.0009999998539066428,3.357195989819926e-14,0.2408554402112415
74.76497888565063,0.1479999999989916,0.1219999999785489,6.468315307050379,-0.0014999998567971793,3.1543128093794706e-14,0.2443460935067312
74.86499047279358,0.147999999999322,0.12199999996982605,6.492795307239743,0.000499999206136009,2.957842237449992e-14,0.24085543849157515
74.9651427268982,0.14799999999997837,0.12200000001013575,6.512685307825457,0.0009999998022976054,2.779183305945948e-14,0.19198624254747673
75.06518650054932,0.147999999999612,0.12100000021438766,6.51727530962673,-0.002999998519269957,3.9699102662311304e-14,0.05235994624377266
75.16502857208252,0.1480000000015913,0.12099999993997815,6.517275308052254,0.0004999985758436529,3.7300828464706504e-14,-0.003490630131759598
75.26499533653259,0.147999999999751,0.12100000000933246,6.517275307121411,-0.0004999996325256212,3.4978925814885695e-14,-1.7174703850937612e-09
75.36522793769836,0.14800000000028035,0.12099999998939998,6.517275307179588,-0.0005000000245342966,3.2865742088845036e-14,-8.723896325054862e-16
75.4649543762207,0.14800000000027946,0.12099999998941999,6.517275307179588,-0.0005000000229755779,3.08198254578408e-14,-4.292156453852823e-22
75.5649266242981,0.14800000000027014,0.12099999998977479,6.517275307179588,-2.1248682511871425e-10,2.895798081238728e-14,-2.1802950061540435e-28
75.66555833816528,0.14800000000000457,0.12099999999977853,6.517275307179588,-8.719292005261465e-12,2.7155394631628347e-14,-1.0727478174844252e-34
75.76535153388977,0.14800000000001212,0.12099999999949654,6.517275307179588,-0.0004999998174120247,2.551378457433581e-14,8.411896990369385e-36
75.86566305160522,0.14800000000026925,0.12099999998982802,6.517275307179588,-2.0377702715339285e-10,2.3926025655751477e-14,8.390450149216704e-36
75.96527409553528,0.14800000000001123,0.12099999999953845,6.517275307179588,-0.0004999998156565792,2.2480024589650294e-14,7.407579405545637e-36
76.06554937362671,0.1480000000002759,0.12099999998955771,6.517275307179588,-0.0005000000175546141,2.108073272529153e-14,1.4792740565629222e-35
76.16512703895569,0.14800000000027547,0.12099999998959848,6.517275307179588,-0.0005000000164644584,1.9807175364682928e-14,1.3042985458365458e-35
76.26547861099243,0.14800000000026658,0.12099999998992295,6.517275307179588,-1.9999581808358147e-10,1.857429878630435e-14,6.516560108824187e-36
76.36499834060669,0.14800000000000146,0.12099999999992653,6.517275307179588,-2.9808751699097157e-12,1.7450215424073583e-14,5.226749777552903e-41
76.46527624130249,0.14800000000000146,0.12099999999992911,6.517275307179588,-2.795501449514334e-12,1.6365465260975874e-14,1.4147780595139347e-43
76.5653395652771,0.14800000000000102,0.1209999999999353,6.517275307179588,-2.626394305692086e-12,1.5375475757416828e-14,-1.7104445195050585e-43
76.66507458686829,0.14800000000000102,0.12099999999993752,6.517275307179588,-2.4631105565808917e-12,1.4419577655771207e-14,-1.1999960718195218e-43
76.7651002407074,0.14800000000000102,0.12099999999994299,6.517275307179588,-2.31412228077633e-12,1.3547368321755888e-14,-3.97201902653542e-44
76.86511135101318,0.14800000000000102,0.12099999999994474,6.517275307179588,-2.169666850967023e-12,1.2701695246193735e-14,1.3907354789403026e-44
76.96507167816162,0.14800000000000058,0.12099999999994998,6.517275307179588,-2.038928984213228e-12,1.1936327723234427e-14,6.018165524441877e-44
77.06583833694458,0.14800000000000058,0.12099999999995148,6.517275307179588,-1.9121174709237944e-12,1.1193945914989077e-14,-1.1065693884380465e-43
77.16515326499939,0.14800000000000058,0.12099999999995578,6.517275307179588,-1.7965721666829372e-12,1.051751891613428e-14,-2.962593160587419e-44
77.26500678062439,0.14800000000000058,0.12099999999995718,6.517275307179588,-1.684666203027429e-12,9.862397396558773e-15,7.500795498501186e-44
77.36502957344055,0.14800000000000058,0.12099999999996108,6.517275307179588,-1.5829551101373819e-12,9.26695883753332e-15,1.066648694923054e-43
77.46494936943054,0.14800000000000058,0.12099999999996228,6.517275307179588,-1.4843479940465035e-12,8.689691620077031e-15,1.3609271562523362e-44
77.56503653526306,0.14800000000000058,0.12099999999996569,6.517275307179588,-1.394663682264196e-12,8.16466041824338e-15,8.253472520026655e-44
77.66537809371948,0.14800000000000058,0.12099999999996677,6.517275307179588,-1.3078530508811603e-12,7.656452359459552e-15,-7.520955010079631e-44
77.76499485969543,0.14800000000000013,0.12099999999996977,6.517275307179588,-1.2288494781272541e-12,7.193948494517503e-15,-2.0530761869768732e-44
77.86502599716187,0.14800000000000013,0.12099999999997074,6.517275307179588,-1.1523692220289327e-12,6.746216665799888e-15,-1.0898113817260078e-43
77.96541476249695,0.14800000000000013,0.12099999999997336,6.517275307179588,-1.0827479151708907e-12,6.338638596074262e-15,3.5902154239817706e-44
78.06504154205322,0.14800000000000013,0.12099999999997423,6.517275307179588,-1.0153781646117022e-12,5.94424162293989e-15,8.892305703349878e-44
78.16508889198303,0.14800000000000013,0.12099999999997652,6.517275307179588,-9.540229675826203e-13,5.5850551377522215e-15,-4.1830959202516856e-44
78.26505923271179,0.14800000000000013,0.12099999999997729,6.517275307179588,-8.946453104234056e-13,5.237445592830798e-15,3.2045554552316747e-44
78.36506032943726,0.14800000000000013,0.12099999999997932,6.517275307179588,-8.405684544812936e-13,4.920868074350798e-15,-9.507999135949935e-44
78.4650514125824,0.14800000000000013,0.12099999999997998,6.517275307179588,-7.882354915703289e-13,4.614499683511014e-15,-2.3720361738514947e-44
78.56506371498108,0.14800000000000013,0.12099999999998179,6.517275307179588,-7.406134895898003e-13,4.335710266880441e-15,2.3951092255225106e-44
78.66509795188904,0.14800000000000013,0.12099999999998237,6.517275307179588,-6.945305763323442e-13,4.065931004407608e-15,-5.533809626100664e-44
78.76503896713257,0.14800000000000013,0.12099999999998393,6.517275307179588,-6.525183484123629e-13,3.819982408409566e-15,-2.8533255914919904e-44
78.86505508422852,0.14800000000000013,0.12099999999998445,6.517275307179588,-6.118816431299328e-13,3.582086417329089e-15,3.7169228642463507e-44
78.96504330635071,0.14800000000000013,0.12099999999998581,6.517275307179588,-5.748046289602061e-13,3.3650296221622467e-15,2.6042125779661593e-44
79.06503558158875,0.14800000000000013,0.12099999999998637,6.517275307179588,-5.391533004132329e-13,3.1563190959196763e-15,6.003097558640846e-45
79.1650779247284,0.14800000000000013,0.12099999999998753,6.517275307179588,-5.065635118912547e-13,2.9655314807841802e-15,-1.5932010719068487e-44
79.26501321792603,0.14800000000000013,0.12099999999998795,6.517275307179588,-4.750475400707956e-13,2.7810302199284055e-15,-1.1818956678833856e-44
79.36508202552795,0.14800000000000013,0.12099999999998902,6.517275307179588,-4.4633311617085303e-13,2.6129298214566605e-15,-1.1955328265195483e-44
79.46508550643921,0.14800000000000013,0.12099999999998937,6.517275307179588,-4.185528692383277e-13,2.4502982969991273e-15,6.548026812743701e-45
79.56499409675598,0.1479999999999997,0.12099999999999034,6.517275307179588,-3.9326634574779235e-13,2.302265562404173e-15,-2.6183017627136727e-44
79.66500043869019,0.1479999999999997,0.12099999999999064,6.517275307179588,-3.687857499661305e-13,2.15895090224146e-15,-5.617604378761049e-44
79.76503086090088,0.1479999999999997,0.12099999999999148,6.517275307179588,-3.4650701950722973e-13,2.0285264341378158e-15,-3.7746199814268945e-45
79.86500525474548,0.1479999999999997,0.12099999999999175,6.517275307179588,-3.2492241867843936e-13,1.9021655503503425e-15,-1.2979926441261177e-44
79.96504712104797,0.1479999999999997,0.1209999999999925,6.517275307179588,-3.05292280836264e-13,1.7872465116914722e-15,-1.7650397902441346e-44
80.06499528884888,0.1479999999999997,0.12099999999999272,6.517275307179588,-2.8628748359624484e-13,1.6759883510849963e-15,2.843498217774811e-44
80.16494107246399,0.1479999999999997,0.12099999999999339,6.517275307179588,-2.6899550757188975e-13,1.5747574136574116e-15,6.564629569372685e-46
80.26507830619812,0.1479999999999997,0.12099999999999358,6.517275307179588,-2.5224590389607876e-13,1.476701640443975e-15,1.1961911578967671e-45
80.36497688293457,0.1479999999999997,0.12099999999999417,6.517275307179588,-2.370067808290632e-13,1.3874885441976064e-15,-1.3198900395214996e-44
80.46511745452881,0.1479999999999997,0.12099999999999436,6.517275307179588,-2.2225334486581646e-13,1.3011187642608322e-15,2.9561312598928144e-45
80.56504034996033,0.1479999999999997,0.12099999999999486,6.517275307179588,-2.0882239732498563e-13,1.2224911160976878e-15,-3.370024478558635e-45
80.66509199142456,0.1479999999999997,0.12099999999999503,6.517275307179588,-1.9582713748595928e-13,1.1464140764582185e-15,-1.4874138569512998e-44
80.76515626907349,0.1479999999999997,0.12099999999999547,6.517275307179588,-1.839916004299627e-13,1.0771263032624227e-15,-3.719362601720489e-45
80.86515998840332,0.1479999999999997,0.12099999999999562,6.517275307179588,-1.725409195168751e-13,1.0100915607785264e-15,-4.319456705407332e-45
80.96500515937805,0.1479999999999997,0.12099999999999601,6.517275307179588,-1.621101019535446e-13,9.4902731655258e-16,-8.915465030508473e-45
81.06495833396912,0.1479999999999997,0.12099999999999614,6.517275307179588,-1.520206909193025e-13,8.899617396234992e-16,6.992963376875388e-46
81.16497087478638,0.1479999999999997,0.1209999999999965,6.517275307179588,-1.428323734396238e-13,8.361713577448747e-16,9.090778993150215e-46
81.26519751548767,0.1479999999999997,0.12099999999999661,6.517275307179588,-1.3393565096956478e-13,7.840880359410015e-16,1.6731673506542297e-45
81.36508393287659,0.1479999999999997,0.12099999999999692,6.517275307179588,-1.2584811691464923e-13,7.367418761755943e-16,3.7680618481521174e-45
81.46494603157043,0.1479999999999997,0.120999999999997,6.517275307179588,-1.1799778416633777e-13,6.907843446227397e-16,3.1926875814826106e-45
81.56494879722595,0.1479999999999997,0.12099999999999728,6.517275307179588,-1.1088134162171376e-13,6.49123162908501e-16,4.4549606389996406e-45
81.66493391990662,0.1479999999999997,0.12099999999999736,6.517275307179588,-1.0397419472442786e-13,6.086872435105822e-16,7.872424114972208e-45
81.76490592956543,0.1479999999999997,0.12099999999999761,6.517275307179588,-9.77000059554115e-14,5.719567962990611e-16,-1.381410183943408e-45
81.8649652004242,0.1479999999999997,0.12099999999999766,6.517275307179588,-9.161663258652742e-14,5.363434234175684e-16,2.6083086171601482e-45
81.96515440940857,0.1479999999999997,0.12099999999999789,6.517275307179588,-8.608389156679127e-14,5.039535704880627e-16,2.963587675063552e-45
82.06535935401917,0.1479999999999997,0.12099999999999796,6.517275307179588,-8.072363287195614e-14,4.725734660312872e-16,3.387026193770986e-46
82.16502046585083,0.1479999999999997,0.12099999999999814,6.517275307179588,-7.583371362622076e-14,4.439468297327657e-16,-3.2563301291437233e-46
82.26510167121887,0.1479999999999997,0.12099999999999819,6.517275307179588,-7.112582364020467e-14,4.1638583139903733e-16,-5.67356145981823e-45
82.36507534980774,0.1479999999999997,0.12099999999999836,6.517275307179588,-6.68148223500996e-14,3.9114830461701707e-16,-8.318973410387017e-45
82.46504473686218,0.1479999999999997,0.12099999999999841,6.517275307179588,-6.26645540320655e-14,3.6685174313786594e-16,-4.605289618012416e-45
82.56504821777344,0.1479999999999997,0.12099999999999855,6.517275307179588,-5.887949429245414e-14,3.446931915622703e-16,7.845810065591708e-46
82.66526770591736,0.1479999999999997,0.1209999999999986,6.517275307179588,-5.520580810928061e-14,3.2318664452840184e-16,-6.857506424822719e-46
82.7650420665741,0.1479999999999997,0.12099999999999873,6.517275307179588,-5.1880221206618884e-14,3.0371794513169057e-16,-1.7654240530261765e-45
82.8650393486023,0.1479999999999997,0.12099999999999878,6.517275307179588,-4.865057153196423e-14,2.848108829661342e-16,-1.6276571921316194e-45
82.96505761146545,0.1479999999999997,0.12099999999999887,6.517275307179588,-4.571111354509388e-14,2.6760266521408754e-16,-2.1124363847550675e-45
83.06505370140076,0.1479999999999997,0.12099999999999891,6.517275307179588,-4.2864527744571407e-14,2.5093814118115555e-16,3.9143797777695863e-47
83.16511273384094,0.1479999999999997,0.12099999999999901,6.517275307179588,-4.0274421985230316e-14,2.3577510640054064e-16,-1.0213334938094754e-45
83.26509952545166,0.1479999999999997,0.12099999999999904,6.517275307179588,-3.7764992964211424e-14,2.2108437044979275e-16,-1.3920453362589515e-45
83.36544442176819,0.1479999999999997,0.12099999999999914,6.517275307179588,-3.548376540561803e-14,2.0772957492549288e-16,-3.9582972581261506e-46
83.46495842933655,0.1479999999999997,0.12099999999999916,6.517275307179588,-3.327695596477869e-14,1.9481043898961002e-16,-9.401207495102791e-46
83.56496715545654,0.1479999999999997,0.12099999999999923,6.517275307179588,-3.126598350595986e-14,1.830377747623402e-16,4.682065629989273e-47
83.66500425338745,0.1479999999999997,0.12099999999999926,6.517275307179588,-2.931986792316093e-14,1.7164479677598986e-16,1.3940916342196151e-45
83.76498937606812,0.1479999999999997,0.12099999999999933,6.517275307179588,-2.7548414398673655e-14,1.6127432786748687e-16,5.685852263607034e-46
