time_s,x_m,y_m,yaw_rad,vx_m_s,vy_m_s,wz_rad_s
0.0,0.0,0.0,0.0,3.5747371476601557e-59,3.1389888622282366e-62,1.9854683917272645e-142
0.10031533241271973,0.0,0.0,0.0,3.3525667637959267e-59,2.943900292271428e-62,8.665590300667784e-142
0.1999976634979248,0.0,0.0,0.0,3.1503307674746386e-59,2.766316175199385e-62,-1.0408968346176717e-141
0.30019259452819824,0.0,0.0,0.0,2.9544531572479665e-59,2.5943153778139485e-62,1.4621055693987395e-143
0.39989376068115234,0.0,0.0,0.0,2.7761367065756964e-59,2.437735095165263e-62,3.074815518420631e-144
0.4999361038208008,0.0,0.0,0.0,2.6036459907217882e-59,2.2862704109066018e-62,4.386255612096312e-142
0.5998246669769287,0.0,0.0,0.0,2.446537101476064e-59,2.1483125599646055e-62,1.342441933372983e-142
0.7000868320465088,0.0,0.0,0.0,2.294255553011343e-59,2.014593613537494e-62,6.1189038140165535e-143
0.7998220920562744,0.0,0.0,0.0,2.155942065375868e-59,1.8931400691545137e-62,1.959423305413888e-142
0.900097131729126,0.0,0.0,0.0,2.0217852523207827e-59,1.7753365149311564e-62,2.832804539008038e-143
0.9999537467956543,0.0,0.0,0.0,1.899932430593847e-59,1.668337136564635e-62,-5.159646003778587e-143
1.1002967357635498,0.0,0.0,0.0,1.7817366283416617e-59,1.5645489998007997e-62,4.153843565852816e-145
1.199965000152588,0.0,0.0,0.0,1.6742388952867506e-59,1.4701548749641268e-62,-3.449146273547237e-143
1.5486812591552734,0.0,0.0,0.0,1.5701524430899006e-59,1.3787562071228581e-62,-4.739485404457615e-144
1.5492970943450928,0.0,0.0,0.0,1.4753843253505183e-59,1.2955400005076908e-62,-1.1130361847595209e-142
1.5494179725646973,0.0,0.0,0.0,1.383677331526509e-59,1.215011776624405e-62,1.3931086939837964e-143
1.6000070571899414,0.0,0.0,0.0,1.3001824246080635e-59,1.1416946144419225e-62,-1.9818494885339119e-143
1.699936866760254,0.0,0.0,0.0,1.219329207355376e-59,1.0706971292035869e-62,7.656239675295992e-144
1.7998061180114746,0.0,0.0,0.0,1.1457644610305416e-59,1.0060996749726992e-62,7.4684659321531275e-143
1.8998122215270996,0.0,0.0,0.0,1.0745172721464321e-59,9.43537275881375e-63,-2.0578881786604993e-143
1.9997401237487793,0.0,0.0,0.0,1.0096858758132313e-59,8.866086058198174e-63,-2.5691267220551225e-143
2.100135564804077,0.0,0.0,0.0,9.469129349616067e-60,8.314874728471593e-63,-5.601929503223617e-143
2.1998486518859863,0.0,0.0,0.0,8.89715162316199e-60,7.812619137882994e-63,7.406836215329556e-144
2.3009700775146484,0.0,0.0,0.0,8.344634608425094e-60,7.327452064236176e-63,2.4168138212710145e-144
2.399730920791626,0.0,0.0,0.0,7.8406764411393e-60,6.884924683351588e-63,3.668392729402502e-143
2.4998583793640137,0.0,0.0,0.0,7.353279118929064e-60,6.456939434897247e-63,-1.0321665784191138e-143
2.599774122238159,0.0,0.0,0.0,6.909716543578321e-60,6.067445626565671e-63,-2.587609093045305e-143
2.69978928565979,0.0,0.0,0.0,6.480026895337473e-60,5.690133682997075e-63,1.7008856886360477e-143
2.799771785736084,0.0,0.0,0.0,6.089205299690986e-60,5.346951910172807e-63,9.78222594523833e-144
2.900047779083252,0.0,0.0,0.0,5.710655072440902e-60,5.014545666470177e-63,1.132521387302643e-143
2.9999122619628906,0.0,0.0,0.0,5.36594217798538e-60,4.711852097422037e-63,-1.609291624041987e-143
3.099728584289551,0.0,0.0,0.0,5.032338998107482e-60,4.418914009956657e-63,1.4042108540084054e-144
3.2006516456604004,0.0,0.0,0.0,4.728701089859158e-60,4.152288529239633e-63,-2.1674454955342583e-143
3.300710439682007,0.0,0.0,0.0,4.4346181430200813e-60,3.894053291399606e-63,-1.2683907072812619e-143
3.400631904602051,0.0,0.0,0.0,4.1670640714540207e-60,3.659113151828405e-63,7.178317764759889e-144
3.499840021133423,0.0,0.0,0.0,3.907845694233892e-60,3.4314926123843506e-63,1.9419501399544214e-144
3.600302219390869,0.0,0.0,0.0,3.672193123090603e-60,3.224565286704435e-63,-2.506175702375501e-144
3.700042486190796,0.0,0.0,0.0,3.443860897474572e-60,3.02406598087208e-63,1.225812439169673e-143
3.7999441623687744,0.0,0.0,0.0,3.2359473474978643e-60,2.841496385330736e-63,-1.9806193556857348e-144
3.8999321460723877,0.0,0.0,0.0,3.0348871644261857e-60,2.6649447537727854e-63,-5.736189207561864e-144
3.999824047088623,0.0,0.0,0.0,2.851606618251343e-60,2.5040054819656544e-63,7.520100303081164e-146
4.099748373031616,0.0,0.0,0.0,2.67441429466375e-60,2.3484122993522617e-63,3.1788481865451384e-145
4.19968843460083,0.0,0.0,0.0,2.513014381072605e-60,2.206686485617835e-63,8.213781189251681e-145
4.299708843231201,0.0,0.0,0.0,2.3568038659612595e-60,2.0695175009154726e-63,5.540830400417722e-145
4.3998799324035645,0.0,0.0,0.0,2.2144855496040144e-60,1.9445473026444098e-63,2.170252843586249e-144
4.499768257141113,0.0,0.0,0.0,2.0768345250279254e-60,1.823675468710788e-63,-2.2944349312789835e-144
4.600173234939575,0.0,0.0,0.0,1.9515745597146516e-60,1.7136842669400927e-63,-2.4039933687719402e-144
4.699716806411743,0.0,0.0,0.0,1.8302018743232887e-60,1.6071064981258918e-63,-6.888244649556694e-146
4.7997496128082275,0.0,0.0,0.0,1.719686148929426e-60,1.5100622635579687e-63,5.357086778088341e-145
4.899701356887817,0.0,0.0,0.0,1.612859857299214e-60,1.4162577327052723e-63,2.1238065086757547e-144
4.999734878540039,0.0,0.0,0.0,1.5154767391391928e-60,1.330745285130218e-63,-1.3482275529554808e-144
5.099798917770386,0.0,0.0,0.0,1.421318855706952e-60,1.2480649270436945e-63,1.2315308960841496e-144
5.199719190597534,0.0,0.0,0.0,1.3355408820966498e-60,1.1727429964403276e-63,-6.841008069674245e-146
5.2998268604278564,0.0,0.0,0.0,1.2525370765067218e-60,1.0998570718081622e-63,-2.6778243905921946e-145
5.399820804595947,0.0,0.0,0.0,1.1769057846898711e-60,1.0334449768741176e-63,5.941148159281348e-146
5.499806642532349,0.0,0.0,0.0,1.103749776539153e-60,9.692064373521719e-64,-3.742379398445615e-145
5.599750280380249,0.0,0.0,0.0,1.0371411199903975e-60,9.107171492524336e-64,-2.176846010566574e-145
5.699828147888184,0.0,0.0,0.0,9.726766975610084e-61,8.541107202106846e-64,2.2952876266273672e-145
5.799694776535034,0.0,0.0,0.0,9.1397170325353e-61,8.025616649383631e-64,3.595968049736417e-145
5.899707317352295,0.0,0.0,0.0,8.571469719038513e-61,7.526636747514998e-64,-2.7305994363901763e-145
5.99971079826355,0.0,0.0,0.0,8.054012124894859e-61,7.072255470830647e-64,-3.251324505485409e-145
6.099862813949585,0.0,0.0,0.0,7.553359967255538e-61,6.632631108040975e-64,-4.1768677398457716e-145
6.199885606765747,0.0,0.0,0.0,7.097800730213729e-61,6.232602993503143e-64,3.9914963499805157e-146
6.3000876903533936,0.0,0.0,0.0,6.656573833862186e-61,5.845160150460096e-64,-3.0700106802512526e-145
6.4000022411346436,0.0,0.0,0.0,6.254805594249983e-61,5.492366092940361e-64,-8.946266737154328e-147
6.499876976013184,0.0,0.0,0.0,5.865859816599331e-61,5.150831479090979e-64,2.4885351148889034e-145
6.599919080734253,0.0,0.0,0.0,5.511894142225333e-61,4.840013016957199e-64,2.1538510534751758e-145
6.699938058853149,0.0,0.0,0.0,5.1692559603542076e-61,4.539141261785408e-64,7.909097991154529e-146
6.799850940704346,0.0,0.0,0.0,4.8571961523316285e-61,4.265120482255898e-64,7.439204044142648e-146
6.89977765083313,0.0,0.0,0.0,4.555399811907064e-61,4.000112087169518e-64,3.1360122649745508e-146
6.999739408493042,0.0,0.0,0.0,4.280463267639193e-61,3.758689372378126e-64,-5.966012830920583e-146
7.099740266799927,0.0,0.0,0.0,4.014355173003977e-61,3.525018948530896e-64,-1.1871758210398381e-145
7.1998114585876465,0.0,0.0,0.0,3.7719106921548496e-61,3.3121276236401476e-64,6.298877161787783e-146
7.299768686294556,0.0,0.0,0.0,3.537697154192578e-61,3.106463917797232e-64,8.683012467108353e-147
7.3997437953948975,0.0,0.0,0.0,3.324036852016198e-61,2.9188480798969788e-64,-3.4093653961199215e-146
7.4996912479400635,0.0,0.0,0.0,3.117457124457389e-61,2.7374497156077636e-64,-3.383538899466717e-146
7.599743843078613,0.0,0.0,0.0,2.9292316457560313e-61,2.5721682824710314e-64,1.4930309411735354e-146
7.6997551918029785,0.0,0.0,0.0,2.74722580304868e-61,2.4123483322166394e-64,5.993319426374962e-146
7.7998011112213135,0.0,0.0,0.0,2.5813677343104235e-61,2.2667077982226707e-64,3.830904337985336e-147
7.899884462356567,0.0,0.0,0.0,2.4209844074855047e-61,2.1258746525812788e-64,-3.197233676175167e-146
7.999766826629639,0.0,0.0,0.0,2.2748255319903067e-61,1.9975320461268584e-64,7.52948908230372e-148
8.100471496582031,0.0,0.0,0.0,2.1334152177074807e-61,1.8733591674303547e-64,1.5270180852302049e-146
8.19983196258545,0.0,0.0,0.0,2.00467266758273e-61,1.7603098965105462e-64,-9.971670004382159e-147
8.300069332122803,0.0,0.0,0.0,1.88012360756117e-61,1.6509429420343604e-64,5.734421090124454e-147
8.399893760681152,0.0,0.0,0.0,1.7665681484613945e-61,1.551229507005337e-64,7.863702460308901e-147
8.49997067451477,0.0,0.0,0.0,1.656705367086852e-61,1.4547586248345707e-64,-5.200305844319054e-147
8.599792003631592,0.0,0.0,0.0,1.5567752239976728e-61,1.3670096258744108e-64,6.069999081356935e-147
8.699814796447754,-1.1386447340555605e-12,0.0009999998093850326,-0.001529999749150468,0.009999996310424858,-1.1385040899521414e-13,-0.010471970361214212
8.799737215042114,-0.0009999998377452357,0.0039999996115474,-0.003059999915767664,0.04049998859944072,1.5800857895225689e-13,-0.003490662046183023
8.899672746658325,-0.00199999995714073,0.011999999266598227,-0.0030600000581770814,0.07499998818708259,-1.3589751151842463e-13,-1.7172755968977715e-09
8.999763250350952,-0.003999999873302684,0.020999999699517602,-0.0015300002593381379,0.09949999229387663,8.13029436920553e-14,-8.602788354553684e-16
9.099730253219604,-0.00599999998133427,0.0339999994721043,-0.003059999749000397,0.1344999891979642,-1.6843433083504634e-13,-1.2550347793071404e-17
9.199858665466309,-0.008999999890280108,0.04899999968253943,-0.0030599999999996186,0.1594999932587001,-7.343500522496881e-15,-8.501344606952218e-24
9.299794435501099,-0.012999999804995,0.06799999949604008,-0.0030599999999996186,0.1909999915684405,3.121267104844237e-13,-1.3803218687976576e-26
9.401143550872803,-0.016000000095333533,0.08799999978687434,-0.0015300002590814543,0.1960000018244312,-9.912425146333593e-14,0.00349065673072403
9.500067710876465,-0.019000000134736794,0.10500000058168868,-0.0030599996908478033,0.1680000139528033,-1.7784100324413183e-13,-0.0034906550684347996
9.599835634231567,-0.02200000000400415,0.11800000070968863,-0.0015300003170171106,0.12950001743849043,2.0133923202466655e-13,0.0034906549607660194
9.699755907058716,-0.024000000081331407,0.1280000006042341,-0.0015299999418223464,0.10300001147838048,2.826785425998562e-13,1.718083162717543e-09
9.799846410751343,-0.02500000017271553,0.13600000041095361,-0.0030599997412252833,0.07800001051450449,-1.781757147586307e-14,8.588175208144394e-16
9.899755477905273,-0.026000000082214925,0.1410000005402554,-0.0015300002511127175,0.04850001124015106,3.5060623955828275e-14,0.0034906567852656307
9.999727249145508,-0.02699999996822733,0.1440000003179449,-0.003059999683195924,0.01700001164890115,2.9804421651847716e-13,-0.0069813116975363555
10.099732160568237,-0.02700000005447656,0.144000000297555,-0.0030600001163545443,5.2190603696405935e-09,2.7950016253247963e-13,-3.437323229001088e-09
10.19972538948059,-0.02699999999385838,0.14399999996641788,-0.0030599999999996186,-1.3878498116362548e-09,2.6262124657177606e-13,-1.7467102846501626e-15
10.299742698669434,-0.026999999994108848,0.14399999996779456,-0.0030599999999996186,0.0004999985138391047,2.4628054963943887e-13,-8.598101318721153e-22
10.399806499481201,-0.02699999999637903,0.1439999999802004,-0.0030599999999996186,-1.020551031703787e-09,2.3139474529642587e-13,-4.365142239254245e-28
10.499760150909424,-0.026999999994757218,0.1439999999713264,-0.0030599999999996186,-1.1474640400181702e-09,2.1699215260339335e-13,-2.147950730505461e-34
10.59970474243164,-0.02699999999614988,0.14399999997894275,-0.0015300002590104,0.008499995676814934,2.0388088546125166e-13,1.2950497406364432e-17
10.699762344360352,-0.02700000002998415,0.1469999995721727,-0.0015299999999998093,0.03399998977551857,-1.475508088534843e-13,8.493986204872954e-24
10.799789667129517,-0.028999999721225578,0.15399999926854524,-0.003059999740994357,0.07799998302595229,2.8126989028027643e-13,-1.2950270639323144e-17
10.900677919387817,-0.030000000090756984,0.16399999960504008,-0.0030599999999996186,0.09849999329962902,-2.4537904241515987e-13,-8.464308188342234e-24
10.9997878074646,-0.03299999975302903,0.17599999954464396,-0.0015300002596998485,0.13299998806101992,2.451029995657265e-13,0.0034906567264943998
11.099777221679688,-0.03599999990533753,0.1919999995360273,-0.003059999691036097,0.16199999128661305,2.5782208410054234e-13,-0.0034906550710142987
11.199788808822632,-0.038999999987554546,0.20999999960424898,-0.0015300003174543164,0.18949999202349144,6.727402715406099e-14,0.0034906549547908143
11.29984164237976,-0.04299999991867942,0.23199999949340278,-0.0030599996909197458,0.22299999064528137,2.5130994953590082e-14,-0.003490655069428481
11.399790525436401,-0.047999999808455485,0.25599999962522,-0.0015300003165978904,0.24849999388787272,3.8448347234089906e-13,-1.7687398147676892e-09
11.499838590621948,-0.052999999938140974,0.2839999994834099,-0.0015299999999998093,0.2819999915678908,2.569365131658912e-13,-8.722450514673744e-16
11.599818706512451,-0.05800000003266348,0.31399999958440716,-0.0015299999999998093,0.3089999942020007,-7.897646206153097e-14,-4.424091027322744e-22
11.699734687805176,-0.06499999976831816,0.34699999971322937,-0.0015299999999998093,0.340999993007881,4.795938407609008e-13,-4.643506105177418e-26
11.799743413925171,-0.07100000004668594,0.3829999995413953,-0.0030599997411515645,0.3669999953646452,6.636598684406915e-14,-1.2942388170309837e-17
11.899776220321655,-0.078999999775343,0.42199999969868207,-0.0015300002511038358,0.4009999929946014,5.88257534453766e-13,0.003490656785325104
11.999903678894043,-0.08600000006443409,0.4639999995186601,-0.003059999682885284,0.42849999550712553,1.045781351450508e-13,-0.00698131169116025
12.099750280380249,-0.09499999980453921,0.5079999999484384,-0.0030600001163545443,0.46149999408234715,6.763173901444449e-13,0.0034906533523931423
12.199792623519897,-0.10399999986548814,0.555999999501769,-0.0030599999418223778,0.48849999633320396,7.619839957472712e-13,-0.0034906549572679096
12.299795389175415,-0.1130000000204614,0.6050000001440876,-0.0015300003091383019,0.5005000024216925,7.329868845538197e-13,0.0034906550686290725
12.399749994277954,-0.12200000001973343,0.6540000000547024,-0.0015299999418223464,0.4965000082402757,6.605560231963273e-13,1.7718828635229777e-09
12.499705076217651,-0.13199999986231425,0.7030000002702458,-0.0015299999999998093,0.4975000058346927,1.2014919592924402e-12,0.003490656785341669
12.599826574325562,-0.1410000000078604,0.7529999997875971,-0.003059999683234116,0.5005000047093738,9.908784108505976e-13,-0.003490654964227786
12.69973349571228,-0.15000000005309033,0.8010000005193282,0.003059998937027686,0.4860000109151934,1.0595095518634088e-12,0.045378536481497936
12.799814224243164,-0.15899999999953351,0.8460000005095413,0.022949997388703736,0.45900001519556943,1.2785561992916309e-12,0.20943942690715436
12.899775505065918,-0.16899999993533932,0.8880000007944352,0.0673199962141684,0.4220000176164701,1.9150194761048222e-12,0.4328415445836513
12.999748468399048,-0.17999999987843118,0.9260000005064876,0.1239299976288295,0.3955000129869375,2.523395870105945e-12,0.5759585804604987
13.099774599075317,-0.19299999985100058,0.9610000006844623,0.1973699975539649,0.3705000113075307,3.4705308407239092e-12,0.7330382085468671
13.199742078781128,-0.20699999992417695,0.992000000601955,0.2906999964421715,0.336500014335157,4.13829065382587e-12,0.9250244062054476
13.29983401298523,-0.2229999999211092,1.019000000659402,0.39167999883350557,0.30650001159731627,5.0522791245760645e-12,1.019272236730802
13.399813413619995,-0.2390000000754764,1.0410000006536055,0.4911300001546586,0.27700001104542665,5.616811345798335e-12,1.0018189995073061
13.499767541885376,-0.2560000000938967,1.0600000005552732,0.5890500006461341,0.24800000981743556,6.133291909695164e-12,0.9808750499200778
13.599771738052368,-0.27399999977739675,1.0760000002689618,0.6839100002750609,0.24499999965098426,6.7930736651566036e-12,0.9389871588650988
13.699708461761475,-0.29499999959206136,1.0920000000059775,0.7619400028559884,0.27299998819668797,7.218426607857355e-12,0.7853982389447052
13.79971694946289,-0.3199999993509941,1.108999999740527,0.8216100029863505,0.3069999862810107,7.285134802814848e-12,0.5899213864713433
13.899715662002563,-0.3479999996894314,1.1259999999510941,0.8644500028054249,0.33149999104797145,7.227049176255574e-12,0.4328417317869425
13.999779462814331,-0.3799999992783718,1.1429999998722402,0.8874000033299048,0.3639999882485699,7.53160306067287e-12,0.2268929073252646
14.099750280380249,-0.4139999997435364,1.1619999997698796,0.8950500025263199,0.39399999028076615,6.813440863752667e-12,0.08377587454449631
14.199763536453247,-0.450999999487129,1.1809999998903489,0.8935200016552978,0.4214999914701234,6.834305738250956e-12,-0.01745324110490168
14.299811601638794,-0.4909999996250036,1.2019999998963546,0.8950499994581254,0.45449999029622107,6.681781572535992e-12,0.017453275341294563
14.400667905807495,-0.5339999993646032,1.2239999998678561,0.8950500002908885,0.48099999298121315,6.823955683426261e-12,-0.010471961338098485
14.50001859664917,-0.5779999999087693,1.2479999998646407,0.895049999825468,0.500499996309695,6.158927839570397e-12,-5.153397261009607e-09
14.599906206130981,-0.6219999999662065,1.2710000000957944,0.8950500000000003,0.4995000041278316,6.085494108144015e-12,-2.617412794615202e-15
14.699856281280518,-0.6660000002208353,1.2940000002286136,0.8950500000000003,0.49650000459709026,6.014399668265646e-12,-0.003490656785925702
14.800719499588013,-0.710999999687493,1.3179999998521825,0.8935200002007946,0.5040000003478633,5.702509655209102e-12,-1.7725081311557866e-09
14.899784564971924,-0.7550000002846087,1.3410000002803921,0.8950499997490002,0.49750000558251584,5.702457837121521e-12,-8.598016750782463e-16
15.000049591064453,-0.7989999999247477,1.3640000000732255,0.8950500000000003,0.4985000024599198,5.656449514644191e-12,-4.331611284695798e-22
15.099955081939697,-0.8420000003560837,1.3870000001956457,0.8996399992451369,0.48550000749884337,5.319430359995085e-12,0.045378538163228274
15.200057983398438,-0.8830000002852945,1.408000000295866,0.9195299973892173,0.45700001310396865,5.378499100426788e-12,0.2059487701885899
15.299965620040894,-0.9220000004965758,1.4260000005793017,0.9638999961531773,0.42350001379833935,5.971143508299876e-12,0.4328415428231449
15.399918556213379,-0.959000000204485,1.4410000004264187,1.022039997370209,0.396000011070496,6.516623788439986e-12,0.5794492371946854
15.49985146522522,-0.995000000294425,1.4530000004551205,1.0954799976073186,0.3715000089493963,7.122278502104222e-12,0.7330382102341744
15.599750518798828,-1.0270000006023725,1.4610000005024166,1.1872799967326326,0.3335000137933919,7.613404603480124e-12,0.9285150631428866
15.699756622314453,-1.0580000003845882,1.4650000005229806,1.2882599989226549,0.3035000095753756,8.51999238982203e-12,1.0157815817466542
15.799837112426758,-1.086000000267573,1.4660000003859321,1.3907699995164333,0.2795000071020465,9.063322968104644e-12,0.9878563708596565
15.899806499481201,-1.1130000002105191,1.4650000001738883,1.4841000011671053,0.27150000043499756,9.052200554757325e-12,0.9354965048149327
15.999778985977173,-1.142999999262667,1.4600000004923677,1.5606000026285551,0.3064999840782564,9.746854626164038e-12,0.7749262695121097
16.099790334701538,-1.1749999997214786,1.453000000319649,1.6187400033870656,0.33399998827467503,9.983943335831408e-12,0.5794494077702051
16.200045824050903,-1.209999999384964,1.44400000029323,1.6615800024029848,0.3624999882640576,9.808882635439168e-12,0.41887910205126977
16.299720287322998,-1.2469999997337755,1.4330000001856074,1.6845300032290158,0.39399998826761334,9.535318630467032e-12,0.23387421051148072
16.40047025680542,-1.2869999994287173,1.4200000003217175,1.6921800026014941,0.4219999898907553,9.375192984407369e-12,0.06981325348749232
16.50000023841858,-1.3299999996093845,1.4060000002096045,1.6906500014151788,0.451499990279055,9.052776679462993e-12,-0.013962592682258218
16.599974393844604,-1.3739999997241394,1.3920000001264738,1.69064999976729,0.4584999991354017,8.619621794212114e-12,0.0034906496402083986
16.699732780456543,-1.4150000007093357,1.378000000001424,1.6906500000581768,0.4345000107157641,8.758537860633405e-12,1.7178482130709993e-09
16.79981279373169,-1.4530000005769566,1.365999999835012,1.6906499999999993,0.3885000187415707,8.275081144539518e-12,0.003490656732016485
16.89973735809326,-1.4880000005106702,1.354999999843715,1.6906500000581768,0.3635000092856502,7.772456930046608e-12,1.7177942002871704e-09
16.9998996257782,-1.520000000409384,1.344000000066777,1.6906499999999993,0.33750000940082936,7.856766683100348e-12,-0.010471970194176734
17.099942922592163,-1.550000000492318,1.334999999764551,1.6906499998254665,0.308500009614585,7.124126104578882e-12,0.003490651633762982
17.199864864349365,-1.5770000003437197,1.3259999999997762,1.6891200003172546,0.2785000097630812,6.999129137456308e-12,-0.006981311688271699
17.299855709075928,-1.6010000005190097,1.317999999938603,1.692179999381798,0.24550000990197646,6.867169695032576e-12,0.020943937284525052
17.399837017059326,-1.6220000003351451,1.3119999997677727,1.6906500006077931,0.2145000089195562,6.0930006598122494e-12,-0.013962616307466865
17.500166177749634,-1.6400000004483708,1.3059999999288419,1.690649999767289,0.18700000672444186,5.923608534295997e-12,-6.87541343649678e-09
17.599905729293823,-1.6560000002113853,1.3009999999296846,1.6845300010359403,0.15850000701794215,5.554700908358976e-12,-0.0523598509707444
17.69999051094055,-1.6680000005444686,1.2969999998949673,1.6646400023900059,0.1250000080901491,5.396908753365704e-12,-0.20943943293932246
17.79988145828247,-1.6780000002455697,1.2939999999595542,1.6218000037581142,0.10000000474811248,5.1557544583462345e-12,-0.4188789141635979
17.899871110916138,-1.686000000228562,1.292999999764665,1.5667200020582,0.07400000453521859,4.281332009563581e-12,-0.5515239783226568
17.999948978424072,-1.6900000004920859,1.29199999996552,1.4932800032268165,0.03650000893735618,4.184028483107758e-12,-0.7470008206867702
18.10006594657898,-1.691000000364376,1.291999999939829,1.3984200031256622,0.011000003531851148,3.8577863200760145e-12,-0.9354963862180834
18.200085401535034,-1.6910000000616794,1.2919999999991867,1.2974400014977272,-0.0015000013531787084,3.6246204385218797e-12,-0.9913469867771919
18.300222396850586,-1.6909999998187342,1.2919999999836935,1.1979899997823216,0.0004999932322584145,3.3989195955512344e-12,-0.9948376719198812
18.39988422393799,-1.6919999996767316,1.2919999999770009,1.1015999997468109,0.010499990560811495,3.3068017081365215e-12,-0.9599311063352712
18.499926805496216,-1.6949999995068428,1.2929999998316055,1.0235699968049294,0.04199998332761357,3.0290154234933076e-12,-0.7749262789565976
18.59991693496704,-1.701999999289745,1.2959999996609985,0.9638999971768092,0.07299998416928431,2.6537080003127583e-12,-0.6038840079773508
18.699901342391968,-1.7099999997025197,1.2999999997872476,0.9210599969605502,0.10099998662108664,2.2613122168169456e-12,-0.4258604250682107
18.80138635635376,-1.7219999993348107,1.3059999996717289,0.8965799970472537,0.13199998594853127,2.140692350894582e-12,-0.2513275009422812
18.899860858917236,-1.735999999559068,1.312999999857055,0.8889299970659765,0.16099998793148976,2.26483028007194e-12,-0.06981325939653069
18.999924421310425,-1.7519999995799225,1.3219999997095266,0.890459998577299,0.19099998792872125,1.965975962619137e-12,0.010471934716352799
19.099926710128784,-1.7719999994426576,1.3319999998611856,0.888930000425483,0.22249998848893798,2.2963314353803273e-12,-0.010471965206299004
19.199785470962524,-1.7939999994755187,1.3439999997057104,0.8889299998254678,0.25049999015176183,2.133408802672569e-12,0.0034906514155898204
19.299840927124023,-1.8179999997260836,1.3569999998592297,0.8889300000581786,0.279999990538497,2.0231889089205473e-12,1.7177056842870853e-09
19.399731874465942,-1.8449999994969914,1.3709999998629856,0.8889300000000011,0.3109999901912693,2.2570559889123747e-12,8.721688168477603e-16
19.50016498565674,-1.8749999996317275,1.3869999998592104,0.89045999974896,0.3384999924555718,2.2813150972250326e-12,0.003490656785758927
19.599919319152832,-1.9059999997289037,1.4039999998092316,0.8904600000581775,0.34600000022519106,2.0285675164666023e-12,0.003490658503987784
19.699883460998535,-1.9340000006268099,1.4190000003706933,0.8889300003092329,0.32100001229923064,1.9894684781624427e-12,-0.0034906550673328533
19.800096035003662,-1.9590000005920576,1.4320000004403668,0.8904599996829612,0.27750001890042303,2.1794115364265126e-12,-1.7717556814039748e-09
19.900074243545532,-1.982000000363957,1.4440000002860556,0.888930000251043,0.2520000105762574,2.291015686996321e-12,-0.003490656785750005
19.999852657318115,-2.002000000366925,1.4550000001724959,0.8904599996831566,0.22400001117556023,2.082199259983064e-12,0.0034906549631408216
20.100192546844482,-2.0190000005699797,1.4640000003487152,0.8889300003094025,0.19450001072722498,2.0640986368505583e-12,1.7194841687648288e-09
20.200097799301147,-2.035000000149344,1.4720000002215115,0.8889300000000011,0.16850000903681814,2.308475652524006e-12,8.695421858762982e-16
20.299875497817993,-2.048000000362215,1.4800000000121905,0.8889300000000011,0.16100000138386408,1.6547671698811917e-12,4.287413604167809e-22
20.39985179901123,-2.06399999955822,1.4879999999010496,0.8904599997407407,0.187999988203584,1.922667631353047e-12,1.2962935911874673e-17
20.500394105911255,-2.0839999993712706,1.49899999962571,0.89046,0.22549998538460592,1.7091621036356567e-12,8.514163414854273e-24
20.599939107894897,-2.104999999714016,1.5099999999201683,0.8889300002589327,0.24349999327659616,1.8020507080231422e-12,-1.294658102928142e-17
20.699761629104614,-2.129999999393064,1.5229999997852457,0.8889300000000011,0.28599998485983724,2.009212741624041e-12,-8.516249619147888e-24
20.799763441085815,-2.1569999995833484,1.5379999997067764,0.8889300000000011,0.30999999233119213,1.7137402811401824e-12,1.4081782769664722e-26
20.900665044784546,-2.185999999799975,1.5530000000404618,0.8889300000000011,0.3379999916231537,2.0212960215234286e-12,-3.4148656838359906e-26
20.99986433982849,-2.2189999993104426,1.5709999996114035,0.8889300000000011,0.3709999898938028,1.8629253980843234e-12,3.470879655431611e-27
21.099844217300415,-2.253999999716049,1.589000000046061,0.8889300000000011,0.39699999349521925,2.303449920597843e-12,-5.504425282044627e-26
21.199925422668457,-2.2909999995479335,1.608999999775708,0.8889300000000011,0.4299999908956931,2.2201871290660293e-12,-6.2822333899678176e-27
21.299780130386353,-2.331999999596704,1.6309999998356555,0.8904599997491855,0.4579999937151206,2.234343344226903e-12,1.2540759516076299e-17
21.399914026260376,-2.3729999998491085,1.6529999999582978,0.8889300002582816,0.463500002352008,2.2041901630800065e-12,-0.0034906567362014335
21.49979829788208,-2.4120000005298046,1.6740000003257531,0.8843400006968603,0.4405000128116031,2.172024894130423e-12,-0.045378539880660186
21.599830389022827,-2.447000000676905,1.6930000004178665,0.8613900031220387,0.39750001988905886,2.1609347612087243e-12,-0.2268927107363705
21.700239658355713,-2.4790000006214523,1.712000000271188,0.8216100027364357,0.3690000128045931,1.7827204149738554e-12,-0.3944443285903857
21.799989700317383,-2.5080000003549863,1.7319999998970252,0.7634700032796546,0.3475000097182449,8.539373766581332e-13,-0.5794492175967345
21.900491952896118,-2.5340000005382564,1.751000000325587,0.6900300023626036,0.31300001361820695,6.428971326162542e-13,-0.7470008375829478
22.000266790390015,-2.5550000005030924,1.7700000001288312,0.5967000034143233,0.27850001328902196,-5.6009065123271385e-14,-0.9354963829469494
22.10081672668457,-2.5720000005523502,1.7890000001947919,0.49572000096430724,0.2550000079335971,-8.59400023425083e-13,-0.9983283012364422
22.19992232322693,-2.5860000003319303,1.8070000002722013,0.3947400004552257,0.22550001002644018,-1.0660502526141965e-12,-1.0122909590658624
22.29989194869995,-2.5960000004626202,1.8250000001768538,0.296819999188755,0.19350000997500022,-1.917424783706679e-12,-0.9878563686516433
22.399818181991577,-2.6040000001352404,1.841000000123459,0.20501999908156154,0.18899999925493705,-1.9881434679111846e-12,-0.9250245354776703
22.499806880950928,-2.611000000040722,1.860999999523134,0.126989997379801,0.22099998577536173,-2.5551467705377316e-12,-0.7819075753067206
22.600821495056152,-2.6179999999259778,1.8849999993171955,0.06578999732375546,0.252999986260366,-2.812847590754567e-12,-0.603884011559163
22.699774742126465,-2.6240000000691577,1.9119999995834003,0.02447999671526535,0.2784999898826646,-3.1744993105427754e-12,-0.4118977979997166
22.800808906555176,-2.629999999939402,1.9419999993782928,-0.0015300024653202016,0.3124999869642452,-3.1894458658887105e-12,-0.26179946396735987
22.899933099746704,-2.635999999959708,1.9759999994860182,-0.00765000335912891,0.3394999907491386,-3.1607286554621297e-12,-0.06283195101368821
22.99979281425476,-2.6429999997763236,2.009999999813415,-0.0015300020830377736,0.34449999939055076,-2.412806038102342e-12,0.055850475801065405
23.100823163986206,-2.649000000073233,2.04100000069124,0.016829997920162043,0.3160000118498248,-2.0937402702366523e-12,0.19198615074863024
23.199925899505615,-2.6550000000401326,2.0690000004931695,0.058139996203699695,0.27600001587112466,-1.791945034062192e-12,0.4153882484716266
23.300844192504883,-2.6619999999410098,2.094000000416391,0.11627999738726214,0.25450000757289587,-1.1841260538089323e-12,0.5759585741499578
23.40052032470703,-2.6699999998695603,2.1150000005592786,0.18971999716672894,0.22500001042421935,-2.5082282258200077e-13,0.7295475493308972
23.500282049179077,-2.678000000048602,2.1340000003981787,0.2799899973533444,0.1960000092402674,8.115092525964347e-14,0.9145524370134137
23.59987735748291,-2.686000000098458,2.148000000599288,0.38096999814621135,0.1650000097903216,6.115551354339305e-13,1.0053096030520672
23.699838638305664,-2.6949999999626435,2.1610000001753176,0.4743000014992065,0.1555000008631957,9.722153366652914e-13,0.9424778268888347
23.79988121986389,-2.7069999994372456,2.174999999579848,0.5523300024934068,0.19199998337085142,1.4718286183871892e-12,0.778416929741677
23.900269031524658,-2.7219999996032396,2.190999999669959,0.6104700034119697,0.22299998684198385,1.607646134102372e-12,0.5794494098280389
23.99988579750061,-2.7399999995219755,2.2069999998703023,0.6517800026646645,0.24849998940022922,2.230717424878603e-12,0.41189778855842346
24.10005211830139,-2.760999999564836,2.2249999997994254,0.6762600028494026,0.2819999874078153,2.5435725303345896e-12,0.2443461777317706
24.199966192245483,-2.784999999422295,2.2449999996342407,0.6823800030363403,0.3079999906356497,2.685572864792433e-12,0.05934128852979609
24.30004906654358,-2.8109999996185095,2.266999999693755,0.6808500012397714,0.3409999889542521,2.5616285690408837e-12,-0.010471941187261677
24.399790287017822,-2.836999999941927,2.2889999999829467,0.6823799995663249,0.34500000028977285,2.4803839215973298e-12,0.003490651409263766
24.50069761276245,-2.863000000170926,2.3110000001631508,0.6823800000581786,0.3380000043809191,2.3693356016708063e-12,0.006981315289902343
24.599753856658936,-2.8899999997134316,2.3329999999470488,0.6777900008911244,0.34249999981442214,2.6597857073488627e-12,-0.05235984751035531
24.70034408569336,-2.914000000479831,2.3540000003290418,0.6548400029015324,0.3145000118999369,2.2981201267135054e-12,-0.2199114030882058
24.79982280731201,-2.9350000004140693,2.3740000001409074,0.6165900028103701,0.2840000124408245,1.6488414705307687e-12,-0.37699103865208056
24.899813890457153,-2.953000000520161,2.3910000005944396,0.5584500032553814,0.2520000118597206,1.7502452742671122e-12,-0.5794492120150585
24.999825477600098,-2.9680000003377014,2.409000000031282,0.48501000277861817,0.22600000923273744,9.686831563356817e-13,-0.74700083473557
25.099809646606445,-2.9800000004094507,2.425000000355153,0.39474000235459616,0.19250001111343468,5.898367564449123e-13,-0.9040804752481866
25.20001983642578,-2.988000000446963,2.4390000003268697,0.29376000201503594,0.16550000835149717,-2.6874119421451766e-14,-1.0157815679704492
25.299989461898804,-2.994000000305416,2.452000000311376,0.19430999937338522,0.13800000769675924,-4.299284029235821e-13,-0.9808750567877281
25.39999294281006,-2.998000000172933,2.4620000004473264,0.09791999998392864,0.10750000871882298,-3.904409879428868e-13,-0.9773843828911514
25.499913215637207,-3.0000000001792575,2.472000000010078,0.0030599992425310862,0.09800000004616335,-9.028866928195364e-13,-0.9494591268022585
25.599769115447998,-3.001999999945715,2.4839999994206603,-0.07497000259868436,0.13049998411338065,-1.0098970144100197e-12,-0.7749262766323397
25.700692653656006,-3.0030000000827073,2.49999999940146,-0.13464000312383195,0.16399998512798178,-1.4123363623288923e-12,-0.6038840053920156
25.799806356430054,-3.003999999957891,2.5189999993931993,-0.1744200033310479,0.18949998869020146,-1.2912804599389083e-12,-0.3979351740394283
25.899755239486694,-3.0040000000366742,2.5399999996549454,-0.20043000236759578,0.22099998748522792,-1.3374658796413334e-12,-0.2548181411884757
26.000030279159546,-3.0030000001306867,2.564999999357501,-0.20502000347013816,0.25099998843997057,-1.6139795874903066e-12,-0.05235998035401637
26.09993290901184,-3.0029999998943655,2.5929999995384936,-0.2050200008726657,0.2779999906183252,-1.1497290105914621e-12,0.006981287802972122
26.199742317199707,-3.0020000000858236,2.623999999311726,-0.20654999962465048,0.3129999878144868,-1.2925441098529178e-12,-0.006981309917337262
26.299795389175415,-3.0019999998581195,2.6569999998287113,-0.20502000036722468,0.3369999930506299,-7.517011093647447e-13,-3.4341147469099664e-09
26.399808883666992,-3.001000000060662,2.693999999297727,-0.20501999999999931,0.37149998917016425,-8.428284400285218e-13,0.0034906567305139414
26.49997329711914,-3.0000000000395453,2.732999999844625,-0.20501999994182185,0.3969999935813355,-9.05058861378925e-13,-0.0034906550689769974
26.60006332397461,-2.999999999831841,2.775999999309219,-0.20502000005817678,0.42999999080781726,-3.077137649674683e-13,-1.7722587937127332e-09
26.699716329574585,-2.9990000000146235,2.8209999998565474,-0.20501999999999931,0.4589999932405241,-3.252795289336721e-13,-8.723332609739213e-16
26.799757957458496,-2.9980000000086253,2.8699999993485283,-0.20501999999999931,0.4899999925435236,-2.908123357180597e-13,0.0034906567308880415
26.899813652038574,-2.9979999997926132,2.9190000002759673,-0.2004300006945483,0.4875000057430764,3.6415939216877377e-13,0.05235985351723829
26.999761819839478,-2.997000000042581,2.9650000004951953,-0.1790100027531798,0.4550000168768128,1.9165165373823925e-13,0.20594877373960652
27.100248336791992,-2.997999999850105,3.0100000003268037,-0.1453500020869376,0.4455000069501621,6.587078322455275e-13,0.33161249606160004
27.19991946220398,-3.000999999739596,3.057999999248775,-0.13463999628650503,0.48499998793742144,1.3053206078690854e-12,0.11170118383120131
27.299782037734985,-3.0030000000913546,3.1079999999539414,-0.1361699978874107,0.5014999976505138,9.28642429152412e-13,-0.017453228980116184
27.399749755859375,-3.00599999987546,3.157999999949457,-0.13770000003174676,0.4975000054225184,1.2346685550878591e-12,-0.00349066559857753
27.499786376953125,-3.0089999998755026,3.208000000190035,-0.13617000030910265,0.49850000319078874,1.5786467346494133e-12,-1.7174433073613438e-09
27.599753379821777,-3.0110000000759793,3.25700000009837,-0.1361699999999999,0.497500003748816,1.2713051809464405e-12,0.010471970199871138
27.699745178222656,-3.0139999998895934,3.3070000001666022,-0.1361699998254664,0.5015000016561928,1.5649871679398e-12,-0.003490651624687202
27.79980230331421,-3.0160000000781384,3.356999999939552,-0.1361700000581776,0.49700000475457906,1.2296909333625507e-12,0.003490654960650789
27.899746417999268,-3.0189999998893207,3.4070000001579075,-0.13616999994182244,0.4995000018219464,1.5262985314981451e-12,1.71772644762605e-09
27.999752283096313,-3.021000000075107,3.4560000000782765,-0.13158000077710685,0.48300000893639394,1.2224872904171332e-12,0.038397224041410265
28.099721431732178,-3.0239999999186047,3.502000000627468,-0.11169000262319417,0.4570000116922854,1.5071485895510207e-12,0.19547679891204903
28.19975447654724,-3.0279999998501133,3.5450000003973376,-0.07038000373254238,0.42300001434063494,1.9461298561511257e-12,0.4188789070661487
28.299777507781982,-3.0339999997788247,3.5840000007255965,-0.012240002554912088,0.3970000100956486,2.7793122189077456e-12,0.5724679190783274
28.39985227584839,-3.0419999997300966,3.6210000002901364,0.059669997370206396,0.37200000941049216,3.549405193519514e-12,0.7260568908438467
28.49973750114441,-3.051999999816271,3.6530000008765002,0.1529999967846427,0.33150001425932,4.558977015887457e-12,0.9285150623853102
28.599727869033813,-3.062999999941015,3.682000000315493,0.2539799983888411,0.30350000909331865,4.759554553322547e-12,1.0122909236306248
28.699755668640137,-3.0769999997895443,3.707000000512229,0.3519000008067126,0.2795000067255799,5.751432560459693e-12,0.9878563686550197
28.79986047744751,-3.0919999997744902,3.7290000002803723,0.44523000066983354,0.27250000011125436,6.406274280859343e-12,0.9389871623836636
28.899726152420044,-3.109999999638873,3.751999999842557,0.5247900026011107,0.304499985626193,6.637448745602835e-12,0.7853982389679846
28.999792337417603,-3.132999999276043,3.7769999995250823,0.5829300032446101,0.3344999868751872,6.9506681870344905e-12,0.5864307297488076
29.09980320930481,-3.1589999995257223,3.801999999895669,0.6257700027518966,0.3624999887972434,7.369223771648689e-12,0.4328417300193397
29.200006246566772,-3.186999999571846,3.8279999997264325,0.6502500030693534,0.3924999883703192,7.213001280515028e-12,0.2373648775588768
29.299812078475952,-3.2189999995378944,3.8559999997797583,0.6579000027006918,0.4219999896307277,7.2292864104978385e-12,0.0802852229233641
29.399794578552246,-3.2529999994271233,3.885999999559984,0.6563700015970202,0.45349998915398404,6.951194628175604e-12,-0.013962586165168989
29.50005578994751,-3.287999999917936,3.917999999796791,0.6563699997672918,0.48249999112468533,6.213542104883257e-12,0.0034906499181937226
29.59975552558899,-3.3249999997162405,3.9499999999758835,0.6533100005763606,0.48750000047558,6.347356986530477e-12,-0.038397222263861164
29.699759483337402,-3.3600000003845416,3.9810000004516386,0.6318900028735888,0.4570000136105809,6.1995133046534746e-12,-0.20245811249814413
29.800087451934814,-3.390000000572737,4.011000000176421,0.5905800036198325,0.4185000162051776,5.041534655635745e-12,-0.41887891055302356
29.899834871292114,-3.4180000003430138,4.040000000272712,0.5324400025553748,0.39600000883179903,4.5564257086046136e-12,-0.5759585758609321
29.999759435653687,-3.4410000005199244,4.069000000070229,0.4605300025691035,0.36800001065939425,3.2527121001133886e-12,-0.7190755791680863
30.099783658981323,-3.4610000004653063,4.097000000344017,0.3687300030671645,0.3355000113242557,2.5282791742890602e-12,-0.9250244022533857
30.20000958442688,-3.4760000004479767,4.1240000001792625,0.26775000168622043,0.3070000095086346,1.5235833360455024e-12,-1.0122909218149383
30.299847841262817,-3.487000000485688,4.150000000343901,0.1652399999449219,0.27650000931274826,5.233483207974524e-13,-1.019272279728882
30.399905920028687,-3.495000000241035,4.1730000004504895,0.07037999906303316,0.24700000872222055,2.7681954762342505e-13,-0.9599311187195503
30.499826669692993,-3.499000000431323,4.1950000003533185,-0.027539999923055447,0.21650000821433135,-7.760498972906931e-13,-0.9843656860903375
30.59997534751892,-3.5010000002530095,4.214000000318402,-0.12851999933287672,0.18850000710094975,-1.3255880615593461e-12,-1.0018189817919891
30.699748516082764,-3.5010000002035877,4.232000000114054,-0.22338000112809264,0.18249999821999843,-1.8644971558093803e-12,-0.945968482080289
30.79974102973938,-3.5000000000629132,4.252999999302267,-0.29835000307447856,0.21049998541907278,-1.857353558606077e-12,-0.7574729910966076
30.899785041809082,-3.496000000313238,4.2769999994071055,-0.35802000283885516,0.24849998297000822,-2.5115566254808592e-12,-0.5934120263944767
30.999725341796875,-3.491000000161625,4.303999999376445,-0.39933000289521314,0.2734999885068339,-2.5123238272669007e-12,-0.4084071389467504
31.099773645401,-3.4850000000155728,4.332999999622838,-0.42228000304214053,0.30399998748957124,-2.1498300008750593e-12,-0.2408555192290328
31.19972825050354,-3.477000000188502,4.364999999416734,-0.42840000297859593,0.3344999878898179,-2.1555442325209696e-12,-0.06283194345013207
31.300905466079712,-3.4680000001477413,4.399999999624815,-0.4284000010471978,0.36199999010768785,-2.187693825431798e-12,0.006981282652055054
31.39976143836975,-3.4590000000666965,4.437999999347606,-0.42839999988364497,0.39549998809298653,-1.7790055021089522e-12,-0.0034906531866839546
31.499747276306152,-3.449000000039945,4.478999999666104,-0.42840000005817647,0.4224999916352994,-1.5355258949732308e-12,-1.7165295075095843e-09
31.599730253219604,-3.438999999975243,4.520999999716629,-0.426870000259183,0.43049999906544906,-1.1682719208712226e-12,0.010471970190084334
31.6997971534729,-3.4289999998872283,4.560000000726822,-0.4283999995747718,0.4040000119439333,-1.3020757495855139e-12,-0.006981308428679745
31.799733877182007,-3.4199999998736885,4.5960000005282,-0.4284000001163537,0.35600001976681345,-1.2389409308285364e-12,-3.5478205963335174e-09
31.899725675582886,-3.4119999998505435,4.629000000421689,-0.428399999999999,0.3330000087035297,-1.0251620067102773e-12,-0.003490656790708397
31.999747276306152,-3.404999999820575,4.659000000329121,-0.42840000005817735,0.30900000888129703,-6.842594014508629e-13,-1.7778382086809652e-09
32.09972333908081,-3.3979999998912778,4.6860000006489955,-0.42687000025073973,0.2810000094839544,-8.045407682317899e-13,0.010471970363446013
32.1997184753418,-3.3919999998818966,4.711000000320028,-0.4283999995662331,0.25050001021684687,-6.441650996454377e-13,-0.01396262159583111
32.29980540275574,-3.3869999997906834,4.732000000654509,-0.42840000023270974,0.21150001234337124,-4.625633558775826e-13,0.003490649917345174
32.3998544216156,-3.382000000012356,4.751000000165451,-0.4268700002007728,0.1900000053806807,-5.892227382380412e-13,0.006981315235605291
32.50022768974304,-3.3779999998944703,4.768000000259221,-0.428399999632596,0.1824999996248771,-4.259594473018637e-13,3.436558977491788e-09
32.599748611450195,-3.3730000001470515,4.787999999422003,-0.42992999974103174,0.21199998561384184,-4.088343662025126e-13,-0.013962626926014497
32.69971561431885,-3.3670000001548086,4.8119999993662,-0.4284000004830777,0.24849998430752548,-3.7042109276047184e-13,0.006981306726236805
32.799755811691284,-3.361000000021779,4.837999999520547,-0.4283999998836441,0.269999990513828,-6.656456646583331e-14,0.0034906602775239826
32.8997368812561,-3.354000000072272,4.867999999332226,-0.4283999999418213,0.30599998599376665,2.2552566342814236e-13,-0.006981311848839149
32.9998300075531,-3.3460000001375327,4.89999999946742,-0.42840000011635504,0.33449998930844327,1.9807794776054453e-13,0.003490653192962727
33.10007452964783,-3.3370000001466096,4.9349999996298735,-0.4283999999418213,0.3629999902812521,1.9667243073341904e-14,-0.0034906550637876285
33.1998929977417,-3.328000000058273,4.972999999381749,-0.42840000005817647,0.39449998940805375,2.950509057385374e-13,0.006981311692592566
33.29980826377869,-3.318000000044117,5.013999999649375,-0.4283999998836441,0.421999991905898,4.0923684449531233e-13,-0.0034906533485941377
33.399762868881226,-3.3079999999693523,5.056999999537799,-0.42840000005817647,0.45399999036113176,8.053236223396637e-13,-1.772080119363112e-09
33.4997763633728,-3.296000000142886,5.103999999651589,-0.428399999999999,0.4819999928098492,5.836036487208982e-13,-8.722147216494442e-16
33.59980630874634,-3.2840000000814022,5.151999999702252,-0.428399999999999,0.5009999963526223,5.276578188158343e-13,0.003490656731613386
33.69986033439636,-3.2719999999151863,5.201000000171386,-0.4283999999418213,0.4985000047396095,6.238794684163706e-13,1.7174910278694444e-09
33.79983949661255,-3.2600000000064533,5.249000000002942,-0.428399999999999,0.49550000467457916,5.655228944402362e-13,-0.006981313461487842
33.899837255477905,-3.2489999997479817,5.2980000000524985,-0.42840000011635504,0.4995000017633488,1.262486519762251e-12,-3.435641724239269e-09
33.999826192855835,-3.2370000000050556,5.3450000002117415,-0.4329899992229729,0.48450000886255407,1.0195548959330745e-12,-0.045378537505904586
34.099794149398804,-3.2249999999612857,5.390000000588422,-0.4544099972457838,0.45650001292239417,6.163185586205043e-13,-0.20594877278772558
34.19990634918213,-3.2129999999945973,5.431000000488819,-0.4941899966954173,0.4225000147782744,2.0711819911648286e-13,-0.40840694210294615
34.29990839958191,-3.1999999999779742,5.469000000575114,-0.550799997521497,0.39850000975763983,-2.937792130349354e-13,-0.558505286779918
34.39985489845276,-3.185999999987695,5.503000000529735,-0.6242399968901644,0.36650001249153974,-8.073394006649019e-13,-0.7435101675000182
34.49973773956299,-3.1700000000429114,5.533000000692011,-0.7175699970668239,0.3355000109919044,-1.8088241027005843e-12,-0.9250244141417925
34.59977722167969,-3.1530000000649743,5.5590000004558595,-0.8170199985788916,0.30700000973023284,-2.554340340114804e-12,-1.005309608368763
34.69974374771118,-3.1349999999473717,5.581000000571004,-0.9180000001926044,0.27900000859952245,-3.32831741395236e-12,-1.0088003059351098
34.799755334854126,-3.117999999766784,5.59900000043078,-1.0159200002349307,0.2475000097493583,-3.470049351621306e-12,-0.9843657105355389
34.89993715286255,-3.100999999753741,5.6130000005177,-1.1138400003476057,0.21850000784225407,-3.939244311402059e-12,-0.9808750413381798
34.99986982345581,-3.083000000222466,5.625000000124646,-1.2087000002929655,0.21249999893412855,-4.393826074123599e-12,-0.9389871588413731
35.09983444213867,-3.063000000357535,5.636000000010402,-1.2867300028537993,0.2459999843509029,-4.7355410676239336e-12,-0.7853982389576317
35.20075702667236,-3.0380000007238213,5.647999999764323,-1.3464000029835752,0.27849998527243397,-4.7951071942725935e-12,-0.5934120432289431
35.29982280731201,-3.0100000004181755,5.659000000039228,-1.3877100031170544,0.2999999906447459,-5.135763914973024e-12,-0.4188791063273021
35.40002226829529,-2.9790000006919612,5.670999999718288,-1.413720002581071,0.3364999852365562,-4.782413306109222e-12,-0.25132749732383564
35.50012731552124,-2.9450000003374317,5.6829999998943626,-1.4198400031842944,0.36349999007887,-4.527430906846493e-12,-0.07330391624241123
35.599828481674194,-2.9080000006106097,5.695999999763608,-1.4183100014805006,0.39399998904095745,-4.187109480750101e-12,0.013962589737615924
35.69977021217346,-2.870000000016514,5.709000000052592,-1.4244299987624354,0.3955000007786613,-4.100729243748224e-12,-0.052359844891004356
35.79974913597107,-2.833999999812308,5.721000000135387,-1.4458499972485535,0.3690000113972518,-4.0528379416181594e-12,-0.20943943050911262
35.89974641799927,-2.8019999992794933,5.730000000469692,-1.488689996459283,0.3325000140790206,-4.521160240622806e-12,-0.4258602309225155
35.9997763633728,-2.7719999996908697,5.738000000120874,-1.5452999975243138,0.3120000075358074,-4.353066216815143e-12,-0.5619959500761847
36.09976673126221,-2.743999999452738,5.743000000304715,-1.6202699970610754,0.2745000131171778,-4.663533870123801e-12,-0.760963455894399
36.19984698295593,-2.718999999693608,5.7450000003229995,-1.7135999968849793,0.24450000989516554,-5.210982980093982e-12,-0.9250244202464122
36.29973244667053,-2.696999999516539,5.745000000198886,-1.829355303603816,0.21850000745093698,-5.451343008930679e-12,-1.0088002664155398
36.39974927902222,-2.677999999581333,5.743000000087004,-1.930335306905977,0.1905000080639987,-5.472780359116699e-12,-1.0088003076527017
36.499712228775024,-2.661999999492364,5.739000000138864,-2.026725308191329,0.16000000815077522,-5.844825217213431e-12,-0.9669124262053888
36.599698305130005,-2.6489999996624736,5.734999999982293,-2.1246453067221176,0.12750000878653583,-5.7106332026167755e-12,-0.9738937190681469
36.69967865943909,-2.6399999995067667,5.730999999909479,-2.2240953070956655,0.10250000508971602,-5.651948198603365e-12,-0.994837663328762
36.79984736442566,-2.632999999711137,5.727999999741953,-2.3235453069201784,0.06700000908854582,-5.015293214093771e-12,-0.9948376736367626
36.899718046188354,-2.629999999582024,5.724999999945895,-2.4214653076974546,0.041500004407308805,-5.27032280664419e-12,-0.9878563600644248
36.99970245361328,-2.6289999996689257,5.72499999957961,-2.5193853070674974,0.008500007304598642,-4.578720655932806e-12,-0.9878563566287923
37.099719762802124,-2.6289999999865667,5.724999999986968,-2.6203653070793838,-0.0010000022158840544,-4.293757134172789e-12,-1.0053096405597752
37.19970965385437,-2.6290000001023905,5.7250000001201,-2.7182853073693423,-0.0010000055957688995,-4.034150361922656e-12,-0.9878563654866466
37.29979968070984,-2.6290000000863074,5.725000000124002,-2.8177353073260845,0.002499993459850778,-3.783136264583968e-12,-0.9913470134145416
37.40064358711243,-2.62900000003528,5.725000000063193,-2.917185306863397,-0.002500002940971138,-3.5545864313774305e-12,-0.9948376718636786
37.499770402908325,-2.6290000000663802,5.725000000153134,-3.0166353074479897,-5.586075046970507e-09,-3.33334163900691e-12,-0.9983283304230981
37.59974527359009,-2.6290000000324536,5.725000000101388,-3.10996530802381,-4.323785563961624e-09,-3.1318712051786038e-12,-0.9389871677005063
37.69974327087402,-2.6290000000221827,5.725000000100867,-3.186465310277195,-0.0005000038700892877,-2.936999806836646e-12,-0.7644542982859087
37.79979062080383,-2.629000000014562,5.725000000103425,-3.2461353098295174,-0.0010000036303019315,-2.759365391751976e-12,-0.593412032454431
37.89974665641785,-2.6290000000088103,5.725000000109669,-3.2859153105412764,0.0009999956664805756,-2.5877057768236155e-12,-0.40491647926767826
37.99969935417175,-2.629000000002577,5.725000000063209,-3.3103953097868706,-0.001000002568456203,-2.4312481713666535e-12,-0.2408555200385623
38.09974384307861,-2.629000000001602,5.72500000010077,-3.316515310189277,-0.0015000029854145367,-2.2800262857738084e-12,-0.06632259752179856
38.19977402687073,-2.629000000000982,5.725000000100952,-3.3119253090610696,0.00299999529439998,-2.1421064469890347e-12,0.05235981735701184
38.29979109764099,-2.6290000000001683,5.72500000000858,-3.2859153105743264,0.0029999972995244104,-2.008810066396081e-12,0.25132731435470035
38.39991569519043,-2.629000000000275,5.725000000005744,-3.2400153107641865,-0.002500000436920796,-1.887477200325971e-12,0.46774812957874223
38.50005793571472,-2.629000000009645,5.7250000001117485,-3.178815309411755,-3.4277092952200716e-09,-1.7698829708195506e-12,0.6073745110583031
38.600207567214966,-2.6290000000083484,5.725000000056153,-3.0992553105415546,-0.0005000021059056795,-1.663063320580659e-12,0.7993606997923923
38.699785232543945,-2.6290000000147025,5.725000000063641,-3.002865309668449,-0.0010000019809313218,-1.5595584262076629e-12,0.9669123231508198
38.79977035522461,-2.6290000000219784,5.725000000065586,-2.9080053071173655,0.0009999971906579754,-1.4652943241700981e-12,0.945968465213793
38.899808168411255,-2.629000000011967,5.725000000026877,-2.833035303715514,-0.0020000007648031566,-1.3741272630024136e-12,0.7574729881579564
38.99977660179138,-2.6290000000398273,5.725000000074125,-2.7733653046453197,-0.0005000024004198599,-1.2910125438412082e-12,0.5899213721736831
39.09989857673645,-2.629000000027819,5.725000000045078,-2.730525304377738,-0.0010000014954702138,-1.210693226529454e-12,0.42236976146975236
39.19991445541382,-2.6290000000333453,5.7250000000492,-2.707575304025437,-0.0015000013991841232,-1.1375430660637027e-12,0.24085552896409132
39.29989552497864,-2.6290000000391647,5.725000000055032,-2.701455304169194,-0.0005000018717160578,-1.066742314107487e-12,0.05235997031660694
39.39992141723633,-2.6290000000256626,5.725000000035584,-2.7014553063069213,-1.579651238807489e-09,-1.002299177577543e-12,2.6597129165750744e-08
39.50116968154907,-2.629000000019367,5.725000000026847,-2.7014553071795864,-0.0005000011062079577,-9.399082570361623e-13,1.3086431146820182e-14
39.600101470947266,-2.6290000000233036,5.725000000032314,-2.701455307179587,-1.4150507753399322e-09,-8.83098871112142e-13,6.6439374497070866e-21
39.69988656044006,-2.629000000016891,5.725000000023412,-2.701455307179587,-1.1365433013124648e-09,-8.281378758269388e-13,3.26961364324382e-27
39.79995775222778,-2.6290000000148446,5.725000000020575,-2.70298530692049,0.0014999983592488232,-7.781152122202691e-13,-0.017453283653098582
39.90011382102966,-2.6289999999973954,5.724999999996341,-2.722875304209493,-4.134830962863878e-10,-7.296633470738436e-13,-0.19198613187494892
39.999878883361816,-2.628000000211829,5.724000000215671,-2.755005304936126,0.01349999389979789,-5.30758856198918e-13,-0.314159203265989
40.100128173828125,-2.627000000050076,5.721000000361791,-2.7703053099064316,0.03949998983074708,-9.821337087717141e-13,-0.16057036674732852
40.199817419052124,-2.6230000003837564,5.7150000005278985,-2.767245310373263,0.07299998728637375,-7.807419791272844e-13,0.03141582913012819
40.29983711242676,-2.6170000003869394,5.707000000303695,-2.770305306153945,0.10199999012075069,-2.0429446634428664e-13,-0.024434582038249074
40.39976644515991,-2.6110000001152898,5.696000000456228,-2.768775307845858,0.13099999037609383,-6.155839807319428e-13,0.013962614514046137
40.500587701797485,-2.602000000349415,5.683000000274967,-2.7687753069468766,0.16249999039437865,-9.974593245964353e-14,-0.003490649913809988
40.60010862350464,-2.5920000002695733,5.667000000420826,-2.7687753072377643,0.18999999213663893,-7.471656690134518e-14,-1.7719185632647516e-09
40.69983887672424,-2.5800000003023715,5.649000000235245,-2.768775307179587,0.22149999146547203,3.475447698634922e-13,0.0034906567856029806
40.79977011680603,-2.567000000238883,5.628000000408516,-2.768775307121409,0.2504999925836131,2.8735601671799733e-13,-0.0034906549634181067
40.90001559257507,-2.5520000002430105,5.60500000017565,-2.7687753072377643,0.27999999317672297,6.27059060905532e-13,0.003490655064951125
40.99983811378479,-2.5350000004247057,5.579000000417745,-2.7687753071214094,0.3119999922965672,1.0042373426973408e-12,1.7729050315502815e-09
41.09975790977478,-2.5170000001687853,5.550000000289373,-2.768775307179587,0.3389999950028704,9.112274313333472e-13,8.723625499918457e-16
41.199957609176636,-2.497000000400149,5.520000000212209,-2.768775307179587,0.3704999932668561,1.5321706162041058e-12,4.4297225485390115e-22
41.29981279373169,-2.476999999941855,5.487999999883251,-2.7748953061758943,0.3735000045800309,1.475923889702991e-12,-0.05235985179844894
41.400070667266846,-2.457999999888182,5.457999999628475,-2.794785304686416,0.3440000166695056,1.6816618288325279e-12,-0.20594877376323245
41.49977421760559,-2.442999999424286,5.430999999305668,-2.8376253035823895,0.31000001695215895,1.1198515780559291e-12,-0.42236957244424733
41.599825620651245,-2.4299999996999393,5.404999999742292,-2.895765304384111,0.28500001288265303,6.232430025658478e-13,-0.586430545412405
41.69982957839966,-2.4189999997703797,5.381999999304676,-2.969205304906286,0.254000014006825,8.40607703870487e-13,-0.7365288704749617
41.799800157547,-2.411999999640976,5.35999999968691,-3.062535303652172,0.22500001276594922,1.151884047380097e-13,-0.9250244078072555
41.89985179901123,-2.407999999615585,5.34099999939015,-3.163515306042915,0.1915000132781248,-5.639723019509489e-13,-1.0157815800269985
41.999746322631836,-2.405999999790307,5.323999999689377,-3.2614353075226212,0.16500001021451108,-9.952016504962411e-13,-0.9878563708195277
42.099926471710205,-2.4049999999867744,5.309999999491619,-3.357825307838632,0.13800000943906773,-8.718231448013702e-13,-0.9669124159074979
42.19995331764221,-2.405999999883937,5.298999999524025,-3.4572753064542168,0.1050000114861618,-1.2090604061992295e-12,-0.9948376594504331
42.29987859725952,-2.407000000070264,5.290999999556482,-3.5521353082071263,0.07450000944833869,-1.0976048878888077e-12,-0.9389871650443975
42.39980888366699,-2.4080000001139403,5.286999999436323,-3.628635309875771,0.04400000924586088,-1.0774442272655038e-12,-0.7749262712258005
42.499921560287476,-2.4090000000385476,5.2839999998375005,-3.6883053103097625,0.018000006642993633,-1.0473716866198014e-12,-0.5864307214039878
42.599773645401,-2.4090000000948066,5.283999999750168,-3.726555310484203,0.0020000027283837403,-9.840304776973137e-13,-0.3909538516297503
42.70002627372742,-2.4089999999800487,5.28499999985013,-3.7495053099273554,-0.0005000026087589151,-1.1651718361884464e-12,-0.2338741971392711
42.80004668235779,-2.4089999999609653,5.285000000086591,-3.760215309265827,-0.003500002232181691,-1.0947144586835535e-12,-0.0977385071962168
42.89976119995117,-2.408999999937162,5.285000000135466,-3.752565310064244,0.000999995102107092,-1.026622784484519e-12,0.07679440114339738
42.999791860580444,-2.4089999999783522,5.285000000047654,-3.7342053090047544,0.0009999970637813256,-9.645340179595993e-13,0.1780235323433148
43.09987473487854,-2.4089999999797165,5.285000000046921,-3.73267530446376,-0.0010000020144884459,-9.04560043676287e-13,0.017453371617356883
43.19978666305542,-2.4089999999665412,5.28500000007768,-3.728085307664834,-0.0005000028237189987,-8.498448061068837e-13,0.041887889652744245
43.29978823661804,-2.408999999973007,5.284000000260408,-3.7066653099969527,0.004999995511009764,-5.536797604516148e-13,0.2164207413131546
43.399757862091064,-2.4090000000149665,5.284999999759637,-3.663825310821357,-0.004999998367283079,-7.447039002070343e-13,0.4188789177072787
43.499733209609985,-2.408999999949115,5.285000000144769,-3.6072153094898427,0.0019999951370061764,-6.983779698088792e-13,0.5724679190270927
43.59991240501404,-2.408999999997011,5.285000000010394,-3.532245310328139,-0.001500000642446565,-6.561743653823776e-13,0.7504914879589231
43.699769258499146,-2.408999999983907,5.28500000007688,-3.438915309980997,-0.0005000023049070565,-6.153357539151016e-13,0.9285150744534937
43.799885749816895,-2.408999999993924,5.285000000053571,-3.3394653085326826,-1.986457771711858e-09,-5.781402330597905e-13,1.0088002668965728
43.89983153343201,-2.408999999999425,5.2850000000428,-3.2400153066746338,-0.0005000014878259844,-5.421475925867212e-13,0.9983283372924961
43.999807596206665,-2.409000000004486,5.285000000052069,-3.1420953071235225,-0.005999999482268975,-5.094007804617062e-13,0.9843657052185083
44.100730657577515,-2.409000000028481,5.285000000153301,-3.039585307593332,0.001999995435007257,-4.777047139783097e-13,1.015781609196544
44.199840784072876,-2.4089999999984695,5.284999999994756,-2.947785305786283,-0.0010000001842988113,-4.4883309728049913e-13,0.9250245496366059
44.29983353614807,-2.4090000000198426,5.285000000049953,-2.8697553045518482,-0.0015000011309481698,-4.2087731208701774e-13,0.7853982320528409
44.39977765083313,-2.40900000002633,5.285000000053665,-2.8100853041980143,-1.8204520746759045e-09,-3.95463231787373e-13,0.5899213865182726
44.49979496002197,-2.4090000000144,5.285000000025388,-2.7687753041139604,-0.0005000009508258573,-3.7081645258838284e-13,0.4188791045264768
44.600478649139404,-2.4090000000196206,5.285000000031493,-2.742765304606831,-0.00150000069583608,-3.484363537791568e-13,0.2513274974845258
44.69978356361389,-2.4090000000301366,5.285000000045689,-2.736645303993641,0.0009999980441598643,-3.2672887292779616e-13,0.05934128894609597
44.79980111122131,-2.409000000002221,5.2850000000033095,-2.7397053056721132,-0.0014999999587222517,-3.070025024019338e-13,-0.020943910215858876
44.8997905254364,-2.409000000029108,5.285000000043837,-2.7580653045188366,-0.000500001283438111,-2.878840601278101e-13,-0.1884954768134888
44.99976706504822,-2.409000000015796,5.2840000002279535,-2.7963153038438877,0.0014999984005039917,-5.948702063235324e-13,-0.38746299286270514
45.099759101867676,-2.408999999995739,5.284999999795825,-2.8559853038476,-0.0029999990765666998,-2.4399357508141236e-13,-0.582939873953918
45.19981789588928,-2.409000000034677,5.2850000000683,-2.927895304721962,0.0019999972941660065,-2.2925425841624253e-13,-0.7295475528781799
45.29979395866394,-2.4089999999886906,5.284000000169808,-3.0105153057920737,0.010499996231170391,-4.558829368303871e-13,-0.8307766741557688
45.39978003501892,-2.4080000001354644,5.281000000401827,-3.074775310142895,0.04099998795375117,-4.1583163338197986e-13,-0.6387906037732172
45.499764919281006,-2.406000000182786,5.274000000555159,-3.1206753102990517,0.07399998815055206,-2.6607686179333837e-13,-0.4537856965341739
45.599852561950684,-2.4040000000952446,5.264000000535379,-3.1497453098397203,0.0969999923248733,-2.971014998707648e-13,-0.2932153955806137
45.69977569580078,-2.402000000043648,5.252000000393479,-3.160455310308143,0.13349998804578633,-3.603190917461391e-13,-0.10471984796114944
45.799789905548096,-2.399000000159269,5.236000000550194,-3.1589253091844576,0.16349999080547128,-1.415393246002018e-13,0.010471916890751734
45.89981818199158,-2.396000000033162,5.2180000002322675,-3.1604553067541468,0.18699999415797844,-1.512503985747343e-13,-0.006981308421328098
45.99981999397278,-2.3920000001833692,5.198000000289925,-3.158925307554995,0.19849999881145416,2.5343119023933577e-13,0.006981309915743503
46.099751710891724,-2.388999999921287,5.180999999370896,-3.158925307063233,0.16600001527053748,3.2230072136949254e-13,-0.003490653348599327
46.19978475570679,-2.3869999998492872,5.167999999332128,-3.158925307237766,0.12850001663096472,1.9061457285564245e-13,-1.7722089182443945e-09
46.29985165596008,-2.3849999999641778,5.15699999961399,-3.1589253071795884,0.10200001109422571,2.6960887504569916e-13,0.0034906567864731865
46.40013360977173,-2.3830000000650866,5.147000000004648,-3.1589253071214105,0.1025000004322625,4.416824612334043e-13,-0.0034906549579015625
46.49982500076294,-2.381000000047738,5.135000000307177,-3.158925307237766,0.13149998989284484,4.0183683326645815e-13,-1.7173046530823133e-09
46.599812269210815,-2.3780000001648975,5.119000000609675,-3.158925307179588,0.1619999895824757,5.599159128355578e-13,-8.723804878170192e-16
46.699827671051025,-2.375000000041311,5.101000000280766,-3.158925307179588,0.19099999115804672,5.065068752449947e-13,-4.289328380605073e-22
46.80000042915344,-2.3710000001662106,5.079000000629438,-3.158925307179588,0.22099999094950334,6.521984257622509e-13,-9.830079120688558e-27
46.90012168884277,-2.3670000000373363,5.055000000268922,-3.1604553069288532,0.25049999207221274,5.868590055543345e-13,-1.2536751460885787e-17
47.00042414665222,-2.3620000001712143,5.028000000423161,-3.158925307437749,0.28049999204045556,8.481554154107275e-13,1.2908032919933937e-17
47.09980535507202,-2.3560000002343564,4.9970000004755395,-3.1604553069277337,0.30949999318417876,1.272885993030187e-12,-1.2592728304513854e-17
47.199864864349365,-2.3500000001799872,4.964000000474598,-3.1589253074386185,0.33999999271757,1.491527685017755e-12,1.2951504673243626e-17
47.2998309135437,-2.344000000028718,4.928000000241429,-3.1604553069286316,0.37049999353332286,1.3616549959274938e-12,-1.2547817276325368e-17
47.40020680427551,-2.337000000178884,4.889000000468889,-3.158925307438565,0.39949999413717974,1.5746056946180594e-12,1.2948789979564326e-17
47.49992370605469,-2.3290000002219173,4.84700000023164,-3.1604553069286085,0.42849999484359796,2.0463496348821497e-12,-0.003490656786174289
47.59989380836487,-2.3210000001883895,4.8030000003235855,-3.1589253074967596,0.4589999942406923,2.3168123811838446e-12,0.0034906549586573416
47.699836015701294,-2.3130000000207893,4.755000000217961,-3.158925307121411,0.487999995517965,2.1231578913602847e-12,1.7170060113286256e-09
47.79992866516113,-2.304000000181947,4.70600000017447,-3.1589253071795884,0.4890000061303232,2.4417710251477525e-12,8.723111481614011e-16
47.90064764022827,-2.2959999999276484,4.659999999271169,-3.1589253071795884,0.46200001609402563,2.446798596829477e-12,4.291388036277961e-22
47.99993109703064,-2.2880000000738434,4.617999999317575,-3.1589253071795884,0.42300002002185527,2.8521971043245263e-12,-7.24789083479318e-26
48.09985327720642,-2.280999999960301,4.578999999256346,-3.1604553069285357,0.3940000146276305,2.9410130726576595e-12,-1.2552605650408028e-17
48.199907541275024,-2.274999999912051,4.542999999477664,-3.154335308214593,0.3645000142621299,2.760882064383374e-12,0.045378537528808424
48.299889087677,-2.2680000001283567,4.508999999472342,-3.1329153099393343,0.3450000093497043,3.2720481411282554e-12,0.21642074301845587
48.39978742599487,-2.2610000000960753,4.478999999303443,-3.091605310561195,0.30600001644336194,3.751973376965264e-12,0.41189760426128263
48.499839067459106,-2.253999999960037,4.451999999369365,-3.0334653098564366,0.2745000122051994,3.8577303871023755e-12,0.5829398859528858
48.599724531173706,-2.2450000002513306,4.427999999634542,-2.958495310152161,0.25200000839673625,4.653213475004788e-12,0.7504914932861831
48.69980764389038,-2.235999999976551,4.4079999992706025,-2.8666953097308268,0.21600001259408264,5.1217234866749416e-12,0.9250244176627016
48.80014514923096,-2.2269999999383785,4.391999999426544,-2.765715308857118,0.18600000996725136,5.403338793920614e-12,1.0053096083750315
48.89977526664734,-2.217000000029042,4.377999999662769,-2.6723853057287683,0.1580000082501627,5.711158552779453e-12,0.9459684837733471
48.99981474876404,-2.207999999956135,4.367999999585801,-2.5943553046257675,0.13250000713399904,6.0107661645843365e-12,0.7679449613081923
49.09985566139221,-2.200999999673712,4.360999999479017,-2.5362153039165705,0.0975000098912567,5.9690668579518835e-12,0.5864307179853878
49.19988560676575,-2.195999999707537,4.3559999997183905,-2.4964353041363783,0.0670000079844344,5.5907370340212495e-12,0.40142582186513315
49.299787759780884,-2.1929999996886558,4.352999999764339,-2.4719553044765195,0.0395000059509246,5.124034026536594e-12,0.24434617203566295
49.39987874031067,-2.1919999997044233,4.351999999768683,-2.464305304411919,0.012500005876965549,4.758704079727461e-12,0.08028522953715805
49.499840259552,-2.191999999909772,4.351999999922691,-2.4734853043371117,-2.4311341936984754e-10,4.4622630396095155e-12,-0.08726638022616574
49.60069036483765,-2.192000000089232,4.352000000078175,-2.4903153057828735,0.0009999947700530514,4.19282174050331e-12,-0.18151419430812354
49.700072288513184,-2.1920000000707844,4.352000000064173,-2.494905309452086,-4.15404643322459e-09,3.9318077483721904e-12,-0.03141600038188633
49.79984760284424,-2.1920000000782682,4.352000000071588,-2.499495306926133,-0.0015000037001854961,3.6942437803765774e-12,-0.04537855346056492
49.89990043640137,-2.1920000000965647,4.352000000089107,-2.519385304672693,0.0004999952200783146,3.4643567684434617e-12,-0.19896745913276467
50.00061082839966,-2.1920000000600464,4.352000000057697,-2.5622253032468043,-0.0010000031787391235,3.2549388768868866e-12,-0.4328415357738995
50.09992790222168,-2.1920000000768756,4.352000000080434,-2.617305305402399,-0.0020000031836836466,3.0514286200090685e-12,-0.5550146423038997
50.19976854324341,-2.1920000000793287,4.3520000000927,-2.6953353031567486,-0.0015000035521305424,2.8678812390202715e-12,-0.7749260756631828
50.29986500740051,-2.192000000064798,4.352000000088918,-2.78560530528054,-0.0020000029549324585,2.6894689512284905e-12,-0.9145524593015332
50.39983081817627,-2.1920000000567654,4.352000000094798,-2.886585305333191,0.001999995512215901,2.5269125459209717e-12,-1.0053096030720086
50.49979043006897,-2.1920000000124737,4.352000000026698,-2.9845053078773716,-1.946860061184663e-09,2.3695964878185606e-12,-0.987856365214975
50.59984111785889,-2.1920000000215065,4.352000000060725,-3.083955306804861,-0.0020000018051185738,2.2264454201383565e-12,-0.9948376700905194
50.69979429244995,-2.1920000000242315,4.352000000098495,-3.183405307449682,-0.0005000030084973146,2.087853356524884e-12,-0.994837673636766
50.799822092056274,-2.192000000009349,4.352000000065588,-3.2828553069342385,-0.001000002081087175,1.961630949568068e-12,-0.9878563601723008
50.899758100509644,-2.19200000000286,4.352000000067786,-3.3777153080719646,0.009499993978219577,1.839627190205052e-12,-0.9599311023492205
50.999762296676636,-2.1920000000086013,4.348000000645523,-3.454215310242886,0.0424999856478284,1.853980985965268e-12,-0.7644543115342493
51.10086369514465,-2.192999999911491,4.34100000053913,-3.513885310127501,0.07349998764951102,1.6798315354761453e-12,-0.586430716321295
51.20052480697632,-2.1949999998711522,4.331000000574337,-3.55519530995979,0.10099998937093832,1.5216165797520866e-12,-0.415388448845214
51.299983739852905,-2.197999999876645,4.3190000003622355,-3.579675310089997,0.1314999892593791,1.3076825122321754e-12,-0.24783683617767965
51.3998007774353,-2.2019999998592823,4.303000000661963,-3.5857953102733,0.16099998991225703,1.3181437689303171e-12,-0.06632260383659022
51.49979257583618,-2.2060000000575997,4.285000000367547,-3.5842653085358247,0.1914999905346639,1.7108707918599337e-12,0.01396259452509764
51.59986424446106,-2.2119999997822894,4.264000000481186,-3.585795306688376,0.22049999133646597,1.3466386061031894e-12,-0.010471963126874888
51.700045585632324,-2.2179999999742925,4.240000000383138,-3.5857953073541204,0.2499999919899836,1.4948983882568496e-12,0.006981308401921953
51.79982900619507,-2.224000000093193,4.213000000554281,-3.5857953070632327,0.27999999195690783,2.095779183572779e-12,-0.0034906531858561237
51.89977765083313,-2.231999999897388,4.184000000176584,-3.585795307237765,0.310999992455088,1.7952769872380155e-12,-1.7159635028012044e-09
51.999802112579346,-2.240000000004036,4.151000000582282,-3.585795307179588,0.3384999938543411,2.142346374153542e-12,-8.726539775089719e-16
52.099833726882935,-2.2490000000070367,4.1150000004021425,-3.585795307179588,0.37149999255662125,2.357688845282984e-12,-4.291166564564896e-22
52.19977259635925,-2.258999999916247,4.077000000400337,-3.585795307179588,0.39699999546993436,2.280798157252488e-12,0.0034906567313034353
52.29974317550659,-2.26900000011017,4.0370000000627275,-3.590385306368309,0.4065000019591896,2.5260328276663488e-12,-0.04886919328308205
52.39975833892822,-2.279000000125164,4.000999999356166,-3.6118053043684384,0.37550001718717,2.2320279915240444e-12,-0.21293008543445457
52.49982500076294,-2.28900000017496,3.967999999209373,-3.654645303700207,0.33800001815326836,1.918779872097894e-12,-0.4258602326883767
52.599801778793335,-2.299000000173054,3.9379999996358173,-3.7097253049528414,0.3150000119631777,1.9400299382170785e-12,-0.5619959500035098
52.701051235198975,-2.3110000000139195,3.910999999434675,-3.7862253039998337,0.280500015189259,1.191068393442869e-12,-0.7644541127613173
52.8000168800354,-2.3230000000664273,3.8889999994218174,-3.8810853038768127,0.25150001257118676,5.314561775550527e-13,-0.9389870490166858
52.89979934692383,-2.3360000000931063,3.86999999946602,-3.9790053067611466,0.22350001109041254,-1.4041774672834178e-13,-0.9878563325711226
52.99983239173889,-2.349000000075245,3.8539999997019008,-4.075395307334103,0.21550000311113696,-4.930597079761361e-13,-0.9599311027722153
53.09983229637146,-2.3669999994055786,3.836000000375864,-4.150365310875787,0.25199998639112076,-1.0270763841803009e-12,-0.760963651821736
53.19978141784668,-2.3879999994617975,3.8170000004137536,-4.211565309502646,0.2824999890790308,-1.147847996902198e-12,-0.6003933442279297
53.299736738204956,-2.4109999998873697,3.798999999936969,-4.252875310409294,0.3079999919630623,-1.4556172209283713e-12,-0.41538845302399385
53.39981460571289,-2.437999999500221,3.77800000052613,-4.277355309961622,0.3419999889140079,-1.0078525822307253e-12,-0.2513274955461836
53.499791622161865,-2.4679999997339497,3.757000000115114,-4.285005310113922,0.3699999922152834,-1.1368582297614522e-12,-0.06981325937444705
53.60003685951233,-2.4999999996344933,3.7340000003706972,-4.2834753086021236,0.3984999921619238,-7.898253414956227e-13,0.013962591473963185
53.69979643821716,-2.5339999998954053,3.7100000000899955,-4.280415307449301,0.4040000014753799,-6.984410856219109e-13,0.03839723150810154
53.799829959869385,-2.564000000558355,3.687999999758845,-4.258995310163087,0.37350001505571695,-2.818892241482872e-13,0.20943942343772842
53.89973735809326,-2.591000000722003,3.665999999859278,-4.214625310968046,0.3405000146903522,7.35395956370094e-13,0.436332201330001
53.99981617927551,-2.615000000430225,3.644999999959013,-4.1595453092326355,0.3160000109479968,1.4019205586892497e-12,0.5550146418540758
54.099833488464355,-2.6350000007445367,3.6249999996882334,-4.083045310475853,0.27950001440253824,2.16609569992206e-12,0.7644541093251509
54.20072555541992,-2.6520000003787203,3.6059999998060626,-3.9912453099722027,0.25500000938103573,2.457468803850212e-12,0.9250244220465234
54.29978656768799,-2.6650000005688366,3.586999999755751,-3.890265308334712,0.22450001073175263,3.2406415468840336e-12,1.0018189528356711
54.399784326553345,-2.675000000346291,3.568999999901973,-3.7954053065394486,0.19700000929259323,3.758539937208415e-12,0.9529497964049656
54.50093936920166,-2.681000000573233,3.553999999495904,-3.7189053038387607,0.16400001041222725,4.419442962698178e-12,0.7714356186555713
54.599860429763794,-2.6860000002111644,3.540999999682878,-3.6607653041680397,0.13550000846630714,4.371151449358997e-12,0.5689774390058359
54.69985628128052,-2.68900000026947,3.53099999949798,-3.610275305973359,0.1015000096197056,4.381971817533589e-12,0.5201081411274422
54.80071187019348,-2.6910000001346894,3.522999999775454,-3.544485309654297,0.07650000601850451,4.3142051363238886e-12,0.6457717593851209
54.89982271194458,-2.6920000001093616,3.5179999996065368,-3.452685311476227,0.044500007927974906,4.113476930362207e-12,0.9180430525533145
54.999850273132324,-2.692000000096904,3.515999999646553,-3.3562953082001,0.018000005729185822,4.017801424947929e-12,0.9773843509729593
55.13370633125305,-2.6920000000068214,3.5159999997739595,-3.2568453071898142,-0.003999996611450452,3.767546619801621e-12,0.998328321842542
55.19981908798218,-2.692000000013609,3.5160000001985834,-3.157395307375861,0.0004999933350734453,3.5398929457592125e-12,0.9948376754094759
55.33312630653381,-2.6920000000166553,3.5160000000985203,-3.0625353061607683,0.00899999232566092,3.3195949261595513e-12,0.9529497922040455
55.400033712387085,-2.6910000001773486,3.51200000071713,-2.9860353042493224,0.04049998390822882,3.0737803287091223e-12,0.76794496484705
55.533130407333374,-2.688000000339674,3.506000000471567,-2.927895303914549,0.07349998473456551,3.3981953095364986e-12,0.5829400611796928
55.59988570213318,-2.684000000257269,3.497000000507004,-2.8850553047176963,0.10049998755123893,3.3142017538819683e-12,0.4258604172778998
55.73308181762695,-2.678000000330057,3.485000000557739,-2.8605753040971775,0.1324999868033999,3.299691649202765e-12,0.24085552780981745
55.79977512359619,-2.6710000002295935,3.4710000004681585,-2.8529253044583704,0.16099998857560807,3.0859869764161786e-12,0.06632260007677329
55.93326449394226,-2.662000000297139,3.4550000002665753,-2.854455305822971,0.1909999890406652,3.3455104124827627e-12,-0.0104719376806756
55.99978065490723,-2.653000000081999,3.437000000229495,-2.859045306577787,0.19549999909599589,3.050766380851785e-12,-0.038397229374366224
56.13315296173096,-2.6449999998153615,3.421999999460357,-2.880465304304863,0.16250001305138564,3.1070274628672897e-12,-0.21642073961482874
56.1997971534729,-2.6399999996229155,3.408999999722333,-2.9202453040518654,0.13400001093255753,2.263789021622847e-12,-0.3979349772638848
56.33313870429993,-2.6349999999391667,3.398999999534216,-2.976855304532707,0.10650000953662934,2.527229606446755e-12,-0.5689772520418636
56.3998486995697,-2.6329999996944675,3.390999999668621,-3.0487653044806433,0.07800000968281956,1.8589499404259436e-12,-0.7155849188095688
56.533140420913696,-2.631999999788757,3.386999999351864,-3.1405653040450514,0.04250001132110107,1.6613881282742811e-12,-0.9250244004734212
56.59976601600647,-2.631000000060551,3.3849999996453835,-3.2415453055072776,0.018500006661825913,1.9320802790501797e-12,-0.998328294923943
56.73307394981384,-2.6309999999760265,3.3849999997163556,-3.339465307754521,-0.00049999587946074,1.8118372386042919e-12,-0.9948376753546857
56.80020451545715,-2.630999999998723,3.3850000000897813,-3.4389153069183553,-0.004000001820470953,1.702398835237099e-12,-0.984365703445086
56.93326449394226,-2.6309999999836666,3.3840000003399986,-3.5322453082862504,0.016999989211699856,1.6666416680175423e-12,-0.9459684734641021
56.99983239173889,-2.6319999998573547,3.381000000320529,-3.610275309736112,0.03949998903730454,1.3465501682401995e-12,-0.7853982449457024
57.133159160614014,-2.6339999998222403,3.3740000006395694,-3.6684153107402118,0.07399998556735835,1.2910739067195556e-12,-0.5794494129292365
57.1997857093811,-2.6379999996831565,3.3650000004384815,-3.7112553095796175,0.10199998849443227,7.649903350586101e-13,-0.42586041554444176
57.33314538002014,-2.642999999789538,3.3530000004556966,-3.7357353102661923,0.1299999895622312,6.4257372611963e-13,-0.23736487092664993
57.400023221969604,-2.6489999998291047,3.3380000006364616,-3.7418553100982006,0.16299998792361164,8.912288449587863e-13,-0.06981325529029428
57.5336537361145,-2.6559999999597927,3.3210000003194837,-3.741855308343144,0.18899999166975381,1.1276668190233292e-12,0.010471936013013716
57.600363969802856,-2.6649999997261187,3.3010000005457516,-3.741855307005059,0.22249998900386284,9.707466552266188e-13,-0.0034906514145759526
57.733375787734985,-2.674000000065087,3.2780000003698184,-3.741855307237768,0.24899999270012751,1.5746301620117738e-12,-1.7120315360698302e-09
57.79981732368469,-2.6849999998079745,3.2530000004570128,-3.7418553071795904,0.2824999900779377,1.5067618368484032e-12,0.003490656725223439
57.933183908462524,-2.6969999999656693,3.2250000002444823,-3.7418553071214125,0.3094999935392511,1.6261901535717768e-12,-0.003490655070013951
57.99983096122742,-2.71099999970364,3.194000000532899,-3.741855307237768,0.3404999920750284,1.3628640143339879e-12,0.0034906549571415524
58.133190393447876,-2.725000000050949,3.160000000341735,-3.7418553071214125,0.37249999257385724,1.8618933595888616e-12,-0.003490655069472059
58.19985342025757,-2.7409999998175394,3.124000000371674,-3.741855307237768,0.39799999512754564,1.699962443220144e-12,-1.7718303573464877e-09
58.33317804336548,-2.757000000129004,3.0850000002586717,-3.7418553071795904,0.429499993512263,2.297165036926137e-12,0.0034906567862472856
58.399811029434204,-2.7749999998796664,3.0430000005305295,-3.7418553071214125,0.45949999410882636,2.468843965052728e-12,1.7721599548069233e-09
58.53322148323059,-2.794000000042214,2.9980000002999736,-3.7418553071795904,0.4879999953790545,2.820155245534259e-12,8.721960447383934e-16
58.59981679916382,-2.8139999999478764,2.9520000002695346,-3.7418553071795904,0.5015000010495292,2.832032581230983e-12,4.428828925919501e-22
58.733659744262695,-2.834000000178232,2.9059999997436607,-3.7418553071795904,0.4965000079734001,2.8435126127356655e-12,-0.0034906567857668986
58.79979348182678,-2.8530000002124076,2.8600000001305,-3.741855307237768,0.5015000037336589,3.4060827380397955e-12,-0.003490658503987784
58.933160066604614,-2.873000000173654,2.8139999997539213,-3.741855307237768,0.5010000055899397,3.3818268738633256e-12,0.0034906550690168904
58.99980640411377,-2.893000000035981,2.768000000070195,-3.7418553071214125,0.49550000716788895,3.3597721145857884e-12,1.7730388884515391e-09
59.133692026138306,-2.9120000003138795,2.721999999882063,-3.7418553071795904,0.4985000035178636,3.906904861138301e-12,8.725918723749911e-16
59.19975256919861,-2.9320000000121986,2.676999999920829,-3.7418553071795904,0.4995000040334312,3.609102501854781e-12,-0.0034906567315282316
59.33325791358948,-2.9520000001460556,2.630999999816325,-3.741855307237768,0.5010000036092563,3.5722115793412586e-12,0.003490655069736912
59.39988374710083,-2.971000000227038,2.585000000097468,-3.7464453063443948,0.48900000852724046,4.090655316582137e-12,-0.048869192464624504
59.53308582305908,-2.9900000002886724,2.5429999992638606,-3.766335304737385,0.4570000152137542,3.718126013237816e-12,-0.19198614741954426
59.59972929954529,-3.0080000002515135,2.504999999431407,-3.807645303373332,0.4205000164395691,3.4496396268890927e-12,-0.4188789050380767
59.733060359954834,-3.02799999998542,2.469999999393091,-3.864255304906554,0.3975000099436235,2.2991742270291114e-12,-0.5689772625379391
59.799787521362305,-3.047000000204502,2.437999999698121,-3.9376953041819536,0.3680000121717698,2.2220322785332738e-12,-0.73303820219478
59.93324542045593,-3.068000000089773,2.410999999298004,-4.029495304355086,0.3365000117456841,1.0399634886057538e-12,-0.9250244091838385
60.0330696105957,-3.0890000000641624,2.3879999995703525,-4.130475305486323,0.30750001047797737,2.9777202459845936e-13,-1.0088002650670804
60.13305854797363,-3.110000000264538,2.36999999931241,-4.231455307439145,0.27650001020231896,-7.076612444465054e-13,-1.0088003076527017
60.23306465148926,-3.1300000002387307,2.3549999996737454,-4.329375307414236,0.24900000862503985,-9.899148096526587e-13,-0.9913470239977439
60.33309030532837,-3.1490000003921246,2.3439999995334646,-4.422705308392801,0.21650000960656068,-1.5058172993974916e-12,-0.9250245361942891
60.43308186531067,-3.167000000116424,2.3349999998937205,-4.500735309388592,0.18900000750136756,-1.5380976250674652e-12,-0.7888888910320893
60.53317403793335,-3.1820000004377995,2.328999999764541,-4.55887531079249,0.15900000763042552,-1.5956231561725653e-12,-0.5689774443497593
60.63306021690369,-3.1940000004536078,2.324999999797564,-4.600185309670158,0.12700000828775562,-1.6204073707024123e-12,-0.42236975342977734
60.733318567276,-3.20400000033656,2.3219999998868452,-4.623135310455067,0.09800000628529103,-1.551087001521519e-12,-0.23387421251229024
60.833038091659546,-3.2110000003337547,2.3199999999140326,-4.6307853097823815,0.0685000064415369,-1.4356999238822419e-12,-0.0628319399417567
60.933260917663574,-3.215000000390406,2.3189999998763473,-4.621605309732349,0.040500005134749696,-1.3994851716768865e-12,0.0872663887492582
61.03322505950928,-3.217000000226804,2.3189999998217052,-4.5940653103783955,0.013000004946060965,-1.6430025226007376e-12,0.2652899560648694
61.133169412612915,-3.217000000097885,2.3189999999695,-4.549695310051512,-0.002999999900352865,-1.540940325236691e-12,0.44331354221745733
61.2331485748291,-3.216999999811126,2.3190000000683004,-4.486965310394378,0.001999992257855545,-1.4476995813009447e-12,0.6283184369030084
61.333165645599365,-3.2169999999096692,2.3190000000392486,-4.408935309517355,-0.0020000038804549956,-1.3576636369195952e-12,0.7888887428217277
61.433144330978394,-3.216999999855064,2.3190000000768904,-4.312545310349007,0.0014999935371927137,-1.2756293718100837e-12,0.9669123151937196
61.533156633377075,-3.2169999999233205,2.319000000050709,-4.211565307630028,-0.0015000036194503154,-1.1962426335380917e-12,1.0018189734655714
61.63312911987305,-3.2169999998912644,2.3190000000888578,-4.113645307057096,-0.0005000048921268534,-1.1239534126065228e-12,0.9843657069875116
61.733238697052,-3.216999999917345,2.3190000000822746,-4.014195307073575,-4.390899879802568e-09,-1.0539472194829626e-12,0.9983283252752452
61.83318853378296,-3.216999999938242,2.3190000000750985,-3.916275307129114,-0.000500003749930221,-9.903068033716373e-13,0.9878563619508584
61.93337035179138,-3.2169999999425407,2.3190000000857554,-3.8152953072808593,0.0009999957389716027,-9.286763024234893e-13,0.9983283269870524
62.03343176841736,-3.2169999999686283,2.3190000000589217,-3.717375307105387,-0.0020000023041562495,-8.725246413946602e-13,0.991347018675749
62.13326168060303,-3.2169999999527636,2.3190000001144253,-3.6225153059916693,-4.026808903684342e-09,-8.174688508406816e-13,0.952949790210129
62.23313927650452,-3.2169999999783467,2.319000000070864,-3.5383653057636706,-3.057261128286415e-09,-7.687837733834379e-13,0.8342674436627852
62.33316373825073,-3.2169999999852354,2.3190000000684634,-3.4404453093350025,0.004499995471853431,-7.209292087663618e-13,0.9773843106990084
62.4331796169281,-3.217000000002505,2.3189999999784217,-3.3394653079871244,-0.0029999997268124485,-6.77374888544477e-13,1.01229094842623
62.53377676010132,-3.2169999999982988,2.319000000124844,-3.2400153066170185,-0.0010000033397583024,-6.352057234188197e-13,1.0053096525833494
62.63309192657471,-3.217000000006699,2.319000000077809,-3.142095307009452,0.0004999970286570267,-5.968430489721908e-13,0.9808750520365059
62.733134031295776,-3.2160000002051916,2.319000000045179,-3.044175306890895,0.0009999976009213594,5.1559038939104923e-14,0.9773843828342695
62.83309745788574,-3.216000000006746,2.3180000002264753,-2.9477853072083624,0.011999993731591291,-1.192244132348382e-13,0.9669124109234679
62.93314576148987,-3.215000000117664,2.3150000003910685,-2.8697553038637054,0.03999998797650995,-2.2215695113999038e-13,0.7819075959328547
63.03325128555298,-3.211000000460217,2.3090000005008426,-2.81008530423877,0.07549998552379412,3.648472400966682e-13,0.5969026980422031
63.133233070373535,-3.206000000233809,2.3000000004475902,-2.7672453042603933,0.09799999162835245,2.8761190643015403e-13,0.4328417352518472
63.23330879211426,-3.199000000365812,2.2900000003410543,-2.741235304368426,0.1339999867179478,6.551044181391197e-13,0.2513275044650247
63.333608627319336,-3.190000000266137,2.2770000002834476,-2.7335853042457035,0.1604999914766716,8.214228230848377e-13,0.07330391619255186
63.43362879753113,-3.1800000002049824,2.261000000534979,-2.735115305698799,0.19199998976786609,3.902279439100593e-13,-0.006981276226326605
63.533175468444824,-3.1670000003766354,2.243000000288,-2.735115307295944,0.22099999170243845,8.474129715507013e-13,0.0034906533504070756
63.63309597969055,-3.1530000003284613,2.2230000003109525,-2.7351153071214123,0.24949999207015638,1.093199030343555e-12,-0.0034906549639456665
63.73307394981384,-3.1370000003138525,2.200000000297631,-2.735115307237767,0.28149999158317424,1.3247215108554047e-12,0.003490655065915538
63.833083391189575,-3.120000000252995,2.175000000304843,-2.7351153071214123,0.30899999344663354,1.3648543765886108e-12,-0.0034906549606063485
63.93304467201233,-3.101000000227346,2.1470000002720853,-2.735115307237767,0.3404999926943585,1.397856237533824e-12,0.003490655067699388
64.03379344940186,-3.080000000398311,2.1170000003252536,-2.7351153071214123,0.3689999939122146,1.758370374286178e-12,1.7726558931667469e-09
64.13382005691528,-3.058000000139133,2.0840000002439103,-2.7351153071795897,0.39999999369993133,1.5851809450102426e-12,8.726862784983018e-16
64.2330801486969,-3.0330000005339457,2.0490000003315663,-2.7351153071795897,0.4299999941093571,2.2595973105238028e-12,4.428062922259009e-22
64.33326721191406,-3.008000000041841,2.0120000000052913,-2.7351153071795897,0.4589999951843966,2.2195317339349595e-12,-1.1390950163563973e-26
64.43366050720215,-2.9800000004769736,1.972000000353189,-2.7351153071795897,0.4894999945752378,2.678973374449392e-12,-7.766238785772907e-26
64.53326773643494,-2.951999999970459,1.9309999998053506,-2.7351153071795897,0.48750000726475434,2.7771141997498397e-12,-3.4823512765894215e-26
64.63322710990906,-2.9249999999789615,1.8929999995070137,-2.7351153071795897,0.46200001581664923,3.3736075812394262e-12,-1.0613375284854269e-25
64.73310971260071,-2.900999999519591,1.8579999991263727,-2.7351153071795897,0.4190000209868345,3.440172986770803e-12,-3.4176438907438427e-26
64.83306980133057,-2.8789999997610316,1.8249999996811608,-2.7351153071795897,0.39400001336748386,3.1704756651800264e-12,7.398450715140737e-27
64.93317890167236,-2.857999999697869,1.794999999289782,-2.7351153071795897,0.3670000129344075,3.432298536506324e-12,-4.79491336460785e-26
65.03327965736389,-2.837999999969771,1.766999999581561,-2.7351153071795897,0.33600001407802654,3.8394042397535974e-12,-6.408160264913871e-26
65.1330897808075,-2.819999999777778,1.7409999995021428,-2.7335853074296814,0.31200001017641577,3.894541129477111e-12,0.013962627169014726
65.2331793308258,-2.8039999997818175,1.7179999995153319,-2.7351153066869585,0.27450001508359984,3.924259908929975e-12,-0.020943933233803516
65.33315467834473,-2.789999999711018,1.6969999995922063,-2.7351153075286545,0.24500001069478608,3.639357570053804e-12,0.010471960055091094
65.43336534500122,-2.777999999729589,1.6789999996172216,-2.7351153070050573,0.21700000982338447,3.3855905902255507e-12,-0.003490651415077012
65.53318548202515,-2.7669999997781645,1.6629999995889888,-2.7366453069868175,0.19000000851327356,3.316031692331546e-12,-0.010471972076758729
65.63340520858765,-2.757999999755082,1.649999999538302,-2.7351153076131736,0.1585000100387033,3.272956433192321e-12,0.017453278335474148
65.73325300216675,-2.7499999998573177,1.638999999603724,-2.735115306888702,0.12500000977428571,3.392206939065341e-12,8.586737921395526e-09
65.83345341682434,-2.743999999878792,1.6309999996265487,-2.73664530692074,0.0985000069041803,3.5064687258108945e-12,-0.010471970196938093
65.93317461013794,-2.739999999754753,1.6249999996358273,-2.73511530760528,0.06850000746726534,3.2836369003231463e-12,0.0034906516278818585
66.03319072723389,-2.7379999997089968,1.6209999997725129,-2.7351153071214123,0.0395000069757992,2.743305142240398e-12,1.7719674477723046e-09
66.13358163833618,-2.7369999998306564,1.6199999996508592,-2.7351153071795897,0.010000006375816158,2.7427355566290827e-12,0.0034906567880291467
66.23323512077332,-2.736999999959192,1.619999999939244,-2.7351153071214123,-1.0901031292920305e-09,2.5771197276083877e-12,1.7740321963180539e-09
66.33332991600037,-2.737000000068301,1.6200000001019894,-2.7351153071795897,-4.835171976344532e-09,2.4168114044940893e-12,8.735156325279143e-16
66.43333077430725,-2.737000000062249,1.6200000000929513,-2.7351153071795897,-4.542881399186016e-09,2.2707121878189898e-12,4.434041337169739e-22
66.53325414657593,-2.7370000000601884,1.6200000000898755,-2.7351153071795897,-4.2602564045979285e-09,2.1294450137400705e-12,2.182967166243406e-28
66.63364934921265,-2.73700000005484,1.6200000000818868,-2.7351153071795897,-4.002757328716577e-09,2.0007367700650364e-12,1.1082750213041524e-34
66.73310232162476,-2.7370000000530563,1.6200000000792265,-2.7351153071795897,-3.7536188619152755e-09,1.8762074887961576e-12,2.3055815600410965e-41
66.83312702178955,-2.737000000048319,1.6200000000721515,-2.7351153071795897,-3.5267325032561914e-09,1.762800693719431e-12,1.012904972828865e-40
66.93319606781006,-2.7370000000467343,1.6200000000697832,-2.7351153071795897,-3.3072899002783984e-09,1.6531145831901102e-12,-5.542549324333021e-40
67.03316116333008,-2.7370000000425687,1.620000000063564,-2.7351153071795897,-3.107407969826781e-09,1.553205671479959e-12,1.0480608580072316e-39
67.1332015991211,-2.7370000000411956,1.620000000061513,-2.7351153071795897,-2.9139720879312048e-09,1.456518750281386e-12,1.8224765855304596e-40
67.23305225372314,-2.7370000000374954,1.6200000000559907,-2.7351153071795897,-2.737905334740387e-09,1.3685136080486603e-12,1.306710840904522e-39
67.33305335044861,-2.7370000000363106,1.6200000000542212,-2.7351153071795897,-2.5673993417352214e-09,1.2832879544574056e-12,-5.3031885250944535e-40
67.43313908576965,-2.737000000033012,1.6200000000492962,-2.7351153071795897,-2.412383488283043e-09,1.205804886311951e-12,-7.421237259821346e-41
67.53308725357056,-2.737000000032001,1.6200000000477859,-2.7351153071795897,-2.2621143404635835e-09,1.1306944103913147e-12,-2.868850741698272e-40
67.63355827331543,-2.737000000029097,1.6200000000434465,-2.7351153071795897,-2.1254930229058777e-09,1.0624056604245744e-12,-3.4672978624776327e-41
67.73303604125977,-2.737000000028253,1.6200000000421906,-2.7351153071795897,-1.9928176244604634e-09,9.96089237686944e-13,3.531990805311191e-40
67.83355569839478,-2.7370000000255743,1.6200000000381871,-2.7351153071795897,-1.8727344258673284e-09,9.360668948577282e-13,-5.419417424988282e-40
67.93304777145386,-2.7370000000248265,1.6200000000370733,-2.7351153071795897,-1.7561522644080063e-09,8.77794509815562e-13,9.197067270857024e-40
68.03310084342957,-2.737000000022606,1.6200000000337569,-2.7351153071795897,-1.6500010932216091e-09,8.247359475652767e-13,-3.541571362487693e-40
68.13334584236145,-2.737000000021869,1.6200000000326562,-2.7351153071795897,-1.54730910549572e-09,7.734064213882439e-13,-3.4583622468468147e-40
68.23320436477661,-2.7370000000199024,1.6200000000297177,-2.7351153071795897,-1.4538594707465269e-09,7.266965900356464e-13,1.0300391864420177e-40
68.33333039283752,-2.737000000019272,1.6200000000287762,-2.7351153071795897,-1.3633686965844327e-09,6.81465713996097e-13,-1.7985701425046354e-40
68.43391227722168,-2.7370000000175487,1.620000000026205,-2.7351153071795897,-1.2809650640557835e-09,6.402771123266638e-13,6.703768152557809e-41
68.53313422203064,-2.737000000016984,1.620000000025362,-2.7351153071795897,-1.2012107007859651e-09,6.004127204623536e-13,2.911272666461373e-40
68.63313150405884,-2.7370000000154526,1.6200000000230748,-2.7351153071795897,-1.1286500913552933e-09,5.641440520688066e-13,-3.472814727234435e-40
68.73314237594604,-2.737000000014964,1.620000000022344,-2.7351153071795897,-1.0583859613375046e-09,5.290232543497749e-13,-8.467526318154285e-42
68.83314418792725,-2.7370000000089156,1.6190000002164329,-2.7351153071795897,0.013999993661764996,1.6096539971164763e-13,-1.2268810101964499e-28
68.93312215805054,-2.735000000237955,1.6170000001613876,-2.7351153071795897,0.038499990343452604,4.912351702086301e-13,-1.1831642024446797e-27
69.0331540107727,-2.7300000005733693,1.610000000762265,-2.7351153071795897,0.077499985113061,6.155623079116796e-13,-0.0034906567321588214
69.13311839103699,-2.7250000001020354,1.603000000062016,-2.735115307237767,0.09749999350317622,7.357575428768156e-13,-1.7186109237121716e-09
69.23311185836792,-2.718000000303677,1.5920000005662835,-2.7351153071795897,0.13349998758119508,5.031688736186531e-13,-8.712776600186809e-16
69.3336718082428,-2.709000000249194,1.5790000002880293,-2.7351153071795897,0.16049999206288657,6.186536097098257e-13,-4.294125370800088e-22
69.43397188186646,-2.69800000040072,1.5640000003119072,-2.7351153071795897,0.19149999071721097,1.0545747497711666e-12,-2.1947071031086278e-26
69.53333640098572,-2.6860000001754436,1.545000000478389,-2.7351153071795897,0.22149999202439494,6.080573016550573e-13,1.967925319881142e-26
69.63336682319641,-2.6720000003175883,1.5250000002944915,-2.7351153071795897,0.24949999291966093,8.680197673919393e-13,-1.8814611488251203e-26
69.73334765434265,-2.6560000002911135,1.5020000002644445,-2.7351153071795897,0.281499992256909,1.1145505244230082e-12,-2.008804774852231e-26
69.83332753181458,-2.6390000002496787,1.47700000029979,-2.7351153071795897,0.30949999382226007,1.1673227450678919e-12,-9.687292239429768e-27
69.93322157859802,-2.6200000002302453,1.4509999998818142,-2.7351153071795897,0.3140000032189752,1.903477152103133e-12,-6.771292819998953e-26
70.03318762779236,-2.603999999698491,1.4269999995775962,-2.7351153071795897,0.29200001309610213,1.7434930926828011e-12,-0.006981313460133677
70.13371062278748,-2.588999999659846,1.4059999992223091,-2.7335853075468117,0.2470000204981562,2.1108172811574555e-12,0.01745328050063677
70.23335695266724,-2.5769999996534203,1.386999999720409,-2.735115306629667,0.22150001235634736,1.5927190469616965e-12,-0.01047196132839815
70.33334732055664,-2.564999999879058,1.3709999994457978,-2.739705306601176,0.1920000127614022,2.1510361148055772e-12,-0.052359856945871586
70.4331521987915,-2.555999999698514,1.3569999996355346,-2.762655304167018,0.16650001081201588,1.873782699436514e-12,-0.21642074392504618
70.53321385383606,-2.548999999605771,1.3449999995545925,-2.803965304012987,0.13150001333844674,1.4550346401375792e-12,-0.4188789208872534
70.63322353363037,-2.5429999999205464,1.3359999995698593,-2.8590453048335984,0.10800000856454087,1.7992516800256438e-12,-0.5480333195128065
70.73311495780945,-2.539999999637679,1.3279999996832794,-2.9340153040187653,0.0775000103316566,1.1152297207563794e-12,-0.7470008219645159
70.8331708908081,-2.53799999983692,1.3239999994342089,-3.0273453038353297,0.044000011211143386,1.2419313463439834e-12,-0.9389870401032742
70.93315958976746,-2.5379999997631,1.3219999996236027,-3.1252653067607405,0.01650000791004995,7.993594875987096e-13,-0.9843656757849647
71.03320217132568,-2.537999999950081,1.3219999997543932,-3.224715306759075,-0.0029999953046590897,7.510397490041439e-13,-0.9948376683212918
71.13329458236694,-2.5380000000138327,1.3220000001366796,-3.3211053079461683,-0.004000002653022625,7.043037928261125e-13,-0.9564404489915908
71.2332398891449,-2.5380000000006593,1.322000000146854,-3.396075310433485,0.001999994847900307,6.617328422806062e-13,-0.7609636531079843
71.33323311805725,-2.537999999998121,1.322000000026442,-3.452685310570745,-0.0010000014381523338,6.205708016585748e-13,-0.5654867738987395
71.43324828147888,-2.5379999999897738,1.322000000079998,-3.4970553091014365,-0.0010000024613798751,5.830348442857186e-13,-0.4328417217850826
71.53336262702942,-2.5379999999867273,1.3220000000766179,-3.520005310633361,0.0004999971389019276,5.46708216180448e-13,-0.23038356077879063
71.63323473930359,-2.537999999991788,1.3220000000416667,-3.5261253099820746,0.0004999978658025836,5.137103098203072e-13,-0.05585062480513692
71.73385167121887,-2.5379999999916,1.322000000041287,-3.5200053091132566,-0.0015000012636764478,4.817057439848835e-13,0.05235982436570585
71.83312320709229,-2.5379999999856935,1.3220000000726468,-3.4955253104559825,0.003999995971258042,4.526319326875086e-13,0.25132731111959994
71.93321514129639,-2.5380000000056615,1.321999999966927,-3.448095310764536,-0.001999999466843116,4.244389321055004e-13,0.4642574763333205
72.03314089775085,-2.537999999990065,1.3220000000807004,-3.3868953098109777,-0.0005000022897231875,3.988131073333275e-13,0.6143558204093031
72.1331238746643,-2.53799999999697,1.3220000000493097,-3.308865309735644,0.0004999980557484325,3.739837643703585e-13,0.7923793928288203
72.23316407203674,-2.538000000000448,1.3220000000270646,-3.212475310291127,-0.001500000693481778,3.5138687510157923e-13,0.9634216602336754
72.33311343193054,-2.538000000007262,1.3220000000639291,-3.111495307675656,0.0009999976654449629,3.295032825479573e-13,1.001818971761976
72.43311762809753,-2.537000000205415,1.3220000000106988,-3.013575307056618,0.0014999985398504861,8.993918556314724e-13,0.9843657069872548
72.53316283226013,-2.5379999998040006,1.3220000000012029,-2.9141253070485593,-0.0005000004423255495,2.50426335353237e-13,1.0018189820760257
72.63309836387634,-2.5380000000153267,1.3220000000351237,-2.8146753073640114,-0.0005000011538170202,2.3534023418797794e-13,0.9983283339183437
72.73308420181274,-2.538000000018936,1.322000000033782,-2.71522530685376,-0.0025000003435614038,2.206927946572012e-13,0.9913470185682534
72.8334903717041,-2.5380000000429526,1.3220000000614025,-2.6157753074983194,-0.0005000018262600499,2.0736202464425094e-13,0.9948376718634135
72.93371891975403,-2.5380000000224534,1.3220000000261338,-2.517855306657696,-0.0010000007657332147,1.9445347556803502e-13,0.9843657032769612
73.033127784729,-2.5380000000303387,1.3220000000290122,-2.418405307591348,-0.0005000010949257547,1.82692331827609e-13,0.9948376683240713
73.13310527801514,-2.538000000025134,1.322000000019653,-2.318955306882977,-0.001500000467844287,1.7130262611647672e-13,0.9948376736367651
73.23309993743896,-2.5380000000416416,1.322000000026347,-2.2210353071985063,-0.0005000011911159333,1.6096539044722476e-13,0.9878563601792368
73.33309507369995,-2.538000000025608,1.322000000012888,-2.1215853070394894,-0.0005000007354526029,1.5095342929988297e-13,0.9948376701989381
73.43303894996643,-2.5370000002208357,1.322000000006763,-2.026725306665887,0.012999994152830605,3.580967267437468e-13,0.9424778226822927
73.533034324646,-2.5330000005294515,1.3210000001249704,-1.9486953042697253,0.03899999006638858,4.045826485366276e-13,0.788888897474104
73.63355588912964,-2.5260000006274765,1.3200000000472674,-1.889025304128345,0.07549998635661945,6.015476851076098e-13,0.5934120449093232
73.7334976196289,-2.5170000002332102,1.3189999999892785,-1.8446553045705514,0.09949999224218062,6.96096980385658e-13,0.4363323903293256
73.83306193351746,-2.5040000005979817,1.3189999998163486,-1.8201753040489317,0.13299998881309352,1.3575841975111205e-12,0.2443461927203108
73.93307518959045,-2.48800000042206,1.31800000001861,-1.8125253043629437,0.16199999155104527,1.3014852816474335e-12,0.0837758831711635
74.03305697441101,-2.4690000005345496,1.3170000000114046,-1.8140553055246214,0.19049999193122855,1.2806044799651211e-12,-0.01745324117014191
74.13303589820862,-2.4470000004292967,1.3159999999658032,-1.8125253077217245,0.22199999163733203,1.388626366417698e-12,0.010471961754781052
74.23330640792847,-2.4230000003301413,1.3149999999410422,-1.8140553067461487,0.25049999293240477,1.5363152229539204e-12,-0.006981308147593209
74.3330717086792,-2.395000000384144,1.3139999998932939,-1.8140553072959444,0.2794999935229554,1.8490369842481856e-12,-3.4349338087422132e-09
74.43306612968445,-2.364000000581699,1.3129999998648103,-1.8125253074384964,0.3109999926207189,2.2408884872419823e-12,0.0034906567319173414
74.53373384475708,-2.331000000142259,1.3110000000272781,-1.814055306870328,0.3399999943656989,2.041556864121536e-12,-0.0034906550669409585
74.63305354118347,-2.2960000001854812,1.3099999997931497,-1.809465308014878,0.3460000031479262,2.5642778729535265e-12,0.04537853573041284
74.73303437232971,-2.263999999271821,1.30899999981322,-1.7895753096847669,0.3175000157547585,2.8687235878753275e-12,0.19896745917256403
74.8330807685852,-2.235999999261571,1.3089999997772215,-1.7304300066961256,0.27650001991462436,3.2810557181882534e-12,0.4223695655286567
74.93310141563416,-2.209999999520882,1.3099999999403333,-1.6753500019893393,0.25650001043196863,3.3026679095271138e-12,0.555014636903852
75.03313374519348,-2.1869999995209106,1.3129999998013098,-1.6003800034446298,0.22300001520050808,3.804595076890805e-12,0.7470008223249993
75.13310694694519,-2.1679999993137713,1.316999999902368,-1.5070500028484428,0.18950001384459764,4.207018114343246e-12,0.9285150728007383
75.2330961227417,-2.151999999576409,1.3219999999139536,-1.4091300011158916,0.16850000864889114,4.508947072456122e-12,0.9913469831948958
75.33360004425049,-2.138999999405131,1.3270000001520939,-1.3157999987838997,0.13500001246657176,4.413500904600445e-12,0.9250245361881029
75.43351292610168,-2.1289999996185855,1.33200000011769,-1.2377699977943633,0.10650001020510196,4.312384520318928e-12,0.7819075775877788
75.53320503234863,-2.121999999574877,1.336000000238254,-1.1811599962534598,0.06950001236774862,4.05402028272198e-12,0.5724680977117076
75.633047580719,-2.1179999996977976,1.3390000001113893,-1.1398499974311593,0.04550000706802194,4.019270024224406e-12,0.40840712803712004
75.73306584358215,-2.11599999971717,1.3400000002814045,-1.1153699972183895,0.01750000787381055,3.5604926803102857e-12,0.2408555194251396
75.83333158493042,-2.1159999997863945,1.3400000001589878,-1.109249997021823,0.0005000035055093294,3.3453671402478664e-12,0.06632260021762676
75.93347525596619,-2.116999999860697,1.3399999999567624,-1.1168999976397664,-0.0010000026366602374,3.511183709300797e-12,-0.0698131030871163
76.03314638137817,-2.1170000000756364,1.3399999999440193,-1.1398499972825533,-3.413271819699415e-09,3.298810148790821e-12,-0.2373646932688944
76.13319659233093,-2.1160000002484107,1.340999999766773,-1.176569997927131,0.013999992006389097,3.242561274214152e-12,-0.3700097360869955
76.23317241668701,-2.1130000004088103,1.3419999999276457,-1.1949300030627432,0.04049998757093965,2.5614716163768563e-12,-0.17802368107937935
76.3330729007721,-2.1070000005125955,1.345999999631721,-1.1949300029670624,0.0734999862303836,2.527684346248884e-12,-8.771032614096619e-08
76.43312239646912,-2.099000000378334,1.3509999997660016,-1.1964599997413101,0.101499988609032,2.366908381326604e-12,-0.013962626933520328
76.53305292129517,-2.08800000042946,1.357999999706672,-1.1949300004838666,0.13249998852048275,2.286748461215963e-12,0.010471963478960842
76.63318800926208,-2.0740000005666133,1.3669999995995652,-1.196459999566704,0.1619999894402179,2.262630012888592e-12,-0.010471964885307853
76.7331154346466,-2.059000000165435,1.3759999999699986,-1.1949300004258583,0.19049999078913588,1.92620350432279e-12,0.006981308407188214
76.83311915397644,-2.040000000573581,1.3879999996224988,-1.1964599996248069,0.22149999007784085,1.8550221529348024e-12,-0.0069813099215039875
76.93313884735107,-2.019000000307564,1.4009999998316347,-1.1964600001163581,0.2509999916076768,1.6759824356517381e-12,0.003490653350376136
77.03351092338562,-1.9960000003362879,1.415999999662013,-1.1964599999418257,0.2809999915762643,1.8970526070979845e-12,1.7727171735745784e-09
77.13384532928467,-1.970000000260054,1.4319999998857127,-1.1964600000000032,0.30949999301013437,1.6500111967729055e-12,0.0034906567864075077
77.23303866386414,-1.9410000005429993,1.449999999684954,-1.1964599999418257,0.34099999194882225,1.4894307499247416e-12,1.772914262447578e-09
77.33310890197754,-1.9100000002054696,1.4689999999441876,-1.1964600000000032,0.36949999393411104,1.2023638391041693e-12,8.722063245254559e-16
77.43305563926697,-1.8770000003162917,1.490999999521835,-1.1964600000000032,0.40149999263010794,1.8372177871988954e-12,4.427048808038759e-22
77.53379249572754,-1.8400000003442223,1.5130000000048647,-1.1964600000000032,0.42799999549482426,1.1337532183115383e-12,0.003490656786505579
77.63311409950256,-1.8020000003300627,1.5369999997414057,-1.1964599999418257,0.4604999931569838,1.1972259578982075e-12,1.7734422918906645e-09
77.73314237594604,-1.7610000001105686,1.5629999998555302,-1.1964600000000032,0.4859999965646269,1.324985118096502e-12,-0.0034906567877059365
77.83309602737427,-1.7180000003619416,1.5899999997466694,-1.1949300003174113,0.5020000000846457,1.3134794807858241e-12,0.0034906549554159817
77.93305563926697,-1.6759999996265371,1.6160000002992407,-1.1964599996909304,0.49950000710222775,1.057486371740761e-12,-0.0034906550695236065
78.03315377235413,-1.633999999943839,1.6429999998809501,-1.1964600000581807,0.4970000067039604,1.3818229414576605e-12,-1.773334927252651e-09
78.13309621810913,-1.5909999999150362,1.669000000223522,-1.1964600000000032,0.49900000459548705,8.390636636045631e-13,-8.723265610177548e-16
78.23314166069031,-1.5489999999609427,1.6959999998703559,-1.1949300002589287,0.4970000058209689,1.1768009598914057e-12,0.006981313463581066
78.33309173583984,-1.5069999997397918,1.7220000002282325,-1.194929999883648,0.5005000034043493,9.293058249331852e-13,3.4343655853225075e-09
78.43313813209534,-1.4640000001613078,1.7489999998902914,-1.1964599997409744,0.5000000046846693,8.948228282003594e-13,1.7313600888822241e-15
78.53309416770935,-1.421999999695636,1.7750000002376691,-1.1964600000000032,0.4975000051244769,7.119017615839706e-13,8.497227777560065e-22
78.63363790512085,-1.3800000000149666,1.8019999998365057,-1.1964600000000032,0.4975000038909424,1.0571241342892195e-12,-5.43196616178428e-26
78.73303031921387,-1.3379999997489058,1.828000000204397,-1.1964600000000032,0.49900000309426884,8.641179901650259e-13,1.6872007877592808e-26
78.83367228507996,-1.2950000001993285,1.8549999998482776,-1.1949300002590406,0.5005000028903985,8.804521396385599e-13,0.0034906567310247637
78.93316388130188,-1.2529999997164492,1.8810000002428802,-1.196459999690859,0.49850000401956274,6.51478640245322e-13,-0.006981311854815736
79.03320002555847,-1.211000000007326,1.9079999998414117,-1.1964600001163586,0.5005000022742374,1.0006356281625417e-12,-3.5434717937654625e-09
79.1330816745758,-1.1689999997196647,1.9340000002226816,-1.1964600000000032,0.4970000041859786,8.112040041568592e-13,-0.003490656785803132
79.23362326622009,-1.1260000002440425,1.9609999998203593,-1.1949300003170218,0.49800000225758134,8.307488646277291e-13,0.006981311693117062
79.33348798751831,-1.083999999777033,1.9870000002049275,-1.194929999883648,0.5010000013889949,6.049697547539664e-13,3.4370832603658474e-09
79.43304538726807,-1.041999999950841,2.013999999895553,-1.1964599997422707,0.4990000031742957,9.120677786495488e-13,1.7240683122843762e-15
79.53334474563599,-0.9989999999841288,2.040000000181028,-1.1964600000000032,0.49800000258945837,4.0048277910247163e-13,8.494512133754603e-22
79.63323974609375,-0.95700000004706,2.0669999998163973,-1.1964600000000032,0.49850000187137916,7.644139642898709e-13,-0.003490656730158119
79.73313045501709,-0.9149999997671348,2.0930000001929865,-1.1964600000581807,0.49850000194468763,5.895821000127268e-13,0.003490655069697211
79.83330702781677,-0.872000000242144,2.1199999998215198,-1.1949300002008543,0.49900000163731756,6.2250386044025e-13,0.003490658503986925
79.93315553665161,-0.8299999997531362,2.1470000000233878,-1.1964599996914989,0.4990000017250872,9.370009028420725e-13,-0.006981311867952103
80.03315734863281,-0.7880000000578367,2.173000000013036,-1.1964600001163586,0.4990000016213611,7.573483961851853e-13,0.00349065317114963
80.1333875656128,-0.7459999997577569,2.199000000198785,-1.1964599999418257,0.4980000018880014,5.827537449672274e-13,-0.003490655074081994
80.23308682441711,-0.7030000002720254,2.2259999998028066,-1.1949300003176115,0.5005000004497985,6.160397911837169e-13,0.0034906549526770095
80.3331151008606,-0.6609999997458011,2.2530000000278307,-1.1964599996912044,0.4990000019281129,9.305927801117055e-13,-0.003490655073273201
80.43318843841553,-0.6190000000477767,2.279000000019221,-1.1964600000581807,0.49950000106675435,7.509855270370583e-13,-1.7740135996487105e-09
80.53315448760986,-0.5759999999692393,2.3059999999928738,-1.1964600000000032,0.4975000019296373,7.748426974639368e-13,-0.003490656785832403
80.6331799030304,-0.5340000000691614,2.332000000005814,-1.1964600000581807,0.4990000005007633,6.045058434908429e-13,-1.7724827009769906e-09
80.73307824134827,-0.4919999997773594,2.358999999989863,-1.1949300002508458,0.49800000140948386,9.670242651783738e-13,0.006981313574228651
80.83306574821472,-0.45000000007541985,2.3850000000199385,-1.194929999883648,0.4985000007639213,7.395432503319338e-13,3.5464789993611134e-09
80.93325877189636,-0.406999999995449,2.4119999999945367,-1.1964599997490812,0.4990000007224205,7.158259644316791e-13,-0.0034906567865713627
81.0331289768219,-0.3650000000510438,2.438000000017144,-1.1964600000581807,0.4990000008638493,5.490960177288674e-13,-1.7729357478651897e-09
81.13307523727417,-0.3229999997845585,2.464999999985305,-1.1964600000000032,0.500000000440429,9.149291482719651e-13,-8.723603139158548e-16
81.23311734199524,-0.28000000023609317,2.491000000028375,-1.1964600000000032,0.4975000017382981,4.161931135860666e-13,0.003490656731880946
81.33332419395447,-0.23799999980093922,2.5179999999752845,-1.1964599999418257,0.49800000049316084,7.908192664730733e-13,1.7150288962423932e-09
81.43313074111938,-0.19600000008679785,2.543999999994893,-1.1964600000000032,0.4995000000745822,6.198362457928699e-13,8.726135755263129e-16
81.53310585021973,-0.15299999997474423,2.570999999989446,-1.1964600000000032,0.5000000004579571,6.518717816939441e-13,-0.006981313573684692
81.63311505317688,-0.11100000003457922,2.5970000000274007,-1.1964600001163586,0.49950000080602386,4.889165570641995e-13,0.003490653188259674
81.7330584526062,-0.06899999978643301,2.6239999999840675,-1.1964599999418257,0.49750000130361627,8.583496525955438e-13,1.7182782618627157e-09
81.83311319351196,-0.027000000076727204,2.650000000001065,-1.1964600000000032,0.5004999993404983,6.828860328180966e-13,8.721027443487665e-16
81.93310260772705,0.016000000029547934,2.676999999992102,-1.1964600000000032,0.4985000012627877,7.109689788327845e-13,4.294461022240575e-22
82.0332202911377,0.057999999933826984,2.703000000007683,-1.1964600000000032,0.49950000006464806,5.445036801628042e-13,1.7510522433930315e-26
82.13323926925659,0.10000000021512889,2.729999999985104,-1.1964600000000032,0.49950000044107457,9.106089122051526e-13,-0.0034906567863674035
82.2331337928772,0.14299999974755728,2.756000000018163,-1.1949300003170977,0.4970000013691128,4.121428895999821e-13,0.006981311691557794
82.33308148384094,0.18500000016205043,2.7829999999698574,-1.196459999632649,0.4994999994082525,7.38948220697916e-13,3.4358858137101267e-09
82.43309020996094,0.22600000014612576,2.8090000000134303,-1.1918700007768686,0.48650000533035825,8.906137529258963e-13,0.038397224047472256
82.53319907188416,0.2650000005402191,2.8340000002655477,-1.171980002621741,0.45950001001029844,1.0367985296695474e-12,0.19547679894655728
82.63305878639221,0.301000000323441,2.858000000159862,-1.1291400039986224,0.4210000141273772,1.106564595305308e-12,0.4258602204143339
82.73306393623352,0.33200000068687885,2.882000000182365,-1.0725300021759887,0.39300000889201625,1.8435243820191056e-12,0.5654866090268418
82.8334128856659,0.3600000003576813,2.9069999998337916,-1.0006200027613201,0.3710000064187921,2.783651188378736e-12,0.7225662304680712
82.93309140205383,0.38400000062432404,2.931000000301796,-0.90729000325664,0.3315000122000936,3.266879254704776e-12,0.9389870311406454
83.03310513496399,0.40300000046466167,2.955999999820318,-0.8063100014516902,0.3055000067909116,4.456969947662782e-12,1.0053096154525591
83.13316035270691,0.41800000054726283,2.9790000003527832,-0.712979998546893,0.278000006604271,4.935553347786069e-12,0.9424778269819415
83.23320627212524,0.4300000003096933,3.0020000000291214,-0.6349499975051236,0.25200000596588673,5.388095502604465e-12,0.7749262730016351
83.33306765556335,0.43900000036637365,3.0220000004800043,-0.5768099966193843,0.21300001007940636,5.4341702765105726e-12,0.579449407835239
83.43305444717407,0.44699999996562134,3.040999999980773,-0.5370299970441055,0.21149999561862035,5.031492449853532e-12,0.4014258179315927
83.533127784729,0.45499999984697226,3.0639999993316245,-0.5140799970917831,0.24899998140880286,4.993672516850054e-12,0.23736485938395957
83.63307094573975,0.4629999999651595,3.089999999362104,-0.5064299973388693,0.2739999869262884,5.208471610414602e-12,0.07330391189746138
83.73308181762695,0.4719999999471618,3.117999999635307,-0.5079599985272525,0.3009999872945596,5.091225093015227e-12,-0.020943904635719934
83.8333752155304,0.48299999967221474,3.1499999991804364,-0.5079600003490672,0.3349999850734609,4.635553605466386e-12,0.01047195955685671
83.93321585655212,0.4939999999637976,3.18399999965059,-0.5064300000764304,0.3624999888049649,4.590157991047716e-12,5.153028949725358e-09
84.03313827514648,0.5059999998650326,3.2209999993795733,-0.5079599997413213,0.3934999878360134,4.51684235295484e-12,-0.003490656733464893
84.13315033912659,0.5189999999472157,3.2589999999867567,-0.5018400010630628,0.3999999979869286,4.091866754961761e-12,0.04886919326389473
84.23315620422363,0.530000000264403,3.295000000286294,-0.48195000255017373,0.3695000121491084,4.325924955232642e-12,0.20943942875155494
84.33316826820374,0.5390000003877997,3.3270000007358975,-0.4391100035380342,0.3305000141806547,4.5456529504579214e-12,0.4258602309632096
84.43356037139893,0.5460000002347627,3.3580000000589054,-0.3809700027435303,0.30600000824665174,4.902200498833886e-12,0.5829398904008094
84.53311371803284,0.5510000002010855,3.385000000629019,-0.3060000025824463,0.2765000092898419,4.831694440227932e-12,0.7504914959018973
84.63306736946106,0.5520000004605254,3.4110000001375065,-0.21420000303201991,0.24900000831385471,5.8485454401278805e-12,0.9180431014579752
84.73304009437561,0.5520000001469789,3.4330000005614965,-0.11322000125104381,0.21550000967587657,5.895925329175381e-12,1.012290919811895
84.8330590724945,0.5500000001075875,3.452000000343798,-0.013769999957559342,0.18850000701137712,5.931434508864904e-12,0.9983283392290564
84.93302631378174,0.54600000016816,3.4670000006480395,0.07956000131237029,0.15800000756371396,6.431530618001462e-12,0.9320058532389194
85.03316736221313,0.5420000000197209,3.480000000295364,0.1575900023279455,0.13100000611565563,6.328686649037648e-12,0.7819075810994884
85.13335990905762,0.5379999999544918,3.4900000003727234,0.2157300035024754,0.09700000799222279,6.194402002917881e-12,0.5829400680000918
85.23333859443665,0.5349999999092443,3.4960000004375655,0.25551000298171456,0.0685000058211814,6.078240920970963e-12,0.4014258201386943
85.33308553695679,0.5329999998701478,3.5019999999316904,0.27999000267377117,0.06399999626221771,5.2378293437677645e-12,0.2513274861710932
85.43317556381226,0.5290000002884518,3.509999999421634,0.2861100031525359,0.09449998317811756,4.91894887960588e-12,0.04537866516672348
85.53323912620544,0.5230000003619519,3.5209999994460057,0.28611000075630866,0.12949998293428086,4.839557042195545e-12,0.003490679107098861
85.6332015991211,0.5160000002781651,3.5339999996095455,0.28611000005817466,0.15049998888328744,4.758509138482782e-12,1.774044080474907e-09
85.73325729370117,0.5080000002276037,3.55099999930406,0.2861099999999963,0.18849998355742426,4.107452933685288e-12,8.728162209211132e-16
85.8332302570343,0.49800000033181213,3.568999999687203,0.2861099999999963,0.21249998944447288,4.317449440224396e-12,4.43157629278019e-22
85.93308973312378,0.4870000002387762,3.59099999945971,0.2861099999999963,0.24549998706254006,3.948164452639044e-12,5.852571535258873e-27
86.03310513496399,0.4750000002116117,3.6129999999105933,0.2799900010360341,0.24849999890508673,4.149995415876954e-12,-0.05235985096828164
86.13305377960205,0.46499999974997586,3.6330000004947767,0.26010000238762654,0.21600001210463554,3.8851823369817975e-12,-0.20245811942070197
86.23304152488708,0.4579999995808013,3.6510000002116896,0.21879000362036405,0.1840000115783461,2.7967786151095663e-12,-0.4084069403520286
86.33305764198303,0.4519999997576658,3.6660000003867523,0.16218000248036102,0.15900000789311372,2.3978709905460283e-12,-0.5689772571231411
86.43314266204834,0.44699999995646245,3.6790000002945025,0.09027000268798435,0.13450000751795457,2.428496103722784e-12,-0.7225662323397573
86.53314423561096,0.44499999968670423,3.689000000543202,2.76026423939868e-09,0.09700001155639637,1.7896253572561379e-12,-0.9110617768090421
86.63304567337036,0.44399999986455185,3.6960000003961904,-0.10097999809931113,0.06850000786371335,1.5012410912445683e-12,-1.0122909147751116
86.73303437232971,0.44399999989501104,3.700000000471414,-0.19584000129446455,0.04000000705428715,1.2016475427277084e-12,-0.9494591440379002
86.83306741714478,0.44400000000801576,3.7010000004830417,-0.27081000314484793,0.011500006942675754,1.1360612534967653e-12,-0.7470010225770954
86.93301653862,0.44400000000970685,3.701000000111997,-0.32895000290631327,-0.0004999999047775449,1.0654012386058349e-12,-0.586430707743114
87.03327798843384,0.4439999999831006,3.70099999988431,-0.37026000278717763,-4.542826977441128e-09,1.0009694031894731e-12,-0.4153884487585964
87.13303661346436,0.4439999999803472,3.7009999998957666,-0.39627000265215795,-0.0045000024067401905,9.387314436693558e-13,-0.24783683632181383
87.23305988311768,0.4439999999612265,3.7009999998200964,-0.4039200028368477,-5.643237991487249e-09,8.819577169853819e-13,-0.0733039171346403
87.33312177658081,0.44399999998016604,3.700999999911315,-0.3962700024771788,-3.5793014177554205e-09,8.270898123151479e-13,0.06981309961883639
87.43303203582764,0.44399999998286965,3.700999999920559,-0.3702600032395491,0.0024999956825642183,7.771139527845282e-13,0.2617992902981229
87.53302454948425,0.4439999999941584,3.700999999969076,-0.32436000316373725,-0.0020000014353814587,7.287347592533288e-13,0.453785511068149
87.63306856155396,0.44399999998419304,3.700999999888137,-0.26316000279241525,-3.775661536892239e-09,6.846829052189958e-13,0.6178464719249458
87.73317670822144,0.44399999999441064,3.700999999929623,-0.18360000275156563,-2.7790037840369486e-09,6.420643687860293e-13,0.7923793945275968
87.83325457572937,0.4440000000000204,3.7009999999345498,-0.08721000311755289,-0.002000001847297755,6.03282912356432e-13,0.9634216602016697
87.9336347579956,0.4440000000098383,3.700999999898645,0.007650000502620324,0.0004999965829060368,5.657220926607497e-13,0.952949776740195
88.03327512741089,0.44400000000897677,3.7009999999537033,0.08415000292753017,-0.001000001713450046,5.315505762006507e-13,0.7609636514056577
88.13323497772217,0.4440000000198019,3.7009999999279213,0.1438200029015002,-2.5472944925261642e-09,4.984463284538721e-13,0.5969026848615997
88.23326635360718,0.44400000001437867,3.7019999997545483,0.18513000295431392,0.00849999473138286,2.7397063658511346e-13,0.41887911090033797
88.33330345153809,0.4420000003400286,3.7049999995480505,0.20961000296592647,0.04349998537803112,7.433176778492935e-13,0.23736486759103562
88.43328285217285,0.4400000000736206,3.711999999378545,0.21726000266031686,0.07199998832226437,1.9268153293496026e-13,0.07679456868004592
88.53332376480103,0.4360000002192397,3.720999999567015,0.21573000153085875,0.09799999031647111,2.838563028436186e-13,-0.013962589357580865
88.63320708274841,0.43100000023895646,3.732999999400284,0.21572999976728813,0.1349999863962358,2.2705791998346226e-13,0.003490649641107695
88.73313736915588,0.42400000030652585,3.7469999997789216,0.21573000005817455,0.15999999211639046,8.336917603242856e-13,1.71651863079339e-09
88.83328866958618,0.417000000151047,3.7639999995539357,0.2157299999999971,0.19199998961994,6.80810871342267e-13,-0.003490656731429902
88.93328857421875,0.40800000024571936,3.783999999673724,0.21725999969078735,0.22149999156363892,9.520402320126544e-13,0.006981311853464903
89.03340339660645,0.39900000006199754,3.8069999994894435,0.21573000037533152,0.2494999923013843,4.714077535225998e-13,-0.006981309917734588
89.13321828842163,0.38800000017833725,3.832999999583641,0.21572999988364217,0.2824999912786257,4.4901727294817655e-13,0.0034906533561680888
89.23317909240723,0.37600000019334523,3.860999999622707,0.21573000005817455,0.30999999350293517,5.146986219339329e-13,-0.003490654958716502
89.33315682411194,0.3630000000947309,3.8919999997288253,0.21572999994181963,0.3409999929390687,4.2490986040131715e-13,0.0034906550682424053
89.43313074111938,0.3480000003377359,3.9249999997070635,0.21573000005817455,0.3679999945335228,9.854286169615895e-13,1.7716832684082362e-09
89.53334760665894,0.33300000003223573,3.9619999996268787,0.21725999974874877,0.39949999351276266,5.600719644682876e-13,8.853677249123481e-16
89.633220911026,0.3160000002591943,4.0009999996028895,0.2157300002581266,0.4299999939678822,7.757384835100527e-13,-0.0034906567372419268
89.73325324058533,0.29800000014217076,4.042999999780562,0.21725999969000753,0.45749999573757244,8.705414696027266e-13,0.0034906550569729616
89.83318972587585,0.27900000021809923,4.086999999641999,0.2157300003171816,0.48799999455913345,9.989419256451674e-13,-0.0034906549584836407
89.93326330184937,0.2590000000690367,4.133999999900554,0.21572999994181963,0.50150000153567,1.0154274725171443e-12,-1.7174515880638563e-09
90.03316354751587,0.2390000000967607,4.179000000243125,0.2157299999999971,0.49600000853437143,1.5004440603462563e-12,-0.0034906567317839125
90.13314986228943,0.21999999982016405,4.225000000220454,0.21572999994181963,0.5000000044307586,1.1552201282533515e-12,-1.7183013891960974e-09
90.23324465751648,0.20000000011490648,4.2709999999971195,0.2157299999999971,0.5000000056435414,1.3967824288791178e-12,-0.0034906567317102206
90.33353853225708,0.17999999999203808,4.317000000279544,0.21572999994181963,0.49750000621482887,1.630487392270555e-12,0.0034906550687096656
90.4331648349762,0.16099999993876324,4.3629999999333124,0.21573000005817455,0.4995000041515902,1.2873515696108697e-12,1.7727170738279785e-09
90.53369045257568,0.1409999999990017,4.409000000262878,0.2157299999999971,0.4980000052078818,1.5280441495118895e-12,-0.0034906567876385776
90.63318753242493,0.12100000013869128,4.454999999940562,0.21572999994181963,0.49950000376723547,1.747264568713856e-12,-1.7705818274212082e-09
90.73388123512268,0.10199999981897889,4.500000000420115,0.2157299999999971,0.49650000521300885,1.6287761468538101e-12,0.0034906567827137015
90.83379983901978,0.0820000001603276,4.545999999889691,0.21573000005817455,0.4995000026415431,1.841661283076676e-12,1.7727498323460988e-09
90.93355345726013,0.062000000008923806,4.592000000239366,0.2157299999999971,0.49950000361955305,2.0478178004777574e-12,8.716696722847032e-16
91.0334746837616,0.04299999994081283,4.6379999999283354,0.2157299999999971,0.4965000045471986,1.6796378207351742e-12,-0.010471970191145723
91.13342714309692,0.023000000040514834,4.6840000001648825,0.21725999957444775,0.49900000219730223,1.8956944202602483e-12,0.013962621989533743
91.23340821266174,0.003000000130500169,4.729999999920479,0.21726000023270675,0.5020000018456944,2.046265693917077e-12,7.084365332213349e-09
91.33313918113708,-0.016000000208023835,4.776000000247353,0.2157300002510878,0.4970000047190587,1.6198297018556814e-12,-0.006981313570828597
91.43311262130737,-0.035999999833963514,4.821999999876017,0.21725999962479392,0.4975000023934401,1.8333820874357138e-12,0.010471966653652909
91.53308081626892,-0.055999999974467585,4.867000000357887,0.21573000042557755,0.5015000009567824,2.2349301491710028e-12,-0.010471965202318053
91.63387370109558,-0.07500000006693774,4.912999999946747,0.2157299998254647,0.5005000027610488,1.855309935766764e-12,-5.318767237402766e-09
91.734126329422,-0.09499999998075381,4.959000000215116,0.2172599997490572,0.494500004422679,2.060493213158483e-12,0.010471970359347518
91.83329916000366,-0.11499999982300757,5.004999999811027,0.21573000043340795,0.49999999983858057,2.201040332999271e-12,-0.0069813081486251715
91.93336963653564,-0.13400000017144365,5.051000000200616,0.21725999963267206,0.4975000028654484,1.8121094029957389e-12,0.006981310137005084
92.03321552276611,-0.15399999984446566,5.096999999861593,0.21573000037522316,0.5010000004327879,1.9676829330605972e-12,3.5436347640971366e-09
92.1331160068512,-0.17399999997753923,5.143000000207734,0.2157299999999971,0.4990000024772846,2.1657047061254754e-12,-0.003490656784956422
92.23316693305969,-0.19300000004284712,5.188999999889915,0.21572999994181963,0.4975000021597875,1.789988959701274e-12,-1.7715155700877283e-09
92.33340811729431,-0.21299999994781693,5.234000000334361,0.21725999974885313,0.49600000200775335,2.240894286876572e-12,0.006981313570105128
92.43333578109741,-0.23299999982938147,5.279999999825998,0.21573000037519297,0.5009999994244175,2.3705504154767254e-12,-0.003490653189145894
92.53324174880981,-0.2520000001752525,5.326000000209683,0.21572999994181963,0.5005000015478005,1.970943514393252e-12,-1.7171645095431787e-09
92.63321805000305,-0.27199999984664913,5.371999999906076,0.2157299999999971,0.4970000026055555,2.16322229311443e-12,-8.717576050993352e-16
92.73321175575256,-0.2919999999413587,5.418000000122121,0.2157299999999971,0.5004999998169322,2.349074501574683e-12,-4.293713121951781e-22
92.8331470489502,-0.31100000004761164,5.463999999901063,0.2157299999999971,0.4975000022690317,1.9624708327102146e-12,3.423852412401654e-26
92.93322253227234,-0.3309999999502473,5.5100000001427265,0.21725999974924814,0.49950000024693736,2.1611255003229518e-12,0.006981313575517623
93.0337085723877,-0.35099999984886665,5.55599999987211,0.21573000037541235,0.5005000005899058,2.295501102534661e-12,-0.006981309915513133
93.1332495212555,-0.3700000001648913,5.602000000185107,0.21572999988364217,0.49600000259501914,1.900689627660091e-12,-3.435473280855028e-09
93.23331332206726,-0.38999999980610944,5.647000000013445,0.2157299999999971,0.4980000000103257,2.3320227711992234e-12,-1.7449739527214846e-15
93.33321952819824,-0.40999999994640746,5.693000000133955,0.2157299999999971,0.49750000095622343,2.507438895933494e-12,-8.59076364223654e-22
93.4332447052002,-0.4290000000207357,5.738999999837399,0.2157299999999971,0.5004999995684799,2.11136195214166e-12,3.3787984218222303e-26
93.5331974029541,-0.4489999999701144,5.7850000001897595,0.2157299999999971,0.5000000009224176,2.3007218460092374e-12,-4.2375568750144134e-26
93.63319516181946,-0.4689999998349723,5.830999999878596,0.2157299999999971,0.4980000014461972,2.472960957681429e-12,-4.372344491712332e-26
93.73377513885498,-0.48800000014417755,5.877000000136146,0.2157299999999971,0.4975000007780007,2.0669883007615446e-12,-0.0034906567867741246
93.83320546150208,-0.5079999998147233,5.922999999830698,0.21725999968274112,0.49800000035589165,2.2533507076591148e-12,0.010471968419020499
93.93322253227234,-0.5279999999679514,5.9690000001451295,0.21573000042501977,0.5009999994185235,2.3862664460451324e-12,-0.003490651646167098
94.03335332870483,-0.5470000000401356,6.014999999883033,0.21572999994181963,0.4985000015174229,1.997989274705016e-12,-0.0034906585039851685
94.13325595855713,-0.5669999999471305,6.060000000332632,0.21572999994181963,0.4990000002835742,2.436037686132618e-12,0.0034906550667925134
94.23324179649353,-0.5869999998316011,6.105999999870171,0.21573000005817455,0.49700000121444093,2.6003498569085893e-12,-0.0034906549633475126
94.33341360092163,-0.6060000001304644,6.152000000103455,0.21725999969064014,0.4984999998231944,2.1868885952545567e-12,0.0034906550656350417
94.43317651748657,-0.6259999998386725,6.197999999847931,0.21726000005817436,0.5009999994358911,2.3198016798863506e-12,1.7718678776805497e-09
94.53339409828186,-0.6459999999807469,6.244000000175733,0.21573000025100786,0.49800000153037954,2.4483250399859216e-12,8.595222369237136e-16
94.63346409797668,-0.6650000000213208,6.289999999838845,0.2157299999999971,0.49850000013764256,2.0557263370421e-12,-0.0034906567314879284
94.73374533653259,-0.6849999999478413,6.336000000137209,0.21572999994181963,0.49700000087293605,2.2484457541609008e-12,0.0034906550691221395
94.83376836776733,-0.7049999998101644,6.381999999819802,0.21725999979919575,0.49949999931188543,2.4239026779311417e-12,1.7725591038367239e-09
94.93350028991699,-0.7240000001615279,6.427000000334698,0.22031999949787195,0.48650000510752306,2.2166891786083677e-12,0.04188788142730417
95.03326654434204,-0.7429999999608654,6.469000000393872,0.24326999681252293,0.4545000122056481,2.65015384159575e-12,0.2164207385981276
95.13316249847412,-0.7610000002119008,6.5070000007641315,0.28610999658602676,0.4235000106846462,2.8771780473385708e-12,0.42935089130022147
95.2331554889679,-0.7809999997516073,6.54300000019185,0.3411899978308268,0.3975000085089485,3.6195529707413066e-12,0.558505295040868
95.33312821388245,-0.801000000017682,6.574000000719899,0.41615999701631257,0.36700000932598215,4.487195191831732e-12,0.7470008271362356
95.4331567287445,-0.8210000000361024,6.601000000503074,0.5094899966424418,0.33700000894340304,4.9715205791765445e-12,0.9320057265605755
95.53345704078674,-0.8420000001156502,6.624000000583162,0.6104699989778029,0.3060000083883396,5.559770529297301e-12,1.0088002698814564
95.63322472572327,-0.8630000000252984,6.642000000556586,0.7114499997124737,0.27950000653989254,6.350857197719075e-12,1.019272277844419
95.73356819152832,-0.8840000001363393,6.657000000466517,0.8093700009296727,0.2470000080272,6.8372517628872195e-12,0.9773844017247696
95.83327603340149,-0.9030000001741065,6.668000000392503,0.9072899997181434,0.21850000639920253,7.119706574651311e-12,0.977384381116835
95.93310403823853,-0.9200000004014406,6.67600000037341,1.0052100002157713,0.18600000715197962,7.13833625117454e-12,0.9913470082567171
96.03314733505249,-0.936000000069015,6.681000000315347,1.104659999697624,0.16100000422647054,7.50145272640371e-12,0.9983283285974861
96.13330006599426,-0.9490000003806767,6.6840000002609825,1.2025800005803138,0.1305000057008155,7.492302520853856e-12,0.9808750482076132
96.2332329750061,-0.9590000003763866,6.685000000244803,1.3004999997930708,0.10150000513185937,7.551158835586783e-12,0.9738937261537253
96.3332450389862,-0.9670000002665624,6.685000000159086,1.40453999914096,0.06650000671797782,7.509269691930191e-12,1.005309633666715
96.43329191207886,-0.9710000003357457,6.684999999979322,1.5024600001810802,0.0370000046060877,7.0123551029180244e-12,0.9878563654912798
96.53323531150818,-0.9720000003484515,6.684999999936414,1.6019100001482247,0.012500002127115184,6.5041942507891234e-12,0.9878563566287949
96.6331434249878,-0.9720000000654014,6.684999999985549,1.6998299998923687,-0.0025000013412050355,6.1110874187094745e-12,0.9948376700922343
96.73317742347717,-0.9719999997835806,6.685000000069924,1.796220000774397,-0.0030000067863024185,5.730628160725707e-12,0.9599311057690194
96.83316349983215,-0.9719999997987543,6.685000000087212,1.8727200030706896,0.0009999919154333493,5.3838031512857924e-12,0.7644543114775609
96.93311905860901,-0.9719999998808735,6.68500000006279,1.9293300034417569,-0.0005000055059582904,5.0491667833265415e-12,0.5654867756973805
97.03316283226013,-0.9719999998700128,6.68500000007825,1.9721700021786757,-0.0015000053471486367,4.743836362820124e-12,0.4293510650698972
97.1332266330719,-0.971999999861028,6.685000000092009,1.995120003389558,-0.0010000055797785047,4.448711227349254e-12,0.2303835592198877
97.23323774337769,-0.9719999998816533,6.685000000082315,2.0027700025444286,-0.0005000052485221642,4.179954332558496e-12,0.0698132516426368
97.33318018913269,-0.9719999998939546,6.68500000007496,1.9966500021674958,-4.915926455836828e-09,3.9198137940263215e-12,-0.059341131007015976
97.43368244171143,-0.9719999999118958,6.685000000061462,1.9706400034096974,0.0029999944222524715,3.682741935232404e-12,-0.25481797161608577
97.53316879272461,-0.9719999999605875,6.685000000025941,1.9339200017823632,-0.0025000020563758453,3.4537470234815345e-12,-0.3630284311111733
97.63347625732422,-0.9719999998727555,6.685000000077438,1.9155599970551793,-0.004500003205329495,3.2449059156222605e-12,-0.18151433431848302
97.73322677612305,-0.9719999998420938,6.6850000000921925,1.9155599969747592,-5.42930927299734e-09,3.0430334020301562e-12,-8.93641144972257e-08
97.83329796791077,-0.9719999999268918,6.685000000042644,1.915559999999994,-3.4358031975045833e-09,2.8590209203322196e-12,-4.534701211814255e-14
97.93307375907898,-0.9719999999288884,6.685000000041479,1.9155599999999962,-0.0005000030373449368,2.6807039449228283e-12,-2.2265418949762953e-20
98.03310132026672,-0.9719999999271316,6.685000000042513,1.9155599999999962,-3.229863081849471e-09,2.5189854923693693e-12,-1.1326988718071099e-26
98.13307094573975,-0.9719999999377649,6.685000000036302,1.9155599999999962,-2.8381197626423105e-09,2.3622939542000676e-12,-5.57732038946372e-33
98.23316073417664,-0.9719999999433195,6.685000000033062,1.9155599999999962,-2.666672964911354e-09,2.2195911812482967e-12,-2.8881124873104163e-39
98.33321166038513,-0.9719999999512972,6.685000000028403,1.9155599999999962,0.011499993254014977,2.0814290732529164e-12,-1.679712062412823e-32
98.43313407897949,-0.9759999993579402,6.683000000306592,1.9155599999999962,0.042499986083276466,1.779706088988857e-12,4.345064381968189e-28
98.53312611579895,-0.9819999995415074,6.679000000365057,1.9155599999999962,0.07249998768254474,1.9337813456719974e-12,-0.003490656785909551
98.63313603401184,-0.9899999996315696,6.674000000281211,1.9155599999418187,0.10049998883975227,1.9861390711676586e-12,-1.7724217709833012e-09
98.73308801651001,-1.000999999591949,6.668000000154071,1.9155599999999962,0.13299998820224723,1.6325601632076491e-12,0.0034906567862071666
98.83317518234253,-1.0149999994879835,6.660000000262282,1.9155600000581736,0.16049999044450464,1.4391487947098408e-12,1.7720436494041147e-09
98.93319153785706,-1.030999999670362,6.650000000320477,1.9155599999999962,0.19099999024882525,1.6980239702038698e-12,8.723441036573906e-16
99.03312420845032,-1.0499999995019618,6.639000000269947,1.9155599999999962,0.2204999908729385,1.5412242710094014e-12,4.426823749966804e-22
99.13367819786072,-1.070999999747734,6.62600000029059,1.9155599999999962,0.2509999914092059,1.835598809928128e-12,-2.2866023219780362e-26
99.23319172859192,-1.094999999542308,6.612000000262182,1.9155599999999962,0.2799999921439824,1.711212887291506e-12,9.736872602775248e-28
99.33312225341797,-1.120999999814213,6.596000000267062,1.9155599999999962,0.31199999186627303,2.03686635734271e-12,-3.2495556970641234e-26
99.4333426952362,-1.1499999996044252,6.5790000002417,1.9155599999999962,0.3389999938987355,1.9408662960080985e-12,-2.402666548648871e-27
99.53312516212463,-1.1809999998668648,6.560000000251657,1.9155599999999962,0.3709999927398657,2.2940040641269803e-12,-4.3174280883327184e-26
99.63333821296692,-1.2149999996238172,6.540000000246185,1.9155599999999962,0.3964999952918135,2.2231134085172596e-12,-7.154672783117379e-27
99.73323845863342,-1.2519999996974374,6.518000000250945,1.9155599999999962,0.43249999200154404,2.2869706709923126e-12,-2.1526670689104298e-26
99.83328104019165,-1.2909999996821657,6.495000000227943,1.9155599999999962,0.4594999954964322,2.2571705052257447e-12,-0.0034906567310464894
99.93320083618164,-1.3329999998148345,6.4700000001976665,1.9155599999418187,0.48749999572788044,2.360749039796142e-12,0.0034906550683532606
100.0331301689148,-1.375999999823291,6.44400000028004,1.9155600000581736,0.5020000008080346,2.671554782070532e-12,1.7731150814097318e-09
100.13338422775269,-1.4190000003393735,6.418999999776079,1.9155599999999962,0.4985000075749379,2.4357245007825684e-12,8.726156881455974e-16
100.23331904411316,-1.4610000002009507,6.393000000177884,1.9155599999999962,0.49450000734895094,3.0468052228036207e-12,-0.0034906567319519612
100.33335733413696,-1.5040000001998983,6.367000000054332,1.9155599999418187,0.5020000026001767,3.3243747940672795e-12,0.006981311856850222
100.43346166610718,-1.5470000000442337,6.341999999947738,1.9155600001163515,0.4975000069336003,3.0558798984255684e-12,-0.0034906531873146645
100.53319954872131,-1.5900000002367616,6.316000000032781,1.9155599999418187,0.5000000038651711,3.332909562418318e-12,-1.7169449074289078e-09
100.63312864303589,-1.6329999999859908,6.290999999981746,1.9155599999999962,0.49650000589388604,3.0641907163475503e-12,-8.727096804718067e-16
100.73313999176025,-1.6760000002049953,6.2650000000513675,1.9155599999999962,0.49850000345403767,3.3406671915927775e-12,0.0034906567868079655
100.83346915245056,-1.7189999999553063,6.239000000202883,1.9155600000581736,0.5000000034128165,3.59224459464051e-12,1.7733208092056418e-09
100.9331488609314,-1.762000000254032,6.213999999825937,1.9155599999999962,0.4980000045094978,3.299003751723443e-12,8.723625977615261e-16
101.03327012062073,-1.8040000001416079,6.188000000212684,1.9155599999999962,0.49950000292501284,3.857650820215442e-12,-0.0034906567310987167
101.13316774368286,-1.8470000002304037,6.162999999839725,1.9155599999418187,0.4965000044217681,3.548032969651776e-12,0.0034906550678409916
101.23316884040833,-1.8899999999050507,6.137000000232178,1.9155600000581736,0.49950000190030375,3.787178676808696e-12,1.7726202818958703e-09
101.33317589759827,-1.93300000022594,6.111000000039131,1.9155599999999962,0.49800000347828133,4.018607029513733e-12,8.721346799310608e-16
101.43315029144287,-1.9759999999268452,6.0860000000163295,1.9155599999999962,0.49800000271369704,3.708068284729812e-12,-0.0069813134645505285
101.53315806388855,-2.0190000001867077,6.060000000062183,1.9155599998836408,0.4985000023599704,3.944270869185346e-12,0.0034906533480736288
101.63325810432434,-2.06100000012818,6.0350000000173445,1.9155600000581736,0.49750000278393197,3.942905465626899e-12,1.7723671085455306e-09
101.73314619064331,-2.1040000001771766,6.009000000067647,1.9155599999999962,0.5000000013065865,4.164615170665245e-12,8.721255511658207e-16
101.83319854736328,-2.1469999999439846,5.983000000209407,1.9155599999999962,0.4980000029163739,4.3664978130773325e-12,4.428138659808443e-22
101.93319654464722,-2.190000000179138,5.957999999869674,1.9155599999999962,0.5005000010493237,4.025177538624484e-12,9.451456029995367e-27
102.03330373764038,-2.2329999999591816,5.932000000200305,1.9155599999999962,0.499500002292307,4.235743598587655e-12,-0.0034906567336407983
102.13311100006104,-2.2760000001891,5.906999999863828,1.9155599999418187,0.4975000025079843,3.902892803186271e-12,-1.7196802441256376e-09
102.23312830924988,-2.318999999895775,5.881000000237501,1.9155599999999962,0.49950000085344815,4.12069640901209e-12,-8.728526156272946e-16
102.33306121826172,-2.3620000001911095,5.855999999862678,1.9155599999999962,0.4970000024846416,3.794753978753128e-12,-4.296590069076914e-22
102.43316650390625,-2.404999999878944,5.830000000247412,1.9155599999999962,0.498500000837709,4.019010076589157e-12,-0.0034906567315277095
102.53311944007874,-2.447000000370023,5.804000000069998,1.9155599999418187,0.4990000011715752,4.549572520882441e-12,-1.717851736294379e-09
102.63336777687073,-2.4899999999149802,5.7790000000232515,1.9155599999999962,0.4990000012860325,4.206884344123952e-12,-8.717877430113632e-16
102.73319983482361,-2.5330000001951767,5.753000000056784,1.9155599999999962,0.4975000017581075,4.412545583573082e-12,-4.281963529834428e-22
102.83306336402893,-2.5759999998599135,5.728000000055363,1.9155599999999962,0.4975000010988278,4.0790467944145205e-12,9.297476230706579e-27
102.93316054344177,-2.6190000001512317,5.702000000082803,1.9155599999999962,0.5004999999227014,4.292288765289274e-12,-6.144615982434972e-26
103.03372526168823,-2.6619999999255803,5.676000000220215,1.9155599999999962,0.4975000021831577,4.486398072841994e-12,-6.380988905813303e-26
103.1331033706665,-2.705000000152097,5.65099999988549,1.9155599999999962,0.49950000016548723,4.137411001639817e-12,0.0034906567872113373
103.23316216468811,-2.747999999905522,5.625000000231958,1.9155600000581736,0.49850000127742294,4.340865154443341e-12,1.7733396916706778e-09
103.33310031890869,-2.79000000036579,5.599999999875549,1.9155599999999962,0.5000000002622784,4.314736168383577e-12,0.0034906567876054994
103.43330025672913,-2.8329999999106565,5.5740000002289944,1.9155600000581736,0.5000000008014843,4.507433951433872e-12,-0.006981311686728102
103.53336668014526,-2.8760000001843142,5.548999999866644,1.9155599998836412,0.4985000013048257,4.157358879963474e-12,0.0034906533501796637
103.63306713104248,-2.9189999998847345,5.523000000244098,1.9155600000581736,0.49900000048086846,4.359617474561069e-12,-0.006981311688231519
103.73321962356567,-2.9620000001685654,5.497000000072629,1.9155599998836412,0.49850000082573404,4.555428783012947e-12,-3.4344961926530138e-09
103.83309555053711,-3.0049999998910746,5.472000000037226,1.9155599999999962,0.49600000154487917,4.212360454479598e-12,-1.742802474159767e-15
103.93318724632263,-3.0480000001087166,5.446000000107762,1.9155599999999962,0.5004999988344538,4.41717568589134e-12,0.003490656785205633
104.03363084793091,-3.0900000001254817,5.421000000018893,1.9155600000581736,0.5000000007609321,4.3872249769590565e-12,-0.003490654959853383
104.13348984718323,-3.1330000001819016,5.395000000064845,1.9155599999418187,0.4980000012610232,4.5813093427796115e-12,0.00698131185590971
104.23306226730347,-3.17599999987344,5.369000000250644,1.9155600001163515,0.4985000002550585,4.7579925957686895e-12,3.5456276161610623e-09
104.33305549621582,-3.2190000001507197,5.343999999886268,1.9155599999999962,0.49650000116766857,4.3923391924879885e-12,0.0034906567859794
104.43301916122437,-3.2619999998502465,5.318000000264158,1.9155600000581736,0.5014999984496453,4.580491225843111e-12,1.7723625913255991e-09
104.53308248519897,-3.3050000002072295,5.292000000050044,1.9155599999999962,0.5020000002656895,4.762535106409872e-12,8.720114819253739e-16
104.63310551643372,-3.347999999946264,5.267000000004965,1.9155599999999962,0.49700000234200764,4.406965936992161e-12,-0.0034906567325634443
104.73317670822144,-3.3900000003168085,5.241000000101242,1.9155599999418187,0.4984999997378463,4.913133574906505e-12,0.006981311851612307
104.83314275741577,-3.4329999998836804,5.21600000004153,1.9155600001163515,0.4980000005000049,4.548526436886648e-12,-0.003490653188606671
104.93310046195984,-3.476000000135098,5.19000000009237,1.9155599999418187,0.4994999997240194,4.732395361746618e-12,-1.7191349008412182e-09
105.0333514213562,-3.518999999909111,5.165000000026698,1.9155599999999962,0.49950000029625,4.378407138667375e-12,-0.003490656733852463
105.13311696052551,-3.56200000016033,5.139000000077611,1.9155599999418187,0.49800000083175205,4.572876828245966e-12,-1.7189432212696976e-09
105.23310732841492,-3.604999999868342,5.113000000253615,1.9155599999999962,0.4970000006087682,4.750075810797507e-12,-8.729731157834137e-16
105.33310556411743,-3.648000000124828,5.08799999990141,1.9155599999999962,0.49899999945115314,4.384788908508687e-12,0.006981313573220749
105.43318319320679,-3.690999999883436,5.062000000244885,1.9155600001163515,0.5019999990787558,4.5732742544107516e-12,3.547199279099744e-09
105.533038854599,-3.7330000004075554,5.036999999851184,1.9155599999999962,0.49900000138562267,4.532690510498623e-12,1.745126689553641e-15
105.63311576843262,-3.7759999998884624,5.01100000024178,1.9155599999999962,0.4975000007655433,4.712393950940695e-12,8.85818374004501e-22
105.73300790786743,-3.819000000154219,4.985999999884303,1.9155599999999962,0.49700000033005526,4.348521454760387e-12,9.589551135261042e-27
105.83304190635681,-3.861999999846807,4.960000000266278,1.9155599999999962,0.49849999955363095,4.539214930852648e-12,-0.003490656730544212
105.93363165855408,-3.905000000131057,4.934000000094943,1.9155599999418187,0.5009999992279395,4.7234453829270336e-12,0.0034906550614704625
106.03315782546997,-3.947999999915753,4.909000000022764,1.9155600000581736,0.5010000002014797,4.370654259653684e-12,-0.0034906549567220446
106.13316917419434,-3.9910000001883326,4.883000000061169,1.9155599999418187,0.5000000005578467,4.565686507858259e-12,-1.7181747131826686e-09
106.23314261436462,-4.033000000107071,4.858000000029637,1.9155599999999962,0.4960000016801919,4.526755149043371e-12,-8.72156887248966e-16
106.33314490318298,-4.076000000104683,4.832000000109995,1.9155599999999962,0.5004999983909678,4.712126217378595e-12,-4.292171217384664e-22
106.4332365989685,-4.118999999910299,4.80600000022909,1.9155599999999962,0.5000000003440443,4.880912821063712e-12,-0.0034906567312618254
106.53354954719543,-4.161000000358117,4.780999999880139,1.9155599999418187,0.4875000047487112,4.821222483809601e-12,0.003490655066638265
106.63334131240845,-4.201000000276089,4.757999999762101,1.9155600000581736,0.45600001185401806,4.333561065672357e-12,1.771901553000027e-09
106.73316764831543,-4.238000000555296,4.734999999946397,1.9170899997489848,0.42800000945845174,4.8026780171068e-12,0.006981313571916048
106.8331048488617,-4.272000000434142,4.714999999757481,1.9155600003751156,0.3935000116845333,4.543592324279225e-12,-0.006981309923612451
106.93331670761108,-4.304000000431742,4.695999999806397,1.9155599998836412,0.3650000083477709,4.421223356496605e-12,-3.436075981036457e-09
107.03315043449402,-4.3330000003371865,4.678999999813415,1.9201499992227111,0.3365000081824869,4.181305636406503e-12,0.048869194228816804
107.1332049369812,-4.36000000039553,4.66199999997378,1.9385099978029334,0.30850000714711867,4.485321443144057e-12,0.18500483372132098
107.23311948776245,-4.383000000491835,4.646999999867688,1.9813499958385106,0.2730000098952982,4.64650300725203e-12,0.42935087202264793
107.33310580253601,-4.404000000287391,4.631999999962356,2.0379599978695175,0.24900000462779123,4.767630355177049e-12,0.5550146402924194
107.43337488174438,-4.420000000613353,4.617999999898053,2.1129299965876482,0.21700000765611735,5.34687860325833e-12,0.7470008225729812
107.53333163261414,-4.434000000373711,4.603999999976774,2.2047299973551175,0.18650000630311067,5.7407326064888835e-12,0.921533758956443
107.6333019733429,-4.445000000213923,4.5919999998236785,2.302649998783873,0.16000000472773293,5.499948268355721e-12,0.9808750094865645
107.73307824134827,-4.452000000471402,4.580999999756754,2.3959800010328003,0.13000000541652437,5.8705929284745984e-12,0.942477814979447
107.83306455612183,-4.457000000281253,4.571999999766043,2.4816600012139522,0.10150000485900697,5.853703166045247e-12,0.8621926912293318
107.9331214427948,-4.4600000002554765,4.564999999735998,2.5811099980445587,0.06600000682126739,5.824874206561935e-12,0.9948376083134105
108.03320908546448,-4.461000000215368,4.560999999752872,2.6820899995060605,0.040000003180779925,5.7988856856698795e-12,1.0018189871033332
108.13332867622375,-4.461999999968427,4.559999999612927,2.778480000931057,0.011500003578321068,5.006688053916684e-12,0.973893736315515
108.23330736160278,-4.462000000008047,4.559999999954876,2.8794599990798444,-0.0030000015965112514,4.705119096664852e-12,1.0053096331405271
108.33317232131958,-4.461999999981387,4.560000000236649,2.9789100004528306,-0.0005000079620222295,4.412095707434136e-12,0.9948376787866053
108.43317866325378,-4.462000000003611,4.56000000017324,3.076830000045825,-0.0030000056039103124,4.144868501630076e-12,0.9948376736367703
108.53316712379456,-4.462000000025581,4.5600000002141545,3.1762800002592106,-7.313459931407307e-09,3.887017350852795e-12,0.9913470168514043
108.63309979438782,-4.46200000003069,4.560000000138427,3.2757299996848346,-5.761357040751092e-09,3.6521768716094114e-12,0.9948376718637885
108.73339343070984,-4.462000000042577,4.560000000129517,3.373650000483293,0.000999994226420652,3.4253354767524316e-12,0.9878563600718184
108.83317470550537,-4.462000000042735,4.560000000096886,3.4730999996268785,-0.0015000040995818802,3.2183877196172985e-12,0.9983283268218878
108.93317174911499,-4.462000000074195,4.560000000131064,3.567960001078811,0.0004999944646566067,3.018076963679276e-12,0.9389871667743216
109.03332471847534,-4.462000000058209,4.56000000008332,3.644460002702427,-0.0025000033160566953,2.835674894901977e-12,0.7749262711856038
109.13328218460083,-4.462000000099188,4.560000000121029,3.7026000034104447,0.0004999946449591661,2.6586290381196078e-12,0.5794494075343604
109.23308229446411,-4.462000000058319,4.560000000063308,3.7439100026455376,0.0009999958824033674,2.49838849204065e-12,0.41189778879110117
109.33303761482239,-4.461000000245461,4.560000000049047,3.7683900028581228,0.007499993936227656,2.7825473790875875e-12,0.25132749113256814
109.43321228027344,-4.459000000340636,4.557000000547015,3.777570002635448,0.042999983157318955,2.1330890782281665e-12,0.07679457568526254
109.53304934501648,-4.453000000584193,4.552000000427121,3.7760400015316256,0.07299998661517654,2.2715154723615513e-12,-0.013962589220878757
109.63334321975708,-4.446000000369876,4.54600000023439,3.7760399997672867,0.09999998824830411,2.3768351382121716e-12,0.010471963103718967
109.7330493927002,-4.437000000309009,4.5370000004029665,3.776040000174529,0.133499986903177,1.9664543126176378e-12,-0.0034906516352042824
109.83303642272949,-4.425000000471423,4.526000000394683,3.776039999941819,0.16049998979092076,1.9486869342694385e-12,0.0069813116969198764
109.93303871154785,-4.411000000387924,4.5140000001461456,3.7760400001163514,0.1914999892417237,2.3266810333032965e-12,-0.003490653345003227
110.03305649757385,-4.3950000004134875,4.499000000392591,3.776039999941819,0.22149998992865402,2.173862876851901e-12,0.003490654961008159
110.13315749168396,-4.377000000258834,4.483000000076141,3.776040000058174,0.2504999912704897,2.4216336638597288e-12,-0.0034906550682657716
110.23324680328369,-4.356000000549692,4.464000000382123,3.776039999941819,0.28149999069028675,2.5623194201240926e-12,-1.7731386250767478e-09
110.33362221717834,-4.333000000345084,4.443000000220104,3.7760399999999965,0.30999999256527866,2.6402082585558965e-12,-8.72328804331576e-16
110.43328309059143,-4.3080000004762535,4.421000000162385,3.7760399999999965,0.33999999209802473,3.095028732949664e-12,-4.432322797771258e-22
110.53317713737488,-4.281000000258993,4.396000000190111,3.7760399999999965,0.3709999925837919,3.023128373409235e-12,-1.1199971215780002e-26
110.63308501243591,-4.252000000366598,4.3690000003152525,3.7760399999999965,0.4009999930687209,2.9008645520615223e-12,-6.374375268101882e-27
110.73306488990784,-4.221000000130093,4.340999999923622,3.7760399999999965,0.42699999532806276,3.178910620862626e-12,-4.9142090451854795e-26
110.83306336402893,-4.187000000589993,4.3100000003857,3.7760399999999965,0.46049999236907535,3.346035642366762e-12,-4.3920078921845483e-26
110.93304586410522,-4.15100000024192,4.277999999894372,3.7760399999999965,0.48599999624689877,3.904159112360218e-12,-9.457800890039501e-26
111.03318476676941,-4.114000000308936,4.244000000162445,3.7760399999999965,0.5014999999839663,3.943152477374977e-12,-3.804665202987737e-26
111.13362145423889,-4.076999999849029,4.209999999736104,3.7760399999999965,0.4980000071837691,3.98090054810321e-12,-0.0034906567868767924
111.23328971862793,-4.040000000148638,4.176999999809199,3.776039999941819,0.5000000046921294,4.4557163931109546e-12,-1.7736355968980821e-09
111.3332462310791,-4.002999999860725,4.142999999747439,3.7760399999999965,0.4995000053448526,4.46156091197668e-12,-8.698303234893331e-16
111.43311047554016,-3.966000000161557,4.109999999820359,3.7760399999999965,0.4970000057967075,4.9061585753761884e-12,0.003490656725277209
111.53311729431152,-3.9289999999374547,4.0759999998189,3.776040000058174,0.49900000374189485,4.88394093335696e-12,1.7168834301299618e-09
111.6331422328949,-3.8929999999560803,4.04299999981926,3.771450000777147,0.48700000883707906,4.8920494357654245e-12,-0.045378537502200535
111.73343062400818,-3.8589999995547295,4.0109999995578836,3.751560002506203,0.4600000136808816,4.6375072141143945e-12,-0.19547680236244505
111.83308005332947,-3.8289999995014163,3.980999999615112,3.708720003997529,0.42200001737990417,4.135186071398144e-12,-0.42586022043184746
111.93361139297485,-3.8019999995149405,3.9519999994983186,3.653640001904334,0.3940000121089716,3.838826160095887e-12,-0.5619959523941077
112.03372716903687,-3.777999999830225,3.9229999998546976,3.580200003104781,0.369500010442077,3.498280493885171e-12,-0.7260568852485032
112.13339400291443,-3.758999999422807,3.8929999998919635,3.4975800014362344,0.35950000411471245,1.996100741904279e-12,-0.8307766724746928
112.23331499099731,-3.739000000353899,3.85900000072092,3.43484999677666,0.3944999868071105,1.6761851086131594e-12,-0.6318092903035997
112.33321475982666,-3.7200000000910407,3.822000000228983,3.3889499969924195,0.42699998898041036,1.4948990735065039e-12,-0.4642576634108395
112.43334364891052,-3.7020000000655653,3.7810000005296,3.3614099969292726,0.4514999922956429,9.2461647943653e-13,-0.2722714609124651
112.53325486183167,-3.683000000156415,3.737000000277317,3.350699997216296,0.4824999906930072,9.773910891378414e-13,-0.09424786708137348
112.63337826728821,-3.663000000341757,3.6910000003736227,3.3506999984291994,0.5034999946753712,1.429386810719986e-12,-4.7944658271292795e-08
112.73350381851196,-3.6430000000468787,3.644999999677831,3.3506999999999945,0.4995000044960349,1.8678206335735336e-12,-2.3575947845241226e-14
112.8335771560669,-3.6240000000005033,3.599000000041397,3.3506999999999962,0.49800000331771427,1.7090430421434918e-12,-0.006981313467760451
112.93318891525269,-3.604000000102353,3.5529999998104587,3.3506999998836404,0.500500001615829,2.1290541469984282e-12,0.003490653341299086
113.03356909751892,-3.584000000206233,3.507999999844392,3.3507000000581737,0.4980000033994134,2.7432129283045292e-12,1.773359815330361e-09
113.1335928440094,-3.564000000096641,3.4619999997977327,3.35222999974913,0.49950000168109754,3.0997049426593733e-12,0.0034906567869540154
113.23333501815796,-3.544999999993985,3.4160000000658783,3.3507000003169374,0.4990000023250276,2.820513904695115e-12,-0.0034906549618080643
113.33330202102661,-3.5250000000931614,3.369999999789214,3.350699999941818,0.49800000235880615,3.1721047162136355e-12,-0.003490658503986913
113.43325424194336,-3.505000000232723,3.324000000111271,3.3506999999418188,0.4975000020382897,3.4919299626189537e-12,-1.774309110660205e-09
113.53324890136719,-3.4850000001018326,3.2779999998106564,3.352229999749337,0.5005000006141798,3.802048064065005e-12,0.0034906567883743285
113.63311266899109,-3.4659999999989637,3.232000000078037,3.3507000003174774,0.49850000245027365,3.481011225120066e-12,1.774789150713052e-09
113.73304867744446,-3.446000000084732,3.18699999957475,3.3506999999999962,0.49900000134969735,4.0318173655235065e-12,8.696672988051032e-16
113.83327102661133,-3.426000000230106,3.14100000010484,3.3506999999999962,0.49950000126193095,4.299641639769888e-12,-0.0034906567289916097
113.93306422233582,-3.4060000001065003,3.0949999998202236,3.350699999941818,0.49850000174435405,4.558470388541045e-12,-1.7224322593212271e-09
114.0330879688263,-3.3870000000262728,3.0490000001037334,3.3522299997410467,0.5000000006959352,4.2372700417441e-12,0.006981313463269142
114.1330668926239,-3.3670000000773257,3.00299999979135,3.352230000116351,0.4985000017770485,4.453048696724895e-12,3.4337681153323585e-09
114.23321175575256,-3.34700000021928,2.9570000001190966,3.3507000002590948,0.4990000009248431,4.649362173741751e-12,-0.0034906567306006117
114.3331778049469,-3.327999999904499,2.911999999612182,3.350699999941818,0.49850000124120614,4.55107249595335e-12,-1.7172024410067044e-09
114.43304204940796,-3.3080000002349657,2.8660000001169506,3.3506999999999962,0.49950000060005795,4.7877401523189035e-12,0.0034906567304192624
114.53304553031921,-3.2880000000908183,2.819999999784593,3.350700000058173,0.5005000005749606,5.017315698378853e-12,1.7139981049046904e-09
114.63313245773315,-3.2680000002252836,2.7740000000931895,3.3506999999999962,0.4975000020570183,5.225626983741487e-12,0.0034906567286573788
114.73302340507507,-3.2489999999188868,2.7289999996469874,3.3552899993059073,0.48750000447193,5.091391314760796e-12,0.04188788316881803
114.83312892913818,-3.230000000076741,2.6869999995312024,3.376709997079333,0.4580000117427353,5.536241454964959e-12,0.20594876858370423
114.93303775787354,-3.2110000000324685,2.647999999356006,3.4195499963870555,0.42050001367662465,6.1098449636773876e-12,0.43284154255098606
115.03304171562195,-3.192000000126244,2.6129999996142415,3.477689997377004,0.39700000790876405,6.588460757728709e-12,0.5829398939783014
115.13304090499878,-3.172000000020958,2.581999999265893,3.551129997657977,0.37100000807441336,7.386908372855085e-12,0.7365288686910113
115.2331280708313,-3.1510000001532887,2.5549999993914074,3.6444599964833095,0.33550001150517067,8.331097581416999e-12,0.9250244078722645
115.33307361602783,-3.129999999932423,2.5319999994062385,3.7469699986116822,0.3030000092600664,8.838286121037615e-12,1.0262535503864754
115.43303084373474,-3.109000000034216,2.513999999459185,3.8448900005153064,0.280000005472078,9.515869903576994e-12,0.9808750626839089
115.53301644325256,-3.088999999680654,2.4989999994872787,3.936690001292222,0.2480000081723753,9.54323227294598e-12,0.932005844609398
115.63305449485779,-3.06900000004258,2.487999999533959,4.014720002327403,0.2220000057663397,1.0187596117861063e-11,0.7749262676392417
115.73310327529907,-3.051999999599065,2.478999999658243,4.074390003124074,0.18600000879838643,9.872300740977223e-12,0.6003933486042713
115.83303713798523,-3.0379999996264413,2.4729999996494882,4.1141700032751665,0.15800000562887323,9.725908876959946e-12,0.3909538587677402
115.93302607536316,-3.024999999807534,2.4669999999719803,4.138650002501532,0.12800000568686,8.95748162059104e-12,0.25132748097718016
116.03299808502197,-3.0159999996099938,2.4639999996987267,4.144770003152258,0.09550000666136776,8.804623090314214e-12,0.05585063538568802
116.13302159309387,-3.008999999765301,2.4609999999400767,4.1432400011816775,0.07000000326682033,8.155071768296525e-12,-0.006981286104760641
116.23314118385315,-3.004999999677807,2.459999999743454,4.144769999624587,0.03850000566835156,8.00971039101035e-12,-3.5461387212082363e-09
116.3330626487732,-3.0029999998526016,2.458999999978714,4.143240000250883,0.011500003276143185,7.399727799771568e-12,-0.0069813135736148495
116.43305921554565,-3.002999999944029,2.458999999977502,4.14323999988364,0.011999992902816253,6.952628197557514e-12,0.0034906531855126363
116.53303074836731,-3.0000000005026717,2.458000000161442,4.144769999807333,0.04199998246631013,6.6440657364936e-12,0.006981315291118001
116.6333155632019,-2.993000000748358,2.455000000337802,4.143240000375451,0.07399998239751884,6.144486669820573e-12,-0.0034906531837997894
116.73307132720947,-2.984000000486409,2.452000000069858,4.143239999941818,0.09999998609073874,6.135001029059211e-12,-1.7178292278235974e-09
116.83302116394043,-2.9720000006425735,2.447000000288357,4.144769999741025,0.13549998300014487,5.687698189759793e-12,0.0034906567314888512
116.93302512168884,-2.957000000481269,2.4410000001840517,4.143240000309013,0.15899998891166925,5.363659140789133e-12,-0.003490655070284365
117.03302788734436,-2.9400000005250213,2.4350000000322987,4.144769999682911,0.19349998510549776,5.5371355168755106e-12,0.006981311691764163
117.13364815711975,-2.919000000549733,2.427000000128799,4.144770000116351,0.22049998920212288,5.465260859702833e-12,3.436432778960996e-09
117.23321032524109,-2.8960000005661435,2.418000000171706,4.143240000258828,0.2504999884013955,5.291684906423176e-12,1.731095173537706e-15
117.33355021476746,-2.870000000445163,2.408000000074848,4.144769999748947,0.2819999889131234,5.27160632583356e-12,1.255325850593766e-17
117.4333803653717,-2.842000000413204,2.3970000001064187,4.144769999999996,0.3104999903597118,5.119583376618541e-12,8.486685297195133e-24
117.53308296203613,-2.810000000473769,2.385000000012054,4.144769999999996,0.3409999905691979,5.326518072505627e-12,-4.33108730590681e-26
117.63312482833862,-2.7760000005145358,2.3720000000617443,4.144769999999996,0.36899999171796893,5.406712212747337e-12,-3.8791217316749455e-26
117.7333471775055,-2.73900000035686,2.3570000001581333,4.1432400002510965,0.3994999916406142,5.029379126367055e-12,-1.2555016558776193e-17
117.83371353149414,-2.6990000006267785,2.342000000008206,4.143239999999996,0.4294999919804798,5.4025104075566604e-12,-8.579539932655257e-24
117.93326258659363,-2.6570000001964225,2.325999999878789,4.144769999749043,0.458999993021315,5.6544851164905e-12,0.0034906567863659454
118.03326153755188,-2.6110000007152685,2.308000000174939,4.144770000058173,0.489499992712147,5.626352389290711e-12,1.7728301448388661e-09
118.13315033912659,-2.5649999998538764,2.2899999998309557,4.144769999999996,0.5005000007263913,5.599093776375566e-12,-0.0034906567867565934
118.23320603370667,-2.5180000001543803,2.2719999998667264,4.143240000200757,0.4995000051322914,5.8001775210287255e-12,-0.0034906585039877975
118.33322525024414,-2.471999999694356,2.253999999749888,4.143239999941818,0.49650000553890195,5.80907955608943e-12,-1.7179283768112286e-09
118.43322491645813,-2.425000000248577,2.235999999888144,4.143239999999996,0.500500002568298,6.043899708236145e-12,-8.724206381299768e-16
118.53331542015076,-2.3789999996843605,2.2179999997459046,4.143239999999996,0.49550000577666964,6.037630356607593e-12,-4.292059865723588e-22
118.63326263427734,-2.3320000002761088,2.1999999998993562,4.14476999974106,0.5005000016714445,6.258687592166669e-12,0.0034906567317227683
118.73417615890503,-2.2849999998858337,2.18199999976446,4.1432400003090875,0.4985000042097366,6.424697094996193e-12,-0.006981311855884921
118.83325862884521,-2.2390000000348653,2.1639999998838233,4.14323999988364,0.49650000397976357,6.3956408020342335e-12,0.006981309914974195
118.93341493606567,-2.1919999999752537,2.145999999784003,4.14324000011635,0.5010000013084496,6.60096492914662e-12,3.4352477720073216e-09
119.03316926956177,-2.14599999999564,2.127999999867938,4.143239999999996,0.49850000384851123,6.561258131997311e-12,-0.003490656730831733
119.13330316543579,-2.098999999945905,2.1099999997721635,4.144769999690926,0.49850000265600525,6.7563175005027915e-12,0.006981311856348895
119.23335862159729,-2.053000000042273,2.0919999999034204,4.143240000375379,0.49900000230482483,6.661614155130868e-12,-0.003490653185290021
119.33328771591187,-2.005999999944695,2.073999999771656,4.143239999941818,0.49900000235161357,6.850409427000201e-12,-0.0034906585039860393
119.43320822715759,-1.9590000002462329,2.0559999998872542,4.144769999682864,0.49850000240104814,7.022328692255246e-12,0.003490654959205263
119.53379368782043,-1.9129999997622829,2.0379999997939806,4.144770000058173,0.49800000224503993,6.9082109688733614e-12,1.7180745866783587e-09
119.63328814506531,-1.8660000002678139,2.0199999999124523,4.143240000259034,0.49900000154338775,7.03012992668583e-12,-0.0034906567310194064
119.73321437835693,-1.819999999760343,2.001999999776726,4.143239999941818,0.49600000293466107,6.962456134497258e-12,-1.7170669517306558e-09
119.83323311805725,-1.7730000003154274,1.9839999999152196,4.143239999999996,0.5004999999307684,7.127549018928845e-12,-8.721713469864589e-16
119.93316078186035,-1.7269999997416559,1.9659999997690865,4.143239999999996,0.4975000027567661,7.053847069437517e-12,-4.29305211666385e-22
120.03322839736938,-1.6800000002805326,1.9479999999013788,4.144769999741308,0.4975000014810212,7.213627451315352e-12,0.006981313466842357
120.13322234153748,-1.6339999998080952,1.9309999996154261,4.138650001121019,0.48650000545265765,7.663696859462697e-12,-0.04886919155032948
120.23313641548157,-1.5909999997194255,1.912999999954701,4.117230002808979,0.4590000115408469,7.0084197302468405e-12,-0.2164207422167626
120.33334517478943,-1.5519999992728266,1.895999999683402,4.075920003168918,0.42400001327189446,6.5716989819776875e-12,-0.41887892085312817
120.43323826789856,-1.5159999997141824,1.8779999999639632,4.0193100026062165,0.39750000964494286,5.900600002367324e-12,-0.5654866031572394
120.53321242332458,-1.4839999993974278,1.8599999996922598,3.9443400028724467,0.36500001094033613,5.455198997674046e-12,-0.7504914873192838
120.63331127166748,-1.4569999994437062,1.8400000000707868,3.851010003285814,0.3345000098963401,4.038448073265819e-12,-0.9389870418770482
120.73323464393616,-1.4329999995682066,1.8199999997906868,3.750030000905305,0.3060000081786814,3.4475167404006413e-12,-1.0053096165291284
120.8332166671753,-1.413999999566137,1.7990000000336932,3.650580000087766,0.27550000879643965,2.264129873610053e-12,-1.0018189924182688
120.9331579208374,-1.3979999996910486,1.7789999997727992,3.5572499985952692,0.24850000657898316,1.830486601020248e-12,-0.9320058548819069
121.03320789337158,-1.3859999996978782,1.7609999996499583,3.479219997689258,0.2180000078598306,1.5664905370717285e-12,-0.7853982379282513
121.1331033706665,-1.376999999661356,1.7439999996754278,3.422609996189216,0.18550000772687203,1.0521400111625245e-12,-0.5654867857860117
121.23313164710999,-1.3699999998159864,1.7289999998468293,3.379769997820519,0.1600000049716527,7.035462813087458e-13,-0.4293510650623086
121.33322548866272,-1.3649999997337954,1.7169999995793999,3.355289996863263,0.12950000622523825,4.3779141316107554e-13,-0.23736487283181976
121.43308687210083,-1.360999999868973,1.7079999995827386,3.350699996821456,0.09800000658948363,5.326081201287037e-13,-0.055850628308565214
121.53337550163269,-1.3579999999021641,1.7009999997185528,3.3583499978149813,0.0720000037625229,5.547161429555466e-13,0.08377573542303604
121.63303256034851,-1.3559999999096828,1.6969999996410368,3.3858899967388556,0.041000005744028956,6.906488540927647e-13,0.275761924412376
121.73308753967285,-1.3549999999318363,1.6959999996164417,3.4302599973117935,0.010500004856301436,9.546486712442735e-13,0.4363322339160002
121.83308696746826,-1.3549999999837752,1.6959999999683268,3.4929899966556794,-0.004000001194707334,8.96947664135139e-13,0.6318090899735745
121.93305516242981,-1.3550000001251394,1.6960000002109465,3.5710199977261725,0.0014999913253166478,8.411408395364996e-13,0.7888887445756723
122.03305578231812,-1.3550000000707616,1.6960000001005164,3.6674099968293925,-0.002500004588342486,7.903199905256108e-13,0.9599310017249685
122.13309264183044,-1.3550000001294666,1.6960000001506745,3.763800000190864,-0.0035000054575226747,7.411220452067165e-13,0.9634217453834226
122.23321294784546,-1.3550000001464326,1.6960000001404525,3.83877000336647,0.0004999929756892563,6.963381969460694e-13,0.7574729999514423
122.3333580493927,-1.3550000000910654,1.696000000075105,3.9045600018371616,0.001499994567818538,6.529823638605389e-13,0.6632251621184035
122.43308925628662,-1.3550000000720175,1.696000000051837,3.994829995785227,-0.002000003399068938,6.134954414295025e-13,0.8970991168508251
122.53312373161316,-1.3550000001329483,1.69600000007853,4.094279998625155,-0.0015000047047529358,5.753414377845944e-13,0.998328282285057
122.63307690620422,-1.3550000001207536,1.69600000005598,4.193729999814119,0.0004999950018623085,5.405562976232195e-13,0.9948376754083612
122.73314619064331,-1.3550000000846882,1.6960000000294515,4.291650000509287,0.0004999960742788061,5.069306860625711e-13,0.9843657032810061
122.83316016197205,-1.3550000000794462,1.6960000000191697,4.39109999957722,-0.0010000031160462258,4.762888628315903e-13,0.9948376683205908
122.93312382698059,-1.3550000001083031,1.6960000000149615,4.490550000262434,-0.0020000031240542983,4.4665380813863943e-13,0.9948376736367651
123.03307127952576,-1.3550000001131561,1.6960000000042812,4.601715304950824,0.011499991543787075,4.1965284782297227e-13,0.9564404495835372
123.13321805000305,-1.3510000006085736,1.6969999998163094,4.679745310318401,0.0439999852111784,8.309478144558308e-13,0.7679449636529826
123.23314118385315,-1.3440000005811736,1.6979999999252156,4.73941530987951,0.07099998782474959,7.398642368554276e-13,0.6003933477603919
123.33307027816772,-1.3350000003938458,1.699999999901631,4.782255310159078,0.09949998834632033,7.36962950805372e-13,0.43982305051771226
123.43306541442871,-1.3220000007041737,1.7029999998933174,4.808265310106901,0.13399998642360494,4.735976498462997e-13,0.24783685128343047
123.533047914505,-1.3070000003492996,1.7079999997644766,4.8159153100561936,0.15999999082170313,8.546822099981036e-13,0.07679457120032196
123.63303709030151,-1.2890000005479383,1.712999999903999,4.814385308718601,0.19149998895807224,6.149242983436104e-13,-0.010471931175568425
123.73302173614502,-1.2680000003987626,1.7189999999176884,4.81438530700505,0.22249999021270095,4.705650734776614e-13,0.0034906516359691723
123.83306908607483,-1.2450000003354305,1.7259999998538247,4.81438530723776,0.2489999921477873,5.774925065415087e-13,-0.0034906549576459397
123.93302845954895,-1.2190000002673393,1.733999999852246,4.818975306368708,0.2569999997837094,7.510767927195426e-13,0.05235985008371354
124.03301548957825,-1.19699999950023,1.7400000002677687,4.841925304165791,0.22450001516558277,3.6939206144373103e-13,0.21642074389887994
124.13302946090698,-1.1789999992479316,1.7470000000154011,4.883235304012755,0.18850001511927839,1.0334295531071159e-12,0.4188789208839425
124.23301768302917,-1.1629999997066491,1.7530000000946508,4.939845304576601,0.16800000872048423,1.0102790542213186e-12,0.5689772599134467
124.33318138122559,-1.1499999994886103,1.7590000001591735,5.013285304614927,0.13750001162657693,1.1328306639067068e-12,0.7365288618826323
124.43323540687561,-1.1409999994200444,1.7640000002534921,5.10508530392683,0.1035000126087014,1.2016659411303557e-12,0.9180430944380926
124.53333568572998,-1.134999999484263,1.7690000001197912,5.2014753066680335,0.07600000903243473,1.6980360209416104e-12,0.9634217247685121
124.63306522369385,-1.1309999996727846,1.772000000299574,5.27797531028532,0.04200001129344581,1.5058357681038735e-12,0.7749262836210686
124.73322343826294,-1.1299999996378833,1.7740000001268075,5.336115310558679,0.016000007233166906,1.8984526271989197e-12,0.5759587510642686
124.83308553695679,-1.1299999998331316,1.7740000001745946,5.377425309784673,0.0010000029058831348,1.7837515022513174e-12,0.4084071300714075
124.93312311172485,-1.1300000000376187,1.7739999999573146,5.400375310221414,-0.0005000024370041319,1.6727434146957226e-12,0.2338742056636426
125.03372812271118,-1.1300000000528954,1.7730000001400383,5.4095553095248485,-0.004000001510027296,1.1830631761144104e-12,0.08726653698803566
125.1336600780487,-1.1290000002867124,1.7739999996942277,5.409555308634023,0.009999992080242928,1.0253723097444875e-12,-0.0034906138138162957
125.23318195343018,-1.1270000003015657,1.7769999995176846,5.409555307121406,0.04299998515070616,1.1840057764009716e-12,-1.7718350124769355e-09
125.33331227302551,-1.1230000002499825,1.781999999667581,5.408025307430625,0.0744999870090873,1.1691219527386267e-12,-0.003490656785741395
125.43328499794006,-1.1160000004700859,1.7899999995257554,5.409555306862527,0.10099998933955609,9.201415531306923e-13,0.006981311692360208
125.53319835662842,-1.1080000002721349,1.7999999996115599,5.408025307546411,0.13349998812203354,9.80599476723803e-13,-0.003490653360956126
125.6331958770752,-1.098000000310666,1.811999999642848,5.409555306861834,0.16049999050754166,8.867339062290202e-13,0.006981311678136315
125.73315453529358,-1.0860000002818726,1.8269999995704687,5.409555307295937,0.19199998979430385,1.0081011614132725e-12,-0.003490653356993525
125.83318185806274,-1.072000000360763,1.8429999997616564,5.409555307121405,0.22099999096715164,5.715252223202985e-13,-1.7745053456155735e-09
125.9332389831543,-1.057000000087907,1.8629999995375361,5.409555307179582,0.2504999916966404,1.2506374330378345e-12,-8.734245177562609e-16
126.03310489654541,-1.0390000004069915,1.883999999675097,5.409555307179582,0.28049999166824674,8.55878962096972e-13,-4.432971955354469e-22
126.13322639465332,-1.020000000099838,1.907999999690767,5.409555307179582,0.30999999272353407,1.1809012536890683e-12,-2.8683470038927287e-26
126.23322319984436,-0.9980000004509897,1.933999999591663,5.409555307179582,0.3399999926170919,8.477609110860932e-13,2.3176008728140565e-26
126.33310389518738,-0.9750000001150596,1.9619999998398057,5.409555307179582,0.37099999306863535,8.36555424558956e-13,-0.003490656786687581
126.43330812454224,-0.9510000000785404,1.9909999999266685,5.412615306603128,0.3750000034240573,7.446904861697651e-13,0.04188787899039361
126.5330958366394,-0.9289999995102551,2.019000000371294,5.434035304365843,0.3455000156200062,1.1519657446607717e-12,0.19896745746640626
126.63307332992554,-0.9099999995522285,2.0440000004142624,5.475345303501818,0.30950001751319306,1.3697266096275888e-12,0.4258602222460667
126.73307728767395,-0.8939999995036256,2.0670000005395504,5.531955304991327,0.28300001248777884,1.561795206440268e-12,0.5619959521498172
126.83342742919922,-0.8809999995828441,2.090000000129276,5.6053953041164934,0.25650001204466577,2.3069060894613156e-12,0.7400195124543953
126.9333746433258,-0.8719999993369516,2.110000000587628,5.697195304454353,0.22050001449022866,3.1279735966243402e-12,0.9250244125123184
127.03340172767639,-0.8649999997007303,2.1290000001904548,5.798175305501083,0.19350001060549407,3.536091577088416e-12,1.0053096083727149
127.13311839103699,-0.8609999996481132,2.1450000005224252,5.897625307629843,0.164000010541651,3.889114924608651e-12,0.9948376787874061
127.23312616348267,-0.858999999758689,2.1590000003273344,5.99401530743679,0.13500001007262774,4.161970350945025e-12,0.9738937332532549
127.33309030532837,-0.8579999999198318,2.170000000462881,6.091935307353871,0.1075000085410604,4.001720524773097e-12,0.9808750361863575
127.43322229385376,-0.8579999999852816,2.178000000449993,6.191385306689034,0.07150001160061775,3.794410520445543e-12,0.9983283232754043
127.53319239616394,-0.8589999999271196,2.1830000003533137,6.286245308263842,0.047500006016507064,3.890729574388091e-12,0.9494591371246844
127.63315892219543,-0.8590000001589395,2.1850000004328667,6.364275309807169,0.01950000745593257,3.430613489818638e-12,0.7749262764384157
127.73312044143677,-0.8590000000748148,2.1850000002751457,6.420885310800065,0.0005000033548864698,3.217292661870561e-12,0.5724680943805709
127.8331687450409,-0.8589999999727898,2.184999999918149,6.4606653099930575,-0.0005000035010374222,3.0227148519243853e-12,0.40142581473946787
127.93310785293579,-0.8599999997692223,2.1849999999103007,6.488205309350166,0.010999992088096622,3.4157912822974914e-12,0.26878077011593227
128.03360295295715,-0.8609999998577056,2.1889999993356257,6.4943253106231875,0.04149998517958158,2.851946028512367e-12,0.059341300937469116
128.13317012786865,-0.8639999997145242,2.1949999995498723,6.494325308168605,0.07299998609666061,2.9594323817721743e-12,2.9196485756832757e-08
128.2332136631012,-0.8669999999456142,2.2039999995018955,6.494325307179583,0.09999998827879944,2.3602095399480804e-12,0.0034906567310697286
128.33363223075867,-0.8719999997872474,2.2159999994868356,6.494325307237759,0.1334999869316801,2.2095575415102798e-12,1.7174769319401595e-09
128.43307518959045,-0.878999999614237,2.230999999436267,6.494325307179583,0.16099998961934833,2.4893685262767653e-12,8.718293390292364e-16
128.53310561180115,-0.8859999998765637,2.247999999660319,6.494325307179583,0.1914999894786436,2.281323170296053e-12,4.290216841116035e-22
128.63312911987305,-0.8939999998699886,2.2679999995206925,6.494325307179583,0.22099999013741195,1.9517172962821945e-12,1.0621105704039378e-26
128.73350715637207,-0.903999999760579,2.2909999996166426,6.494325307179583,0.25049999110173876,2.062138420498528e-12,-1.3672921323980922e-26
128.83323740959167,-0.9149999997248486,2.315999999617845,6.494325307179583,0.27949999147572735,2.2548312568764113e-12,-2.2588660310505875e-26
128.93323230743408,-0.9269999998281264,2.3439999997379637,6.494325307179583,0.3109999914308896,2.2969956032316318e-12,-1.364408895502576e-26
129.03332328796387,-0.939999999794285,2.374999999539172,6.494325307179583,0.33899999290908045,2.1952587503755927e-12,-3.2653957656353296e-27
129.13329243659973,-0.9539999999020967,2.4089999996778833,6.494325307179583,0.3694999927633935,1.9523779667344598e-12,9.666313623204089e-27
129.2334041595459,-0.9699999996465696,2.4459999994268538,6.494325307179583,0.4009999924625771,2.148211425097909e-12,-3.2998262277871405e-26
129.3331217765808,-0.9859999999934335,2.4849999998561985,6.494325307179583,0.4284999947751819,1.8589390848516916e-12,1.6752158286322404e-26
129.43328881263733,-1.0039999997022395,2.5269999995184205,6.494325307179583,0.4599999932451973,2.0124733644613104e-12,-3.2426204040750855e-26
129.53322839736938,-1.0229999998630959,2.570999999975087,6.494325307179583,0.4879999953202349,2.2558693406460177e-12,-4.5502254517506275e-26
129.63313603401184,-1.0419999999598826,2.617999999607405,6.494325307179583,0.5020000006232245,1.780238067184347e-12,4.716124598548076e-26
129.73311734199524,-1.0619999999844172,2.664000000344053,6.494325307179583,0.4985000072084779,2.1330333561657313e-12,-6.241548790056073e-26
129.83312702178955,-1.0810000000342939,2.709999999988839,6.494325307179583,0.4995000050964356,1.8972340246146274e-12,1.5148794024692108e-26
129.93310976028442,-1.1000000001497199,2.755000000465257,6.494325307179583,0.4835000110723527,1.9085444962168956e-12,-1.7291946297314688e-26
130.03312349319458,-1.1180000001039474,2.797000000481308,6.495855306920641,0.4565000147831267,2.0590464165100688e-12,0.00698131346337739
130.13305854797363,-1.1350000002097254,2.8370000006130054,6.494325307546902,0.4250000152066564,2.068320326986705e-12,-0.017453280495999292
130.2331817150116,-1.150000000247477,2.874000000380663,6.494325306888696,0.39500001407337365,1.6996584625771321e-12,-8.853007531922641e-09
130.33335161209106,-1.1650000000969989,2.908000000617206,6.494325307179583,0.367000012128579,2.061003707210299e-12,0.0034906567845015882
130.43312788009644,-1.178000000190421,2.939000000488644,6.494325307237759,0.3375000122791136,1.9734381661833523e-12,0.0034906585039877836
130.5331268310547,-1.1900000002299098,2.968000000504148,6.494325307237759,0.3075000113723945,1.7939652118765582e-12,-0.0034906550645906363
130.63320207595825,-1.2010000001242371,2.994000000371887,6.494325307121404,0.2775000110180254,1.7705177254517617e-12,-0.003490658503986911
130.7331600189209,-1.2110000001515822,3.017000000553871,6.497385306619513,0.25000000906156816,1.8921979842974963e-12,0.041887879719398925
130.8334240913391,-1.220000000094089,3.0390000000991035,6.511155305547561,0.2420000013954341,1.6343887946853892e-12,0.13264497707797912
130.93353700637817,-1.2309999997635153,3.062999999688322,6.514215308888192,0.2769999853351905,1.8227002404882175e-12,0.031415976370134574
131.03346371650696,-1.2439999995931004,3.0909999993802044,6.512685307962112,0.30549998829776687,2.076404278992226e-12,-0.020943924440310097
131.1331398487091,-1.256999999904167,3.1209999997062683,6.5142153065797785,0.3299999908457527,1.851331425401642e-12,0.01745327364228022
131.23334574699402,-1.271999999625077,3.153999999359117,6.512685307729722,0.3654999868887929,1.9905686401297203e-12,-0.010471961316483706
131.33307719230652,-1.28799999981152,3.189999999659319,6.514215306754391,0.39049999202629887,1.9795667985343115e-12,0.003490651641497925
131.43314290046692,-1.3039999999169627,3.2259999998726565,6.51727530671937,0.3999999981150596,1.9332289573706102e-12,0.03839722580349509
131.53310894966125,-1.3200000001126373,3.2610000004504798,6.537165304558101,0.37150001237148356,2.0658987783751174e-12,0.19896745573952537
131.633141040802,-1.335000000105106,3.2900000008378583,6.580005303242231,0.33050001673882473,2.71419558361155e-12,0.42586022223725495
131.733051776886,-1.348000000479976,3.3140000010990307,6.628965306270409,0.23500003521580928,2.808303240357823e-12,0.4817108461492709
131.83309125900269,-1.3510000016843833,3.319000002900111,6.619785316767825,0.060500064735976244,2.6761079560094878e-12,-0.09075682930655088
131.93311190605164,-1.351000000507785,3.319000000885273,6.619785305666971,0.0020000155697830688,2.509521256130584e-12,-4.4653277048167794e-08
132.03313064575195,-1.350999999931883,3.318999999881111,6.6243753064028255,-0.005500004143538274,2.3578387768909115e-12,0.05235985097752841
132.13307785987854,-1.3509999998606954,3.318999999759555,6.624375308052247,-8.771646152483381e-09,2.2110449110368676e-12,2.5757942341553264e-08
132.2333619594574,-1.350999999923431,3.3189999998678,6.624375307179584,-6.207946146724597e-09,2.0774666226324747e-12,1.3083521535706804e-14
132.33333730697632,-1.3509999999258646,3.318999999872,6.624375307179584,-5.821457538246477e-09,1.9481298906749733e-12,6.4364120653838065e-21
132.43339824676514,-1.3509999999325384,3.3189999998835225,6.624375307179584,-5.469766715948676e-09,1.8304378178517168e-12,3.265631928280862e-27
132.53332042694092,-1.350999999934702,3.31899999988726,6.624375307179584,-5.129355785601919e-09,1.7165205210998777e-12,-3.640902253356711e-30
132.6333303451538,-1.3509999999405267,3.3189999998973168,6.624375307179584,-4.819314114445916e-09,1.6127661873823764e-12,-3.757502500260538e-30
132.73316359519958,-1.3509999999423936,3.3189999999005395,6.624375307179584,-4.5189979050452855e-09,1.512266443933494e-12,-3.6375314645310106e-30
132.83320832252502,-1.3509999999476747,3.318999999909656,6.624375307179584,-4.24621390479607e-09,1.4209802568991407e-12,-3.7628604314295766e-30
132.93322038650513,-1.3509999999493303,3.3189999999125184,6.624375307179584,-3.982068457961119e-09,1.3325849297862952e-12,-3.644240289971062e-30
133.03321504592896,-1.350999999953821,3.318999999920269,6.624375307179584,-3.7413311077677536e-09,1.2520230387555898e-12,-3.756786652118878e-30
133.13324999809265,-1.3509999999553344,3.318999999922881,6.624375307179584,-3.508476063493471e-09,1.174098933259994e-12,-3.642291430539994e-30
133.23319697380066,-1.3509999999593312,3.318999999929786,6.624375307179584,-3.2964726330575456e-09,1.1031527465937678e-12,-3.758725610948776e-30
133.3331401348114,-1.350999999960644,3.318999999932047,6.624375307179584,-3.0912944964239797e-09,1.0344906177276142e-12,-3.642092987991792e-30
133.4331409931183,-1.350999999964161,3.3189999999381232,6.624375307179584,-2.9044650755663537e-09,9.719688225490696e-13,-3.7579854447677334e-30
133.53322672843933,-1.350999999965289,3.318999999940071,6.624375307179584,-2.723512917794657e-09,9.114138319448188e-13,-3.638386294308504e-30
133.63316988945007,-1.350999999968458,3.318999999945542,6.624375307179584,-2.559082374828381e-09,8.563877400600368e-13,-3.762155277347773e-30
133.7330482006073,-1.3509999999694386,3.3189999999472377,6.624375307179584,-2.399769760512427e-09,8.030743449829547e-13,-3.6413435427522174e-30
133.8332393169403,-1.3509999999721813,3.3189999999519695,6.624375307179584,-2.2547468761860423e-09,7.545429569953091e-13,-3.758338924735233e-30
133.9331612586975,-1.3509999999730642,3.3189999999534936,6.624375307179584,-2.114322691752768e-09,7.075505067471132e-13,-3.639757440877813e-30
134.03314113616943,-1.3509999999755085,3.3189999999577133,6.624375307179584,-1.986642623845458e-09,6.648228301188929e-13,-3.76124436620417e-30
134.13312244415283,-1.3509999999762652,3.318999999959022,6.624375307179584,-1.8629119497015623e-09,6.234168037739873e-13,-3.639634910285419e-30
134.23314929008484,-1.3509999999784323,3.318999999962763,6.624375307179584,-1.7504800118098296e-09,5.857918590255166e-13,-3.763583460372352e-30
134.33324360847473,-1.3509999999790772,3.3189999999638795,6.624375307179584,-1.6414158816868696e-09,5.492939390472129e-13,-3.638136130008866e-30
134.4331362247467,-1.350999999980985,3.3189999999671715,6.624375307179584,-1.5422939418641146e-09,5.161231369571533e-13,-3.76124681123242e-30
134.53320002555847,-1.350999999981573,3.318999999968186,6.624375307179584,-1.4462330118203415e-09,4.839766911972403e-13,-3.6394355758308786e-30
134.6331479549408,-1.3509999999832445,3.318999999971072,6.624375307179584,-1.3588884193241335e-09,4.547471367988867e-13,-3.760818637415133e-30
134.7331817150116,-1.3509999999837685,3.3189999999719757,6.624375307179584,-1.2742710610649799e-09,4.2643024113120007e-13,-3.640364028288932e-30
134.83314728736877,-1.3509999999852322,3.318999999974502,6.624375307179584,-1.1972830960167713e-09,4.0066649461950046e-13,-3.759315601849029e-30
134.93310260772705,-1.3509999999857083,3.3189999999753255,6.624375307179584,-1.1227793816209752e-09,3.7573409379311376e-13,-3.642994609791288e-30
135.03322196006775,-1.350999999986982,3.3189999999775255,6.624375307179584,-1.0549202678934722e-09,3.5302528479046435e-13,-3.757904735325606e-30
135.13309526443481,-1.3509999999874012,3.3189999999782485,6.624375307179584,-9.892430104241345e-10,3.3104662612928204e-13,-3.641081508898372e-30
135.2331347465515,-1.3509999999885292,3.3189999999801953,6.624375307179584,-9.294451042141105e-10,3.110354711622124e-13,-3.7572747129652355e-30
135.33333134651184,-1.3509999999889075,3.318999999980848,6.624375307179584,-8.716185091392492e-10,2.9168400843023314e-13,-3.6436890198547245e-30
135.43335843086243,-1.350999999989865,3.318999999982501,6.624375307179584,-8.187828800382269e-10,2.740027546980448e-13,-3.746103465585017e-30
135.53317856788635,-1.350000000183826,3.318000000173927,6.624375307179584,-0.012499996137968959,3.1604879297043716e-14,0.003490656780720344
135.6331558227539,-1.3490000000580729,3.315000000358988,6.625905306978893,-0.035999992044532525,4.1568945509013497e-13,0.006981315236174946
135.7331624031067,-1.3450000003931528,3.30900000050326,6.6259053072959375,-0.078999985608781,1.1589736972667476e-13,3.4366813023850584e-09
135.8331422805786,-1.3400000001846646,3.3000000003995424,6.625905307179583,-0.10199999361065787,2.3152163305538605e-13,1.745229874958383e-15
135.9331214427948,-1.3340000001101462,3.2900000001273453,6.624375307430501,-0.13249999151313258,1.1860804366450547e-13,-0.010471970359791439
136.03324699401855,-1.325000000449986,3.2760000004659666,6.625905306745928,-0.16349999146728375,-3.505842166222448e-13,0.006981308140317383
136.13311672210693,-1.3160000000695042,3.2600000002232434,6.624375307546764,-0.18949999422182284,-1.6384220285669803e-13,-0.003490653353681793
136.2331874370575,-1.305000000271125,3.2410000004722814,6.62590530686245,-0.22499999063477047,-1.472114881430285e-13,0.003490654959187792
136.33312344551086,-1.2920000002264374,3.2200000001238536,6.625905307237758,-0.24999999551677246,-5.600037897509784e-13,1.7167638057674628e-09
136.43311762809753,-1.2780000002595742,3.1960000004323463,6.622845307697872,-0.2819999928083047,-5.469739674736931e-13,-0.01745328365142636
136.5331313610077,-1.2630000000531023,3.1690000002945666,6.625905306386933,-0.30849999567534536,-1.9267718596187495e-13,0.01745327534861144
136.6331558227539,-1.2460000002713816,3.14000000042061,6.624375307729601,-0.3429999925597697,-2.496267308511939e-13,-0.003490647862359718
136.7331645488739,-1.2270000002104826,3.1090000000130953,6.624375307121404,-0.3684999967665798,-7.89233046507475e-13,-1.7165163379226356e-09
136.83313059806824,-1.2070000002799048,3.0740000005835397,6.624375307179584,-0.402999993211613,-5.918363297593201e-13,-8.722167486555353e-16
136.93315839767456,-1.1859999999915,3.037999999940098,6.6197853079315365,-0.42999999683039986,-6.268252937881335e-13,-0.0488691950379182
137.03314018249512,-1.1630000003032972,2.998000000507743,6.596835310253402,-0.4589999959180811,-6.201598989878399e-13,-0.23387402573381888
137.13313341140747,-1.1409999998521574,2.955000000223035,6.5570553098093995,-0.48999999578132,1.6438541757950818e-13,-0.3979349886897434
137.23313522338867,-1.1199999998480674,2.9100000001789317,6.498915310388849,-0.5010000033089582,7.94488001642791e-13,-0.5829398762172798
137.33329892158508,-1.1019999995682142,2.8629999998452558,6.425475309504048,-0.5025000067395448,1.8120147165706971e-12,-0.7260568984396497
137.43330192565918,-1.0869999997706454,2.8150000000713575,6.333675310615302,-0.4975000087955751,2.4163840297853874e-12,-0.9250244025344101
137.533349275589,-1.0779999994198182,2.7659999998029714,6.2326953083114915,-0.4960000068960061,3.906378331905761e-12,-1.0157815800398378
137.63324570655823,-1.0739999994723064,2.716999999987387,6.133245307105711,-0.5005000042054695,5.216093993838373e-12,-1.001818997744313
137.73324537277222,-1.0739999996534682,2.6669999996909914,6.038385306026709,-0.4890000099005842,5.954047320553147e-12,-0.9459684820365262
137.83310985565186,-1.0789999995836634,2.6219999992771683,5.961885304368216,-0.4580000168903652,6.958846476487479e-12,-0.7574729911269019
137.93311667442322,-1.0859999998904382,2.5789999992826216,5.903745304064881,-0.4290000146962943,7.181285802154063e-12,-0.579449399018983
138.03316974639893,-1.0940000000505243,2.5399999994538724,5.860905304777908,-0.3965000155244264,6.915556428427555e-12,-0.429351072257058
138.13329911231995,-1.1030000001109954,2.5039999993329873,5.836425304031956,-0.36450001395913345,6.641798679915328e-12,-0.2443461861542577
138.23364090919495,-1.112000000073749,2.4709999996300187,5.828775304399165,-0.3425000096775088,6.314185444980655e-12,-0.07330391524624291
138.33331561088562,-1.1200000002434738,2.4409999993450304,5.8303053057053615,-0.3045000148309608,5.737379453772456e-12,0.01047193403636612
138.43334555625916,-1.1270000001908436,2.4139999996293295,5.831835307095336,-0.2775000100906059,5.13616577281419e-12,0.00698131877914411
138.53327441215515,-1.1340000000766413,2.389999999411746,5.83336530704475,-0.2500000093452283,5.073844610518213e-12,0.006981317007978198
138.63310861587524,-1.1400000000800148,2.3679999996968,5.831835307554993,-0.21900001043575282,4.774826457411654e-12,-0.0069813099156303465
138.7333869934082,-1.1450000001539369,2.3499999993865055,5.831835307063227,-0.18850000923133797,4.52072736104698e-12,-0.0034906602216797492
138.8332347869873,-1.1490000001647687,2.332999999884036,5.827245307898401,-0.18000000063644847,3.8666638674142136e-12,-0.03839722581689573
138.93315720558167,-1.1549999997750433,2.3120000007038497,5.805825310051221,-0.22049998241680976,3.7138104854036406e-12,-0.21991139647903707
139.03310084342957,-1.1619999998471133,2.2890000004695694,5.766045310243792,-0.24499998910659468,3.521120222311851e-12,-0.3944443223759371
139.13320422172546,-1.1719999996309145,2.264000000297326,5.710965309646208,-0.27449998821462424,4.095999999611621e-12,-0.5585052798525091
139.2330300807953,-1.1839999996488206,2.237000000382267,5.635995310545462,-0.30499998821972124,4.385834433462735e-12,-0.7470008242533969
139.33301329612732,-1.1999999995869022,2.208000000227421,5.544195309805656,-0.3364999889144225,4.957933921674899e-12,-0.9215337590636983
139.43302297592163,-1.2209999993051266,2.1780000003332476,5.4447453086539275,-0.3634999909454731,5.8921196745178716e-12,-0.9913469796823347
139.53328442573547,-1.2449999997290835,2.1489999999028773,5.349885306220742,-0.3680000001332499,6.391085499501481e-12,-0.9424778201307047
139.63303923606873,-1.26900000015622,2.124999999465884,5.273385304417189,-0.3370000136187413,6.746622097114239e-12,-0.764454302750549
139.73301482200623,-1.2920000004324468,2.104999999361671,5.213715304225002,-0.3085000114828763,6.8830232922219466e-12,-0.5969026866211502
139.8330307006836,-1.3140000002983445,2.086999999758408,5.172405304222926,-0.27700001227053755,6.462070441736693e-12,-0.4258604243333225
139.93302607536316,-1.3350000002688613,2.0729999994496,5.14792530409947,-0.24600001095767388,6.93973648146118e-12,-0.23736487107659549
140.03332209587097,-1.3530000003160652,2.0599999998070255,5.140275304517588,-0.22200000797721217,6.441869898567067e-12,-0.06981325510956296
140.13316464424133,-1.3680000006279087,2.0489999996522816,5.141805305765001,-0.1855000118203471,5.8011838469920404e-12,0.010471935994713244
140.23310947418213,-1.382000000126986,2.0399999997363265,5.143335307095096,-0.15700000848187545,5.874329800668659e-12,0.006981318780793297
140.33302927017212,-1.3920000005223585,2.031999999815125,5.143335307295938,-0.12850000761026764,5.033542261115558e-12,0.003490660220924653
140.4330620765686,-1.4010000001894483,2.0259999997935436,5.14333530723776,-0.10050000729836558,4.905974145810385e-12,-0.0034906549595876014
140.53304529190063,-1.4070000003658443,2.0219999996946556,5.143335307121404,-0.07050000725707395,4.7219436443335285e-12,0.003490655067542318
140.63314580917358,-1.4100000004404176,2.0189999998678365,5.143335307237759,-0.03850000793216516,4.0025072032347274e-12,-0.0034906549588830603
140.73302221298218,-1.41100000031871,2.0189999996358297,5.143335307121404,-0.009500005958864265,4.1120120377019075e-12,-1.7186529682050589e-09
140.83362913131714,-1.4110000000475278,2.018999999966539,5.143335307179582,-0.0004999982996775352,3.863409380483614e-12,-8.723200114016646e-16
140.93305158615112,-1.410999999903817,2.019000000068064,5.143335307179582,4.836946624481309e-09,3.6230197597038718e-12,-4.293914439254793e-22
141.03308725357056,-1.4109999999051475,2.0190000000671136,5.143335307179582,-0.0004999950798112128,3.4039456501969503e-12,-2.1790044092771796e-28
141.1331799030304,-1.4109999999164824,2.0190000000591017,5.143335307179582,-0.0004999955762214747,3.1921873761139256e-12,2.1299520726836385e-33
141.23308634757996,-1.4109999999243676,2.019000000053523,5.143335307179582,3.9656000375837275e-09,2.999212169444614e-12,9.888425331837296e-34
141.3331220149994,-1.410999999918948,2.019000000057349,5.143335307179582,3.9092123375189525e-09,2.8125619136465125e-12,9.480045896700576e-39
141.43310117721558,-1.4109999999261937,2.019000000052222,5.143335307179582,3.6729825448472697e-09,2.642601556077594e-12,1.248765080642041e-39
141.5330057144165,-1.4109999999285225,2.0190000000505735,5.143335307179582,3.4442045604432536e-09,2.4780026104388687e-12,-6.913408772126016e-40
141.6332402229309,-1.410999999935008,2.0190000000459856,5.143335307179582,3.236183522548064e-09,2.328337667964833e-12,-1.148613354320807e-39
141.73321557044983,-1.4109999999370348,2.0190000000445516,5.143335307179582,3.0346458384372665e-09,2.1833373071322064e-12,6.938943367193699e-40
141.83329916000366,-1.4109999999427245,2.019000000040525,5.143335307179582,2.8513268300264794e-09,2.051444738806693e-12,7.890555980532913e-40
141.9336380958557,-1.4109999999445648,2.0190000000392234,5.143335307179582,2.673893547550099e-09,1.9237867761757056e-12,2.9581810607107307e-40
142.03312063217163,-1.4109999999495368,2.0190000000357053,5.143335307179582,2.5123780859545586e-09,1.8075812122935624e-12,-1.3947154781999636e-40
142.133202791214,-1.410999999951116,2.019000000034588,5.143335307179582,2.355914133916892e-09,1.6950100584179825e-12,4.216448676892426e-40
142.23315978050232,-1.4109999999555374,2.019000000031459,5.143335307179582,2.2136066998509896e-09,1.592624097956441e-12,-8.102058512144523e-41
142.33329844474792,-1.410999999956939,2.019000000030467,5.143335307179582,2.0757843751176286e-09,1.4934650391035058e-12,-1.1316176853694105e-40
142.43323755264282,-1.4109999999608167,2.019000000027723,5.143335307179582,1.950377445485152e-09,1.4032384877450687e-12,-2.167040614497047e-40
142.5335681438446,-1.410999999962069,2.019000000026837,5.143335307179582,1.8289762057296932e-09,1.3158939117795558e-12,-5.9061807506861024e-40
142.6332814693451,-1.410999999965446,2.019000000024448,5.143335307179582,1.718382482314429e-09,1.2363250207663226e-12,-1.8824042587282486e-40
142.73325896263123,-1.410999999966565,2.0190000000236568,5.143335307179582,1.6113656641641994e-09,1.1593296076998106e-12,-1.1041637005601445e-40
142.83304977416992,-1.4109999999695688,2.019000000021532,5.143335307179582,1.5139643575259876e-09,1.0892522684673622e-12,-6.21084827842024e-41
142.93323230743408,-1.4109999999705884,2.0190000000208097,5.143335307179582,1.419827042829086e-09,1.0215232738710678e-12,2.0721366034736258e-40
143.0330412387848,-1.410999999973182,2.019000000018975,5.143335307179582,1.3339903708574352e-09,9.597663443616962e-13,-1.385154278254598e-40
143.1330108642578,-1.4109999999740737,2.0190000000183437,5.143335307179582,1.2510094639893443e-09,9.000640529316004e-13,4.056559875517726e-40
143.23306846618652,-1.4109999999763705,2.0190000000167196,5.143335307179582,1.17537702487569e-09,8.456487658224459e-13,-1.5051502873389812e-41
143.3330385684967,-1.4109999999771539,2.019000000016165,5.143335307179582,1.1022523666373574e-09,7.930377516410507e-13,-6.984377656868029e-41
143.43318367004395,-1.410999999979186,2.019000000014727,5.143335307179582,1.0356339748447685e-09,7.451078027857349e-13,-2.2997583891785974e-40
143.53315329551697,-1.4109999999798681,2.0190000000142447,5.143335307179582,9.71195817343895e-10,6.987464674691757e-13,1.9726132835643594e-40
143.63311576843262,-1.410999999981657,2.0190000000129773,5.143335307179582,9.124913945106339e-10,6.565103835643116e-13,1.80905808811891e-41
143.73311495780945,-1.4109999999822627,2.01900000001255,5.143335307179582,8.557184648372296e-10,6.156639514418336e-13,-1.7484907853349324e-40
143.83313035964966,-1.4109999999838418,2.0190000000114323,5.143335307179582,8.040029223985168e-10,5.78456158984941e-13,1.0889987714325407e-40
143.93322205543518,-1.4109999999843659,2.019000000011061,5.143335307179582,7.539653224669651e-10,5.424555960009577e-13,-1.2123250577473271e-40
144.0330843925476,-1.4109999999857585,2.019000000010076,5.143335307179582,7.083847360696977e-10,5.096617212430857e-13,-7.227882308374912e-41
144.1330862045288,-1.4109999999862168,2.019000000009751,5.143335307179582,6.642738700681633e-10,4.779252667464563e-13,-4.4558390830940615e-41
144.23307585716248,-1.4109999999884515,2.0180000002114022,5.140275307697855,-0.0019999986122567984,-4.362036037646215e-14,-0.031415910573136294
144.33305406570435,-1.4110000000212697,2.017999999985068,5.120385309917154,-0.001499999645412199,-4.089823042389895e-14,-0.19198613873792153
144.43311166763306,-1.4110000000138196,2.0179999999907032,5.079075310979647,-0.0004999998640058706,-3.8429220279875816e-14,-0.41538824841056443
144.53333258628845,-1.410999999997765,2.0180000000013707,5.023995309288143,-0.0009999993065553884,-3.6036620197165995e-14,-0.5480333198751359
144.63317584991455,-1.4110000000074834,2.017999999995952,4.949025310732209,-0.000999999533286259,-3.385838080706063e-14,-0.757472789040762
144.73304653167725,-1.411000000008105,2.0179999999963725,4.857225309610433,-0.00099999956227612,-3.1750694033680074e-14,-0.9110617939742844
144.83305311203003,-1.4119999998062482,2.0179999999968095,4.757775308827977,-0.000999999589240776,1.6516187812387742e-13,-1.0088002580235458
144.93316984176636,-1.4110000002062133,2.017999999997821,4.662915305930138,1.6565948543760967e-11,1.350649481306058e-14,-0.9459684855077588
145.03302359580994,-1.4119999997907176,2.0180000000008285,4.58488530462548,-0.005499997514885424,9.36883521969154e-14,-0.7714356180371527
145.13395810127258,-1.4120000000992103,2.01799999999438,4.528275303606265,0.0019999974664334473,8.785510445451218e-14,-0.5794494061182798
145.2330551147461,-1.4110000001542051,2.018000000000002,4.470660000088763,0.0005000009657849867,8.254290071810165e-14,-0.41538844523270085
145.36680030822754,-1.4109999999815326,2.0179999999989366,4.446179997092319,0.0005000003345683766,7.740542457917707e-14,-0.2373648658749549
145.43304705619812,-1.4119999997800416,2.017999999998622,4.440059997080233,-0.000999999113455509,2.325255061965742e-14,-0.06283194173422829
145.5666697025299,-1.4120000000127284,2.0180000000011264,4.440059998952797,-1.0939318423547686e-10,2.180579451632799e-14,-3.091606058658325e-08
145.63326382637024,-1.411999999993446,2.0179999999994207,4.440059999999995,2.670534985640613e-10,2.0487208189411632e-14,-1.5688252698619502e-14
145.76666831970215,-1.411999999993661,2.01799999999944,4.4400599999999955,2.5042889983950545e-10,1.921182821904133e-14,-7.718414807864589e-21
145.83325362205505,-1.4119999999942294,2.01799999999949,4.4400599999999955,2.352925368648631e-10,1.8050631539126352e-14,-3.918606463689642e-27
145.96667170524597,-1.4119999999944195,2.017999999999507,4.4400599999999955,2.2065727055872036e-10,1.6927876847335025e-14,-1.929625537483624e-33
146.03323793411255,-1.4119999999949115,2.0179999999995504,4.4400599999999955,2.073131221812935e-10,1.590417117084074e-14,-9.85521994440221e-40
146.1667881011963,-1.4119999999950714,2.0179999999995646,4.4400599999999955,1.9439024261797e-10,1.4912783427644015e-14,-1.2228123253012406e-43
146.2332947254181,-1.4119999999955297,2.017999999999605,4.4400599999999955,1.826688580128591e-10,1.4013569207580016e-14,3.754015143846644e-42
146.36639642715454,-1.4119999999956665,2.017999999999617,4.4400599999999955,1.7130089425936024e-10,1.314146792320503e-14,4.939923295303408e-42
146.43311047554016,-1.4119999999960537,2.017999999999651,4.4400599999999955,1.60949887803314e-10,1.2347383217241833e-14,-5.7382352831534674e-42
146.56704258918762,-1.4119999999961763,2.017999999999662,4.4400599999999955,1.5092001351977094e-10,1.1577934398375078e-14,-3.519141496130432e-42
146.63350558280945,-1.4119999999965245,2.017999999999693,4.4400599999999955,1.4181043058586473e-10,1.087908637123201e-14,-2.7505791027687455e-42
146.7664339542389,-1.411999999996631,2.0179999999997023,4.4400599999999955,1.3297434540201353e-10,1.020121991598397e-14,7.298029379014518e-42
146.83305883407593,-1.4110000001940648,2.0179999999991978,4.438530000259018,0.009999996307638892,6.275200557812786e-14,-0.006981313462255325
146.96689891815186,-1.4070000005599876,2.017999999979586,4.438529999883641,0.04049998909526359,2.818018803342278e-13,-0.006981317007975569
147.03307914733887,-1.4000000005717919,2.0179999999233376,4.43852999988364,0.07399998822424664,6.429485216816476e-13,-3.5502386733568536e-09
147.16658806800842,-1.3910000002375043,2.0170000000588084,4.438529999999996,0.09999999213877125,4.852331741537249e-13,0.003490656786169722
147.23306798934937,-1.3780000005737634,2.0160000000171405,4.438530000058173,0.13449998906059657,5.57989109392198e-13,-0.003490654958033585
147.36649179458618,-1.362000000379819,2.0149999999476473,4.438529999941818,0.1614999929224468,7.955755237609133e-13,-1.7174092369585947e-09
147.43309783935547,-1.3430000005433893,2.0139999999047378,4.437000000259017,0.19099999207434998,1.1741019025339906e-12,-0.0034906567311383556
147.56678938865662,-1.3210000004113915,2.012000000034995,4.436999999941818,0.22249999217690913,1.1094844106246014e-12,-1.7180884987269551e-09
147.63321495056152,-1.2970000003203008,2.009999999989405,4.438529999741118,0.2484999943840607,1.160692678953037e-12,0.0034906567321255307
147.76649165153503,-1.2690000004217392,2.007999999935733,4.437000000309066,0.2819999922717875,1.4102268055979318e-12,-0.0034906550695488537
147.8332827091217,-1.239000000336386,2.0059999998792835,4.436999999941818,0.30999999443623744,1.7732290702926262e-12,-1.7730762283743595e-09
147.9669270515442,-1.206999999983406,2.0039999998156737,4.43852999974901,0.3160000032374061,2.237860430852909e-12,-8.600304819210749e-16
148.03330636024475,-1.1769999996828862,2.0010000000325165,4.438529999999996,0.2930000140386751,1.9219945510210714e-12,-4.345127831563614e-22
148.16666197776794,-1.151999999002797,1.9999999996642601,4.438529999999996,0.24800002102193736,2.575829770121586e-12,0.0034906567856484156
148.23320722579956,-1.1299999994628873,1.997999999955842,4.438530000058173,0.22250001282156434,2.4077926305055616e-12,1.7705755941260781e-09
148.36649680137634,-1.1099999994661722,1.9969999997945012,4.438529999999996,0.19450001266408296,2.752822556901678e-12,-0.0034906567850312652
148.4331398010254,-1.0929999995567297,1.9950000000556298,4.437000000200661,0.1655000125971332,2.3035734705175955e-12,-1.771634391273258e-09
148.56652569770813,-1.0789999994590538,1.9939999998951325,4.438529999748931,0.13650001148072233,2.3343922272845547e-12,0.006981313571188778
148.63316535949707,-1.0669999997220323,1.9929999999588288,4.438530000116351,0.12700000368044964,2.2412943041151437e-12,3.5440226725524937e-09
148.76645922660828,-1.0510000006008493,1.9919999999675368,4.438529999999996,0.16549998561668613,2.3740368115579536e-12,1.7444868707265052e-15
148.86647844314575,-1.0320000005230945,1.9909999999031471,4.437000000258659,0.1934999900576392,2.657559038148549e-12,-1.2932291568210097e-17
148.9664659500122,-1.0110000002383295,1.9890000000372197,4.438529999748802,0.21199999449443177,2.444120645415525e-12,0.003490656784710575
149.03313612937927,-0.9860000007849301,1.9879999998169993,4.438530000058173,0.25599998489164477,3.0479394947876843e-12,1.7716841574540176e-09
149.16641426086426,-0.9599999999440563,1.9859999999283287,4.443119999248702,0.25250000387473676,3.06855312576129e-12,0.05235985184894975
149.23311638832092,-0.9369999996131515,1.9839999999745208,4.464539997236314,0.22450001306962525,2.8616299291934957e-12,0.20943943023992473
149.36650228500366,-0.9169999994243447,1.9839999997128166,4.505849996733872,0.19350001296659997,3.476992233356329e-12,0.4188789177090996
149.46650671958923,-0.8999999995801211,1.9839999999132667,4.580295301567359,0.16600001123867678,3.4969616398693735e-12,0.5724679167085307
149.56686687469482,-0.885999999456752,1.9849999999750068,4.653735304671832,0.13750001059200645,3.4475830308931593e-12,0.7365288635920058
149.6668848991394,-0.8759999993422216,1.986999999932674,4.747065303623962,0.10300001260490863,3.681184377167675e-12,0.9320057210917229
149.7664704322815,-0.8679999996143373,1.9890000000422863,4.844985306644697,0.07600000862089581,3.586322846698786e-12,0.9948376427053185
149.86646437644958,-0.862999999634054,1.9910000000465828,4.94443530691278,0.04500000995137741,3.5768279597257714e-12,0.9913470169067773
149.9664375782013,-0.8619999994476508,1.9920000001344558,5.043885307399508,0.016500008025943178,3.6715243441809344e-12,0.9948376719201326
150.06639099121094,-0.8619999997871144,1.9920000001207498,5.141805307197926,-0.0024999957479462306,3.449495605877071e-12,0.9878563601712662
150.1664605140686,-0.8610000002988283,1.9919999999283002,5.236665308080338,0.00999999213909151,2.8770285409411827e-12,0.9529497887700776
150.26650214195251,-0.8580000004952293,1.994999999488462,5.314695309846526,0.04099998539996884,2.9001658464417935e-12,0.771435621607879
150.3665337562561,-0.8540000002273036,1.9999999995771707,5.371305310753603,0.07349998613094014,3.155220415452728e-12,0.5794494061111235
150.46644473075867,-0.8470000004509899,2.0069999996680465,5.4156753093244445,0.09849998944249845,2.620532245621056e-12,0.432841728964375
150.5664644241333,-0.839000000322363,2.016999999569688,5.438625310631218,0.13299998689820175,2.5262847810046413e-12,0.23387421762255503
150.66637516021729,-0.8300000001790941,2.029999999482312,5.446275309782678,0.16099998975795332,2.8973272450649994e-12,0.06981325338447725
150.7663917541504,-0.8190000001921085,2.0430000000218325,5.440155309347546,0.16649999903013868,2.1939939946600704e-12,-0.0593411309776094
150.86645436286926,-0.8109999995768984,2.0550000002078495,5.418735309812287,0.14100001084548985,2.6786934588594446e-12,-0.20594877736945907
150.96636843681335,-0.8039999996144829,2.0630000006046125,5.377425310528755,0.09800001635399105,2.257992950500606e-12,-0.41887891561166524
151.06668829917908,-0.7979999999381313,2.0690000002363966,5.3223453095108155,0.08150000573777147,1.7947635514407737e-12,-0.5585052898169948
151.16651725769043,-0.794999999480897,2.0720000005385892,5.245845310436287,0.04450001277939846,1.660360767094754e-12,-0.7539821405403471
151.2663791179657,-0.7929999997808892,2.073000000342627,5.1540453101432435,0.01400000993746323,1.220764490623955e-12,-0.9285150734825248
151.3663947582245,-0.7929999998276127,2.0730000001246123,5.053065308270777,-0.0004999969402818124,1.1447997612237055e-12,-1.0053096113527737
151.466402053833,-0.7939999998595546,2.0729999999637156,4.959735306227239,-0.0025000017261838864,1.3779582100637282e-12,-0.9354965145316128
151.5665009021759,-0.7940000000992296,2.072999999954352,4.883235304137923,-0.0005000031192746966,1.2922008954908222e-12,-0.7784169236969076
151.666424036026,-0.793000000261852,2.0729999999782196,4.8250953040423585,0.0014999970466959799,1.0042080277340693e-12,-0.5689774424518752
151.76640486717224,-0.7930000000221895,2.072999999993238,4.7837853044706495,-0.0020000007162183685,9.41690762911243e-13,-0.42236975110488717
151.8664002418518,-0.7939999998812155,2.072999999977982,4.759305304284877,-2.7312925679826017e-09,1.0373068697165785e-12,-0.23736487224253167
151.9665596485138,-0.7930000002354998,2.0729999999909077,4.751655304477827,0.009499994695561299,8.303290577348944e-13,-0.07679456607097787
152.06655645370483,-0.7890000006445881,2.073999999835026,4.751655305899673,0.040999986495832946,8.338977388317836e-13,-3.9028054385492617e-08
152.1664593219757,-0.782000000574234,2.075999999788939,4.751655307179581,0.07349998735320311,1.0304605649841356e-12,-1.9199138242740806e-14
152.2664759159088,-0.7730000003758324,2.0779999999236938,4.751655307179582,0.10049998982725934,9.419886859981326e-13,-9.751321849864988e-21
152.36641335487366,-0.7600000005600478,2.0809999998635895,4.751655307179582,0.1339999883813973,9.117142876602206e-13,-0.0034906567861886133
152.46640706062317,-0.7450000003792603,2.0839999999965606,4.751655307121404,0.1604999913714535,6.164566802598065e-13,-1.770783652956659e-09
152.56651616096497,-0.7270000003478465,2.087999999938543,4.751655307179582,0.19149999053898834,5.241718716620682e-13,-8.721692418118e-16
152.66679763793945,-0.7050000006546249,2.0929999998508464,4.751655307179582,0.2214999911363216,4.938163531905559e-13,-4.429499438953492e-22
152.76639485359192,-0.6810000002662928,2.098999999832652,4.751655307179582,0.24999999269606377,7.977550106849662e-13,0.003490656801721589
152.8667278289795,-0.654000000552557,2.104999999901868,4.751655307237759,0.2809999916459227,6.719188922567126e-13,-0.003490654928127682
152.96648335456848,-0.6259999999318282,2.1110000000865523,4.7577753061170025,0.28300000333931213,4.1153224724292225e-13,0.05585050684695198
153.06679487228394,-0.5999999996910752,2.1170000000872062,4.777665304745137,0.25450001475100753,3.4313568872260044e-13,0.20245811881557807
153.16662335395813,-0.5789999991477277,2.1230000000888327,4.8205053035256284,0.22250001479441545,7.141448924460978e-13,0.4328415411057015
153.26639127731323,-0.5599999995637432,2.1290000000736016,4.877115304814453,0.19550001236387093,8.351588023306888e-13,0.5619959535783359
153.36673760414124,-0.5439999994611622,2.1359999999636217,4.952085304247614,0.1660000122028955,1.472765619785969e-12,0.7470008288053926
153.46672105789185,-0.5319999994144062,2.142000000145227,5.043885304098525,0.1355000121874832,1.706378046098468e-12,0.9250244132009257
153.56644010543823,-0.5229999994353474,2.1480000001429254,5.143335306270812,0.10600001071432563,2.0862060222851084e-12,0.9913469824699936
153.6664035320282,-0.5159999997221671,2.153000000185241,5.242785306870668,0.07600001059551895,1.987063423823437e-12,0.9983283285960955
153.76676726341248,-0.5129999994847019,2.156000000368755,5.340705307759981,0.04650000939571748,2.0501939887809534e-12,0.9878563617808438
153.8666477203369,-0.5119999996114739,2.1580000002183883,5.4401553068116515,0.016000009558735533,2.3183488608336813e-12,0.9983283268235271
153.96687150001526,-0.5119999998514864,2.1580000001918758,5.535015308251139,3.2547042977393303e-09,2.174113795115932e-12,0.9389871667879413
154.0664038658142,-0.5120000000396736,2.157000000140379,5.611515309887211,-0.00600000057425645,1.7198276960208952e-12,0.774926271152163
154.16646075248718,-0.5110000002808803,2.1579999996447823,5.669655310555981,0.013999989792179037,1.3548988146536059e-12,0.5724680943061043
154.26638960838318,-0.5100000001018437,2.161999999409077,5.712495309474972,0.04199998713085054,1.7296937435140342e-12,0.4328417253416657
154.36639881134033,-0.5080000000837561,2.1679999995805677,5.736975310380118,0.06999998825932868,1.8767760062989264e-12,0.24434618799057026
154.46641159057617,-0.5040000003153633,2.1769999994844667,5.74309531021579,0.10449998614863007,1.4300059219242108e-12,0.0663226020035404
154.56676387786865,-0.500000000051708,2.1889999996166924,5.743095308284959,0.12999999074892155,1.6101413940621282e-12,-0.010471937739593234
154.6664538383484,-0.4940000003006677,2.203999999422559,5.74309530700505,0.16099998889534783,1.2738927209106354e-12,0.006981308138873384
154.7667543888092,-0.48800000003068433,2.2219999995536805,5.743095307295937,0.19149999023586203,1.6005235323047324e-12,-0.006981310189415838
154.86639666557312,-0.4800000002794693,2.241999999558745,5.743095307063228,0.2199999910567234,1.1878640343456045e-12,0.0034906531456129616
154.96645545959473,-0.4720000000125477,2.2649999996741284,5.74309530723776,0.2514999909198446,1.4353154149699017e-12,-0.0034906550670722905
155.06645393371582,-0.4630000000480141,2.2899999997095613,5.738505307898521,0.25500000178966836,1.5156765291224382e-12,-0.041887882545181145
155.1664423942566,-0.4549999997561134,2.311000000689722,5.717085309995679,0.221500015380731,1.3736952241067877e-12,-0.21293008455822543
155.26647686958313,-0.44699999996080564,2.329000000486455,5.6773053103635815,0.1940000125527695,8.599007050237215e-13,-0.40142563224911326
155.3664309978485,-0.4399999997831525,2.345000000404776,5.620695309775635,0.16650001144863702,9.079470531466491e-13,-0.5654865969069841
155.46640515327454,-0.43299999988008153,2.357000000533532,5.5472553100931945,0.13650001194356148,4.3320394031698666e-13,-0.7295475446437931
155.56639909744263,-0.42699999976979974,2.3660000005219137,5.4569853099316195,0.10650001101352087,1.647587743501857e-13,-0.9110617795913106
155.66683530807495,-0.42199999976364566,2.372000000455509,5.356005309091575,0.07550001100793868,-9.323018519360286e-14,-1.00181894454801
155.7667863368988,-0.41799999980310965,2.376000000283944,5.259615306292748,0.04750000884645064,-2.362384019848624e-13,-0.9634217659948859
155.86660242080688,-0.4169999995497822,2.377000000383157,5.186175303540732,0.011000011871394821,-1.7578189944833937e-13,-0.7435103729058307
155.96669244766235,-0.41699999988698444,2.3770000000873264,5.128035304330819,-0.0004999985100497522,-1.6484867149212502e-13,-0.582940049233895
156.06683564186096,-0.41600000026334705,2.376999999958734,5.0867253044529095,0.011499992565761535,-4.95722627943406e-13,-0.40840713355117786
156.1665117740631,-0.41300000043103147,2.3789999997059463,5.059185304891883,0.04249998614934976,-3.986741820715165e-13,-0.2652901167560361
156.26639413833618,-0.4070000005027872,2.3819999998109935,5.053065303794187,0.07299998681372674,-6.466732474232447e-13,-0.059341299168014755
156.36640238761902,-0.3990000003120908,2.386999999746815,5.054595305939734,0.09999998929445904,-4.0806943255894564e-13,0.0069812843894295346
156.46684646606445,-0.38800000048985694,2.393999999591623,5.053065307554999,0.1334999871324998,-6.55975205966561e-14,-0.0069813099154448065
156.56643176078796,-0.3740000004152986,2.4019999997802652,5.054595306812216,0.16099999054620198,-1.1807874638123297e-13,0.003490653349916842
156.6663851737976,-0.35800000041981406,2.4109999998161142,5.053065307496544,0.19149998965929244,-2.653937055809388e-13,-0.006981311694294745
156.76787972450256,-0.3390000003689497,2.4219999997863644,5.0530653070632265,0.22149999083304373,-2.4880267600197446e-13,0.0034906533482652402
156.86642265319824,-0.31800000035926423,2.434999999621088,5.053065307237759,0.25099999124070976,2.0658090293051252e-13,1.770940294149731e-09
156.96643781661987,-0.2930000004948585,2.448000000003574,5.0530653071795815,0.2809999919374943,-5.988297808436017e-13,8.716096342750732e-16
157.06799125671387,-0.26700000033113724,2.4639999996156776,5.0530653071795815,0.3099999924463848,-6.803695642650718e-14,4.428905428664013e-22
157.1679630279541,-0.2380000002353988,2.4809999998222576,5.0530653071795815,0.3414999923498797,4.9620443420690834e-14,-9.212544615996391e-27
157.2664806842804,-0.20600000048481348,2.4989999998262338,5.05459530692045,0.36649999491069024,-2.280179697840116e-13,0.003490656730381164
157.36657214164734,-0.17200000022851114,2.51899999981873,5.053065307488619,0.40099999202652464,-8.12574103242449e-14,-0.0034906550700134894
157.46642184257507,-0.13500000044746052,2.5399999998264087,5.053065307121404,0.4304999940044399,-2.961280225862982e-13,-1.7726350456936935e-09
157.56642055511475,-0.09600000008724585,2.562999999866534,5.054595306928564,0.4604999945388741,-5.107197691557423e-14,-8.599244942352127e-16
157.6664683818817,-0.05400000042364361,2.587999999632305,5.053065307438502,0.4889999950932309,2.645113347367624e-13,-1.2946426714860739e-17
157.76644110679626,-0.010000000053977942,2.6130000000619322,5.0530653071795815,0.5010000018230912,-6.565147266463393e-15,-8.46189856340343e-24
157.8664333820343,0.03300000006432491,2.638000000015791,5.0530653071795815,0.49500000844293374,4.8985890647018965e-14,-7.878978957116882e-27
157.96651887893677,0.07600000022987707,2.6630000001123055,5.0530653071795815,0.4970000048927544,1.027486620871381e-13,-7.532145157752188e-27
158.06681609153748,0.1189999999822664,2.687999999968288,5.054595306920592,0.4985000047646361,1.5169419831107464e-13,1.2949495522621568e-17
158.16650891304016,0.16200000027013495,2.71300000015347,5.053065307430476,0.4990000048543341,1.5175238163949624e-13,-1.2544654305684028e-17
158.26666855812073,0.20500000000253493,2.7379999999800217,5.0530653071795815,0.49850000493716734,1.977338592604473e-13,-8.502468105118624e-24
158.36667156219482,0.24800000026258218,2.763000000131244,5.0530653071795815,0.49800000462335614,2.4223583486152246e-13,-7.563407294971516e-27
158.4667329788208,0.29199999977411295,2.787999999965341,5.0530653071795815,0.4985000039691076,-1.973344517003094e-14,3.489774599022661e-26
158.56641507148743,0.33500000024850785,2.8130000001230853,5.054595306928594,0.49650000465042077,3.8298125162682835e-14,0.0034906567861124056
158.66794276237488,0.3779999999347403,2.8389999997554476,5.0530653074966665,0.5025000013406563,5.672333131528245e-13,-0.0034906549598523887
158.76650643348694,0.42100000031838647,2.8640000001635837,5.053065307121404,0.49700000556931084,5.887506266371971e-13,-0.003490658503986914
158.86817860603333,0.46399999992345187,2.88899999993422,5.054595306862038,0.4975000030104176,6.083019650042894e-13,0.0034906549535583206
158.96769785881042,0.507000000207011,2.9140000001168085,5.0530653074887155,0.49950000227492697,5.799397892845831e-13,1.71764919301709e-09
159.06653308868408,0.550999999767809,2.9389999999617387,5.0545953069205805,0.4975000036415793,2.9766502072617774e-13,8.8525012940095e-16
159.16646146774292,0.5940000001973917,2.964000000111211,5.053065307430572,0.4985000022832244,2.886425315452642e-13,-0.0034906567861040017
159.26648950576782,0.6369999999481895,2.988999999948567,5.053065307121404,0.49850000251555354,3.263590010624219e-13,-1.772465978676363e-09
159.36646223068237,0.680000000214811,3.014000000103586,5.0530653071795815,0.49850000235844805,3.62845300383964e-13,-8.723564050738702e-16
159.4664032459259,0.7229999999462109,3.0389999999474337,5.054595306920762,0.4975000025976964,3.9609439902329427e-13,0.0034906567325148578
159.56665110588074,0.7660000001885141,3.0640000001060574,5.05459530723776,0.4995000013165978,3.8093621397779535e-13,1.7171341709643073e-09
159.66643071174622,0.8099999997410485,3.0889999999639954,5.05306530743861,0.49950000197743544,6.39883892898071e-14,-0.0034906567310917704
159.76667308807373,0.853000000221753,3.1140000001076,5.054595306870434,0.49850000222294005,1.1681385561689521e-13,-1.7177455304516476e-09
159.86685347557068,0.8959999999214663,3.13999999974763,5.053065307438624,0.4995000013376306,6.407468833637164e-13,-0.003490656730998098
159.96650505065918,0.939000000216291,3.1650000001044547,5.053065307121404,0.49650000274235423,6.576659270867796e-13,-1.7176579069667908e-09
160.06649827957153,0.9819999998898599,3.1899999999148005,5.05459530692053,0.4995000003220641,6.730759263454095e-13,0.0034906567309248644
160.16780734062195,1.0250000002063455,3.215000000116423,5.0530653074886915,0.4985000018137134,6.406791577856275e-13,-0.003490655069018147
160.2664086818695,1.0679999999215273,3.2399999999331346,5.053065307121404,0.500500000571065,6.5711663405554e-13,-1.7729799195627394e-09
160.3664698600769,1.1120000000345467,3.265000000113127,5.0530653071795815,0.49800000221980706,3.6141158065370585e-13,-8.71941268973824e-16
160.4664318561554,1.1549999999279716,3.289999999936909,5.054595306921151,0.4965000017330267,3.9479813918784834e-13,0.0034906567351779267
160.56656503677368,1.1980000001286957,3.3150000000712954,5.053065307489248,0.4985000003146629,3.797548825372482e-13,1.7212936020104264e-09
160.66645526885986,1.2409999999149877,3.3399999999293435,5.0530653071795815,0.4985000010373613,4.119592939381153e-13,8.741992987517554e-16
160.76659488677979,1.2840000001848173,3.365000000086223,5.0530653071795815,0.500000000418326,4.43117493229456e-13,4.302648864969582e-22
160.86677527427673,1.3269999999464916,3.389999999947603,5.0530653071795815,0.49900000132963424,4.715170595245529e-13,-0.003490656732788101
160.96638298034668,1.3709999999928257,3.4150000000890435,5.054595306870384,0.4980000012354574,1.87587087896171e-13,0.006981311853715511
161.06641507148743,1.4139999998969301,3.439999999936534,5.054595307295937,0.4980000007912422,1.8547841896161832e-13,3.5442066512528236e-09
161.16643381118774,1.457000000162334,3.4650000000908383,5.053065307430632,0.4995000001874874,1.8343506505526578e-13,1.7320979054508903e-15
161.26780581474304,1.499999999928086,3.490999999733819,5.0530653071795815,0.5014999999683624,7.498583476833786e-13,8.773542834277536e-22
161.3664174079895,1.5430000002314914,3.516000000113261,5.0530653071795815,0.49700000239255815,7.599868788284105e-13,-7.091350195670448e-27
161.46783185005188,1.5859999998791885,3.5409999999086255,5.0530653071795815,0.4985000000115738,7.692155657924762e-13,-7.693588125159206e-27
161.5664472579956,1.629000000177311,3.5660000000818917,5.0530653071795815,0.4975000009510286,7.781447389417775e-13,-7.475558356813208e-27
161.6664526462555,1.672999999686076,3.5909999999144206,5.054595306920593,0.5004999993794702,4.838805387699251e-13,0.003490656731354238
161.7667841911316,1.7160000002038869,3.6160000001149895,5.053065307488717,0.5005000005603133,4.632665215492952e-13,-0.006981311854993797
161.86638736724854,1.7589999999438177,3.640999999946052,5.0530653070632265,0.4980000014804027,4.904436467185412e-13,-3.5430295875979456e-09
161.96641969680786,1.8020000001575056,3.6660000000703987,5.054595306928402,0.4970000008054847,5.167019740740767e-13,0.003490656784798655
162.06638360023499,1.8449999998739077,3.690999999923168,5.05306530749661,0.49849999981478776,4.946915713708883e-13,1.7716786419007258e-09
162.16695475578308,1.8889999999841427,3.7160000000839233,5.054595306928813,0.5004999996596045,2.0905280616850656e-13,8.836804416920673e-16
162.26643443107605,1.9319999999217385,3.740999999950944,5.053065307438805,0.500500000419688,2.0565052924690757e-13,-1.2960708582672532e-17
162.3667507171631,1.9750000002086567,3.7660000001000284,5.0530653071795815,0.49750000150009266,2.4966879704845337e-13,-8.508700734893404e-24
162.4664068222046,2.017999999878805,3.7909999999083848,5.0530653071795815,0.49700000049157667,2.8972015693043077e-13,-7.706591946967663e-27
162.56643533706665,2.061000000147093,3.8160000000643883,5.0545953069286815,0.4979999999008276,3.2850194666749285e-13,0.003490656786719816
162.66639256477356,2.103999999884331,3.8419999997261005,5.05459530723776,0.49999999951385227,8.397373322009205e-13,1.7726499786270555e-09
162.76669764518738,2.1470000001935095,3.8670000001089724,5.053065307430401,0.49850000085882806,7.969421741518584e-13,-0.00698131357455167
162.86640048027039,2.189999999890805,3.8910000001185185,5.057655306286051,0.4870000046437778,2.8173885345965556e-13,0.05235984741697296
162.96638131141663,2.2290000007130404,3.9150000001846177,5.077545304789756,0.45600001141508345,8.98231540348896e-13,0.1884954922257633
163.06675934791565,2.2650000004319306,3.9380000000685067,5.120385303068393,0.42250001204807985,1.340307468926849e-12,0.4258602169296084
163.1664206981659,2.2980000004714185,3.9610000001589327,5.176995304990955,0.3970000079472854,1.6713874259084846e-12,0.5724679225056303
163.2667841911316,2.3270000003868674,3.9849999998847663,5.248905304553698,0.3690000087171733,2.5386936891680736e-12,0.7260568908689058
163.36679911613464,2.3510000007581127,4.008000000287289,5.342235303973652,0.3345000102451934,3.2792227998767673e-12,0.9250244056601636
163.46644473075867,2.371000000467152,4.03199999992132,5.443215305506154,0.30700000736178207,4.251347160121326e-12,1.0088002651164538
163.5664563179016,2.3880000003383435,4.056000000064348,5.538075308428298,0.29799999975126656,4.709634805489518e-12,0.9599311126522079
163.6665976047516,2.404999999684857,4.084999999104077,5.613045310500175,0.33099998385460505,5.049739511430091e-12,0.7400197144138848
163.76643800735474,2.420999999921288,4.11799999931681,5.672715309719909,0.36849998356770525,5.523187992845149e-12,0.5969026746492433
163.8666796684265,2.4359999999911475,4.153999999376218,5.714025310134238,0.39499998832332267,5.932245319295202e-12,0.41887911089594976
163.96671152114868,2.4510000000134884,4.192999999642423,5.736975310397199,0.4224999889975522,6.027225200595614e-12,0.23038355400054422
164.06640219688416,2.465999999949438,4.234999999379063,5.741565310242085,0.44899998971431454,6.1763104023803295e-12,0.052359967993553774
164.16668486595154,2.482999999807909,4.279999999586247,5.743095307801261,0.4859999867933847,5.681370707954136e-12,0.0034906825541567016
164.26639652252197,2.4999999999479092,4.3269999996006,5.743095307237761,0.4994999961260161,5.6069757313519574e-12,1.7726758290426137e-09
164.3664140701294,2.5170000001638995,4.373000000386691,5.738505307928267,0.48350000738068616,5.316791095116933e-12,-0.04886919514235217
164.46642112731934,2.533999999942745,4.416000000274726,5.717085310011032,0.45750001103284105,4.555086830729943e-12,-0.20943942824647668
164.5667154788971,2.5500000002585006,4.4550000008068436,5.6727153109628246,0.4220000134820658,4.079250937825138e-12,-0.4363322014100063
164.66637229919434,2.5679999998209624,4.491000000343427,5.616105309494718,0.39550000966449755,2.927600959847323e-12,-0.5724679254872727
164.76777362823486,2.58600000011214,4.5240000004748175,5.542665309679058,0.3690000087395002,2.362415611848216e-12,-0.7295475500732708
164.86642241477966,2.6050000000047735,4.552000000525704,5.449335310825465,0.3340000117794272,1.407573992851305e-12,-0.9424776879007348
164.96641445159912,2.6250000000600515,4.576000000536305,5.348355308034482,0.30900000693444746,4.4630292939892055e-13,-1.0088002750178053
165.06675624847412,2.645000000096334,4.595000000598085,5.247375307448399,0.27600000985583395,-5.849417138674559e-13,-1.005309650920194
165.16677451133728,2.6659999999517705,4.612000000230529,5.15404530574301,0.2719999981555537,-1.1959274551195172e-12,-0.9354965134449846
165.26640224456787,2.6909999992848226,4.6289999996996425,5.080605304013908,0.303999984578865,-1.64550765642356e-12,-0.7400197020686439
165.3666980266571,2.719999999435224,4.64500000002053,5.020935304633108,0.3349999862810642,-2.534355429510693e-12,-0.6038839881777132
165.46641564369202,2.7519999993847764,4.660999999909015,4.979625304110146,0.362999987884674,-3.007420659010304e-12,-0.40840714427077396
165.5665271282196,2.7869999996474464,4.67799999982219,4.955145304387515,0.395499987314456,-2.800752211836561e-12,-0.23387420563734213
165.66641640663147,2.825999999298233,4.694999999830726,4.949025304317296,0.4229999896080519,-3.037411493587365e-12,-0.07330391009791465
165.76639533042908,2.865999999884539,4.713999999731588,4.950555305706946,0.45299998965567967,-2.223416862305778e-12,0.020943904656640547
165.86654257774353,2.909999999367847,4.732999999872328,4.949025307787787,0.4814999904903928,-2.5126236515192403e-12,-0.017453273009621104
165.96676683425903,2.9559999997927164,4.7539999998252584,4.950555306637751,0.500999994748603,-2.1200111902192563e-12,0.010471961771505882
166.06676173210144,3.0010000000593067,4.774000000071015,4.949025307612816,0.49900000304032816,-2.112438760563549e-12,-0.0069813081546911595
166.1665177345276,3.0470000000926385,4.794999999959379,4.9505553068119905,0.49700000282934303,-1.745142060849132e-12,0.003490653345281848
166.26647520065308,3.0919999999790635,4.815000000034974,4.949025307496484,0.49800000153652213,-1.760244534631866e-12,-0.0034906549623532103
166.3665256500244,3.1380000000699964,4.835999999949268,4.950555306870203,0.4970000021911543,-1.4148014543631992e-12,-1.7193290272402018e-09
166.46669936180115,3.1839999997669617,4.856000000030938,4.949025307438471,0.5014999999720876,-1.6973135628239747e-12,-0.0034906567320429262
166.56661939620972,3.229000000335697,4.876999999980171,4.9490253071214045,0.4995000024251143,-1.1015806246445436e-12,-1.7176925107970087e-09
166.66673111915588,3.274999999807135,4.897000000032234,4.949025307179582,0.4955000030663635,-1.3566036200788527e-12,-8.722848039064573e-16
166.766455411911,3.320000000221645,4.9170000001259595,4.950555306928647,0.49750000061261584,-1.3494757471951824e-12,1.2546269744183904e-17
166.86642456054688,3.3659999997630354,4.937999999826121,4.949025307438546,0.4985000009345146,-1.0852727662266594e-12,-1.2948205912503681e-17
166.96648573875427,3.411000000275087,4.958000000149878,4.950555306928672,0.5005000005181596,-1.0950416916515168e-12,1.2545461944154609e-17
167.06650710105896,3.4569999998105994,4.978999999847475,4.949025307438636,0.4980000021818507,-8.462954852185534e-13,-0.003490656730912156
167.166757106781,3.5020000002638847,4.999000000144866,4.950555306870552,0.49950000053895877,-8.709467198108462e-13,0.003490655070102164
167.26647233963013,3.547999999783076,5.01999999983508,4.949025307496945,0.4955000025900493,-6.358505422847518e-13,1.773972095522186e-09
167.36671686172485,3.593000000220675,5.040000000125518,4.950555306928891,0.49899999961231545,-6.736280391493306e-13,0.003490656788146674
167.4664330482483,3.6389999997764777,5.060999999832132,4.9490253074969,0.5019999997839142,-4.5040994948521726e-13,-0.0034906549566613757
167.56640911102295,3.6850000001315673,5.081000000173724,4.9505553068704975,0.49800000241682907,-7.536502981948345e-13,-1.7173095228847912e-09
167.66648316383362,3.7299999999584745,5.101000000025812,4.950555307179583,0.4980000007917615,-8.286177487906786e-13,-8.724292815469925e-16
167.76777577400208,3.776000000051293,5.121999999957762,4.9490253074304364,0.49700000111145254,-5.888465101315516e-13,-1.2543133101150497e-17
167.86666917800903,3.8200000001391503,5.141999999998999,4.945965307697884,0.48650000468516535,-3.8193688006695674e-13,-0.03839722403269791
167.96671795845032,3.8630000004280625,5.160000000403112,4.926075309800218,0.4590000105355922,-9.74167595142782e-13,-0.20245811254728588
168.0664291381836,3.9020000005127224,5.1760000002942155,4.883235311057577,0.42000001462054776,-1.1311140567714058e-12,-0.42935088075997396
168.16644096374512,3.940000000355351,5.189000000345261,4.8266253093100255,0.39700000734202423,-1.6931170812353714e-12,-0.5585052970788297
168.26640582084656,3.97600000022281,5.1990000002859755,4.754715310040828,0.36650001002965105,-2.208789590947113e-12,-0.7225662270312746
168.36640977859497,4.009000000572061,5.205000000447237,4.6613853104460965,0.33300001015469,-3.0422343399468367e-12,-0.9354963742856963
168.46639037132263,4.040000000251547,5.207000000468148,4.560405308589248,0.30550000758729473,-4.15071956128422e-12,-1.015781584109599
168.5663766860962,4.06900000026983,5.207000000192956,4.4446500021535735,0.2790000065288449,-4.4699541631450885e-12,-0.9843657136623342
168.6665337085724,4.094000000375918,5.20400000015197,4.345200000416346,0.2480000081066931,-4.744011983243276e-12,-0.9983283250552317
168.76668047904968,4.115000000619646,5.199000000104015,4.247279999424166,0.2175000070595387,-5.12831497509773e-12,-0.9773843914238627
168.86667895317078,4.1340000001924295,5.1930000000491425,4.14783000054505,0.1875000068022834,-5.117626835542469e-12,-0.9983283215046607
168.96636772155762,4.148000000588374,5.186999999843505,4.054499998674061,0.1565000063953338,-5.030559603998392e-12,-0.9424778235674854
169.06636786460876,4.160000000214713,5.1809999998587575,3.976469997504342,0.13300000351186858,-4.644671843992811e-12,-0.7714356162658175
169.1664321422577,4.169000000353178,5.1749999998729255,3.918329996678991,0.09900000688837934,-4.598912688115377e-12,-0.5864307197048049
169.26643228530884,4.175000000265371,5.170999999775222,3.8785499969583705,0.06700000610797527,-4.225438414486309e-12,-0.397935165155496
169.36650466918945,4.178000000332155,5.167999999889258,3.8540699973803845,0.03900000386803136,-4.3192159342121585e-12,-0.2443461708058027
169.46671605110168,4.180999999868623,5.166999999820886,3.8464199972231796,0.034999994811884816,-3.3998072454223755e-12,-0.06981325875742211
169.56690740585327,4.184999999646281,5.163000000435077,3.8494799983350623,0.0669999818111784,-3.5518083073060374e-12,0.02443456320045438
169.6664171218872,4.192999999329428,5.157000000448627,3.8479500006665495,0.09749998307679086,-3.124702614574126e-12,-0.020943927950994305
169.76640105247498,4.201999999673929,5.150000000208163,3.849479999400245,0.12099998709948873,-2.793224922260679e-12,0.017453273646125082
169.8663980960846,4.213999999395432,5.140000000552654,3.8479500005501235,0.15849998223374054,-2.7747564013789615e-12,-0.013962618046794557
169.9663746356964,4.228999999480281,5.129000000196691,3.8479499997672857,0.18449998805136336,-2.051549618426222e-12,0.0034906499230854537
170.06761932373047,4.244999999599118,5.116000000335065,3.847950000058173,0.21399998711385343,-1.9524249931566584e-12,1.7738238512580995e-09
170.16651010513306,4.263999999586088,5.101000000261109,3.8479499999999955,0.24599998734894798,-1.6498062910326352e-12,-0.00349065678623163
170.26646327972412,4.284999999569381,5.084000000349791,3.847949999941818,0.27299998964144073,-1.553336872648324e-12,0.003490654957662924
170.3664424419403,4.308999999550551,5.066000000084189,3.847950000058173,0.30549998858612826,-7.696279315008692e-13,-0.003490655070800649
170.46683144569397,4.334999999505807,5.0450000003919175,3.847949999941818,0.33299999079307935,-7.047445953363689e-13,0.003490654958619274
170.56653571128845,4.36299999971702,5.023000000099546,3.847950000058173,0.3629999907687471,-3.431084201909295e-13,1.717638626382717e-09
170.66669869422913,4.3939999994092025,4.999000000257701,3.8479499999999955,0.3939999905938187,1.868928374579865e-13,0.0034906567317930545
170.76653122901917,4.426999999703367,4.973000000101558,3.847950000058173,0.4239999919113164,5.15229568231535e-13,1.7177701587545169e-09
170.866455078125,4.462999999358754,4.945000000289141,3.8479499999999955,0.4509999931918616,1.0148014448653887e-12,8.723598794392381e-16
170.96647143363953,4.499999999818451,4.91599999996179,3.8479499999999955,0.48199999245368796,1.4059164459352843e-12,4.293730455198021e-22
171.0664577484131,4.539999999462761,4.885000000156962,3.8479499999999955,0.5009999971300761,1.962868878903118e-12,-8.754547074919542e-26
171.16756916046143,4.579000000203777,4.85399999972521,3.8479499999999955,0.5000000049143829,2.1107380132731526e-12,-3.610508963713222e-26
171.26664400100708,4.61799999993858,4.82299999993635,3.8479499999999955,0.49950000443849357,2.245450882828635e-12,-3.712347769718858e-26
171.36666440963745,4.657000000162727,4.791999999758346,3.8479499999999955,0.4985000043409078,2.37563276223805e-12,-3.596943922909705e-26
171.4666187763214,4.696999999699209,4.7609999999657475,3.8479499999999955,0.4965000044723781,2.874131705202232e-12,-9.053625556911074e-26
171.56647777557373,4.736000000107654,4.730999999606015,3.8479499999999955,0.49900000250826904,3.448188871208683e-12,-9.962550581535289e-26
171.66644287109375,4.774999999902841,4.699999999965266,3.8479499999999955,0.5015000023282239,3.5020019483855257e-12,-3.695838325086644e-26
171.76667380332947,4.814999999985863,4.668999999742336,3.8479499999999955,0.5000000036888914,3.945121627383502e-12,-8.816573432671143e-26
171.8668098449707,4.853999999904207,4.637999999964103,3.8479499999999955,0.49800000367535213,3.968884289685774e-12,0.003490656730848952
171.9666783809662,4.893000000120307,4.606999999792803,3.847950000058173,0.4985000024993482,3.9918733008931446e-12,1.7174886105322806e-09
172.06780791282654,4.93199999987587,4.575999999987044,3.8479499999999955,0.5000000019609814,4.012817555931118e-12,8.723653282847281e-16
172.16660380363464,4.971999999947895,4.545999999576204,3.8479499999999955,0.5005000022253885,4.9072784037544354e-12,4.291437680280803e-22
172.26668572425842,5.010999999906893,4.514999999962056,3.8479499999999955,0.4990000028483524,4.872882122019585e-12,-3.673112073686739e-26
172.36646008491516,5.0490000003152105,4.484999999597595,3.843360000752659,0.48450000745011285,4.931818513553279e-12,-0.048869195015280566
172.4665744304657,5.085000000207104,4.454999999951752,3.821940002812889,0.45650001233128246,4.35620319486497e-12,-0.20594877193316163
172.56650829315186,5.118000000456084,4.427999999383861,3.779100003590311,0.42450001269652415,4.63133055330126e-12,-0.425860229335857
172.66668820381165,5.147000000318486,4.399999999912727,3.720960002740118,0.39800001021120435,3.896720409725125e-12,-0.5829398904284016
172.76660251617432,5.172000000560417,4.371999999784645,3.647520002335357,0.3710000094545045,2.8467964815451392e-12,-0.7400195255183879
172.86651849746704,5.193000000424291,4.345999999599453,3.555720003214377,0.3355000124503105,2.460619705427626e-12,-0.9285150662853232
172.96649885177612,5.209000000592942,4.319999999626853,3.4532100013355196,0.30450000958351625,1.4235101346719349e-12,-1.0192722385144768
173.06645846366882,5.222000000219543,4.293999999992337,3.35528999959085,0.2790000072765736,7.748340060588651e-13,-0.9878563725857363
173.16649460792542,5.231000000354449,4.270999999467987,3.25583999984754,0.24850000836455768,3.4552972972746754e-13,-0.9808750430560506
173.26644325256348,5.236000000415013,4.248999999817081,3.1579200002305647,0.21850000803158162,-6.938862451456314e-13,-0.994837666544885
173.36648297309875,5.239000000261736,4.230999999341485,3.058469999561108,0.1860000079657017,-1.0544765409596136e-12,-0.9983283304410473
173.46651554107666,5.240000000157485,4.213999999908841,2.9605500001035807,0.16100000523130492,-1.4212633577564862e-12,-0.9808750485733102
173.56669735908508,5.240000000009427,4.200999999478508,2.8610999999685145,0.13000000673121206,-1.3576281830850385e-12,-0.9878563531925928
173.66655898094177,5.238999999966613,4.189999999788231,2.7631800000996236,0.10150000572625728,-1.2373862158298948e-12,-0.9808750431636338
173.7665045261383,5.237000000032973,4.183999999347926,2.663729999971144,0.06600000762899239,-1.6599258139822731e-12,-1.0053096371200896
173.86665654182434,5.235999999868102,4.178999999908093,2.564280000072797,0.039000004334169086,-1.2634035959814961e-12,-0.991347022220629
173.9665024280548,5.234999999964987,4.177999999637835,2.4663599995486782,0.012000003754739698,-1.5206385387599793e-12,-0.9843657015622307
174.06643986701965,5.234999999966432,4.177999999937309,2.366910000419348,-0.004000000360892692,-1.428700818641279e-12,-0.9983283250539614
174.16648316383362,5.235000000135301,4.179000000005065,2.2659299999252607,-0.0035000066156506172,-1.6859054367932176e-12,-1.00880030249947
174.266437292099,5.235000000136561,4.178000000368171,2.169539999507531,0.0034999912966745955,-1.1992504437221435e-12,-0.9738937403440923
174.36640405654907,5.235000000049482,4.178000000049272,2.0716199998360274,0.002999994690242813,-1.124638951522603e-12,-0.9808750361841536
174.46642589569092,5.235000000054519,4.178000000044568,1.9706400007396652,-0.0020000032659688114,-1.0566586092165733e-12,-1.0053096367444523
174.56640100479126,5.235000000138811,4.178000000091762,1.871189999482648,-0.001500005149058646,-9.906066687050748e-13,-0.9913470219720609
174.6667034626007,5.235000000128043,4.178000000067422,1.7747999998613913,-0.00250000427147949,-9.309782584532539e-13,-0.9669124180646331
174.76643705368042,5.235000000147457,4.178000000060313,1.699829996178904,0.0009999943202150113,-8.730197503635387e-13,-0.7574729984015648
174.86650013923645,5.235000000075838,4.178000000024578,1.6401599974849606,0.0004999961484541612,-8.203091860939187e-13,-0.5864307156058989
174.96642351150513,5.23500000008397,4.178000000021772,1.5973199972411756,0.0004999961978956694,-7.691708560053883e-13,-0.42586041636642424
175.06649804115295,5.235000000077906,4.1780000000166755,1.5728399970497904,-0.002500002426291909,-7.227299792128843e-13,-0.25132750099659806
175.1664822101593,5.235000000133242,4.178000000025111,1.5636599973173437,-0.0005000041576672908,-6.777566939394078e-13,-0.08377588656483337
175.26642417907715,5.235000000087213,4.178000000015614,1.5697799975685367,-0.001500002784885374,-6.36773246614415e-13,0.05934112194318231
175.36638808250427,5.23500000010145,4.178000000018801,1.5942599969717097,0.002999995345544187,-5.971574902603429e-13,0.24434600419817665
175.46640920639038,5.235000000009753,4.178000000002068,1.6401599963015503,-0.002500000608256987,-5.610780282749053e-13,0.45029484241300044
175.5663866996765,5.235000000113192,4.1780000000293365,1.6998299978368974,-3.574866696068324e-09,-5.257504111564172e-13,0.6073745033416982
175.66641402244568,5.235000000056888,4.178000000018432,1.7793899964885953,-0.0005000022538756508,-4.943457225245685e-13,0.7853980718730259
175.76637506484985,5.2350000000636,4.1780000000263575,1.8757799972640958,-0.0010000021217581529,-4.636050420783137e-13,0.9634216594140669
175.86636877059937,5.235000000056869,4.17800000003028,1.96911000031788,0.014499991928463102,-4.3549143940016576e-13,0.9459684634108279
175.9663643836975,5.2320000003710465,4.176000000249137,2.0486700027166758,0.039499989085656384,-3.9588843533887286e-13,0.7958702127668876
176.06640601158142,5.226000000600694,4.171000000534193,2.10681000339177,0.07799998424768143,-2.1813658231243955e-13,0.5759587651872721
176.16638779640198,5.219000000197214,4.165000000145248,2.151180002318476,0.09849999237098858,-2.704529211430232e-13,0.4468043520907505
176.2663860321045,5.210000000383355,4.156000000442469,2.177190003047221,0.13099998802272883,-9.34379212944664e-14,0.25481816821276543
176.3664584159851,5.199000000287201,4.144000000464736,2.183310003243113,0.16399998895883738,3.0026516570529814e-13,0.06632260433142392
176.46670365333557,5.186000000305634,4.131000000252599,2.1833100011053737,0.1874999928641355,1.5749554316632445e-13,3.367430009837413e-08
176.56647610664368,5.171000000276137,4.115000000412202,2.183309999999998,0.22299998915068292,4.3412919188648045e-13,1.657564288798776e-14
176.6667218208313,5.154000000273044,4.097000000403897,2.183309999999997,0.24899999301885264,6.669408338859199e-13,8.416343467260729e-21
176.76672053337097,5.135000000186218,4.077000000302347,2.183309999999997,0.2809999915394502,8.72377353376561e-13,-1.2385790272404093e-26
176.86662459373474,5.114000000256048,4.055000000368024,2.183309999999997,0.3094999930178673,1.0403981075637371e-12,0.0034906567320041717
176.96660161018372,5.091000000110592,4.031000000207072,2.1833100000581744,0.339499993230159,1.1831695291477512e-12,1.7178789588762067e-09
177.0664505958557,5.065000000437262,4.004000000530274,2.183309999999997,0.36999999310215975,1.2844774906825963e-12,8.719464419545797e-16
177.1668028831482,5.038000000037604,3.9760000001145315,2.183309999999997,0.39849999462340324,1.372581701888833e-12,4.290818316987906e-22
177.26673483848572,5.008000000415475,3.9450000004895847,2.183309999999997,0.4294999936566547,1.4240506348659073e-12,-1.5066926775172028e-26
177.3665771484375,4.976999999976893,3.912000000231279,2.183309999999997,0.45999999460832625,1.8987233990682014e-12,-0.006981313573755747
177.4666247367859,4.943000000358641,3.877000000412994,2.1833099998836416,0.4879999955205292,1.880073043929631e-12,0.0034906531839008154
177.56654691696167,4.907999999941112,3.8409999999800384,2.1833100000581744,0.5030000009358903,1.8521305671060587e-12,1.716902748877952e-09
177.6666488647461,4.873999999765176,3.8050000000091595,2.183309999999997,0.4980000083337784,2.2582293938186015e-12,0.0034906567312615808
177.76644825935364,4.839999999625676,3.768999999858755,2.1833100000581744,0.49600000664794147,2.6511789301858794e-12,-0.006981311854420613
177.86657691001892,4.805000000075777,3.7320000003221008,2.183309999883642,0.5005000037902051,2.999506332128734e-12,-3.544367730735909e-09
177.96659803390503,4.769999999794797,3.6969999996336567,2.183309999999997,0.4970000065585384,2.467011941208034e-12,-1.7430776539885063e-15
178.06659173965454,4.735999999878899,3.66100000012566,2.183309999999997,0.4990000041048536,2.8356658824714182e-12,0.006981313459479291
178.16650128364563,4.700999999821904,3.624000000054654,2.1833100001163523,0.49950000442740006,3.1832094011613682e-12,-0.006981310145055253
178.2665467262268,4.6669999998556015,3.5880000001018204,2.183309999883642,0.4960000056825092,3.508598563051711e-12,0.003490653181002691
178.36643147468567,4.631999999871862,3.551999999909122,2.1833100000581744,0.49900000288770924,3.379129568593562e-12,-0.003490655073463881
178.46795177459717,4.597999999873853,3.516000000120629,2.1833099999418195,0.5000000034395414,3.692520740873075e-12,-1.7753855928795415e-09
178.5678153038025,4.562999999798749,3.4799999998341926,2.183309999999997,0.49950000378893633,3.5510977957410898e-12,-8.691827651467959e-16
178.6666808128357,4.528999999899381,3.4440000001475695,2.183309999999997,0.49700000433664193,3.853165748572479e-12,-4.436329634315244e-22
178.7664065361023,4.4939999998847036,3.4079999999223074,2.183309999999997,0.5000000020016737,3.702448998701025e-12,-1.1964258581996735e-26
178.8664608001709,4.4599999998563,3.3720000001019725,2.183309999999997,0.49750000394357013,3.997096250041516e-12,-7.308433027596214e-26
178.96658301353455,4.424999999888587,3.3359999999262975,2.183309999999997,0.4995000020078122,3.837508735871705e-12,-1.1751482840816992e-26
179.06637811660767,4.390999999876653,3.3000000001231,2.183309999999997,0.5010000020543778,4.123646057255302e-12,0.0034906567312876628
179.1664423942566,4.35599999984172,3.2639999998783327,2.1833100000581744,0.49700000397441757,3.956075308379596e-12,-0.003490655068453789
179.26639771461487,4.321999999920363,3.228000000167845,2.1833099999418195,0.4960000026368919,4.234999327677562e-12,0.0034906549579268595
179.36640286445618,4.28699999991404,3.1919999999522846,2.1833100000581744,0.5000000006150193,4.060466833643098e-12,-0.0034906550691124324
179.46637296676636,4.252000000079009,3.1560000001222885,2.1833099999418195,0.5020000012945471,3.901536696661453e-12,-1.771862483557901e-09
179.5665419101715,4.21799999964229,3.1199999998757364,2.183309999999997,0.497000003821252,4.1921655203621495e-12,0.003490656785793496
179.66660261154175,4.183000000128192,3.0840000001725945,2.1833100000581744,0.4985000011686775,4.02530340602638e-12,1.7722541945271175e-09
179.7666311264038,4.148999999694412,3.047999999929011,2.1817800002510044,0.49700000222048524,4.308261055511477e-12,-0.006981313571980222
179.86656403541565,4.114000000123247,3.0120000001893814,2.1833099996246297,0.4980000011503979,4.1807925631393624e-12,0.0034906531856220453
179.96656203269958,4.079999999697711,2.975000000128935,2.1833100000581744,0.502999999614508,4.889034706592743e-12,1.7168311919682488e-09
180.06668782234192,4.04500000005234,2.9390000000950067,2.183309999999997,0.5000000026319377,4.680097131845172e-12,8.718727670453712e-16
180.16676425933838,4.0109999996761285,2.9029999999101515,2.183309999999997,0.4975000022469262,4.922435961783795e-12,4.2879431378972765e-22
180.26692509651184,3.97600000013756,2.8670000001821903,2.183309999999997,0.49900000061457456,4.711626218912028e-12,-0.0034906567300385135
180.36683416366577,3.94199999969271,2.830999999927137,2.181780000192712,0.4995000009628912,4.951976117234676e-12,-0.003490658503987796
180.46660375595093,3.907000000096529,2.7950000001621236,2.183309999682783,0.5005000007084198,4.78562734721659e-12,0.006981311689112787
180.5665762424469,3.8729999996767583,2.7589999999108796,2.183310000116352,0.49750000215207985,5.021314795032724e-12,3.43527724582654e-09
180.66652870178223,3.838000000135259,2.7230000001797894,2.183309999999997,0.4975000009131478,4.804315084460222e-12,1.7439312956952646e-15
180.7667202949524,3.803999999722115,2.687999999760428,2.1878999992475916,0.4850000054669815,4.604128037684146e-12,0.045378538236107116
180.86672377586365,3.772999999552633,2.653999999945217,2.209319997128593,0.4595000102546991,5.16699399093917e-12,0.21293008361319554
180.96660113334656,3.743999999474756,2.6209999997795306,2.2506299967710284,0.42400001300513523,5.58764592958178e-12,0.4153882623216619
181.06658625602722,3.719999999394493,2.5899999998797134,2.3102999968218745,0.39450001034558335,6.386292702482846e-12,0.589921198536474
181.16660809516907,3.6989999993910914,2.558999999823735,2.383739997839066,0.37000000746371176,7.196546083257068e-12,0.740019529311228
181.26667308807373,3.6819999994866537,2.5299999997544425,2.4755399967441623,0.33350001196980344,7.643068137750102e-12,0.925024409304327
181.36666631698608,3.668999999509577,2.5019999996818756,2.57651999884191,0.3050000078023939,8.073798706285723e-12,1.012290923184168
181.46644926071167,3.6599999995953603,2.474999999908817,2.6759700000447655,0.2765000076554378,8.602581879946268e-12,1.0018189959602315
181.56656002998352,3.6549999994796085,2.4509999995214455,2.7693000013769815,0.24850000666929337,9.225488835319304e-12,0.9285151981591347
181.66645622253418,3.6519999997014274,2.4279999999016173,2.848860002018876,0.22050000658081167,9.486362802739847e-12,0.7958702062140784
181.76676154136658,3.65099999973362,2.408999999490461,2.905470003975765,0.18800000751371734,9.558282069749725e-12,0.5689774478377588
181.86660480499268,3.6500000000150026,2.3929999996325595,2.9467800024970883,0.15750000666431305,8.87934551799534e-12,0.40491646969487055
181.96665501594543,3.650999999771104,2.379999999567529,2.9712600027280693,0.126500006099588,9.034540131259376e-12,0.24783683117825656
182.066552400589,3.6510000000328793,2.3699999996558234,2.9773800030971094,0.09800000510161636,8.404017468776259e-12,0.05235997659176961
182.16663575172424,3.6510000000358023,2.3619999997890386,2.968200002381577,0.07000000431053949,7.783197687288553e-12,-0.08726639374868603
182.26656794548035,3.651000000013326,2.3579999995839973,2.942190002935469,0.041000004707247434,7.285625373804712e-12,-0.2583086426907354
182.3666126728058,3.650999999990483,2.3559999997610444,2.8978200029933463,0.010500004690265888,6.85231748052224e-12,-0.44331353871131707
182.46676659584045,3.650999999998308,2.3569999997661313,2.835090003217597,-0.004000001378733874,6.401769197215967e-12,-0.6213371234112846
182.5667462348938,3.6510000000305745,2.3570000002473233,2.755530002699426,0.0019999909734555454,6.003460654492067e-12,-0.7958700529918173
182.66645741462708,3.651000000023431,2.3570000001137505,2.659140003028269,-0.0010000051170877267,5.640193116018951e-12,-0.9634216621373088
182.7664864063263,3.651000000050024,2.3570000001622122,2.559690000278886,0.0004999935050400382,5.289612691139695e-12,-0.9983283149391929
182.86656832695007,3.6510000000497147,2.3570000001179987,2.460240000195684,-0.0020000045925529196,4.969978618376506e-12,-0.9948376754094106
182.96652173995972,3.651000000082134,2.357000000151089,2.36231999948952,0.0004999938172927654,4.660797711452747e-12,-0.9878563600660063
183.06651186943054,3.6510000000622513,2.3570000000917526,2.2628700003617066,-0.0005000045022616837,4.379027210830479e-12,-0.9948376700932584
183.16655850410461,3.651000000081118,2.357000000097204,2.164949999481796,-4.7874109780632335e-09,4.106486016776877e-12,-0.9843657032781444
183.26650619506836,3.6510000000762997,2.357000000075086,2.06397000069137,-0.0015000037404803782,3.85839884856369e-12,-1.0018189817794243
183.3665087223053,3.651000000104183,2.3570000000836644,1.9660499993648948,-0.0015000040791762152,3.6182529445738607e-12,-0.9913470202859438
183.46651601791382,3.6510000001038883,2.3570000000678704,1.8666000003011738,-0.0010000040231866719,3.399480795536372e-12,-0.994837671865263
183.56652212142944,3.6510000000973486,2.3570000000505793,1.7671499997420357,0.000999995678632645,3.1880170161743826e-12,-0.9878563600663035
183.66651439666748,3.651000000058213,2.357000000023203,1.667700000361767,-0.0005000027476760732,2.9952844946088547e-12,-0.994837670093246
183.76654028892517,3.65100000008675,2.3570000000249665,1.5682499997320756,-0.0010000029632050433,2.8088567755418206e-12,-0.994837673636766
183.86653852462769,3.6510000000915594,2.3570000000167433,1.4703299999958799,-0.001000002969040458,2.63913622739983e-12,-0.9913470169055387
183.96661400794983,3.6510000000901064,2.3570000000074915,1.3708799997890937,-0.0005000029687564304,2.4748643838624776e-12,-0.9634217608415582
184.06656432151794,3.651000000072891,2.3569999999987905,1.2959099966332612,0.001499996632133343,2.32531255755635e-12,-0.7435103730237549
184.16669845581055,3.6510000000313667,2.356999999997089,1.2392999968928171,0.0004999979727601106,2.1805689612091565e-12,-0.5794493923854307
184.26660466194153,3.651000000045503,2.356999999993193,1.19645999759138,0.0004999977254456847,2.0487541886246834e-12,-0.4223697587199451
184.3667438030243,3.6500000002352966,2.3569999999925373,1.170449997226446,0.008499994914352663,2.0387702197457265e-12,-0.2513274964458587
184.46666812896729,3.6470000004668366,2.3579999998281265,1.1643299968473881,0.04299998500883399,1.7146180198788076e-12,-0.06632260554531116
184.5666697025299,3.6400000005447115,2.3589999999915143,1.1643299988946216,0.07149998856414179,1.9610856644849766e-12,0.0034906241389023457
184.6668689250946,3.63000000062294,2.36099999991209,1.1643300000581762,0.10149998835367424,1.9961840840170583e-12,1.7720641568713669e-09
184.7667272090912,3.61800000035095,2.363999999864122,1.1643299999999988,0.13299998887264775,1.6980530835733e-12,-0.003490656785860527
184.86661076545715,3.602000000608112,2.366999999987782,1.1643299999418213,0.1599999909030163,1.959138219695725e-12,-1.771180522993493e-09
184.96648049354553,3.58599999997963,2.3709999999292815,1.159740000752735,0.16749999897877593,1.6051875489751658e-12,-0.04886919501294384
185.0664803981781,3.571999999555498,2.3740000001499415,1.1383200028138019,0.13800001308210058,1.645124557821077e-12,-0.20943942864331408
185.1664915084839,3.561999999290153,2.377000000088694,1.095480003532873,0.09950001522606042,1.2629666404831278e-12,-0.4258602310413838
185.26650881767273,3.553999999729136,2.3790000001619864,1.0404000022302737,0.0800000075192295,1.416560571541024e-12,-0.5585052932468166
185.36654353141785,3.548999999506913,2.3810000001393403,0.9654300029839797,0.047500011611057436,1.2137746307476114e-12,-0.7400195135600682
185.46648907661438,3.5479999993809708,2.382000000165196,0.8721000034705417,0.01150001263896512,8.365689986854523e-13,-0.9354963797647304
185.56653785705566,3.5479999998465166,2.382000000086755,0.7726500007161539,0.0015000018223559463,7.844895099604369e-13,-0.9983283012313297
185.66646122932434,3.5480000000163914,2.3819999999884227,0.6732000002002767,-0.0005000012218781061,7.370974117800345e-13,-0.9948376754098871
185.76647663116455,3.5480000000456045,2.38100000015732,0.5783399989791187,-0.0035000008007708603,1.161212687302433e-12,-0.9564404489876063
185.86651158332825,3.5480000000787415,2.3809999999175204,0.5033699967455645,-0.0005000030065841644,1.0910159752932117e-12,-0.7574729963718115
185.96671676635742,3.548000000032957,2.3819999997629577,0.4452299969142848,0.0004999979542789157,6.287392447770681e-13,-0.5759587424993764
186.06642198562622,3.5480000000169394,2.38199999997671,0.4023899976546028,-0.000500001170334215,5.907616660248536e-13,-0.4223697570022802
186.16662621498108,3.548000000026172,2.3819999999605876,0.379439996718145,-1.6626243437567467e-09,5.539296156892971e-13,-0.23387421235518635
186.26645183563232,3.548000000018561,2.3819999999706027,0.373319997139542,-0.0015000008041917432,5.205020893478694e-13,-0.06632259678436506
186.36652445793152,3.548000000033194,2.3819999999467285,0.379439997891021,-1.879949276979709e-09,4.880980449868287e-13,0.055850475959340756
186.46673774719238,3.54700000021423,2.3819999999821677,0.3962699980838984,0.014499993257497092,9.69130454953369e-13,0.17453286497093118
186.56651544570923,3.5450000002382573,2.3849999996464715,0.40086000215539297,0.03749999070010169,9.259126211108798e-13,0.052359937726826164
186.6664388179779,3.541000000388422,2.390999999421518,0.39933000113150907,0.07499998547149271,8.831219502188558e-13,-0.013962600354804781
186.76645183563232,3.536000000139963,2.398999999704183,0.4023899992652469,0.10099999105382336,6.825197228321446e-13,0.020943933842967714
186.86658143997192,3.529000000276964,2.409999999488561,0.3993300008670273,0.13199998938186486,4.856712818286597e-13,-0.02094392975297109
186.96665000915527,3.520000000280488,2.422999999699883,0.40085999940000416,0.16249999059504716,6.726708163212427e-13,0.013962616841216805
187.0666310787201,3.5100000001941734,2.437999999726876,0.3993300004916813,0.1899999919473613,6.649767472285956e-13,-0.01396261983583772
187.1665334701538,3.497000000411279,2.4569999995133998,0.40085999951650475,0.22299999075249394,8.613577020664032e-13,0.010471963496656139
187.26653265953064,3.484000000123472,2.476999999738031,0.4008600001745313,0.2494999933856731,6.856410890059624e-13,-0.0034906514080492237
187.3668270111084,3.468000000326878,2.4999999997343076,0.4008599999418214,0.2824999917229687,1.0406222062235592e-12,0.0034906550696783742
187.46644616127014,3.451000000265962,2.5259999995309426,0.40086000005817635,0.3089999943064569,8.672020515255389e-13,1.7734349505409142e-09
187.56662964820862,3.4320000002453828,2.5539999997647023,0.4008599999999989,0.3409999929618354,1.0495280330272518e-12,8.717191699453777e-16
187.66679620742798,3.412000000220255,2.5839999997076006,0.4008599999999989,0.3684999947046764,1.0520165624632093e-12,4.430514560943549e-22
187.7664613723755,3.3900000001698967,2.6169999997862226,0.4008599999999989,0.39999999389877194,1.0612170868523282e-12,-7.173914078125537e-27
187.86672019958496,3.3660000003704917,2.651999999692012,0.4008599999999989,0.4284999950279102,1.4092743610944576e-12,-4.716596799255547e-26
187.966534614563,3.3410000000889335,2.6899999998159334,0.4008599999999989,0.4584999951318454,1.2347124936514485e-12,1.0013139535283808e-26
188.0664620399475,3.3140000003239853,2.7309999994634304,0.4008599999999989,0.48749999544640205,1.0824848873003292e-12,1.0188348080949803e-26
188.16744256019592,3.286000000027107,2.7720000002102925,0.4008599999999989,0.5000000021664828,1.4534598034477591e-12,-5.741238504304606e-26
188.26660418510437,3.2580000000784697,2.81399999993772,0.4008599999999989,0.49700000780475156,1.4579031663413669e-12,-0.0034906567306894425
188.36649322509766,3.2299999999331375,2.855000000352131,0.4008599999418214,0.5005000048832067,1.8055418822172258e-12,0.003490655069645954
188.46651554107666,3.2020000000792166,2.896999999936549,0.40086000005817635,0.5015000055012938,1.7887091581395096e-12,1.7723950345577277e-09
188.56648874282837,3.1749999996997627,2.938000000407394,0.4008599999999989,0.4960000075689611,1.5973836582492589e-12,0.003490656786475995
188.66664099693298,3.147000000141677,2.9790000000454633,0.40086000005817635,0.500000003550548,1.926294690807694e-12,-0.0034906549574558526
188.7666072845459,3.118999999912859,3.0210000001858974,0.4008599999418214,0.4985000054060734,1.9013971576690644e-12,-1.7148897432303634e-09
188.86661314964294,3.0919999999270305,3.0620000000626924,0.4008599999999989,0.49850000452599985,1.7091515936508471e-12,-8.723202769266412e-16
188.96663641929626,3.0639999999434737,3.1040000001397443,0.4008599999999989,0.49950000387504007,1.697808699321424e-12,-4.290551934437431e-22
189.0666902065277,3.0360000001158483,3.145000000084292,0.4008599999999989,0.4975000047740272,2.0208452958104368e-12,-6.041858057659739e-26
189.16666865348816,3.0079999999645377,3.1870000001079535,0.4008599999999989,0.4990000031613179,1.99010155905755e-12,-1.2578377446923266e-26
189.26664686203003,2.9800000001287668,3.2280000000648728,0.4008599999999989,0.5010000027618894,2.295364332124668e-12,-6.008455997410638e-26
189.3665919303894,2.9519999999332516,3.270000000155196,0.4008599999999989,0.5000000037210935,2.247545908709385e-12,-1.2654312916474069e-26
189.46659994125366,2.924999999920148,3.3110000000731583,0.4008599999999989,0.49650000446190967,2.0340375400434898e-12,-0.006981313463477976
189.56650042533875,2.89699999998777,3.3530000000728784,0.4008599998836435,0.4985000021126811,2.002480283201907e-12,0.0034906533506521504
189.6666874885559,2.8690000001457463,3.39400000003923,0.40086000005817635,0.49850000272516326,2.306998889543984e-12,1.772763682812012e-09
189.76710414886475,2.8409999999689832,3.4360000001012208,0.4008599999999989,0.49950000218627544,2.2584370481807856e-12,8.722040233089918e-16
189.86670231819153,2.813999999935458,3.477000000050027,0.4008599999999989,0.5005000020421672,2.0443339353309756e-12,-0.00698131346235864
189.96669673919678,2.7859999999497935,3.5190000001301867,0.4008599998836435,0.4980000032182293,2.0121185931816824e-12,-3.4336133172829797e-09
190.06690311431885,2.758000000159284,3.5600000000187513,0.4008599999999989,0.4970000024816109,2.316095911589146e-12,-1.7435469280256684e-15
190.16667556762695,2.7299999999928346,3.6010000002619433,0.4008599999999989,0.49850000139203754,2.6103167055576163e-12,-8.577182632613778e-22
190.26656079292297,2.7020000001586935,3.642999999816549,0.4008599999999989,0.5015000007176632,2.544884370917584e-12,-1.3375992158140614e-26
190.36653232574463,2.674999999749822,3.684000000331788,0.4008599999999989,0.498500002922412,2.306434708849905e-12,1.065856157478381e-26
190.4668390750885,2.647000000164052,3.725999999808484,0.4008599999999989,0.49900000144648987,2.2593745671166962e-12,-1.2938822536493533e-26
190.56652212142944,2.6189999999766496,3.767000000286334,0.4008599999999989,0.4965000024687982,2.5571845073450944e-12,-5.788994628762785e-26
190.6665689945221,2.591999999982196,3.8079999999794794,0.40391999948233437,0.4870000050196833,2.3248727958378275e-12,0.03490656732424331
190.76644325256348,2.564999999910518,3.8460000006261437,0.42533999706456616,0.4615000105136408,3.040584905912385e-12,0.20943942426330944
190.86666440963745,2.539999999798219,3.8810000004535654,0.46664999650278194,0.4235000149303152,3.1371529621304368e-12,0.40840694399645816
190.9670114517212,2.5149999998082375,3.912000000612756,0.5232599975185659,0.39700000931872825,3.6323220974532507e-12,0.5724679138998643
191.06655406951904,2.4899999999459457,3.9390000005180505,0.5951699973730191,0.365000011160665,4.29187822874853e-12,0.7225662341298895
191.1665587425232,2.4649999998361567,3.962000000620036,0.688499996729167,0.33450000954162135,5.03259993187954e-12,0.9320057174704058
191.2667326927185,2.440000000009639,3.9800000005968723,0.789479998442892,0.3060000085565131,6.106221522747491e-12,1.0088002686610598
191.36646223068237,2.415999999739358,3.995000000437117,0.888930000496547,0.2760000082451429,6.405051449886578e-12,1.0018189940810025
191.46642470359802,2.392999999907225,4.0060000003544065,0.9883799998674876,0.24900000695051439,6.81248248663043e-12,0.9808750502535672
191.56660270690918,2.3719999996476258,4.013000000509549,1.0863000002881344,0.22000000693802177,7.440854559565523e-12,0.9948376667667781
191.6664273738861,2.3529999997733615,4.018000000249747,1.1872799994971972,0.1850000091450911,7.501673215856144e-12,0.9983283303691441
191.7668764591217,2.3359999998412064,4.020000000314582,1.2806100013223771,0.18199999635654057,7.909211104112227e-12,0.9459684803593051
191.86659216880798,2.315000000732688,4.021000000172562,1.3555800030895329,0.2149999828858965,8.173284098134115e-12,0.7470010207831613
191.96653151512146,2.290000000696341,4.021000000131398,1.4183100021491937,0.24799998431339312,8.147858472987157e-12,0.5899213645556463
192.06665205955505,2.2640000003719116,4.019000000250699,1.4596200028401234,0.26999998908454875,8.365796286101271e-12,0.40840713713281995
192.16681742668152,2.233000000740166,4.017000000001711,1.4841000027914188,0.3069999844864799,7.680750011159442e-12,0.24434617601009445
192.2665753364563,2.2000000005971136,4.0130000002155874,1.4902200030365105,0.33499998842281875,7.682169435091132e-12,0.06632260197700007
192.36647176742554,2.1650000002131558,4.009000000093456,1.488690001356371,0.3634999892873834,7.428604708095959e-12,-0.01047193771755299
192.46648168563843,2.128000000265951,4.005000000070213,1.4841000006021337,0.368499998570605,7.1072309245268e-12,-0.04188788610031465
192.56658911705017,2.0929999995641424,4.001999999874441,1.4642100025661855,0.33550001275292374,6.40512499267519e-12,-0.20943942774433869
192.66647791862488,2.0629999994240205,3.9999999998880114,1.4229000034987558,0.3070000106418646,5.818954377996869e-12,-0.4014256305098244
192.76672959327698,2.034999999414981,3.998999999975805,1.3617000033469457,0.27800000983036377,5.447714899155178e-12,-0.5829398808560091
192.86655473709106,2.0089999997773322,3.9999999999342704,1.2897900024591538,0.25050000901016495,4.907252758984924e-12,-0.7225662394067864
192.96658658981323,1.9869999994121166,4.002999999887583,1.1964600032523185,0.21700001032508306,4.0680111985561635e-12,-0.932005717595035
193.0664598941803,1.9689999994802996,4.007999999788156,1.097010001312868,0.18600000916232734,2.9137691481408525e-12,-1.0088002686269828
193.16652488708496,1.9529999996787613,4.013000000050189,0.997559999499745,0.15950000655620802,2.594764833362519e-12,-0.9878563669352601
193.26654839515686,1.9409999995843803,4.018999999951136,0.9011699998464833,0.13050000742301388,1.8348213293972715e-12,-0.973893729700949
193.36644339561462,1.9319999995726977,4.0240000001759615,0.8078399990766316,0.09800000791318925,1.5824826648055566e-12,-0.9354964979629501
193.4664237499237,1.9259999996890738,4.028000000187117,0.729809997623911,0.06650000744433354,1.4470608697543204e-12,-0.7819075829309854
193.56643176078796,1.9229999996509815,4.030000000330727,0.6716699965007891,0.04050000456695422,1.5112539354766971e-12,-0.5759587544596206
193.6664547920227,1.9219999997038286,4.031000000230372,0.6303599973901521,0.011000005932499557,1.35983666945259e-12,-0.4084071300135438
193.76661658287048,1.9219999999499802,4.031000000047148,0.6074099969560498,-0.0005000014268996176,1.2751658347237647e-12,-0.23387420561536415
193.86646938323975,1.922000000102635,4.031999999695393,0.5997599973974603,0.004999992307604813,7.688813227798414e-13,-0.08377588034350691
193.96644496917725,1.919000000594795,4.0339999996017575,0.5997599986037354,0.04199998124092082,1.1643511430012364e-12,-4.1177756385235575e-08
194.06643962860107,1.9140000004792563,4.038999999522347,0.5982300002593641,0.07349998400248808,1.1005805502078958e-12,-0.0034906567287933898
194.16658639907837,1.9070000003822258,4.045999999623829,0.5997599996911083,0.0994999874290311,1.0508290400588506e-12,0.003490655072019583
194.26663732528687,1.8980000004445596,4.054999999559625,0.5982300003169172,0.1349999842599096,9.98993899586811e-13,-0.0034906549621267647
194.36648154258728,1.8870000002772267,4.0659999997343315,0.5982299999418208,0.15949998968980858,9.664067010798272e-13,-1.7207349069930933e-09
194.4664523601532,1.873000000585817,4.079999999427952,0.5982299999999983,0.19299998663126824,9.444691571861463e-13,-8.72146735054513e-16
194.5667769908905,1.8580000002210921,4.094999999795641,0.5982299999999983,0.2194999904014552,9.25990777687956e-13,-4.298833130965962e-22
194.6664547920227,1.840000000534582,4.111999999687673,0.5982299999999983,0.25199998839235593,1.3423559761816526e-12,-2.9433990915077585e-26
194.76668238639832,1.821000000147274,4.1319999996778884,0.5982299999999983,0.2804999909787919,8.715842260295864e-13,2.596052529545405e-26
194.86656975746155,1.7990000004637086,4.152999999763828,0.5997599997411092,0.3104999906188657,1.3019040424545783e-12,0.003490656732043924
194.9665687084198,1.7750000002802944,4.176999999733235,0.5982300003092291,0.3419999909949029,1.2530470876127766e-12,-0.0034906550673642787
195.06683945655823,1.7490000003918986,4.2029999996380125,0.5997599996828846,0.3679999932732048,1.2451127347547512e-12,0.0034906549594503344
195.16659092903137,1.7210000002353585,4.230999999780707,0.5997600000581764,0.40049999159947325,1.205134237811567e-12,1.7174386942979403e-09
195.26682662963867,1.6910000003551202,4.2609999996623635,0.599759999999999,0.4289999932478221,1.1713497336696837e-12,8.722156704256068e-16
195.36665201187134,1.6590000001429424,4.2929999998758,0.599759999999999,0.45699999419762305,1.1413089288074161e-12,4.28895393495742e-22
195.46683144569397,1.6240000005611535,4.326999999662021,0.599759999999999,0.4884999928693172,1.5438342734403246e-12,-6.110139335128925e-26
195.56659722328186,1.588000000083996,4.36299999993732,0.598230000250827,0.4995000012610663,1.4959607962716022e-12,-0.0034906567872147777
195.6665587425232,1.5529999999263273,4.398000000117331,0.5982299999418208,0.49750000600687494,1.4968176412485175e-12,-1.7601894408171559e-09
195.7665286064148,1.5179999998372153,4.43300000020625,0.5982299999999983,0.5000000039480579,1.497630900451066e-12,-0.003490656773810643
195.86658000946045,1.4820000001830982,4.468000000063646,0.5982299999418208,0.4985000052140768,1.926466472477529e-12,-1.7725903266908871e-09
195.96691226959229,1.4469999997831282,4.503000000260347,0.5982299999999983,0.49950000394819094,1.900536671297509e-12,0.003490656786286354
196.06664085388184,1.4119999999984056,4.538000000045112,0.5982300000581757,0.49750000484334933,1.876945398488817e-12,1.7729412408670764e-09
196.1666603088379,1.376000000002998,4.573000000237148,0.5982299999999983,0.4995000030412268,2.29500180117621e-12,-0.0034906567863458578
196.2667534351349,1.3410000000003057,4.608999999840167,0.5982299999418208,0.499000003788389,1.8218131471177228e-12,-1.7715010426459787e-09
196.3665144443512,1.3049999999924289,4.6440000002478214,0.5997599997490033,0.49650000428506685,2.2432452395271707e-12,0.0034906567860748246
196.4666018486023,1.2700000000475553,4.678999999973947,0.5982300003173142,0.4995000019558992,2.1532772648811573e-12,1.773651516889102e-09
196.56655049324036,1.233999999987164,4.714000000252943,0.5997599997491756,0.49750000371522685,2.554332290760706e-12,8.848398246560665e-16
196.66786813735962,1.199000000037035,4.748999999984481,0.598230000259063,0.5015000012243263,2.445546957419143e-12,-1.2952741007760185e-17
196.76651406288147,1.1629999999679335,4.785000000075596,0.5982299999999983,0.5000000032261891,2.3899982555232674e-12,-0.0034906567863534584
196.8669557571411,1.1280000000126602,4.820000000030708,0.5997599996830525,0.49600000400201966,2.3367831183856492e-12,0.003490654961751271
196.96714329719543,1.092999999850207,4.8550000001712235,0.5982300003093384,0.49750000167565817,2.2383182928184813e-12,1.7190621044715915e-09
197.0665843486786,1.0570000002551758,4.889999999990911,0.5997599997412157,0.49850000174885506,2.622674847648388e-12,8.852226293678954e-16
197.16647863388062,1.0219999998152023,4.9250000002063175,0.5982300002510437,0.5005000012813579,2.5063726982933352e-12,-0.006981313571458062
197.26655197143555,0.9870000000249206,4.9600000000184,0.6028199991068002,0.4845000080508135,2.446159743404834e-12,0.04537853396661025
197.3664448261261,0.95399999962207,4.992000000553716,0.6227099974915058,0.4605000103205141,2.6894245201152423e-12,0.19896745909577657
197.46637272834778,0.921999999848838,5.021000000481145,0.6655499960690934,0.41950001645278145,3.24953956192637e-12,0.42236956560718264
197.56640362739563,0.8909999998151168,5.046000000605519,0.7221599977538196,0.3955000086779669,4.0983279917401185e-12,0.5689772640065092
197.66712045669556,0.860999999895931,5.068000000386413,0.7971299967895638,0.3670000101575626,4.563873762483445e-12,0.750491486159488
197.76651120185852,0.8319999996441467,5.085000000709546,0.8858699979643783,0.3410000082535664,5.51971172727797e-12,0.8936085066537509
197.86644911766052,0.8039999997637146,5.0990000003985365,0.9868499977992666,0.30650001131524807,5.888177058020923e-12,1.0157815626152307
197.96672081947327,0.7769999997443993,5.108000000582235,1.0893600001143486,0.2770000083568905,6.901619602423317e-12,1.0157816246606692
198.06647896766663,0.7529999996663097,5.114000000377087,1.1872800003514383,0.2505000070563241,7.265688684786288e-12,0.9843657140813179
198.16683530807495,0.7309999995249505,5.117000000380397,1.2852000003453066,0.21950000796201108,7.694484264152146e-12,0.977384384552045
198.26656985282898,0.7119999996110415,5.118000000229233,1.3861799992028727,0.18150001051401723,7.790856288147083e-12,0.9843656945808731
198.3665256500244,0.6940000000311226,5.117000000198471,1.4825700005895905,0.1819999952030936,7.933129268111088e-12,0.96342175741085
198.46657276153564,0.6730000007277752,5.1140000002689545,1.5575400033631888,0.21799998193344128,8.042582096449372e-12,0.7574729999785199
198.56643176078796,0.649000000492423,5.1090000002538725,1.6156800030863603,0.2449999868078764,8.068216176404649e-12,0.5759587424933155
198.66655611991882,0.6240000003440809,5.102000000318061,1.658520002352796,0.27249998710479617,8.270198182557713e-12,0.4258604136553065
198.76646614074707,0.5940000006766937,5.0930000003140155,1.6814700033316314,0.30699998563584335,8.13745534646612e-12,0.23038355749498776
198.86782693862915,0.5630000004248341,5.0830000002480835,1.6891200025449113,0.3304999903016201,7.984912708656642e-12,0.07330390834387537
198.96658086776733,0.5290000003416555,5.07200000018321,1.6860600017218137,0.363499987722433,7.719437868330785e-12,-0.020943904816221326
199.06654024124146,0.49100000076545847,5.06000000029133,1.687589999391092,0.39399998894456406,7.41029374974199e-12,0.01047195950579731
199.16661834716797,0.4520000001029061,5.048000000011494,1.6875900001745303,0.42399999021300033,6.888069734950703e-12,-0.003490651631960103
199.26646876335144,0.409000000567465,5.034000000309032,1.6875899999418205,0.4529999908432574,6.8498265294190865e-12,0.0034906549614109185
199.3664574623108,0.36300000032920643,5.019000000244723,1.6875900000581754,0.48299999137211796,6.8537759831659856e-12,-0.0034906550666858817
199.46652793884277,0.31600000024259245,5.004000000159249,1.6921799991653215,0.48700000147098793,6.6784211759938e-12,0.04537853574995977
199.5665888786316,0.2719999993275213,4.989999999812124,1.7120699974912421,0.45450001490935216,6.3363447687814645e-12,0.2024581158746235
199.6667366027832,0.23199999947901162,4.975000000129461,1.7533799963876722,0.4195000153251168,6.81442978149485e-12,0.4188789106709975
199.76647782325745,0.19499999944453883,4.9590000001389605,1.8099899976885454,0.3970000093611756,7.428245393331602e-12,0.555014635092476
199.8665702342987,0.16199999946314492,4.942999999987626,1.8834299968313721,0.36750001171446545,7.602445311737788e-12,0.7365288522582478
199.9665563106537,0.13299999927436268,4.925000000055417,1.9752299972064145,0.3345000119492506,8.37441894936718e-12,0.9285150675168155
200.06649804115295,0.10899999934214577,4.90600000016581,2.076209998392523,0.3065000096922564,9.365456811629e-12,1.0018189534424404
200.16665291786194,0.08799999945132697,4.886999999878974,2.1710700011323314,0.27500001006020725,9.590409829539305e-12,0.9529497956442756
200.26667737960815,0.0709999996097661,4.868000000023563,2.247570002929269,0.25150000677000206,9.8798772575669e-12,0.7679449648542719
200.3664674758911,0.05599999971961189,4.849999999780617,2.3057100032701534,0.240500001449688,9.485587608350915e-12,0.5794494043431797
200.4665548801422,0.041000000158156524,4.828000000682524,2.3454900029214425,0.2749999841236197,9.769275124103804e-12,0.40840713185563515
200.5665831565857,0.024000000200093297,4.803000000438046,2.369970002792398,0.305999986819276,9.43949363729009e-12,0.23736486241694443
200.6677360534668,0.007000000073942303,4.776000000409891,2.379150002401495,0.3094999977434527,9.361798720275297e-12,0.08726653885464081
200.7665729522705,-0.008000000409067454,4.751999999573938,2.366910003461732,0.275500011765874,9.126140330771451e-12,-0.11868228781213164
200.86652946472168,-0.022000000193463265,4.731999999531505,2.3409000024257764,0.24800000898024827,8.277863681652566e-12,-0.2548180016427628
200.96650099754333,-0.03500000026886241,4.7139999995530255,2.2950000032800997,0.21850000882887738,7.63958147908866e-12,-0.460766821206852
201.06656169891357,-0.04700000019858841,4.698999999667344,2.232270002941351,0.18750000922168553,7.035902398623128e-12,-0.6248277888826358
201.16659307479858,-0.05800000026070684,4.686999999624868,2.1557700021168427,0.16100000660285113,6.42781802177167e-12,-0.7819074277049138
201.2665674686432,-0.06800000020213481,4.6779999996659996,2.059380003312276,0.13000000826915312,5.7460266640531766e-12,-0.9599309980388864
201.36658787727356,-0.07700000016711606,4.671999999636568,1.959930000304443,0.09950000717657814,4.81911028857101e-12,-1.0018189700440927
201.46658444404602,-0.08300000034394017,4.667999999803554,1.8604800001357122,0.06900000710833736,4.592106214260246e-12,-0.9843657069871048
201.56653809547424,-0.08700000031300625,4.66599999982935,1.7625599996451098,0.04000000574532134,4.277881859716232e-12,-0.99134701169962
201.66656494140625,-0.09000000000959396,4.664999999958735,1.6661699998002875,0.03449999677845996,3.916257578713317e-12,-0.9564404478261782
201.76640510559082,-0.09499999957277439,4.664000000036886,1.5881399968607623,0.0659999832517901,3.412685386968697e-12,-0.7888889043658487
201.86654829978943,-0.10499999918287273,4.662000000158218,1.5284699969459807,0.09649998428440387,3.181328805059347e-12,-0.5899213881495857
201.96655297279358,-0.11699999948659823,4.660999999932847,1.4856299971970577,0.12449998653527583,2.5447717367114227e-12,-0.4363323886000515
202.0663607120514,-0.13199999939601348,4.659000000163607,1.4611499968688766,0.15649998550342858,2.6979601439695573e-12,-0.24085553597686393
202.16792058944702,-0.14999999955601773,4.657999999965502,1.4534999972418468,0.18399998842596,2.317841376289927e-12,-0.07679456790259406
202.2668056488037,-0.16899999980035219,4.656999999958192,1.459619997684428,0.19049999682749233,2.014249922894552e-12,0.055850468722963176
202.36639213562012,-0.18600000042346387,4.655000000118152,1.4779799979196837,0.1615000102043582,2.358770613929812e-12,0.19547680752457045
202.46642923355103,-0.19900000052568956,4.653999999913181,1.5208199960045143,0.12550001260698115,2.1019864332867374e-12,0.41538825027212856
202.56659054756165,-0.20900000045764244,4.652000000066194,1.5774299976398027,0.10250000659177612,2.371962425329029e-12,0.5654866038034264
202.66650819778442,-0.2160000005175533,4.650000000031603,1.6478099975194804,0.07150000951194717,2.612988283895673e-12,0.7120942604144272
202.766521692276,-0.22000000050237922,4.648999999852116,1.7411399965530179,0.03700000985891468,2.409042654624065e-12,0.935496369089831
202.8676176071167,-0.22200000019297583,4.6479999999812,1.8405899987880225,0.011500006211954301,2.4105411770334695e-12,0.9878563300877824
202.96636080741882,-0.2210000003068,4.64899999974943,1.9400400001468752,-0.003499998333680297,1.974518992929543e-12,0.9948376702003509
203.06639695167542,-0.2209999998591794,4.649000000086936,2.039489999716947,0.000499994485823347,1.855402397883286e-12,0.9983283303650299
203.1663990020752,-0.22199999974231233,4.648000000243284,2.1343500010865615,0.009999992850941247,1.8561394393671747e-12,0.9494591371211294
203.266455411911,-0.224999999493658,4.645000000513788,2.2108500028713913,0.0424999843870178,1.840572750871764e-12,0.7714356198098734
203.3665292263031,-0.2289999997638006,4.640000000388455,2.2689900033221626,0.07249998667092517,2.01192521725389e-12,0.586430719693722
203.46637845039368,-0.23499999969148533,4.633000000315576,2.310300002785694,0.09999998808176504,1.778157152872498e-12,0.41887910550947993
203.5664186477661,-0.2429999996319907,4.622000000568539,2.3347800029630204,0.13399998673329455,1.822869073636363e-12,0.24085552444072947
203.66654682159424,-0.25099999994954736,4.609000000447344,2.3424300027199862,0.15949999039218682,2.366946906926144e-12,0.06283194342873541
203.76642274856567,-0.2619999996974034,4.594000000315934,2.3409000012981522,0.191999988702789,2.0149625723706586e-12,-0.010471939441185477
203.86646389961243,-0.2749999996093315,4.57600000048165,2.342429999566436,0.22049999052688382,1.7738925393417492e-12,0.010471964874530016
203.96646523475647,-0.2889999998295689,4.555000000473954,2.340900000425453,0.25199999034986187,2.087805403448641e-12,-0.006981308420842474
204.06649494171143,-0.3039999999131844,4.5330000002923,2.342429999624576,0.2804999917005209,2.253424125086851e-12,0.0034906531845085827
204.16659379005432,-0.32199999975046545,4.507000000455628,2.3409000003091043,0.3109999918210265,2.299996216600247e-12,-0.003490655069054133
204.26655387878418,-0.34099999979820517,4.4800000003237255,2.3408999999418203,0.3399999925251945,2.2282005655786916e-12,-1.7727713073553697e-09
204.36639881134033,-0.36199999986841114,4.449000000455368,2.3408999999999978,0.37049999277957985,2.582159813354875e-12,-8.72442330941541e-16
204.46653723716736,-0.3839999998945327,4.4170000003434335,2.3408999999999978,0.3984999938227693,2.7612490515721675e-12,-4.426127583176175e-22
204.5666389465332,-0.40799999995596714,4.383000000089164,2.3363100007532314,0.4045000026477815,2.6390024343106466e-12,-0.04188788142603943
204.66642808914185,-0.43000000029842234,4.351999999635661,2.3148900029261323,0.3750000159629078,2.5707625657682594e-12,-0.21991139538649576
204.76641297340393,-0.45000000059894596,4.324999999255429,2.2720500033647895,0.3375000175841109,2.516048967207609e-12,-0.4258602360989197
204.8665487766266,-0.4710000000390444,4.300999999610389,2.21697000222726,0.31500001123473237,1.7213481286315461e-12,-0.5550146365374794
204.96649813652039,-0.49100000033465285,4.2799999994604185,2.140470003293398,0.2815000143238424,1.2444662804799562e-12,-0.7714354229224929
205.06658363342285,-0.5100000002504927,4.26299999959509,2.047140002949252,0.2540000115740423,8.019462076350116e-13,-0.9250244255208224
205.16649436950684,-0.5300000000806797,4.248999999634944,1.9538099998863276,0.2475000027695179,-2.6139954823757157e-15,-0.9459684442783036
205.26640701293945,-0.5539999993201956,4.235000000171707,1.8757799974443552,0.28049998760142036,-6.570873493736963e-13,-0.7749262747578669
205.3663866519928,-0.5809999996770525,4.221000000099038,1.8176399966213128,0.31349998876460894,-8.193145978896703e-13,-0.5794494078547447
205.46653938293457,-0.6119999994509424,4.207000000201051,1.7763299973339879,0.3374999924916153,-9.086572513094062e-13,-0.41887910200538303
205.5664496421814,-0.6459999996275236,4.193999999963877,1.7518499970296637,0.37049998993256633,-1.4056975921034715e-12,-0.23387421070484768
205.66651391983032,-0.6829999994786213,4.179000000373047,1.74572999713891,0.3994999916555821,-8.395207001365285e-13,-0.06283194000263548
205.7665033340454,-0.7229999997014627,4.164000000109582,1.7472599987018804,0.4269999930825396,-7.946139152079828e-13,0.00698128266006473
205.86662602424622,-0.7649999995605157,4.148000000198929,1.7457300003754135,0.4604999908802496,-6.543609896032923e-13,-0.006981309915498285
205.96645092964172,-0.8099999998826473,4.130000000262671,1.7457299998836429,0.48899999369367103,3.286751829046565e-14,-3.4351447303002103e-09
206.0670337677002,-0.8569999997240512,4.112000000176717,1.7457299999999978,0.5029999992727789,2.3439960473532675e-13,-1.7443586808926167e-15
206.1664638519287,-0.904000000276735,4.09399999996701,1.7457299999999978,0.49900000612746315,4.2943784252163033e-13,-8.582933324088769e-22
206.26647329330444,-0.9500000000939135,4.076000000114179,1.7472599997409204,0.4970000050418712,8.189555050479454e-13,0.010471970192263294
206.36654567718506,-0.9970000001518731,4.05799999999741,1.7472600001745304,0.500500002674264,9.297862920905375e-13,-0.0069813084249934765
206.46653389930725,-1.0430000001069093,4.040000000092761,1.7457300001426863,0.4985000045701806,1.2435220788776082e-12,-3.5460052689312294e-09
206.5665876865387,-1.090000000168752,4.0220000000075125,1.7457299999999978,0.5000000029696675,1.3757410881952794e-12,-1.7447360076008389e-15
206.6664273738861,-1.1369999998959521,4.004000000112148,1.74725999974109,0.5010000029639525,1.496158581005885e-12,0.0034906567319160082
206.76653671264648,-1.1830000003919228,3.9859999999811597,1.747260000058175,0.4975000044519959,1.784019402678908e-12,1.718150334246299e-09
206.86653351783752,-1.2290000000319559,3.968000000120994,1.7472599999999976,0.49850000250653537,2.046160150223717e-12,8.72637762287424e-16
206.9664876461029,-1.2760000001435507,3.9500000000005526,1.745730000250966,0.5005000019929453,2.080542265332525e-12,-1.2547955189305466e-17
207.06652855873108,-1.3229999998945292,3.9320000001126054,1.7457299999999978,0.498500003375273,2.158417419947066e-12,-0.0034906567333572256
207.16650819778442,-1.3690000003235685,3.9140000000233686,1.7518499989372245,0.48700000665256843,2.4519017882246004e-12,0.05585050684130244
207.26661896705627,-1.4110000006013816,3.8969999999614098,1.7732699973071164,0.4590000126741426,2.8354643114998613e-12,0.20594877555681515
207.36653852462769,-1.4510000006350303,3.879999999882611,1.81457999665463,0.4230000145173206,3.0718084851358253e-12,0.42586022924216627
207.4667148590088,-1.4860000005771283,3.862000000150653,1.8727199972524429,0.395500010821318,4.004584961501815e-12,0.579449233637459
207.56661248207092,-1.5180000006757837,3.8430000000548725,1.9461599976158284,0.3695000092605708,4.90662185157636e-12,0.7330382102875732
207.66680002212524,-1.5460000005399248,3.823999999959434,2.039489996421171,0.3355000120633906,5.359969389037928e-12,0.9320057195390804
207.76668643951416,-1.5700000005566324,3.8030000000956248,2.140469998965769,0.3045000098080093,6.333977826689921e-12,1.0088002698539944
207.86659741401672,-1.5890000005285057,3.7829999999433177,2.23991999998183,0.2765000084315803,6.903916881137147e-12,1.005309650921052
207.96661758422852,-1.604000000627142,3.762999999834868,2.3347800011948356,0.25150000646968956,7.624006017025982e-12,0.9389871702104777
208.06648302078247,-1.617000000242589,3.7430000000465586,2.4112800026986827,0.23900000160318263,7.829950707580581e-12,0.7679449577474484
208.1665563583374,-1.6299999998936006,3.7200000004922984,2.4663600037681137,0.27499998345675936,7.863911670284718e-12,0.5585054636577722
208.26679134368896,-1.6439999997318484,3.692000000871384,2.5107300017966523,0.3039999866970399,7.907686041619486e-12,0.4363323750496515
208.3665633201599,-1.6570000000615508,3.6620000004343054,2.5336800035095823,0.33449998732123665,8.184524418467691e-12,0.2373648761324941
208.4665322303772,-1.670999999905895,3.6290000006079772,2.539800002919441,0.3629999884778592,8.178224045104479e-12,0.04886931484078327
208.56665515899658,-1.6869999998043266,3.5930000004300062,2.5398000008144868,0.3934999888030605,7.655754275562006e-12,0.0034906808300184736
208.66654062271118,-1.7029999999594096,3.5550000004862135,2.539800000058176,0.42349998931685034,7.669827179103287e-12,-0.0069813116938507
208.7665355205536,-1.7209999999136265,3.513000000477754,2.539799999883643,0.45349999032529564,7.555677759748516e-12,0.0034906533494578323
208.86645340919495,-1.73999999984812,3.469000000582856,2.5398000000581753,0.483999990371585,7.389693654354882e-12,1.772159829906833e-09
208.96654534339905,-1.7600000000220373,3.423000000133645,2.539799999999998,0.5019999959443585,7.1651492925721774e-12,8.718143277690701e-16
209.0665693283081,-1.7790000002385202,3.377999999906569,2.538270000259107,0.49750000456384613,7.267587725877768e-12,-0.006981313461070958
209.16693329811096,-1.7990000001442006,3.3319999998959977,2.539799999632965,0.49750000256416355,7.098220249020281e-12,0.013962623721473218
209.2666518688202,-1.8189999999916697,3.2860000002083525,2.5398000002327077,0.5020000006893311,6.898222573400222e-12,-0.006981306354279926
209.36650705337524,-1.8390000001618496,3.239999999818565,2.539799999883643,0.4985000036543315,6.7042071730022326e-12,-0.003490660220557881
209.4665777683258,-1.8580000002096408,3.1940000001739905,2.5397999999418204,0.4990000019493555,7.079687391751055e-12,-1.771022219935331e-09
209.56657934188843,-1.8780000001290844,3.147999999892644,2.539799999999998,0.49850000220286894,6.874637598281493e-12,-8.72160304952462e-16
209.66647791862488,-1.8980000000023285,3.1020000001839465,2.539799999999998,0.49950000150369794,6.6877577050751275e-12,-4.427433682427579e-22
209.7664270401001,-1.9180000001351107,3.0559999998789014,2.539799999999998,0.500000001605959,6.506916926389723e-12,0.003490656786733439
209.8664357662201,-1.9370000002114818,3.0109999999674835,2.5398000000581753,0.49650000303020264,6.649127825614958e-12,1.7732595149200225e-09
209.96649718284607,-1.9570000001067367,2.964999999942922,2.538270000251007,0.4995000003997619,6.470762934398773e-12,-0.006981313571943863
210.0664403438568,-1.9770000000184247,2.919000000185566,2.539799999624689,0.4970000024402267,6.354666640307925e-12,0.0034906531868248636
210.16646361351013,-1.9970000001097503,2.8729999999361047,2.5398000000581753,0.49900000059748245,6.194592205860253e-12,0.006981315290380928
210.26646041870117,-2.016000000200888,2.827000000194507,2.5398000001163528,0.5000000009196478,6.600444891574587e-12,-0.0069813099155385475
210.3665316104889,-2.0360000001341803,2.780999999880966,2.539799999883643,0.5000000012430312,6.4250006817688846e-12,0.00698131014031779
210.46654796600342,-2.0560000000067564,2.735999999970965,2.5398000001163528,0.499500001358682,6.0203991823022576e-12,-0.006981309920117338
210.5665204524994,-2.075000000320715,2.6899999999047033,2.539799999883643,0.4990000012678892,6.449032890283764e-12,-3.437838614478439e-09
210.6664638519287,-2.094999999997098,2.6440000001957698,2.539799999999998,0.4990000010067898,6.287885522589937e-12,-1.74517601764229e-15
210.7665090560913,-2.1150000001231213,2.597999999905894,2.539799999999998,0.498500001128237,6.131900647914903e-12,0.003490656787184993
210.86641764640808,-2.134999999987148,2.552000000218442,2.5398000000581753,0.5000000003028101,5.990093031240252e-12,-0.0034906549556903655
210.96644377708435,-2.1540000003272777,2.5059999998890623,2.53827000019262,0.49850000140861306,6.4211562058973364e-12,-1.7165798392101972e-09
211.0665361881256,-2.1740000000015804,2.4610000000202947,2.5397999997409,0.4990000005782124,6.062538739391244e-12,0.0034906567306135024
211.16642594337463,-2.1940000001201465,2.414999999912647,2.5398000000581753,0.49900000073242873,5.920620503601813e-12,1.7172054650634039e-09
211.26665043830872,-2.2130000001923076,2.370000000010557,2.5352100007769565,0.48550000584139497,6.09830850029666e-12,-0.03839722404513825
211.3665006160736,-2.232000000236038,2.326999999614366,2.515320002622592,0.45850001030172616,5.9000485974711886e-12,-0.2024581124988434
211.4665117263794,-2.25100000005218,2.2889999994562014,2.4724800038761563,0.4220000136217041,4.9924055554607374e-12,-0.42586022405748497
211.5665099620819,-2.2700000001725424,2.253999999464741,2.415870002190676,0.3950000088402819,4.3762818974273305e-12,-0.565486608918125
211.6665437221527,-2.2899999999811254,2.2219999997785584,2.343960002748503,0.3720000070963022,3.724931904334279e-12,-0.7295475440145088
211.7664496898651,-2.310000000302761,2.1949999992939224,2.252160002897787,0.3345000117331279,2.9912023311279116e-12,-0.9180430937986745
211.86653518676758,-2.331000000016095,2.172999999440002,2.149650002043989,0.30500000840904035,1.7673742116957139e-12,-1.0157815750486197
211.96670722961426,-2.3539999998191874,2.152999999780981,2.054789998631688,0.3034999972053952,7.630936173785038e-13,-0.9494591457246423
212.06661891937256,-2.379999999438269,2.13300000033801,1.9813499965992523,0.33049998652129,4.71097067343261e-13,-0.7365290524033217
212.16645860671997,-2.409999999537842,2.1140000000585886,1.921679997514313,0.3664999843467487,-2.2235135345995648e-13,-0.6038839864775111
212.2665355205536,-2.443999999386538,2.0940000003330965,1.8803699969259866,0.39449998792793184,-2.8685414863795797e-13,-0.41538845766955124
212.36648893356323,-2.48099999966008,2.074000000200468,1.8558899970950584,0.42149998936902483,-2.2030008943054689e-13,-0.23038355236451194
212.4667146205902,-2.520999999416622,2.054000000239168,1.849769997195709,0.4559999868441022,-3.571186293180694e-13,-0.06632259484757233
212.5664782524109,-2.563999999728022,2.032000000240139,1.8497699988946215,0.48099999157149004,-4.00635711192266e-14,0.006981280937590775
212.66640853881836,-2.6079999997069248,2.009000000355738,1.851299999857321,0.49949999426547737,5.188876828786436e-13,0.0034906602768889237
212.76640629768372,-2.652000000303831,1.9869999998372034,1.8451800010616686,0.4860000066527634,4.569101688373897e-13,-0.052359850086472474
212.86644220352173,-2.6940000001938866,1.9659999999590851,1.8252900024952226,0.4565000125235893,5.752307773769586e-13,-0.20245811698483065
212.96641159057617,-2.7330000005797306,1.9489999994732266,1.7809200039067608,0.4250000121346633,-1.885691935876339e-13,-0.4363321978632104
213.06644320487976,-2.770000000317628,1.9339999997881936,1.7243100023012814,0.39650001061257545,-3.9614257973964175e-13,-0.5724679255872009
213.16652178764343,-2.805000000558298,1.9229999995507112,1.6508700025006569,0.3695000090668493,-1.1268421896740133e-12,-0.7365288636395283
213.26645255088806,-2.8380000003816797,1.9149999997087095,1.557540003507341,0.334500011881411,-1.5991639817439511e-12,-0.9285150646619672
213.36659908294678,-2.8690000004115106,1.910999999663307,1.4611500003518674,0.3045000089072986,-2.325099283130561e-12,-0.9634217299059823
213.46651220321655,-2.897000000301782,1.909999999756243,1.3708799992313345,0.28200000585373713,-2.8397519753382036e-12,-0.8831366423009909
213.56655049324036,-2.92200000062015,1.910999999890845,1.2744900010874884,0.24800000945994474,-3.0390126247209666e-12,-0.9564403940309415
213.66644644737244,-2.944000000350851,1.914999999730671,1.1750400008893083,0.21450000909931596,-3.767985567521481e-12,-1.0053096243382382
213.7664337158203,-2.962000000530187,1.919000000087918,1.0740599998140015,0.19000000482009027,-3.6140352829264113e-12,-1.001818992363011
213.86646270751953,-2.978000000243213,1.924999999910452,0.9761399998761311,0.16100000653161675,-3.8714571319950356e-12,-0.980875050255195
213.96648263931274,-2.9900000004578136,1.9310000000464953,0.8797499994643738,0.13000000652284416,-4.073146879594045e-12,-0.9738937260485871
214.06646180152893,-2.999000000313721,1.9360000001739328,0.7803000006035221,0.0995000063033202,-3.828053137674915e-12,-0.9983283197317587
214.16641569137573,-3.0050000003203223,1.9410000000572656,0.682379999416141,0.07000000517600452,-4.01827064731939e-12,-0.9843657049927232
214.26649236679077,-3.0080000003298046,1.9430000003918542,0.5814000006864068,0.039000005787662696,-3.5229153646479557e-12,-0.9983283250505599
214.36654782295227,-3.0090000002185064,1.9440000002354816,0.48194999967365604,0.00950000450748291,-3.2861681803589846e-12,-0.9948376753544469
214.46655106544495,-3.0090000000118895,1.9440000000152513,0.38402999999710463,-0.0010000026679840898,-3.0876207013775907e-12,-0.9878563601745726
214.56652402877808,-3.008999999900576,1.9439999998443855,0.28457999983723337,-6.871305618244561e-09,-2.8953217725896305e-12,-0.9983283269911711
214.666490316391,-3.008999999932275,1.9439999998663864,0.18665999993881854,-6.086514698494527e-09,-2.7203873190700468e-12,-0.9913470186785344
214.76645708084106,-3.008999999947095,1.943999999864092,0.08720999979946686,-0.0015000051537567855,-2.5511588521776648e-12,-0.9948376719180911
214.86658191680908,-3.0089999999563553,1.9439999998433257,-0.012239999757897024,-0.0010000055878793754,-2.3968989948280656e-12,-0.9913470169041917
214.96761322021484,-3.008999999974691,1.943999999854528,-0.11169000021073128,-5.418825546263384e-09,-2.247706288468717e-12,-0.99134701513278
215.06651639938354,-3.0089999999915626,1.9439999998844124,-0.2111399996845762,0.0004999950875072285,-2.111909993469962e-12,-0.9913470151327791
215.16681027412415,-3.00900000000272,1.9439999998975244,-0.30447000121644674,-4.231627853679143e-09,-1.9804407993165405e-12,-0.9424778201203878
215.2664783000946,-3.0090000000126835,1.9439999998947552,-0.38250000249504,-0.006000001869662994,-1.8608057472617305e-12,-0.7784169297313658
215.36645889282227,-3.0090000000430397,1.9439999997856785,-0.44064000343995424,0.0004999935615676264,-1.7449541948706617e-12,-0.5759587527539218
215.4664409160614,-3.009000000020121,1.9439999999231374,-0.4819500026073902,0.0009999961632459684,-1.6394997076328599e-12,-0.411897786775003
215.56657791137695,-3.009000000019862,1.9439999999351643,-0.5049000031008448,-0.0010000026692059214,-1.537447423942428e-12,-0.23038355057571883
215.66675472259521,-3.0090000000312855,1.9439999999057291,-0.5110200028036553,-3.6293493158728873e-09,-1.444552812820797e-12,-0.07330390836096229
215.766455411911,-3.009000000024745,1.943999999926916,-0.5049000022245869,-0.0005000028378517075,-1.3545586085290224e-12,0.06283178614809833
215.86645793914795,-3.0090000000248445,1.9439999999251265,-0.48042000310204913,0.0014999963841473788,-1.2728064053909465e-12,0.24085534625274332
215.96647715568542,-3.009000000011355,1.943999999962704,-0.4345200035082746,-0.002000001336787305,-1.1935230114912666e-12,0.4642574711906977
216.06757974624634,-3.009000000025429,1.9439999999004705,-0.3733200026265304,-0.0020000025494396854,-1.1214313114432173e-12,0.6143558204450437
216.16648626327515,-3.0090000000186308,1.9439999999025694,-0.29376000280554226,0.0004999966868302428,-1.051605968747742e-12,0.7958700496252187
216.26651692390442,-3.0090000000049724,1.9439999999546127,-0.1973700030598613,-0.0025000010429225544,-9.880894337460514e-13,0.9669123187030587
216.36644983291626,-3.009000000001338,1.943999999897344,-0.0979200001902758,-0.0005000028593224589,-9.265647111193894e-13,0.9983283166881874
216.46646332740784,-3.0089999999950194,1.9439999999425903,6.351630332801506e-11,-2.1379451611847067e-09,-8.7057458308525e-13,0.9843657052153103
216.56676578521729,-3.0089999999915413,1.943999999954683,0.09945000009740035,-1.8143647617305247e-09,-8.163770596765051e-13,0.994837668484914
216.6664834022522,-3.008999999988408,1.9439999999602926,0.19889999974902506,0.0009999979136166171,-7.670379029538752e-13,0.9913470169051238
216.76641511917114,-3.008999999992268,1.9439999999808557,0.29835000020972924,-1.2064791201672753e-09,-7.192970787679893e-13,1.0018189854916173
216.86638474464417,-3.0089999999822616,1.9439999999661657,0.3977999998570647,-0.002000000739740283,-6.758453429181048e-13,0.9983283339139769
216.9664068222046,-3.008999999958016,1.9439999999362148,0.49725000032831,-0.0010000018249033144,-6.337750646538746e-13,0.9843657049947042
217.0663697719574,-3.0089999999709196,1.944999999760988,0.593640000084954,0.010499994264345435,-9.755314477839024e-13,0.9669124144706369
217.16637897491455,-3.011999999553085,1.9469999997520657,0.6701400035719747,0.04199998738051127,-4.582840429370673e-13,0.7714356255347762
217.26654148101807,-3.016999999628611,1.951999999545555,0.7298100027603676,0.07349998777136649,-7.243139907518308e-13,0.6003933495133053
217.3665223121643,-3.02499999961314,1.9569999999317962,0.7726500029785273,0.10049999056000056,-1.0393878758256232e-13,0.4258604233844468
217.46650624275208,-3.035999999448002,1.9639999997640238,0.7986600026967983,0.13299998871985752,2.746009530823183e-13,0.25481815761179427
217.56637120246887,-3.0489999997048436,1.9729999997376433,0.804780003242521,0.15999999182498947,8.54016818343009e-14,0.07330391795674598
217.66656494140625,-3.0649999994875756,1.9829999997697658,0.8047800012217294,0.19299998971645063,3.455981724248254e-13,-0.010471932969784797
217.76641702651978,-3.0829999997590605,1.9949999998103976,0.8047799998254659,0.22049999277925555,2.4203143278821843e-13,0.006981308421655414
217.86638116836548,-3.1039999995037384,2.008999999636077,0.8047800001163532,0.2514999915528913,1.3448804430021006e-13,-0.0034906531860622314
217.96648287773132,-3.126999999774119,2.0239999998772635,0.8047799999418208,0.28049999318699936,1.9442488693551576e-13,-1.717126462286861e-09
218.06643104553223,-3.1529999995052975,2.0399999998991274,0.8047799999999983,0.3079999938198726,7.396535679029842e-13,-0.0034906567304242332
218.16660952568054,-3.1809999997559757,2.058999999725547,0.8047799999418208,0.34249999195982855,3.9269129084473667e-13,-1.7165564555714219e-09
218.26650404930115,-3.211999999541513,2.077999999981784,0.8047799999999983,0.3674999956505852,1.0717990343105089e-12,-8.722012261977504e-16
218.36648106575012,-3.2449999997839427,2.09999999980088,0.8047799999999983,0.401499992911044,8.545171990861325e-13,-4.2880831252092125e-22
218.4665093421936,-3.280999999528593,2.122999999828835,0.8047799999999983,0.4289999954048547,1.1477172844718436e-12,-3.980986461901339e-26
218.56652164459229,-3.318000000023881,2.147000000082942,0.8001900007524041,0.43500000395750305,1.253931850372117e-12,-0.04537853823608078
218.66640496253967,-3.3520000004433967,2.1700000002118127,0.7787700028709343,0.4045000175830527,9.734556258341322e-13,-0.21293008362418045
218.7665388584137,-3.382000000816717,2.192000000346695,0.7344000037304683,0.3670000187098539,3.38694751201958e-13,-0.43633220304510584
218.8664379119873,-3.409000000405914,2.213000000233395,0.6793200020575876,0.34300001287332704,1.37504898572677e-13,-0.5654866120152574
218.96642422676086,-3.433000000540499,2.235000000171041,0.6043500028531925,0.3145000134255826,-5.718826316840407e-13,-0.7470008306728718
219.0665054321289,-3.452000000620938,2.255000000390332,0.5094900036162349,0.27900001564694327,-1.0148837205636873e-12,-0.9424776967543748
219.16641092300415,-3.4680000004263523,2.276000000167297,0.4115700003537546,0.25350001055440236,-1.6494109714387892e-12,-0.9913469910848479
219.26664113998413,-3.4800000004033187,2.2950000003317803,0.31212000031479636,0.2240000117465212,-1.988604399524158e-12,-0.9948376718638138
219.36654376983643,-3.4880000005473697,2.313000000376638,0.21725999897628068,0.19550001029293274,-2.819173620745752e-12,-0.9459684786243558
219.4663848876953,-3.4940000002970066,2.329000000322851,0.1392299973989044,0.1645000109227624,-3.0888910983325416e-12,-0.778416931196188
219.5664942264557,-3.4980000002390685,2.342000000504295,0.08261999631452954,0.13250001028733194,-3.106663563960622e-12,-0.5654867824540564
219.66643929481506,-3.5010000000694976,2.35300000025038,0.04130999758037657,0.10500000834276019,-2.922554525588896e-12,-0.4223697517899465
219.76636862754822,-3.5030000000552928,2.360000000580645,0.016829996980855633,0.07100000989491491,-2.5019628897629e-12,-0.2373648694212182
219.866370677948,-3.5040000000612874,2.3650000002827745,0.010709997079139777,0.04700000585943614,-2.361604061111122e-12,-0.059341284907794056
219.96651148796082,-3.5040000001602216,2.3670000004183174,0.010709999010976246,0.01550000799520335,-2.455229225020749e-12,0.0034906275616010743
220.06641364097595,-3.5040000000385074,2.3670000001954463,0.015299999282840204,0.0015000011839490378,-2.3065692735861035e-12,0.03490656911970976
220.16736793518066,-3.5039999999843534,2.366999999922859,0.035189997314359234,-0.0015000031032690927,-2.1632082670958565e-12,0.20245811065809327
220.26758313179016,-3.5039999999721836,2.3679999996723664,0.0780299961243518,0.0009999950195852033,-2.163793638013177e-12,0.42586022406550256
220.3665542602539,-3.503999999980339,2.3679999999269197,0.13616999755927406,-0.001000002979797139,-2.029139730421153e-12,0.5829398928551008
220.4664442539215,-3.5039999999658438,2.367000000100253,0.20960999728643426,-0.003000002776777988,-1.7164515065494013e-12,0.7365288663599187
220.56654119491577,-3.5039999999449787,2.3669999998676587,0.3029399969679014,0.0004999953423676529,-1.6096129369825999e-12,0.9389870379540772
220.66646075248718,-3.5039999999686042,2.3669999999407985,0.4023899988031898,-0.001500002317805619,-1.5124149491379385e-12,0.9948376452539037
220.76683497428894,-3.5039999999427387,2.3669999999138933,0.5018400002850667,0.0004999963266697164,-1.418188740813335e-12,0.9913470168486679
220.86668133735657,-3.5039999999632823,2.3669999999551954,0.6012899996762462,-0.0015000019484731255,-1.332548077076826e-12,0.994837671862884
220.9665880203247,-3.504999999742342,2.367999999742388,0.6946200012812556,0.013999991692568617,-1.2495663501351526e-12,0.9354965082519203
221.0665864944458,-3.5079999995784856,2.3699999997495227,0.7726500023780387,0.03949998818714567,-9.481273815240216e-13,0.7853982396501289
221.166508436203,-3.5139999994548994,2.3739999996609473,0.8307900035563192,0.07499998554075726,-7.724000441794356e-13,0.5829400697617554
221.26678705215454,-3.5219999996505376,2.37899999977681,0.8736300024581647,0.09899999037287016,-7.411621852510539e-13,0.42586041731888047
221.3665874004364,-3.532999999582758,2.3849999998037266,0.8981100030848834,0.1334999873957831,-5.88188641876034e-13,0.2338742141788768
221.46682906150818,-3.5469999995483636,2.3919999998496837,0.904230002861877,0.16149999022204564,-3.172188092419491e-13,0.06981325339874972
221.56699585914612,-3.5639999995647553,2.399999999949878,0.902700001414523,0.19049999079286722,1.9999956715050887e-13,-0.013962592789697387
221.66666102409363,-3.582999999574591,2.410999999570742,0.9042299995082139,0.22349998947635183,-3.5257268724053824e-13,0.010471963099509629
221.76776909828186,-3.604999999705388,2.4219999999484503,0.9042300001745298,0.2489999932962849,-4.3053691205463406e-14,-0.006981308421342106
221.86687469482422,-3.627999999813687,2.4339999999117303,0.8996400006603205,0.2565000002701406,-1.5936181253984086e-14,-0.04188788432813038
221.96665406227112,-3.6490000004503553,2.4450000002624246,0.8782200028159499,0.2225000156631006,5.179035458433545e-14,-0.20594877098969927
222.06659960746765,-3.666000000463068,2.454000000354502,0.8369100035583763,0.18900001492156432,2.990433924649261e-13,-0.408406942181183
222.16659021377563,-3.680000000482309,2.4630000002127206,0.780300002477186,0.16600000972196147,5.730072943440155e-14,-0.5689772571501651
222.2666881084442,-3.6910000004969064,2.472000000066654,0.7083900026680778,0.13900001091504866,-6.272228434079714e-13,-0.7155849189983562
222.3665521144867,-3.6990000005686046,2.4790000003491386,0.6181200029065703,0.1020000136513424,-8.55589839258888e-13,-0.9145524299632146
222.46660995483398,-3.7050000002215775,2.4840000003769527,0.515610002102493,0.07650000884538778,-4.560454174431865e-13,-1.0122909165436924
222.56650376319885,-3.708000000359375,2.4880000003409872,0.41768999920280603,0.04700000948276742,-6.022085086610803e-13,-0.9843657118772081
222.66657328605652,-3.709000000290013,2.4900000003119027,0.31824000041473344,0.01450001038429715,-7.517888488490696e-13,-0.9948376683231351
222.76666831970215,-3.7090000001060446,2.49099999999626,0.22490999872741657,0.009999999027243425,-1.004306127278372e-12,-0.935496508268472
222.8665988445282,-3.7109999996557654,2.493999999533803,0.14840999736056415,0.04249998501392038,-5.562966143202901e-13,-0.7749262694436172
222.96656203269958,-3.712999999876333,2.500999999403975,0.08720999712604982,0.07449998651463088,-7.668846217541577e-13,-0.600393348596313
223.06650590896606,-3.7149999999913668,2.509999999601357,0.047429996725977475,0.09749999039194474,-1.0134414059901134e-12,-0.40491648571260974
223.16652584075928,-3.7179999998609485,2.5229999993560512,0.02294999726579139,0.13449998609626881,-9.897051283406318e-13,-0.2513274878469064
223.2665045261383,-3.7209999999501395,2.5379999996166727,0.015299997105952201,0.1609999905053658,-1.0191635870402337e-12,-0.06283194877900544
223.36648297309875,-3.72499999986044,2.555999999662151,0.016829998701949345,0.18999999049018745,-7.349180375113636e-13,0.01396259624366998
223.4665379524231,-3.7289999999582264,2.5779999993149376,0.015300000491801358,0.2219999895678504,-9.750281835818077e-13,-0.010471963098521386
223.56658601760864,-3.7339999999113065,2.6019999997069108,0.01682999957457665,0.25049999189558203,-8.231406465594509e-13,0.006981308422048891
223.6666760444641,-3.7399999997984636,2.628999999509841,0.016830000116352162,0.28049999146657,-4.777067716330968e-13,-0.003490653183060307
223.76648926734924,-3.7459999999605813,2.65899999969956,0.01682999994181955,0.3109999921807824,-5.154743283542813e-13,-1.7167268292692106e-09
223.86684322357178,-3.752999999841837,2.691999999500986,0.016829999999997014,0.3379999936210355,-3.198665246501785e-13,-8.719664291197209e-16
223.96651005744934,-3.759999999998433,2.7279999996709074,0.016829999999997014,0.37049999231916003,-5.028942092094623e-13,-4.287098140663964e-22
224.06648874282837,-3.7679999998792457,2.766999999463107,0.016829999999997014,0.3979999942883121,-4.394499540702598e-13,-3.723755062108187e-27
224.16646313667297,-3.7769999998472112,2.807999999876668,0.016829999999997014,0.42949999350199675,-1.7027620389944147e-14,-4.221470583672518e-26
224.26650381088257,-3.7859999999171077,2.8529999994273654,0.016829999999997014,0.45799999466874286,-1.1428085128667407e-13,1.2036717122070687e-26
224.3665075302124,-3.7959999998931373,2.9009999996906437,0.016829999999997014,0.4874999949671327,2.850088279112395e-14,-1.668266692419874e-26
224.46649479866028,-3.805999999946714,2.9499999997574067,0.016829999999997014,0.5000000014132807,3.8048964994943165e-14,-1.5662906202713505e-27
224.5665225982666,-3.8169999998688002,2.99900000033729,0.016829999999997014,0.4990000064534625,6.583240411936101e-13,-8.296691365342328e-26
224.66667556762695,-3.8269999999818847,3.047000000133796,0.016829999999997014,0.4955000070363896,7.500082111051539e-13,-1.8761599484122905e-26
224.76720762252808,-3.8370000000368307,3.096000000199147,0.016829999999997014,0.5020000028605994,7.14939446620072e-13,-1.5324915499519878e-27
224.86667132377625,-3.8469999999995395,3.145000000016646,0.016829999999997014,0.499500006045592,6.829771479404745e-13,-1.5992469856495354e-27
224.96663308143616,-3.8570000000474156,3.1940000002511355,0.016829999999997014,0.4955000061957608,6.521005866805794e-13,-1.544151550380167e-27
225.06648182868958,-3.866999999969929,3.2429999998712864,0.016829999999997014,0.5005000024337805,6.239505556564689e-13,-1.576888966864014e-27
225.16654205322266,-3.8779999998533334,3.292000000264772,0.016829999999997014,0.49900000473955036,1.2057064322843597e-12,-8.291169223449984e-26
225.26649594306946,-3.8879999999798773,3.340999999920082,0.016829999999997014,0.4995000037078693,1.144113650560386e-12,-1.5817598456903186e-27
225.3664960861206,-3.898000000044778,3.390000000238106,0.016829999999997014,0.4990000038515712,1.0844945521652706e-12,-1.5335709385177942e-27
225.4664125442505,-3.907999999976882,3.4389999999053944,0.016829999999997014,0.4985000036254795,1.030248069828658e-12,-1.581422456242141e-27
225.56644487380981,-3.9180000000371056,3.4870000003973436,0.016829999999997014,0.49700000376232595,1.1017829558281707e-12,-0.003490656785757003
225.66659665107727,-3.9279999999688595,3.5359999998659988,0.01682999994181955,0.5030000006910682,1.0464548742513194e-12,0.0034906549600993908
225.76654481887817,-3.9389999998574936,3.5850000002848295,0.016830000058174477,0.5000000040398931,1.6020882418686351e-12,1.7175273729283513e-09
225.86649823188782,-3.948999999976934,3.633000000108596,0.012240000776617244,0.48450000860017356,1.6370222768696103e-12,-0.03839722405363837
225.9665596485138,-3.9570000003235553,3.6790000004885304,-0.007649997377943585,0.4580000119429622,8.337924716946812e-13,-0.19896745572550834
226.0679051876068,-3.964000000187564,3.7210000004939907,-0.04895999631927972,0.42150001536173454,4.928300525684217e-13,-0.4223695654669928
226.16640281677246,-3.9690000001516363,3.7600000006762393,-0.10709999750779442,0.3945000104525784,2.752241433854588e-13,-0.5689772640438453
226.26641201972961,-3.9700000004023863,3.798000000126227,-0.18053999704648027,0.3705000090044366,-9.037581935840216e-13,-0.7435101726823583
226.36674237251282,-3.9690000002230743,3.832000000678563,-0.27233999733829695,0.3335000129509289,-1.5448007219395158e-12,-0.9145524439015326
226.46647143363953,-3.9650000002292565,3.862000000498546,-0.3733199981533104,0.3070000085986291,-2.261017755977228e-12,-1.0122909165347616
226.56639885902405,-3.958000000233241,3.8910000002688934,-0.4681800013078188,0.304999998707792,-3.0032745750350294e-12,-0.9494591440113613
226.66651439666748,-3.9480000003305946,3.9229999993247793,-0.5416200033892444,0.3349999865923575,-3.202495599369487e-12,-0.7435103659650744
226.76647782325745,-3.9340000004141995,3.955999999772124,-0.6012900026052739,0.365499987601124,-3.977191595809157e-12,-0.6003933331045423
226.86657452583313,-3.9180000002729134,3.9909999996069505,-0.6426000030399246,0.39299998917575213,-4.006414442553601e-12,-0.40491648535988567
226.96646928787231,-3.8990000002489804,4.02899999959284,-0.66708000273315,0.4249999884742568,-3.893354524409434e-12,-0.24434617429429356
227.06643271446228,-3.8780000002997568,4.068999999437673,-0.6732000030361744,0.4539999899351757,-3.671253298720011e-12,-0.06283194527589869
227.16641330718994,-3.85600000004891,4.110999999777017,-0.6716700012988246,0.4799999919882661,-3.250065086577835e-12,0.017453252908961284
227.26639485359192,-3.8320000003492076,4.1549999995975595,-0.6731999994500457,0.49999999447900445,-3.410276387997256e-12,-0.013962618057267992
227.36641550064087,-3.808999999801168,4.200000000022132,-0.6716700004837393,0.4990000028136354,-2.6770617574597435e-12,0.006981306699253809
227.46704602241516,-3.7859999999671388,4.243999999935102,-0.6716699998836484,0.49600000341797185,-2.3384483631370945e-12,0.006981317007972082
227.56654739379883,-3.7620000000525824,4.288000000149084,-0.6716699998836484,0.5015000000317216,-2.5601399560699293e-12,3.436832714254212e-09
227.66659021377563,-3.738999999949069,4.331999999969133,-0.673199999741124,0.4955000043544848,-2.228725696359836e-12,-0.006981313464216403
227.76660013198853,-3.715999999848604,4.3760000001299515,-0.6732000001163583,0.5009999997673856,-1.860966168525677e-12,-3.435730763258482e-09
227.86666917800903,-3.6929999999441243,4.419999999945576,-0.671670000258989,0.49800000296136354,-1.526089656561484e-12,-1.731766125788737e-15
227.96693921089172,-3.6699999997956567,4.464000000263621,-0.6716700000000035,0.4985000014495682,-1.2465953075337587e-12,0.0034906568036609438
228.06653690338135,-3.646000000236473,4.508999999607609,-0.6716699999418259,0.49800000174035003,-1.245189370060654e-12,1.7906514894992787e-09
228.16664338111877,-3.6229999998463587,4.55300000016672,-0.6731999997489302,0.49700000180843557,-9.859332821561789e-13,-0.006981313571083496
228.2665183544159,-3.5999999999859824,4.59699999986694,-0.6716700003753937,0.5019999994205158,-7.039839237508343e-13,-3.5458929134937756e-09
228.36651992797852,-3.576000000004454,4.641000000239787,-0.6731999997490821,0.49900000246860104,-1.0275429447507251e-12,-1.7571333757907064e-15
228.46654605865479,-3.552999999969007,4.684999999898902,-0.6716700002589295,0.495500002546004,-7.429605450418085e-13,0.0034906567317873546
228.56640791893005,-3.529999999869581,4.7290000001230466,-0.6716699999418259,0.4984999999468285,-5.147835515982135e-13,0.0034906585039877844
228.66772747039795,-3.506999999989853,4.773999999689048,-0.6716699999418259,0.50100000010552,-2.4501046333382133e-14,1.7731812450641482e-09
228.7665674686432,-3.4830000000172188,4.818000000215739,-0.6716700000000035,0.49850000197396144,-3.9037360011918564e-13,-0.0034906567866350526
228.8667004108429,-3.4599999999916324,4.861999999888881,-0.6731999997991265,0.4990000007396119,-1.9025166053060016e-13,-0.003490658503987797
228.9664168357849,-3.4369999998262415,4.906000000172126,-0.6732000000581806,0.5010000001452171,5.0715918145866415e-14,-1.7173143393445223e-09
229.06642270088196,-3.413999999955621,4.949999999924079,-0.6716700002589748,0.4950000031664807,2.7008475276678497e-13,0.006981313462959193
229.1663899421692,-3.390000000076734,4.994000000103576,-0.6731999996326765,0.499999998837571,-1.140400213438635e-13,-0.006981310136969333
229.2666826248169,-3.3669999999657314,5.038999999701913,-0.6716700003753724,0.499000001139834,3.9879214496194883e-13,-3.545592193107683e-09
229.36640763282776,-3.3439999998426924,5.083000000173818,-0.673199999749136,0.49650000160981617,5.558808191872519e-13,-1.7566057710446987e-15
229.4676535129547,-3.3209999999996764,5.126999999841299,-0.6716700002590139,0.4984999998251188,7.446957919841467e-13,1.294959892989166e-17
229.5667164325714,-3.297000000038585,5.171000000175115,-0.6716700000000035,0.49750000096609304,3.303633034749083e-13,0.003490656789190396
229.6666100025177,-3.274000000012503,5.2149999998493595,-0.6716699999418259,0.4989999999652712,4.867165501317247e-13,-0.0034906549523379495
229.7666301727295,-3.2509999998291814,5.260000000003607,-0.6731999998081355,0.49800000090733615,9.310091819320922e-13,-1.711416151156664e-09
229.8664689064026,-3.227000000208207,5.303999999831981,-0.6716700002599536,0.4980000004848509,5.656442187809197e-13,-8.593217552266007e-16
229.9664762020111,-3.2039999998545294,5.3480000001514965,-0.6716700000000035,0.4975000006385964,7.123460252826078e-13,-4.2061476780668375e-22
230.06647109985352,-3.1810000000042233,5.391999999865264,-0.6716700000000035,0.49800000022470925,8.45916143630708e-13,0.0034906567319495864
230.16650772094727,-3.157999999856946,5.436000000146862,-0.6716699999418259,0.5024999987385006,9.750762662540915e-13,-0.003490655067253353
230.2666027545929,-3.134000000161665,5.479999999951301,-0.6731999997992633,0.4970000025791475,5.593947800499243e-13,-0.0034906585039869245
230.36654567718506,-3.110999999850838,5.524000000125981,-0.6716700003090379,0.4989999995852427,7.537370445330287e-13,0.0034906550700416353
230.466490983963,-3.0879999999956755,5.568999999678035,-0.6716699999418259,0.4980000007326021,1.1672794028154973e-12,1.773677388121342e-09
230.56648635864258,-3.064999999855173,5.613000000150336,-0.6716700000000035,0.49850000012069123,1.2765332991133721e-12,8.723531116542613e-16
230.66658210754395,-3.0410000002006736,5.656999999877834,-0.6716700000000035,0.5004999995353597,8.427598324773765e-13,4.4306805155843325e-22
230.76662611961365,-3.017999999836679,5.701000000185083,-0.6731999997489302,0.49800000124894955,9.721169385418747e-13,-0.0034906567855357996
230.86646103858948,-2.9949999999865398,5.74499999986613,-0.6732000000581806,0.4975000004394403,1.1359028172545308e-12,-1.7713755818063448e-09
230.99986624717712,-2.971999999851139,5.7890000001253314,-0.671670000251037,0.4975000002211897,1.2942371995419547e-12,0.006981313571613149
231.0667326450348,-2.9480000002090723,5.83399999965885,-0.6716699998836484,0.4999999992550276,1.1420726933337576e-12,3.544049515663561e-09
231.2001669406891,-2.924999999836958,5.878000000184697,-0.6716700000000035,0.49950000043723203,1.2529119756932942e-12,1.7429300402994738e-15
231.26650381088257,-2.9019999999937145,5.921999999884964,-0.6731999997408054,0.4975000009904273,1.3536992656519456e-12,-0.003490656729928408
231.36649227142334,-2.8789999998484657,5.96600000013046,-0.6732000000581806,0.49949999942751316,1.498564270619601e-12,-1.7171351493483478e-09
231.46643924713135,-2.855000000181823,6.009999999880848,-0.6716700002590974,0.49750000096600844,1.097788773659459e-12,0.0034906567306381697
231.60081505775452,-2.831999999862102,6.054999999940476,-0.6716699999418259,0.5004999990363482,1.502637488585588e-12,0.003490658503987784
231.66646647453308,-2.8089999999801627,6.098999999910667,-0.6716699999418259,0.49750000134908273,1.5884235141872742e-12,-0.0034906549594550915
231.79986000061035,-2.7850000000591333,6.143000000136756,-0.6731999998072871,0.500499999014893,1.122110981268006e-12,-0.006981315290756505
231.86646628379822,-2.7619999999688947,6.186999999899146,-0.6732000001163583,0.4975000013294718,1.2766977700418394e-12,-3.546076502748685e-09
232.00002026557922,-2.738999999849444,6.231000000128624,-0.6716700002508729,0.4979999999184473,1.4263627976426863e-12,0.00698131357385963
232.0666286945343,-2.716000000005735,6.274999999862362,-0.6716699998836484,0.5004999991539284,1.5167145646111666e-12,3.5465090864050808e-09
232.1998188495636,-2.692000000033538,6.319999999988277,-0.6716700000000035,0.498000001082441,1.3461947595682787e-12,1.745192420633837e-15
232.2664451599121,-2.6690000000033134,6.363999999867015,-0.6731999997410982,0.49849999990188576,1.441453263039327e-12,-0.003490656731936195
232.3998715877533,-2.6459999998419796,6.408000000142594,-0.6732000000581806,0.49949999972856907,1.5808028883568682e-12,-1.717819629164924e-09
232.4665243625641,-2.6229999999769316,6.451999999884117,-0.6716700002589631,0.4985000004968468,1.7077115156677704e-12,0.0069813134631090635
232.59986019134521,-2.5990000000509443,6.496000000152222,-0.6716699998836484,0.4999999995309851,1.2339996569810606e-12,3.4346505240617775e-09
232.6664798259735,-2.5759999999842798,6.539999999902933,-0.6716700000000035,0.4970000012588054,1.336064604661087e-12,-0.003490656732326557
232.80005288124084,-2.5529999998717887,6.584999999921996,-0.6731999998071132,0.4979999996688419,1.7258192284660447e-12,-1.7184147867686794e-09
232.86653971672058,-2.5299999999937786,6.628000000055551,-0.6762599994821947,0.4860000046379678,1.5603370544681628e-12,-0.03490656731941094
232.9999439716339,-2.5079999997495044,6.669000000473872,-0.6961499973178651,0.4605000091961727,1.4534462754845585e-12,-0.20245811074660364
233.066579580307,-2.4859999999762294,6.706000000477617,-0.7389899961244746,0.42200001389603836,7.315986691275539e-13,-0.4188789106037178
233.20003080368042,-2.463999999915657,6.739000000626986,-0.7955999976929276,0.3955000081522715,-1.3023047866591767e-13,-0.5654866054814051
233.2664966583252,-2.4419999999641124,6.769000000330797,-0.8675099972620429,0.3680000083428479,-6.000846529551789e-13,-0.7225662306211241
233.39980745315552,-2.419999999741515,6.794000000714717,-0.9623699964724652,0.3345000097296454,-1.3540362225581434e-12,-0.9424776877882596
233.46660161018372,-2.3970000000402027,6.815000000432211,-1.0618199988878927,0.3050000079925418,-2.260562651103899e-12,-1.0018189605354246
233.59980511665344,-2.3749999997251336,6.832000000478724,-1.1597400006251766,0.280500005315194,-2.727822465013795e-12,-0.9878563635039156
233.6664183139801,-2.352999999920103,6.845000000438798,-1.2591899996400042,0.24800000832374353,-3.5107502317197102e-12,-0.9878563566287941
233.7998170852661,-2.332999999692287,6.855000000326711,-1.3525200011584948,0.21650000705704978,-3.737988281941494e-12,-0.9424778184026715
233.86639213562012,-2.3149999998017226,6.862000000218585,-1.4320800022381,0.18900000548021084,-3.879186632899383e-12,-0.8028515268354288
233.99996781349182,-2.2989999997114126,6.866000000362612,-1.488690004096458,0.15750000628689464,-4.4351271431337025e-12,-0.5550148240745318
234.0669651031494,-2.2869999995505026,6.869999999974654,-1.5300000022570286,0.13100000437243137,-3.743437004333824e-12,-0.4188790896163823
234.1999831199646,-2.276999999584106,6.872000000151704,-1.5544800029657608,0.09600000692424736,-3.684848328295307e-12,-0.25132749473975063
234.26692056655884,-2.268999999914307,6.873000000144331,-1.5590700034117702,0.07000000348463604,-3.8319934078906e-12,-0.04537866514452504
234.39984393119812,-2.264999999598169,6.8740000000389845,-1.5590700007563143,0.03950000462126907,-3.467616713654373e-12,-2.2331740845427106e-08
234.46648263931274,-2.2639999996141764,6.874000000116759,-1.5590700000000037,0.008500004893439404,-3.3755344287284992e-12,0.006981313462284812
234.60004305839539,-2.2640000000184024,6.8739999999962675,-1.559069999883648,-4.085171579487623e-09,-3.165425885141458e-12,3.4351969810386684e-09
234.66648840904236,-2.264000000167421,6.8739999999667125,-1.562129999482163,0.0019999922547406165,-2.9740994179395814e-12,-0.034906567318271534
234.79984998703003,-2.2640000001224863,6.873999999976019,-1.5820199973186049,0.0024999933137056334,-2.7890240225482226e-12,-0.19896745397933271
234.86647963523865,-2.2640000001012908,6.873999999982246,-1.6233299963249852,-0.0020000043799344724,-2.620454845444402e-12,-0.40142562516902885
235.00002932548523,-2.264000000186222,6.873999999975292,-1.6799399974036606,-0.0020000058212294586,-2.4573743689939556e-12,-0.5724679104766205
235.0664517879486,-2.2640000001714338,6.873999999987067,-1.753379997110637,0.002499992813000694,-2.3088703698774266e-12,-0.7330382043029794
235.1998782157898,-2.264000000080424,6.873999999999823,-1.8614853016598687,-0.0020000033638262384,-2.165200337815934e-12,-0.921533752272662
235.2997922897339,-2.2640000001564715,6.87400000001669,-1.9624653054596655,0.0004999942214229825,-2.0342584699530562e-12,-1.0088002633743973
235.40062046051025,-2.264000000101552,6.874000000021336,-2.0603853079280485,-4.282741569369697e-09,-1.9076683922518585e-12,-0.9878563669370322
235.49999332427979,-2.264000000098296,6.874000000030952,-2.158305307077832,0.000999995409709133,-1.7923318757032689e-12,-0.9878563566287958
235.59983611106873,-2.2640000000740983,6.87400000003158,-2.2546953078228404,-0.0005000033698721717,-1.6808440363096457e-12,-0.9564404455622849
235.6998107433319,-2.263000000287242,6.874000000045919,-2.3311953101739293,0.008999992653612615,-1.2899420568262046e-12,-0.7679449665764829
235.8003032207489,-2.260000000491244,6.8720000003291295,-2.389335310437407,0.04399998380218187,-1.2359443747477384e-12,-0.5864307180341142
235.89989471435547,-2.2550000003382404,6.867000000516954,-2.4321753097050736,0.07099998743284416,-1.8033732551025897e-12,-0.4258604189901788
235.99983406066895,-2.2470000004837303,6.86100000030368,-2.4551253105129414,0.09999998779193724,-1.481268902228292e-12,-0.23387421423748395
236.09992384910583,-2.2370000004996484,6.853000000334349,-2.462775309782593,0.13499998589724188,-1.1948763914170271e-12,-0.07330391012192125
236.19995188713074,-2.2250000002953882,6.843000000199686,-2.4612453086520896,0.15899999125632536,-9.929021462033423e-13,0.013962591106993216
236.30007004737854,-2.2100000006023013,6.831000000351685,-2.462775306687667,0.19349998747492617,-5.670130212708256e-13,-0.013962619822584153
236.39984679222107,-2.1940000001603277,6.817000000197402,-2.462775307412301,0.2189999920255162,-6.769369127949238e-13,-6.850246529743753e-09
236.49983143806458,-2.1750000004777874,6.801000000355984,-2.462775307179591,0.2514999895175442,-5.163807099355344e-13,0.003490656732839895
236.5998809337616,-2.1530000004470065,6.784000000022636,-2.4627753071214133,0.2809999916480821,3.7890452223281884e-13,-0.0069813118534525626
236.69979000091553,-2.130000000335473,6.764000000351354,-2.4627753072959457,0.3079999927550125,2.1117254423549307e-13,0.006981309912828252
236.79998183250427,-2.1040000003651844,6.743000000065721,-2.462775307063236,0.34149999110489404,7.879015916060377e-13,3.442639900583244e-09
236.89995574951172,-2.0760000004129058,6.719000000360904,-2.462775307179591,0.3684999937494532,7.233753658026493e-13,1.749079286083942e-15
236.99996495246887,-2.045000000400968,6.694000000042033,-2.462775307179591,0.39849999335852315,1.401362324589977e-12,8.603724195007976e-22
237.09997057914734,-2.013000000338664,6.667000000211414,-2.462775307179591,0.43049999264041117,1.4938466520101994e-12,-1.9664383478896796e-26
237.19995784759521,-1.9780000002335445,6.638000000012171,-2.462775307179591,0.4574999953199243,1.851299295747887e-12,-5.201092035619954e-26
237.30005526542664,-1.940000000645954,6.607000000243966,-2.462775307179591,0.4889999935714773,2.437164134073348e-12,-9.089280086119221e-26
237.39996790885925,-1.9019999999262982,6.574000000031212,-2.462775307179591,0.5045000002471106,2.059366803334236e-12,2.967371279951761e-26
237.4997570514679,-1.8630000001474851,6.542999999643501,-2.462775307179591,0.496500009018611,3.025034167047371e-12,-1.5657514138731459e-25
237.59991216659546,-1.824999999832059,6.510999999753747,-2.462775307179591,0.49700000522474064,3.082925343641076e-12,-3.270496283997491e-26
237.69979214668274,-1.78700000006525,6.478999999950119,-2.462775307179591,0.5005000037590217,3.1357004988316053e-12,-0.0034906567324432996
237.80058908462524,-1.7479999999849767,6.446999999715965,-2.4627753072377683,0.4990000054119676,3.5905401661449248e-12,0.003490655065644759
237.8998646736145,-1.7100000000475823,6.414999999935014,-2.4627753071214133,0.4980000049112851,3.6126187304364116e-12,1.77156711392637e-09
237.9997696876526,-1.6710000000317642,6.382999999756091,-2.462775307179591,0.49950000367078556,4.037899456802146e-12,8.722863540429252e-16
238.09979343414307,-1.6330000000480975,6.350999999935503,-2.462775307179591,0.4965000051482429,4.032928230599106e-12,4.42516682849363e-22
238.1997525691986,-1.5949999998633846,6.318999999780594,-2.462775307179591,0.5000000023931722,4.028108314973631e-12,-0.0034906567860909354
238.30044746398926,-1.5560000002591199,6.286999999942138,-2.4627753072377683,0.5000000035440433,4.416131765217694e-12,0.003490654958299691
238.4003188610077,-1.5179999998167517,6.255999999543977,-2.4627753071214133,0.49800000406045447,4.859846352723977e-12,1.7172025823866677e-09
238.49978590011597,-1.4800000000975402,6.2239999999777105,-2.462775307179591,0.4955000040306309,4.8052259091528e-12,8.722820119650948e-16
238.59975004196167,-1.4410000000898435,6.1919999998060495,-2.462775307179591,0.4985000017197105,5.156580866041223e-12,4.290685765676078e-22
238.699716091156,-1.4030000000948135,6.1599999999753905,-2.462775307179591,0.49900000253470544,5.08403249919109e-12,-3.3397563503607763e-26
238.79972124099731,-1.3640000000426902,6.127999999765684,-2.462775307179591,0.5010000018289894,5.418009021708166e-12,-8.616669514274441e-26
238.90063858032227,-1.3260000000587588,6.095999999944607,-2.462775307179591,0.4980000036030697,5.32961656984866e-12,-3.3737011135940817e-26
238.99975776672363,-1.2870000000645092,6.063999999784399,-2.462775307179591,0.49750000242070896,5.648342911283594e-12,-8.590526512689916e-26
239.10064816474915,-1.2490000001243295,6.032000000000646,-2.462775307179591,0.49600000266290106,5.5461044726212456e-12,-3.3494448589092254e-26
239.19980645179749,-1.2109999999000678,5.999999999812095,-2.462775307179591,0.5005000002643699,5.4470588179274205e-12,-3.2320418137620695e-26
239.2999198436737,-1.1720000002861184,5.96799999996514,-2.462775307179591,0.5005000019128617,5.7492023735315496e-12,-8.908134017601596e-26
239.39977049827576,-1.1339999998373926,5.935999999758459,-2.462775307179591,0.4990000023465564,5.637509952811275e-12,-3.260049875071383e-26
239.4997580051422,-1.096000000105665,5.904999999781668,-2.462775307179591,0.49550000298588587,5.994504429651529e-12,-9.797037050449837e-26
239.5998673439026,-1.057000000118327,5.872999999830368,-2.462775307179591,0.4994999999899447,6.2717278270199746e-12,-8.532541468555718e-26
239.70013618469238,-1.0190000001015544,5.840999999981225,-2.462775307179591,0.4985000018523259,6.13177203104406e-12,-3.3552051588910796e-26
239.79993796348572,-0.9800000000678946,5.808999999787508,-2.462775307179591,0.49950000098700464,6.400732581354459e-12,-8.571980844920225e-26
239.90062403678894,-0.9420000001125359,5.776999999990505,-2.462775307179591,0.5010000007240352,6.253140840957287e-12,0.003490656729386565
240.0004277229309,-0.9039999998431032,5.74499999976335,-2.4627753071214133,0.4955000032802053,6.110092293909854e-12,-0.0034906550696195316
240.10060143470764,-0.865000000372353,5.713000000039121,-2.4627753072377683,0.49849999990396643,6.372332976095846e-12,-1.7727563089361964e-09
240.1997606754303,-0.8269999998818616,5.680999999796517,-2.462775307179591,0.5005000003140988,6.2218681270466425e-12,-8.721422786189629e-16
240.30098009109497,-0.7880000002964067,5.648999999974217,-2.462775307179591,0.4985000017986577,6.477430940389885e-12,-4.428724247035607e-22
240.39980387687683,-0.7499999998898286,5.6169999998032765,-2.462775307179591,0.4985000009243807,6.320513106357296e-12,0.003490656785646994
240.499751329422,-0.7120000001216837,5.585999999795607,-2.4627753071214133,0.49700000144048717,6.636429087340931e-12,1.7710653520998376e-09
240.59980034828186,-0.6730000001129302,5.553999999825664,-2.462775307179591,0.4985000002257654,6.873619654414274e-12,8.719904527194561e-16
240.69980382919312,-0.6350000001314964,5.5220000000068445,-2.462775307179591,0.49750000114942466,6.697326443156747e-12,4.428581598304192e-22
240.79982018470764,-0.5960000000963941,5.489999999811836,-2.462775307179591,0.5019999990364702,6.93099211650141e-12,-8.519657873525892e-26
240.89980149269104,-0.5580000000853413,5.45799999996728,-2.462775307179591,0.4965000028596169,6.751337509202813e-12,-3.36785337398534e-26
240.99974942207336,-0.5199999999232592,5.425999999831937,-2.462775307179591,0.49750000021496593,6.5773159827115825e-12,0.006981313572691634
241.09977889060974,-0.4810000003361754,5.394000000008716,-2.462775307063236,0.4990000000011279,6.81175017243742e-12,3.53864060536474e-09
241.19994616508484,-0.44299999989893735,5.361999999810954,-2.462775307179591,0.49800000094075747,6.634241299493995e-12,-0.003490656783484852
241.29977893829346,-0.4040000003413695,5.330000000012736,-2.4627753072377683,0.5004999995602485,6.864898240659242e-12,-1.7720376030254392e-09
241.39973068237305,-0.3659999998626944,5.298999999583408,-2.462775307179591,0.4970000018302012,7.156190103116324e-12,-8.716401196029585e-16
241.49973487854004,-0.3280000001630885,5.267000000033846,-2.462775307179591,0.49800000004405215,6.962902449709693e-12,-4.429379797350378e-22
241.6007215976715,-0.28900000009836724,5.23499999981345,-2.462775307179591,0.498500000237856,7.179965464136542e-12,0.003490656786854138
241.69995641708374,-0.25100000013908286,5.203000000013334,-2.4627753071214133,0.4980000005996711,6.9851900244631126e-12,1.7731902625904572e-09
241.80115413665771,-0.21200000009864617,5.170999999813689,-2.462775307179591,0.4999999996335442,7.200865195734676e-12,8.722737205134297e-16
241.89993286132812,-0.17400000011342698,5.138999999991444,-2.462775307179591,0.4955000021126863,7.00470857736119e-12,4.427821140335863e-22
241.99985194206238,-0.13599999994619516,5.106999999851534,-2.462775307179591,0.49949999878960416,6.814988891002674e-12,0.0034906567856479416
242.09980821609497,-0.0970000003293876,5.075000000002322,-2.4627753071214133,0.4955000018709424,7.034600312471554e-12,1.7730748839636656e-09
242.20050430297852,-0.05899999994086613,5.042999999847059,-2.462775307179591,0.49899999893823815,6.842864630100332e-12,-0.0034906567870886
242.2997922897339,-0.02100000013214931,5.011000000007404,-2.4627753072377683,0.4990000002967086,6.668432187597597e-12,0.0034906549581618877
242.39971804618835,0.017999999914438902,4.978999999802503,-2.4627753071214133,0.4990000002780565,6.903847370225364e-12,1.7169898632214686e-09
242.49977469444275,0.055999999869300154,4.947999999803094,-2.462775307179591,0.4995000000703355,7.1842702854742636e-12,8.718515558597186e-16
242.6001217365265,0.09499999991506769,4.915999999801793,-2.462775307179591,0.49700000117951987,7.387428915258754e-12,0.006981313571589279
242.69986987113953,0.1329999998393987,4.884000000031818,-2.462775307063236,0.4984999996112775,7.1800050510683645e-12,-0.006981309919402684
242.79990768432617,0.17100000009698135,4.851999999814595,-2.4627753072959457,0.4985000002061786,6.979362187064251e-12,-3.436378759671954e-09
242.89988350868225,0.20999999967358463,4.820000000000443,-2.462775307179591,0.4994999998135657,7.189505518294436e-12,-1.741395985049838e-15
243.00016355514526,0.24800000010249157,4.787999999809743,-2.462775307179591,0.5000000000198288,6.9885160619608325e-12,-8.583245912194615e-22
243.10092735290527,0.286999999684328,4.755999999990898,-2.462775307179591,0.4960000017301383,7.197859255375855e-12,-8.888507026834979e-26
243.1999921798706,0.3250000000561606,4.723999999849508,-2.462775307179591,0.49799999936063427,6.9961439460165635e-12,-3.21755526723953e-26
243.29982662200928,0.3629999998526028,4.6920000000204976,-2.462775307179591,0.4980000001397901,6.812385894381257e-12,-3.332160918401763e-26
243.39980840682983,0.40199999989599355,4.65999999981822,-2.462775307179591,0.5014999988389884,7.038781229829752e-12,-8.540994849341883e-26
243.50005507469177,0.43999999990015404,4.627999999979732,-2.462775307179591,0.4980000015404765,6.852560375690195e-12,-3.358420185969618e-26
243.5998752117157,0.4789999998926415,4.596999999624234,-2.462775307179591,0.4975000002946711,7.548698418327312e-12,-1.4749197780192043e-25
243.6998200416565,0.5169999998465453,4.565000000025728,-2.462775307179591,0.4979999999015586,7.331475907596495e-12,-3.326917290053502e-26
243.7998013496399,0.5550000000848492,4.532999999824942,-2.462775307179591,0.4989999997280661,7.121484940652862e-12,-3.2309219143883575e-26
243.89983534812927,0.5939999996668348,4.501000000005751,-2.462775307179591,0.5009999993522665,7.322706165529625e-12,-8.828835462700368e-26
243.99988389015198,0.6320000001377615,4.468999999779764,-2.462775307179591,0.49900000089154545,7.1130536085772106e-12,-3.247596423253868e-26
244.0997941493988,0.6709999996611398,4.437000000010493,-2.462775307179591,0.49750000067160194,7.314695049887238e-12,0.0034906567312590706
244.20066666603088,0.7090000000860766,4.404999999824021,-2.4627753071214133,0.49899999950429136,7.105496522923343e-12,-0.003490655070565926
244.3006465435028,0.7469999998626111,4.373000000011868,-2.4627753072377683,0.500499999516225,6.9152435852788165e-12,-1.7733826048263457e-09
244.40067672729492,0.7859999999339404,4.340999999785797,-2.462775307179591,0.5014999997486932,7.135273322439028e-12,-8.723711621827933e-16
244.50033402442932,0.8239999998982821,4.309999999778153,-2.462775307179591,0.4955000024248112,7.401593294970206e-12,-4.432788286842058e-22
244.59993267059326,0.8629999998554378,4.2779999998529625,-2.462775307179591,0.4984999988798673,7.591315126016145e-12,-8.515500284295508e-26
244.70005989074707,0.9009999998536173,4.246000000019591,-2.462775307179591,0.49650000082107576,7.371691392076343e-12,-3.336001624748747e-26
244.79986333847046,0.9390000000691252,4.213999999838499,-2.462775307179591,0.5009999983464035,7.159007571868117e-12,-3.2172541216111884e-26
244.89985990524292,0.9779999996967277,4.181999999980196,-2.462775307179591,0.5005000003017307,7.357978084514358e-12,-8.863283310131509e-26
245.00042533874512,1.016000000121922,4.1499999997932315,-2.462775307179591,0.497500001200068,7.146304740730889e-12,-3.2466329671695383e-26
245.1002540588379,1.0539999998396343,4.118000000031569,-2.462775307179591,0.4960000005904117,6.953527851579584e-12,-0.0034906567311837862
245.19978737831116,1.092999999862771,4.085999999846643,-2.4627753072377683,0.5004999983209373,7.1711253844537314e-12,-1.7175502842886603e-09
245.29980540275574,1.13099999988955,4.053999999988879,-2.462775307179591,0.5009999998961129,6.9767936646837874e-12,-8.720547728363221e-16
245.40251517295837,1.1699999999398258,4.021999999780769,-2.462775307179591,0.49900000083084783,7.192996100412489e-12,-4.290609542977187e-22
245.50073075294495,1.2079999998690063,3.990999999803508,-2.462775307179591,0.4994999998503079,7.456066861334263e-12,-9.772406496095113e-26
245.60090684890747,1.2460000001075215,3.9589999998055774,-2.462775307179591,0.4970000009726763,7.238252616774627e-12,-3.2390666793454084e-26
245.70002245903015,1.2849999996318324,3.9270000000356484,-2.462775307179591,0.4979999996081233,7.432374241880466e-12,-8.79240546502235e-26
245.7998607158661,1.3230000000873243,3.894999999822863,-2.462775307179591,0.5024999983508476,7.216035433847256e-12,-3.229024397929181e-26
245.8999707698822,1.3619999997155388,3.8629999999640123,-2.462775307179591,0.4985000016427342,7.411501110505007e-12,-8.892677693129685e-26
245.99994826316833,1.4000000000942823,3.8309999998169353,-2.462775307179591,0.4970000005701419,7.196403551328967e-12,-3.2314009196470634e-26
246.09996128082275,1.4379999998380297,3.799000000033022,-2.462775307179591,0.4974999997905275,7.000461422026517e-12,-3.3224230049354155e-26
246.1998815536499,1.4769999998830503,3.766999999829242,-2.462775307179591,0.49899999944001344,7.215103697605276e-12,-8.530995868849336e-26
246.29990339279175,1.514999999859893,3.735000000014189,-2.462775307179591,0.4985000002200369,7.018241975125178e-12,-3.340113021753121e-26
246.39985179901123,1.5539999998966039,3.702999999817578,-2.462775307179591,0.4994999996463114,7.231729768513752e-12,0.0034906567857331855
246.50006580352783,1.5919999998725043,3.6719999998004003,-2.4627753071214133,0.4975000008008945,7.492366610754777e-12,1.7722692033546317e-09
246.6000373363495,1.630000000084995,3.639999999824968,-2.462775307179591,0.497000000173148,7.272069987065413e-12,8.714657395900747e-16
246.69982647895813,1.6689999996345835,3.6080000000333676,-2.462775307179591,0.4999999988341102,7.464194023878556e-12,4.422613705811861e-22
246.79978370666504,1.7070000001162215,3.5759999997981344,-2.462775307179591,0.4995000002330471,7.245870068772579e-12,-0.00349065678573393
246.89988565444946,1.7459999996618043,3.5440000000097096,-2.4627753072377683,0.49900000022578833,7.439344987611321e-12,-1.7741143172600449e-09
247.00063610076904,1.784000000104748,3.511999999808015,-2.462775307179591,0.4980000003895315,7.222445223538463e-12,-8.727717421788053e-16
247.09995484352112,1.8219999998475664,3.4800000000247806,-2.462775307179591,0.49849999980571535,7.025072401377992e-12,-4.432997839852921e-22
247.19994568824768,1.8609999999029778,3.4479999998123536,-2.462775307179591,0.4994999996391751,7.238303791117168e-12,-0.0034906567871915285
247.3000237941742,1.8989999998853033,3.415999999992687,-2.4627753072377683,0.4990000002214142,7.039608828453064e-12,-1.7694574017818043e-09
247.4000723361969,1.9379999998938642,3.3839999998195482,-2.462775307179591,0.5004999994625807,7.251495807498358e-12,-8.722075489595576e-16
247.4999499320984,1.9759999998861035,3.3529999997887243,-2.462775307179591,0.4965000015774807,7.510909327487509e-12,-4.42986208915846e-22
247.5998339653015,2.0140000000611797,3.3209999998452933,-2.4612453074305107,0.48800000309265196,7.289574729295789e-12,0.006981313573176487
247.69991207122803,2.049000000296412,3.2919999995723703,-2.461245307063236,0.4600000104522137,7.2445006672186216e-12,0.006981317007975568
247.79985165596008,2.0830000002733025,3.2639999995686244,-2.4627753068122296,0.4275000111312578,7.2702617377414826e-12,-0.02094393727998274
247.89980292320251,2.1130000003641154,3.2389999995517478,-2.4627753075286565,0.3905000125376262,7.140152222050817e-12,0.006981302846264262
247.99985766410828,2.141000000359967,3.2149999996994305,-2.462775307063236,0.36250000802513854,6.6786463410681025e-12,-0.0034906533467153065
248.10007667541504,2.1679999999652013,3.192999999805277,-2.4627753072377683,0.3400000057562709,6.7828769842817344e-12,0.0034906549616861068
248.1998255252838,2.1920000003634863,3.172999999582825,-2.4627753071214133,0.309000008284381,6.615721926989289e-12,-0.003490655066286771
248.2998926639557,2.2140000001465348,3.15499999970668,-2.4627753072377683,0.28000000737289266,6.595670922404304e-12,-1.7716893464456152e-09
248.39983820915222,2.2340000002308367,3.137999999779705,-2.462775307179591,0.2719999988266859,6.240475238612157e-12,-8.726609458852472e-16
248.50014352798462,2.2569999994063936,3.1190000003694682,-2.462775307179591,0.3054999831667119,6.176924060809956e-12,0.0034906567335932282
248.59989619255066,2.282999999476055,3.0980000002020804,-2.4627753071214133,0.3364999855063885,6.383302638909589e-12,-0.0034906550655696375
248.69976806640625,2.309999999598892,3.075000000321693,-2.4627753072377683,0.3574999898443066,6.046712474261015e-12,-1.7724555646976559e-09
248.79975938796997,2.339999999517353,3.050000000280483,-2.4612453074305014,0.3959999842668345,5.9889947107226015e-12,0.010471970359958064
248.8997552394867,2.3719999995250323,3.023000000344129,-2.462775306746006,0.4214999897198065,5.765643728577086e-12,-0.00698130814267456
248.99986004829407,2.4069999995302442,2.9950000000176145,-2.4627753072959457,0.45099998918533296,6.3294585298336904e-12,0.0034906533502885966
249.09986019134521,2.4439999993721946,2.9640000004024216,-2.4627753071214133,0.48349998835764496,6.252070303120307e-12,-0.0034906549615012915
249.19984102249146,2.481999999902924,2.931999999980699,-2.4627753072377683,0.4959999968406511,6.1090964169449764e-12,-1.717298791451688e-09
249.29974627494812,2.5209999996445207,2.9000000000246167,-2.462775307179591,0.49850000070034095,6.37134138172955e-12,-8.723433792539692e-16
249.39981937408447,2.559000000126587,2.867999999789258,-2.462775307179591,0.5000000010550478,6.220977133089426e-12,-4.293166066635533e-22
249.49979448318481,2.5969999999109543,2.835999999970556,-2.462775307179591,0.5005000013555684,6.0840459799598075e-12,-3.3798461072489713e-26
249.59988522529602,2.6359999999541577,2.8039999997682843,-2.462775307179591,0.5005000014613906,6.355653582769275e-12,-8.619811933794076e-26
249.6999626159668,2.673999999918359,2.772999999761394,-2.462775307179591,0.49650000289804885,6.669491188845836e-12,-9.810196713092716e-26
249.79984045028687,2.7129999998840413,2.7409999998281194,-2.462775307179591,0.4990000002714758,6.904513531145193e-12,-8.550354726834271e-26
249.89990210533142,2.7509999998898316,2.70899999998866,-2.462775307179591,0.5005000006086981,6.7262484102458e-12,-3.347294153681029e-26
249.99979877471924,2.7890000001544815,2.676999999765495,-2.462775307179591,0.5005000011411819,6.5536431025135875e-12,-3.2517466301540335e-26
250.09978818893433,2.8279999996976937,2.644999999979019,-2.462775307179591,0.5000000012639904,6.7889513557020924e-12,0.0034906567301648795
250.19976925849915,2.8660000001380457,2.612999999779504,-2.4627753071214133,0.4965000022856888,6.6125315299596105e-12,1.7171064470473951e-09
250.29975819587708,2.9049999996363782,2.5810000000315565,-2.462775307179591,0.4999999995176829,6.8443299564415e-12,8.723817103899646e-16
250.39982748031616,2.9430000001354824,2.5489999997816786,-2.462775307179591,0.4990000012501424,6.66449777376771e-12,4.291947701535779e-22
250.50012397766113,2.98099999988189,2.5169999999954467,-2.462775307179591,0.49900000080506707,6.5007512109363334e-12,-3.322527412005113e-26
250.6000509262085,3.0199999999175287,2.4849999997996295,-2.462775307179591,0.49950000057014676,6.746418155297463e-12,-0.0034906567855791516
250.6998267173767,3.0579999998906953,2.453999999785043,-2.4627753072377683,0.4970000016739474,7.036585839015081e-12,0.0034906549620419293
250.79985547065735,3.0969999999260196,2.4219999997938113,-2.4627753071214133,0.49949999969961456,7.2499585917768904e-12,1.7093452976853218e-09
250.89980006217957,3.134999999838321,2.390000000032085,-2.462775307179591,0.5005000002545564,7.051985497695491e-12,8.731191845058572e-16
251.00068712234497,3.1730000001409833,2.3579999997769976,-2.462775307179591,0.5024999998830258,6.859195770912837e-12,4.294716866595432e-22
251.1006462574005,3.2119999997190973,2.325999999960766,-2.462775307179591,0.4970000027308302,7.07609132014975e-12,-8.889152427626055e-26
251.20013093948364,3.2490000002725914,2.2939999998327814,-2.462775307179591,0.4875000039714598,6.477757983198952e-12,2.0814204569670232e-26
251.29979753494263,3.285000000090468,2.264999999555269,-2.462775307179591,0.4660000084219222,6.916208000051901e-12,-1.134369321125843e-25
251.39987325668335,3.318000000561735,2.2369999994718186,-2.462775307179591,0.4240000152074541,6.600021751183589e-12,-0.003490656786761503
251.5006673336029,3.3490000001098474,2.21199999959537,-2.4627753072377683,0.39400001020679376,6.903069685559567e-12,-1.7723349827677981e-09
251.60003304481506,3.377000000428059,2.187999999641141,-2.462775307179591,0.36600000847676684,6.455846108215221e-12,0.0034906567867719856
251.70015025138855,3.403000000220641,2.1669999995570812,-2.4627753071214133,0.33850000811162195,6.639499764733844e-12,-0.0034906549572492284
251.79992604255676,3.427000000351436,2.146999999593251,-2.4627753072377683,0.3075000085637221,6.481098914924016e-12,-1.7169684281108377e-09
251.8998327255249,3.4490000001265404,2.1289999997236535,-2.4612453074386487,0.2810000067025602,6.469196536698207e-12,0.010471970192666075
252.00001096725464,3.4680000004443405,2.1129999995797015,-2.461245307005058,0.2435000100289292,6.166005897599407e-12,-0.006981308419857694
252.0999345779419,3.4850000001558774,2.0989999997648012,-2.4627753070368907,0.21800000528873834,6.024853867485271e-12,-0.003490660277067845
252.20004057884216,3.500000000254098,2.085999999814731,-2.4627753072377683,0.1870000066839598,5.5729749174417186e-12,-1.7174062606067908e-09
252.30068826675415,3.512000000294875,2.0759999996930083,-2.462775307179591,0.15900000549950313,5.359911030161928e-12,-8.718798129698289e-16
252.39978075027466,3.5230000001322983,2.0669999998055038,-2.4643053069287957,0.13000000519125418,5.221766161828123e-12,-0.010471970362318308
252.499755859375,3.5310000002231057,2.0609999996322523,-2.461245307872418,0.09800000637985412,5.303596813769642e-12,0.017453278330226474
252.59972405433655,3.5360000003745684,2.0559999998247545,-2.4627753066383073,0.06800000483259666,4.624895037525379e-12,-0.006981305011274686
252.6997208595276,3.5400000000855467,2.0539999996378144,-2.4627753072959457,0.039500004348231914,4.998055226255408e-12,-3.5455256421762504e-09
252.7997443675995,3.541000000258034,2.0529999998077524,-2.462775307179591,0.00900000449874765,4.619511677277457e-12,-1.747838517233064e-15
252.90066170692444,3.541000000000138,2.0530000000000226,-2.462775307179591,-3.6457231886166674e-09,4.33986686512863e-12,-8.859045189958578e-22
252.99979400634766,3.5409999998679877,2.0530000001131157,-2.462775307179591,-6.8408634867900275e-09,4.069641306686891e-12,-4.357555647614603e-28
253.10055112838745,3.5409999998800643,2.053000000102768,-2.462775307179591,-6.428190618690266e-09,3.8241407128203385e-12,-2.2168695108564093e-34
253.19993257522583,3.540999999883778,2.053000000099586,-2.462775307179591,-6.028287917458908e-09,3.5862379672212076e-12,3.721331906054239e-40
253.30069208145142,3.5409999998940416,2.0530000000907913,-2.462775307179591,-5.663707352068781e-09,3.3693484149775613e-12,-3.906100333165388e-40
253.40003156661987,3.5409999998975747,2.053000000087764,-2.462775307179591,-5.311277105624068e-09,3.159687106480736e-12,-3.61649482114353e-40
253.49997305870056,3.5409999999067185,2.053000000079929,-2.462775307179591,-4.990315610395313e-09,2.968746608476001e-12,-3.180778171921727e-40
253.6002905368805,3.5409999999097588,2.0530000000773234,-2.462775307179591,-4.67981156951347e-09,2.7840272650780863e-12,3.807991479683799e-40
253.69985246658325,3.540999999917851,2.05300000007039,-2.462775307179591,-4.397155754093385e-09,2.6158748773122257e-12,1.4347173342579348e-40
253.79977107048035,3.5409999999204302,2.0530000000681805,-2.462775307179591,-4.1233668632290055e-09,2.4529974355062692e-12,8.796450686657171e-41
253.90002703666687,3.5409999999275428,2.0530000000620854,-2.462775307179591,-3.874057694433497e-09,2.3046830176099288e-12,-3.974727647660343e-40
253.99972939491272,3.5409999999299675,2.053000000060008,-2.462775307179591,-3.6330862675931774e-09,2.161328737408316e-12,1.0204766471208005e-40
254.09975790977478,3.540999999936159,2.053000000054703,-2.462775307179591,-3.4134235802479873e-09,2.030651058274654e-12,-1.7389550771502658e-40
254.1997377872467,3.5409999999382533,2.0530000000529083,-2.462775307179591,-3.2009623215922822e-09,1.9042575210163394e-12,2.132899334750603e-40
254.2997145652771,3.540999999943754,2.053000000048195,-2.462775307179591,-3.007429985601995e-09,1.7891248302410122e-12,-9.42495874493588e-41
254.3998191356659,3.5409999999456323,2.053000000046586,-2.462775307179591,-2.820358438113124e-09,1.67783567174253e-12,-2.1143628356745735e-40
254.4997682571411,3.5409999999504436,2.0530000000424633,-2.462775307179591,-2.64984340286184e-09,1.5763960088663645e-12,3.184470644478484e-41
254.60007429122925,3.5409999999520947,2.0530000000410484,-2.462775307179591,-2.485006703016601e-09,1.478334397240111e-12,4.058869121776022e-41
254.7004415988922,3.540999999956062,2.053000000037649,-2.462775307179591,-2.333820829300559e-09,1.388393682655439e-12,-2.8642608460535085e-40
254.79991030693054,3.5409999999580712,2.0530000000359276,-2.462775307179591,-2.189546927447439e-09,1.3025649119595862e-12,-3.835892876752687e-40
254.90029430389404,3.540999999961546,2.0530000000329496,-2.462775307179591,-2.0572353013822986e-09,1.2238525173692105e-12,-1.5949278112045206e-40
255.00060439109802,3.5409999999627653,2.0530000000319046,-2.462775307179591,-1.9291179773409106e-09,1.1476353196346366e-12,1.4834503266171312e-41
255.09985828399658,3.540999999966128,2.053000000029024,-2.462775307179591,-1.8125703628996126e-09,1.0783009608575866e-12,-2.1069099172365945e-40
255.19986963272095,3.540999999967209,2.0530000000280983,-2.462775307179591,-1.6997378895003412e-09,1.0111767448210164e-12,-1.3428079255929434e-40
255.29976534843445,3.5409999999701567,2.053000000025572,-2.462775307179591,-1.5970525440306416e-09,9.5008907171338e-13,-4.060100559200743e-40
255.40009212493896,3.5400000001636425,2.0530000000283954,-2.462775307179591,-0.00899999817589733,4.867057163685711e-13,0.003490656786563817
255.4998652935028,3.538000000225252,2.054999999748678,-2.4627753071214133,-0.039499989974282994,5.895364076674201e-13,1.7723963928462094e-09
255.60025453567505,3.5320000005211067,2.0599999995805995,-2.462775307179591,-0.0749999891135347,4.891036420782925e-13,-0.0034906567864493713
255.69993257522583,3.5250000002162336,2.0659999998130822,-2.4627753072377683,-0.09949999355296126,4.637747207770988e-13,-1.7719811126228058e-09
255.79981589317322,3.5150000003769195,2.0739999997873575,-2.462775307179591,-0.13549998998901297,1.7139147749036353e-13,-8.723517790662945e-16
255.9006690979004,3.503000000292702,2.0839999998043,-2.462775307179591,-0.1609999941864779,3.723412694945083e-14,-4.428324777733964e-22
256.00019121170044,3.488000000408607,2.095999999815105,-2.462775307179591,-0.192999992447391,-3.6055885373922187e-13,-1.7618414973400426e-26
256.09986329078674,3.471000000420008,2.109999999752077,-2.462775307179591,-0.22099999404946602,-5.904518669007689e-13,-1.4066231794161988e-26
256.1998941898346,3.452000000265719,2.125999999823835,-2.462775307179591,-0.25249999347072505,-6.768564637231759e-13,-0.0034906567875741604
256.29985427856445,3.4310000003130314,2.143999999726453,-2.4627753072377683,-0.2804999948209004,-6.232505741933633e-13,0.0034906549587633328
256.3998956680298,3.4070000003350565,2.1630000000163045,-2.4627753071214133,-0.3119999941811766,-1.3116077717534856e-12,1.7178058558942055e-09
256.5013852119446,3.381000000414681,2.1849999996961627,-2.462775307179591,-0.34099999510962137,-1.3476085668244963e-12,8.728556631674664e-16
256.59991478919983,3.3530000001901046,2.208000000026771,-2.4643053069286793,-0.36999999576523424,-1.7186288708088884e-12,-0.02094394071985135
256.7000398635864,3.3230000003402695,2.2329999998610512,-2.4612453080466397,-0.3979999960582369,-1.9602141251804923e-12,0.027925243214816466
256.80068135261536,3.290000000282485,2.260999999789369,-2.462775306463468,-0.43149999461770255,-1.9113719709688945e-12,-0.010471956636891475
256.89974904060364,3.255000000409435,2.289999999843402,-2.462775307354123,-0.4559999979639966,-2.233050010466773e-12,0.006981308138961494
257.000039100647,3.2180000001901625,2.3209999999681,-2.462775307063236,-0.49149999433177693,-2.408421071354184e-12,3.433764382207438e-09
257.0998749732971,3.1790000003116656,2.3530000000131643,-2.4612453074388165,-0.49900000493466623,-2.8939463011975726e-12,0.0034906567297416017
257.1999702453613,3.140999999742321,2.385000000302541,-2.462775306870502,-0.4965000084094748,-2.9127687539492672e-12,-0.006981311855954679
257.2999439239502,3.102000000244802,2.417000000070131,-2.4627753072959457,-0.5025000046872156,-3.3682117035386096e-12,-3.5454409616497706e-09
257.40029788017273,3.0639999997124043,2.44800000054526,-2.462775307179591,-0.4985000081557054,-3.877323907498483e-12,-1.7435805553991105e-15
257.50028562545776,3.0260000000291933,2.4800000000808007,-2.462775307179591,-0.5000000056119878,-3.882059287541755e-12,0.0034906567310329095
257.5999684333801,2.986999999964942,2.512000000300835,-2.4627753071214133,-0.49750000675656136,-4.290937464829399e-12,1.7171272771732138e-09
257.70018219947815,2.9490000000601118,2.5440000000543503,-2.462775307179591,-0.4995000046606477,-4.270688645863978e-12,8.723481595307291e-16
257.79991006851196,2.9099999999856205,2.5760000002831838,-2.462775307179591,-0.501500004394277,-4.6552929510546926e-12,4.291318873884172e-22
257.90016293525696,2.872000000009848,2.6080000000973333,-2.462775307179591,-0.4995000056322837,-4.613026677836797e-12,-3.378978380716234e-26
257.9999737739563,2.833999999798878,2.640000000274539,-2.462775307179591,-0.5005000041498068,-4.572084196836782e-12,-3.2786722068899235e-26
258.10001277923584,2.7950000002391073,2.6720000000749584,-2.462775307179591,-0.497000005605661,-4.927259194390291e-12,-8.958588555282618e-26
258.1999201774597,2.7569999998515398,2.704000000229525,-2.462775307179591,-0.5015000022610434,-4.8667828308899186e-12,-0.003490656785904917
258.3001410961151,2.7180000002237277,2.736000000087807,-2.4627753072377683,-0.4990000047429264,-5.20449489914746e-12,-1.7708162080784517e-09
258.3999161720276,2.6809999996404885,2.767000000438542,-2.462775307179591,-0.4890000071882956,-5.194844383422915e-12,-8.717190446275149e-16
258.49985003471375,2.6449999998377063,2.796000000506211,-2.462775307179591,-0.45750001507409216,-5.710864418894453e-12,-4.426823601069308e-22
258.5999114513397,2.611999999518657,2.8240000004594377,-2.462775307179591,-0.42500001413680727,-5.469809499474422e-12,-1.4065455861061518e-26
258.69980120658875,2.5819999996250873,2.8490000004577016,-2.462775307179591,-0.39400001308905097,-5.44866394028027e-12,0.003490656731788457
258.7998278141022,2.5529999997261115,2.873000000395465,-2.4627753071214133,-0.36950000951482614,-5.4962505223075594e-12,-0.0034906550672215804
258.89981269836426,2.526999999682497,2.895000000322608,-2.4627753072377683,-0.33650001246580613,-5.279341118999761e-12,-1.7720526899155098e-09
258.99976229667664,2.5029999996409007,2.9150000004134053,-2.461245307430574,-0.3095000090892672,-5.205672020834259e-12,0.013962627144621716
259.0997612476349,2.480999999804016,2.933000000323478,-2.4612453069468807,-0.27550001153512077,-5.244581963268109e-12,-0.0034906496377483127
259.19978189468384,2.4619999995744335,2.949000000404004,-2.4612453072377685,-0.2480000079295179,-5.0159900918164e-12,-1.7046425161183765e-09
259.3007884025574,2.4449999997443372,2.9630000003203785,-2.462775306920509,-0.21800000881092313,-4.944318993601606e-12,-0.003490656730725202
259.39977526664734,2.429999999732588,2.9750000003944854,-2.4627753072377683,-0.18750000815763493,-5.031559673776358e-12,-1.7278580415405753e-09
259.49972581863403,2.4179999996713413,2.9850000003359707,-2.462775307179591,-0.16000000681927287,-4.851367813808109e-12,-8.779699711751909e-16
259.59988379478455,2.4069999998234906,2.9940000002322473,-2.462775307179591,-0.12900000733294117,-4.744770557151717e-12,-4.312190012386561e-22
259.69989681243896,2.3989999997649436,3.000000000373264,-2.461245307439013,-0.10200000576854948,-4.846098862300373e-12,0.003490656728394543
259.79983019828796,2.3939999995423014,3.0050000002458357,-2.46277530687041,-0.06950000710490645,-4.1974109362124135e-12,-0.003490655068046852
259.8998100757599,2.3909999996673577,3.0080000001966916,-2.4627753072377683,-0.039000006295618894,-3.745497810083505e-12,-0.003490658503986911
259.99980878829956,2.3889999999238762,3.009000000204977,-2.4627753072377683,-0.012000004241119229,-3.848549573169939e-12,0.0034906550715068465
260.09982228279114,2.3889999999348834,3.0090000000556114,-2.4627753071214133,-0.0004999983993474199,-3.616165745277543e-12,1.7740751073053174e-09
260.2000048160553,2.3890000001062717,3.0089999999089363,-2.462775307179591,5.701051851089711e-09,-3.3909005686211203e-12,8.722000418819084e-16
260.3006703853607,2.389000000103491,3.0089999999113277,-2.462775307179591,5.541630480887516e-09,-3.1861728594297523e-12,4.433266397687342e-22
260.3998816013336,2.3890000001002756,3.0089999999140815,-2.462775307179591,5.196604551185868e-09,-2.987799386426713e-12,2.180792012688735e-28
260.49979877471924,2.3890000000912686,3.008999999921799,-2.462775307179591,4.882575656284249e-09,-2.807247772084007e-12,1.1074022675093024e-34
260.5998990535736,2.3890000000883154,3.00899999992433,-2.462775307179591,4.578704630719965e-09,-2.632536448218554e-12,-4.025949040841069e-40
260.6997694969177,2.389000000080408,3.008999999931105,-2.462775307179591,4.302045055262771e-09,-2.473470407341621e-12,1.417782178752258e-40
260.79980659484863,2.389000000077833,3.0089999999333115,-2.462775307179591,4.034241392336657e-09,-2.319496092421838e-12,-4.089329679722301e-40
260.8997926712036,2.3890000000709186,3.0089999999392356,-2.462775307179591,3.79023057210659e-09,-2.179201528159768e-12,2.752740260248583e-40
260.9998097419739,2.389000000068509,3.0089999999413006,-2.462775307179591,3.5545079761500897e-09,-2.0436722941789527e-12,-4.914918773624089e-40
261.0998239517212,2.389000000062439,3.0089999999465005,-2.462775307179591,3.33967148553882e-09,-1.9201515758874026e-12,5.972212816634551e-40
261.199809551239,2.3890000000603946,3.0089999999482533,-2.462775307179591,3.131871149572585e-09,-1.8006763081277626e-12,1.7463420827515504e-41
261.29997873306274,2.3890000000550318,3.008999999952848,-2.462775307179591,2.9425238504479645e-09,-1.691810655734009e-12,3.748146000201659e-40
261.400292634964,2.389000000052504,3.008999999955013,-2.465835306677503,-0.0014999966865809596,-1.5865428621810785e-12,-0.04188788142884575
261.49978470802307,2.3890000000258915,3.0089999999776555,-2.4872553042531176,0.0005000017950379122,-1.490641158312302e-12,-0.20594876845018684
261.5997431278229,2.389000000053607,3.008999999951751,-2.5285653038378992,0.0005000024449218531,-1.3978388449828016e-12,-0.4223695725141189
261.6997730731964,2.3890000000475764,3.008999999953483,-2.5851753046354204,0.0005000022971671748,-1.313379653294309e-12,-0.5585052914978362
261.8006658554077,2.389000000042815,3.0089999999531134,-2.6616753039439613,-0.001499997107748961,-1.231608664659529e-12,-0.7644541110624659
261.899808883667,2.389000000011845,3.008999999984818,-2.7534753043687066,-0.0004999984039134701,-1.157241555441315e-12,-0.9215337652207093
261.99975085258484,2.389000000020091,3.0089999999687578,-2.8544553059971784,-0.001499997753435284,-1.0851228917934557e-12,-1.0122909215565499
262.1007831096649,2.389000000005666,3.0089999999888244,-2.952375307461058,-0.0019999980673401346,-1.01960625111715e-12,-0.98785636904822
262.20057940483093,2.3890000000012117,3.008999999996843,-3.051825307334283,0.0015000003298877044,-9.561340722662919e-13,-0.9878563566287967
262.2999007701874,2.389000000018199,3.0089999999351393,-3.15127530680519,-0.0019999970593238972,-8.983713638891476e-13,-0.9983283268214808
262.3998370170593,2.388999999999478,3.009000000002837,-3.2491953077610063,-0.0004999991296361305,-8.424421155010591e-13,-0.994837675354008
262.49978852272034,2.389000000001844,3.008999999975691,-3.3486453069217155,0.0005000009906523401,-7.915473789591484e-13,-0.9913470169058541
262.5998122692108,2.3889999999989957,3.008999999957041,-3.4435053081444202,1.4945894790882597e-09,-7.422746181846385e-13,-0.9459684769079887
262.69992208480835,2.3889999999965275,3.008999999970801,-3.5184753102522826,-0.0009999983987891612,-6.974307129586904e-13,-0.7609636478410239
262.7998237609863,2.3889999999982985,3.008999999991369,-3.5781453100827676,-0.0004999990639423441,-6.539886625070413e-13,-0.5934120280600917
262.90014696121216,2.3889999999957148,3.0089999999834447,-3.6194553100764475,0.0010000004916556901,-6.144730370940377e-13,-0.4118977956558621
262.99989223480225,2.3889999999867806,3.0089999999563517,-3.6424053102800835,1.4016992735781109e-09,-5.762278810573021e-13,-0.2303835505840481
263.1006896495819,2.38899999999329,3.0089999999795687,-3.651585309465581,-0.002999997907834417,-5.414035622339848e-13,-0.08377587853661173
263.19985342025757,2.389000000012036,3.009000000035658,-3.651585308575854,-0.0005000001037194406,-5.07709498552737e-13,-4.122916637261387e-08
263.29995799064636,2.388999999996569,3.008999999989883,-3.651585307179591,6.36624456927179e-10,-4.770069807524043e-13,-2.0920492832274976e-14
263.399893283844,2.3889999999915057,3.0080000001719265,-3.65158530717959,0.010499996907001527,-2.4854214889031065e-13,-1.0305667313728202e-20
263.4998059272766,2.3880000001216377,3.0050000003682475,-3.65158530717959,0.0429999885904343,-2.256234484055843e-13,-5.254083656187204e-27
263.5998752117157,2.3860000000988526,2.998000000505445,-3.65158530717959,0.07299999059314868,3.621397024505259e-15,-2.571072523929143e-27
263.7004745006561,2.383000000118999,2.9890000003769988,-3.65158530717959,0.10049999176065781,2.7033277798978466e-14,0.0034906567309350546
263.8007161617279,2.3790000001149467,2.9760000005691176,-3.6515853071214126,0.13399999038417165,2.567738264064483e-13,-0.00698131185387806
263.90055656433105,2.374000000126075,2.9610000004144763,-3.651585307295945,0.15999999343591237,2.806542874865192e-13,0.003490653186569607
264.00063967704773,2.368000000119231,2.9440000002041913,-3.6515853071214126,0.19249999175474028,1.1282661779486196e-13,-0.003490655069610023
264.09997034072876,2.361999999946769,2.9230000005013483,-3.6515853072377675,0.2209999933954168,7.33094127818788e-13,0.003490654959582876
264.19992184638977,2.354000000116243,2.8990000004081633,-3.6515853071214126,0.250999993584061,7.523750075070308e-13,1.7181999516745206e-09
264.3000862598419,2.3450000001752285,2.8730000003899305,-3.65158530717959,0.28049999381277424,5.845904097054392e-13,8.724664300215071e-16
264.4000926017761,2.33599999992438,2.844000000241725,-3.65158530717959,0.3089999949222004,1.0195375779209514e-12,4.289912404901568e-22
264.4998416900635,2.3250000002061117,2.8120000004977665,-3.65158530717959,0.3409999935399435,8.51498080165202e-13,9.6905584811985e-27
264.6000802516937,2.313999999924053,2.7770000002566926,-3.65158530717959,0.37049999526231514,1.2861363856515526e-12,-4.486712456637891e-26
264.6998269557953,2.3020000000090084,2.7390000005322896,-3.65158530717959,0.4014999946161087,1.6893338695628322e-12,-5.1117410436331604e-26
264.8006889820099,2.2889999999269834,2.699000000084847,-3.65158530717959,0.4274999971690581,1.888755658493481e-12,-3.2968221357783485e-26
264.9003620147705,2.275000000044934,2.6550000006549084,-3.65158530717959,0.45999999455206625,2.271453378917287e-12,-6.079469923914842e-26
265.0004074573517,2.2599999999437683,2.6090000001507554,-3.65158530717959,0.4874999971144051,2.45074254232112e-12,-3.975436876710994e-26
265.10047459602356,2.2440000000681692,2.561000000334121,-3.65158530717959,0.5020000019288184,2.4287249449200777e-12,-1.75628903468999e-26
265.2007031440735,2.2289999996822445,2.514999999376725,-3.657705306175722,0.4845000137940652,2.5982886547474887e-12,-0.055850508580222134
265.3009874820709,2.2139999998413042,2.4709999996393073,-3.6775953047442953,0.45750001679130564,2.5379436304818516e-12,-0.20245811879672204
265.3998155593872,2.1989999997598693,2.4309999991778786,-3.7204353035239843,0.4220000185723001,2.197368472277978e-12,-0.4328415410790373
265.49994254112244,2.182999999969206,2.3949999994372435,-3.778575304554716,0.3940000149979988,1.5058109957782981e-12,-0.5724679237681971
265.59987807273865,2.165999999867969,2.361999999347516,-3.8535453044252486,0.3650000141034904,8.853402672507932e-13,-0.7539821475537216
265.6999714374542,2.1479999999571726,2.3319999997489917,-3.9438153044638633,0.33700001321564854,5.662423559670628e-13,-0.9110617897635325
265.8006145954132,2.1289999998202918,2.3079999992117655,-4.04479530580082,0.3045000137209597,-4.490937989868292e-13,-1.0122909163447449
265.90004086494446,2.109999999841693,2.2879999994736084,-4.147305306714486,0.27600001173867805,-1.0995154986033148e-12,-1.0157816228896428
266.00034260749817,2.090999999697244,2.270999999586585,-4.2452253080935325,0.2475000106486683,-1.3375226888705564e-12,-0.9773843999575128
266.1007750034332,2.071000000149861,2.256999999860693,-4.337025307880166,0.2450000004513134,-1.8524955891784144e-12,-0.9354965004087301
266.1999521255493,2.048000000371081,2.2439999999562987,-4.415055309973116,0.271999989501219,-2.476440388610732e-12,-0.7819075804660215
266.2998888492584,2.021000000642447,2.2310000001109747,-4.474725310108418,0.30749998656838506,-2.918443105589955e-12,-0.5969026981537329
266.39993715286255,1.9910000002596382,2.2180000000257993,-4.517565310100246,0.33099999225585525,-2.9983343875073084e-12,-0.41538845130453494
266.4998095035553,1.9570000007038901,2.2040000003741533,-4.542045309959077,0.36549998825005403,-2.5581606120198843e-12,-0.25132749559738166
266.5999495983124,1.920000000358904,2.190999999996482,-4.549695310113901,0.3924999921601144,-2.8031518222948145e-12,-0.0733039161628779
266.70052313804626,1.8810000004622065,2.1760000003509123,-4.548165308660327,0.42249999116690756,-2.1202032701866393e-12,0.013962589697306807
266.7999699115753,1.8390000002302331,2.1600000002308373,-4.549695306695956,0.4529999918891177,-1.5511858163851457e-12,-0.006981306703405073
266.8998312950134,1.7940000005160766,2.1440000001330133,-4.548165307554885,0.4839999918292019,-1.6071238933976434e-12,0.0034906531871217467
266.9999976158142,1.7470000000399644,2.126000000197943,-4.548165307121413,0.5004999980571756,-9.621925516544935e-13,1.7169706992975486e-09
267.0998077392578,1.7000000000444029,2.109000000002365,-4.54816530717959,0.49750000542117273,-9.425459172103957e-13,8.722212183259752e-16
267.1999750137329,1.6539999996053982,2.091999999914831,-4.549695306928703,0.4970000041239572,-7.112712188230897e-13,-0.003490656786810462
267.2998082637787,1.6070000001148497,2.074000000247439,-4.548165307496825,0.4990000029270842,-9.315957303310883e-14,-1.7731033681231412e-09
267.39983797073364,1.559999999785136,2.056999999908625,-4.549695306928649,0.5005000029528317,-1.270062804159022e-13,-8.849848618842861e-16
267.49980640411377,1.5130000000367838,2.039000000218733,-4.5481653074380475,0.49950000371022973,4.570818458986557e-13,1.2922427820683966e-17
267.5998537540436,1.4659999998077176,2.0219999999167824,-4.54816530717959,0.4980000036541392,3.891245270069236e-13,0.003490656782669486
267.70017981529236,1.4199999999124806,2.004000000231194,-4.548165307121413,0.4965000034498207,1.100721134383734e-12,1.7718936097012306e-09
267.79998874664307,1.3729999998533406,1.986999999933361,-4.549695306928605,0.49900000174052933,9.925761316922736e-13,-0.0034906567861391277
267.89982056617737,1.3260000001015912,1.9700000000394366,-4.548165307496777,0.5010000017971188,9.402713804841666e-13,0.003490654958446463
268.0000674724579,1.2799999995879432,1.952000000105328,-4.548165307121413,0.4865000078007858,1.638447515682484e-12,1.7180211619657881e-09
268.100040435791,1.2369999995604575,1.9359999999184936,-4.54816530717959,0.45750001303503185,1.7576921177358618e-12,8.725000224465684e-16
268.20024156570435,1.196999999202271,1.9209999998028602,-4.54816530717959,0.4250000130709635,1.9265804001030004e-12,0.0034906567997232394
268.3000032901764,1.1589999997968512,1.9069999999672098,-4.548165307121413,0.3955000117060328,1.923909009806258e-12,-0.006981311649473973
268.3999722003937,1.1249999992835686,1.8939999998683266,-4.549695307044962,0.36600001054287595,2.1857083226051936e-12,-0.010471973794121708
268.49993991851807,1.0929999996533155,1.8829999997598788,-4.549695307354122,0.33700001005812624,1.7326113671355765e-12,0.0034906514161263547
268.5999345779419,1.0629999996247204,1.8719999998953472,-4.548165307372475,0.30700000946720285,1.7168930199320588e-12,1.7183772156939559e-09
268.69985723495483,1.0369999995762527,1.8619999999594148,-4.54816530717959,0.2770000092405335,1.9298980324927847e-12,8.723017189228034e-16
268.8000137805939,1.0139999994020439,1.8529999999102291,-4.543575307932201,0.24650000849454726,2.188276572241048e-12,0.05585050859076363
268.8998017311096,0.9929999997335823,1.8449999999555822,-4.523685309616522,0.21700000796746066,2.2059269838095607e-12,0.19547680529880326
268.9999165534973,0.9749999996063821,1.8379999998381364,-4.479315311198488,0.1885000067486177,2.0454810009006745e-12,0.43284153770852285
269.0998463630676,0.9609999995091112,1.8309999999438764,-4.422705309547274,0.1565000080134987,2.3606611736803917e-12,0.5724679237554168
269.1999909877777,0.9489999996950704,1.8240000000103098,-4.35079530943563,0.13450000344719373,2.6821700835685932e-12,0.7260568932387018
269.29991912841797,0.9399999996511976,1.8179999998968004,-4.257465310875524,0.09700000941255917,2.7961358441575424e-12,0.9389870294523781
269.3999979496002,0.9349999995516569,1.8129999999195854,-4.15801530783895,0.07000000450596215,3.263221840977431e-12,0.9948376461593864
269.4999623298645,0.931999999692648,1.8099999997747747,-4.058565307438988,0.03950000589454698,3.1861289170545147e-12,0.9948376736367538
269.599892616272,0.9309999997848433,1.8089999997390076,-3.959115306901986,0.008500005340648546,2.941519718638796e-12,0.9878563600621679
269.6998429298401,0.9309999999966934,1.808999999995382,-3.8596653075479366,-0.0010000028159286916,2.7637545894297058e-12,0.9948376700918607
269.79984498023987,0.9310000000910161,1.8090000001538091,-3.7617453066575988,-0.0005000064439588114,2.5917057654031806e-12,0.9913470168501535
269.89988231658936,0.9310000000656551,1.809999999937547,-3.66076530775882,-0.0020000052974491252,2.1803731670022998e-12,1.0018189853242414
269.9999055862427,0.9310000000588605,1.8090000003656983,-3.5628453065435135,0.0009999933537236938,2.2490730515150443e-12,0.9913470202856333
270.10024881362915,0.9310000000251861,1.8090000001039894,-3.464925307233618,-4.7533877303024274e-09,2.11317377086243e-12,0.9843657016703169
270.1998703479767,0.9310000000171197,1.8090000001217958,-3.363945307325025,-4.838311293275943e-09,1.9815582483792386e-12,0.9983283252749615
270.29982233047485,0.9310000000043459,1.8090000001123787,-3.2660253071222107,-0.0010000041641580956,1.861858937863951e-12,0.9913470186793462
270.39995408058167,0.9309999999923377,1.8090000001289857,-3.1665753069652802,-0.001500004101408119,1.7459454394123507e-12,0.9913470151327809
270.49995851516724,0.9309999999796812,1.8090000001268676,-3.0686553072349927,-4.611107044805163e-09,1.6404573808707175e-12,0.9878563584016937
270.60008478164673,0.9309999999756418,1.8090000000928212,-2.969205307024377,-0.001000003383400911,1.5383330553340557e-12,0.9983283269887848
270.69979882240295,0.9309999999625767,1.8090000001005966,-2.8697553073787487,-0.0010000035487357437,1.4453943502182895e-12,0.9878563619478393
270.7998254299164,0.9309999999541319,1.8090000000936104,-2.7703053070233015,-0.0005000035122804669,1.355407852232269e-12,0.9948376702023484
270.9007966518402,0.930999999954496,1.80900000007339,-2.6708553074387815,-3.3061222318858663e-09,1.2735291125362687e-12,0.9983283303675423
270.99988198280334,0.9309999999548122,1.8090000000588993,-2.571405306850571,-0.0005000027252024825,1.1942507699175698e-12,0.9913470185675798
271.0999732017517,0.9309999999468612,1.8090000000565918,-2.4734853072188776,-0.0005000027452665683,1.1220294382532068e-12,0.9913470151327809
271.2001395225525,0.9309999999430794,1.8090000000498168,-2.374035306986213,-0.0010000023897327685,1.0522594432316038e-12,0.9948376719173361
271.29995036125183,0.9309999999352208,1.8090000000461919,-2.2745853074210283,-0.0005000026210087759,9.886305446507788e-13,0.9948376736367669
271.3999435901642,0.9309999999416156,1.809000000033431,-2.17513530691441,-2.4521533614416113e-09,9.271073877645199e-13,0.9913470168507761
271.50015211105347,0.9309999999521086,1.809000000021424,-2.077215307230621,-0.0005000019281432818,8.710787493774335e-13,0.99134701513278
271.60015654563904,0.9309999999425607,1.8090000000192044,-1.9777653069321404,-2.1824251243002246e-09,8.167443145277098e-13,0.99483767192303
271.69982051849365,0.9309999999550289,1.8090000000102109,-1.8783153074787315,-0.0005000016749215899,7.675152928405301e-13,0.9878563601836281
271.7998089790344,0.9309999999475167,1.8090000000065283,-1.7803953067753508,0.0024999971308966775,7.197400841991834e-13,0.9878563566287923
271.89984011650085,0.9310000000082272,1.8089999999998068,-1.664640003126975,-0.001999999868808052,6.762414894278656e-13,0.9983283268237093
271.99988555908203,0.9309999999211467,1.8089999999928785,-1.5651899996717082,-2.3292248381781566e-09,6.341466086681659e-13,0.9948376753542421
272.09987711906433,0.9309999999652696,1.8089999999933453,-1.4657400002523246,0.0004999983603408064,5.958238036388478e-13,0.991347016905269
272.2002649307251,0.930999999976164,1.8089999999929232,-1.3662899997789664,-0.0005000009781809841,5.587153050427135e-13,1.0018189854951889
272.2997577190399,0.9309999999611307,1.8089999999840987,-1.2683699998920477,-0.0010000010976952546,5.249797371705667e-13,0.9878563637251809
272.4001262187958,0.9309999999551763,1.8089999999763036,-1.1689199998342659,-0.0005000014043176062,4.922780765603216e-13,0.9948376702043392
272.49990248680115,0.9309999999683978,1.8089999999790374,-1.0694700002581086,-0.0005000011346665539,4.625382383860812e-13,0.9913470169058756
272.6000008583069,0.9309999999713252,1.808999999976566,-0.9700199997870865,-0.0005000010639997364,4.337443530548073e-13,0.99134701513278
272.6998085975647,0.9309999999753007,1.808999999975339,-0.8705700003156336,-0.001000000808774307,4.075397597753797e-13,0.9983283285946977
272.8000416755676,0.9309999999720393,1.8089999999658888,-0.7711199996711507,-0.0010000009488911397,3.821702641137049e-13,0.991347018567614
272.90007162094116,0.9309999999774341,1.8089999999660917,-0.6732000000576148,0.0009999983447841567,3.590828750058296e-13,0.9913470151327809
272.9998028278351,0.9309999999993739,1.8089999999988406,-0.5737499997866697,-0.0010000000518596798,3.367287729083042e-13,0.9948376719194376
273.0998377799988,0.930999999985028,1.8089999999635562,-0.4743000002566289,-0.0010000007882740702,3.163844438841792e-13,0.9948376736367669
273.1999032497406,0.9309999999889627,1.8089999999630593,-0.3748499996479657,-0.0005000009224976139,2.9659660777722464e-13,0.99134701684163
273.29984974861145,0.9309999999949827,1.8089999999740531,-0.2769300001348052,-8.748089540093484e-10,2.787567473374212e-13,0.99134701513278
273.39982771873474,0.9309999999984839,1.8089999999837718,-0.17747999977754958,-0.0005000004444555436,2.6139408313136504e-13,0.994837671920398
273.49981689453125,0.9310000000001626,1.8089999999748858,-0.0780300002707559,-0.0010000004113275833,2.456137263398447e-13,0.9913470169072082
273.60012793540955,0.93100000000363,1.8089999999658648,0.021420000207320378,-0.0005000007609763896,2.3032876703780054e-13,0.9948376719188056
273.699809551239,0.9310000000045786,1.8089999999780177,0.12086999976289925,0.0004999990886974646,2.163976738584286e-13,0.9913470169036642
273.8000910282135,0.9310000000007932,1.8089999999974657,0.21879000045076058,-0.0005000001045940693,2.0293679767895595e-13,0.994837671917997
273.90070128440857,0.9310000000082059,1.808999999980739,0.3182399997636747,0.0004999991503546084,1.9066192665607518e-13,0.9948376736367669
274.0000991821289,0.9310000000004255,1.8089999999992161,0.41769000028091163,-2.317519010898439e-10,1.7878611847739256e-13,0.9948376736367678
274.1001636981964,0.9310000000059446,1.8089999999913378,0.5171399997348995,-0.001000000020544823,1.679893651578541e-13,0.9913470169066133
274.1999924182892,0.931000000019262,1.808999999977185,0.6165900002039857,-0.0005000005851105457,1.575370788033216e-13,0.99134701513278
274.2998261451721,0.9310000000138388,1.8089999999865736,0.7145099999510585,-0.0010000001738921219,1.4801537704359793e-13,0.9913470151327791
274.39986848831177,0.9310000000229142,1.8089999999817616,0.8139600002025658,-0.0015000001687703326,1.3880663251736325e-13,0.9913470151327791
274.49982833862305,0.9310000000318119,1.8089999999794846,0.9134099996876666,-0.0005000007252548011,1.304191244440951e-13,0.9948376718640861
274.5998275279999,0.9310000000153842,1.8089999999921185,1.0067400012680396,-4.837528511450473e-10,1.2230364809573863e-13,0.9424778218488474
274.6997857093811,0.9310000000081331,1.808999999996749,1.0847700025180957,-0.0034999989354233684,1.1490334501109456e-13,0.7714356161181878
274.7997863292694,0.9310000000719398,1.808999999977593,1.1413800035665576,0.001499997819951573,1.0775531110215328e-13,0.5759587494016423
274.8997735977173,0.9309999999765015,1.8090000000058801,1.184220002344266,3.7487986955138386e-10,1.0124674360501089e-13,0.41887910028385333
274.9998137950897,0.9310000000073089,1.8089999999984971,1.2087000029681567,-0.0029999991132353943,9.494174231847226e-14,0.24434618111586967
275.09981203079224,0.931000000063948,1.8089999999884947,1.2148200030361158,-1.4212914061818849e-09,8.920649700275041e-14,0.07330391547253684
275.1997926235199,0.9310000000050511,1.808999999999121,1.2148200012217254,-0.0005000000049665183,8.365304120995401e-14,3.606358178753766e-08
275.30057525634766,0.9310000000141532,1.8089999999975417,1.2148199999999951,-3.8044322314863266e-10,7.859898892248803e-14,1.8317302829266194e-14
275.4000334739685,0.9310000000041629,1.8089999999992759,1.2148199999999942,-1.6624114330130238e-10,7.370621554629731e-14,9.012259849790737e-21
275.4998939037323,0.931000000001708,1.808999999999702,1.2117600005177804,0.003499998508250575,6.925077653043032e-14,-0.03141591058812921
275.6003098487854,0.9309999999342562,1.8090000000116173,1.1903400029902338,0.0010000008568738293,6.494096055705581e-14,-0.21293007941394038
275.70012760162354,0.9309999999838681,1.8090000000032074,1.1505600031843208,2.6194993960407253e-10,6.101643191930002e-14,-0.4014256322444636
275.79985785484314,0.9310000000042482,1.8089999999989765,1.0924200028466773,-0.0014999995814679835,5.721890909572144e-14,-0.586430537627183
275.8998053073883,0.9310000000307834,1.8089999999906696,1.0174500029153224,0.0014999986933938731,5.37609768420017e-14,-0.7435101815892995
275.9998381137848,0.9309999999754286,1.8090000000095072,0.9241200029095955,-0.0009999991600539546,5.041334852739586e-14,-0.9354963846406795
276.09978222846985,0.9310000000203313,1.8089999999898603,0.8246700012402135,-5.166825361654914e-10,4.736656461043548e-14,-1.001818956969651
276.19984221458435,0.9310000000027525,1.808999999998266,0.7252199996239268,-0.0009999997342156333,4.441983775738871e-14,-0.9913470202884802
276.29979825019836,0.9310000000176437,1.8089999999862647,0.6273000000411386,-5.01730573103723e-10,4.1733868395732515e-14,-0.9913470151327818
276.3999171257019,0.9310000000003011,1.8099999998027547,0.529379999550609,0.0029999988021963474,-4.113945840602027e-13,-0.9808750447775708
276.499892950058,0.9309999999633565,1.809000000245394,0.4284000007395372,-0.002999997726032584,8.61632220190357e-15,-1.0122909502084703
276.59985613822937,0.9310000000356506,1.8099999997523855,0.3289499994462526,-1.2598826435242239e-09,-3.492004226020846e-13,-0.9878563686564751
276.69983100891113,0.931000000001788,1.8090000001999096,0.2310300001071246,-0.0029999989293612805,-3.1772465109765115e-14,-0.9878563566287967
276.7998774051666,0.931000000024742,1.8089999999438693,0.13005000009825785,0.0004999985694439592,-2.979848988541205e-14,-1.0018189837743827
276.9001693725586,0.9309999999975691,1.8090000000074877,0.032129999881039595,-0.0009999994769399278,-2.799811510915505e-14,-0.9913470204515418
276.9999704360962,0.9310000000046674,1.8089999999787594,-0.06732000021929618,-0.0005000002654644944,-2.6254543553481003e-14,-0.9878563583454961
277.1001195907593,0.9310000000014576,1.8089999999875903,-0.16676999963227424,-0.0019999994920367856,-2.4667840223237408e-14,-0.9983283268235884
277.200092792511,0.9310000000007097,1.808999999959149,-0.26469000058124803,0.0004999989823532354,-2.3132126476473508e-14,-0.9843657049938445
277.2998583316803,0.9310000000007204,1.8090000000088886,-0.36413999956554854,1.592228762573901e-10,-2.173479246921532e-14,-0.994837668316902
277.40015602111816,0.9309999999997025,1.8089999999983568,-0.46359000027560104,-0.0009999996722274164,-2.0381410657483022e-14,-0.9948376736367651
277.49995851516724,0.9309999999941496,1.808999999979607,-0.5630399997390123,-0.0005000002526403074,-1.91503155482112e-14,-0.9913470169061813
277.6000542640686,0.9309999999957519,1.8089999999893271,-0.6624900002110821,-0.0009999998617320322,-1.7958298873061214e-14,-0.9948376719192007
277.69993352890015,0.9309999999901706,1.8089999999810442,-0.7604100000025681,-0.0010000000549537707,-1.6873293435409027e-14,-0.9878563601746415
277.7998673915863,0.9309999999888987,1.8089999999829154,-0.8598600001543906,0.0004999993948330555,-1.582292174560197e-14,-0.9983283269885239
277.89986968040466,0.9310000000050973,1.8090000000063573,-0.9593099998105864,-0.0019999990599223146,-1.4866454775305484e-14,-0.9948376754087568
277.9997682571411,0.9309999999716254,1.8089999999710393,-1.0587600002621795,-8.090678691244357e-10,-1.3941468108748505e-14,-0.9913470168510934
278.09984064102173,0.9309999999998517,1.808999999999875,-1.1566799999547852,0.000499999789069596,-1.3098651784149865e-14,-0.99134701513278
278.19979548454285,0.9310000000073373,1.809000000005,-1.256130000211412,-0.0009999994536965024,-1.2283306273277899e-14,-0.9913470151327791
278.2997941970825,0.9309999999818093,1.8089999999900894,-1.3555799996848776,-0.0005000002323228037,-1.1541193589899204e-14,-0.9983283285948034
278.40017342567444,0.9309999999904353,1.8089999999959627,-1.4535000005773462,-2.1190492221177804e-10,-1.0822852009373752e-14,-0.9843657049955147
278.5000216960907,0.930999999999381,1.8089999999998065,-1.5544799993140335,-0.0004999998233080317,-1.0168809199491465e-14,-0.9983283250507413
278.5998635292053,0.9309999999898881,1.8089999999979454,-1.6524000005799806,-2.0930965348529146e-10,-9.535790462044078e-15,-0.9913470185675693
278.69987511634827,0.930999999999413,1.808999999999939,-1.7518499996941292,-0.0004999998209572404,-8.959372666432652e-15,-0.9913470151327809
278.79988408088684,0.9309999999897407,1.8089999999999682,-1.8676053047077614,-2.07160141363176e-10,-8.40193102273046e-15,-0.9983283287040685
278.89983463287354,0.930999999999166,1.8090000000000943,-1.9670553070044652,-0.000999999628384157,-7.893643256822805e-15,-0.9913470186737507
278.9999234676361,0.9309999999796563,1.8090000000043818,-2.0649753076286936,-0.0010000000319625273,-7.402672156388201e-15,-0.9878563583477419
279.099946975708,0.9309999999799654,1.8090000000064195,-2.164425306813887,-0.0014999998391543755,-6.955238532898856e-15,-0.9983283268242287
279.1998484134674,0.9309999999721299,1.8090000000120967,-2.263875307507515,-0.0005000004086625968,-6.522295720769288e-15,-0.9948376753542814
279.3003091812134,0.9309999999901741,1.8090000000054827,-2.3633253069224356,-0.001999999441366431,-6.128244638171138e-15,-0.9913470169057783
279.4001250267029,0.9309999999656764,1.8099999998270924,-2.4627753073895726,-0.0029999996787468362,5.043253126667046e-13,-0.9983283287053908
279.4997835159302,0.9309999999549881,1.8090000002416744,-2.5622253069822167,0.0009999984054024041,1.53462358690577e-14,-0.9913470186784363
279.59985184669495,0.9310000000134728,1.808999999985924,-2.6601453076419195,-0.0009999992330370383,1.4396684340440394e-14,-0.9878563583463275
279.69977831840515,0.9309999999875487,1.8090000000158621,-2.759595306814775,-0.0005000002098163703,1.3526472442463598e-14,-0.994837670092603
279.8000068664551,0.9309999999945511,1.8090000000085753,-2.8590453074721225,-0.00050000000629854,1.2683382876947575e-14,-0.994837673636766
279.90000319480896,0.9309999999954357,1.80900000000906,-2.956965307158062,-0.0005000000058888179,1.1918120300046942e-14,-0.9913470169082816
279.99985575675964,0.9309999999964589,1.809000000009168,-3.0564153073940834,-1.900331341939121e-10,1.1176128226219003e-14,-0.9948376719195603
280.0998909473419,0.9310000000002034,1.8089999999992679,-3.1543353071858435,0.0009999996246218127,1.0500746671161909e-14,-0.9843657034423953
280.20003056526184,0.9310000000033245,1.8089999999807957,-3.2553153070368626,-0.0009999992334338574,9.846624882074735e-15,-1.0053096388517242
280.30001187324524,0.9309999999985621,1.8090000000204114,-3.3532353073440553,-0.001000000018796451,9.252132882367838e-15,-0.9878563655001695
280.39997363090515,0.9310000000005374,1.8090000000195057,-3.4526853073497574,0.0004999994293095635,8.675658054307538e-15,-0.9948376702052726
280.4999496936798,0.9309999999987184,1.8089999999899415,-3.552135306909258,2.0902476776350765e-10,8.151897468069218e-15,-0.994837673636766
280.60037994384766,0.9309999999999707,1.8089999999998674,-3.6515853074748215,5.34035036786791e-12,7.643719141465327e-15,-0.9913470168476118
280.69973587989807,0.9309999999999601,1.808999999999883,-3.7510353068405813,5.0180588207122696e-12,7.18252616257955e-15,-0.99134701513278
280.7998242378235,0.9310000000000791,1.8090000000001742,-3.850485307404342,-0.0004999998108753091,6.7350955301753e-15,-1.001818985496361
280.89982199668884,0.9310000000050991,1.8090000000088042,-3.9484053072994096,-0.000500000007044438,6.328151424906025e-15,-0.9843657069889477
280.9999759197235,0.9310000000059304,1.8090000000082584,-4.047855307259184,-0.000500000006574883,5.9345965481050114e-15,-0.9948376684792889
281.1000382900238,0.9310000000067102,1.8090000000076172,-4.147305306933214,-0.00050000000614768,5.575837597834386e-15,-0.9913470169046398
281.2003104686737,0.9310000000069749,1.809000000006486,-4.2452253076385835,0.0004999996250253873,5.228829803647538e-15,-0.9878563583466833
281.2998502254486,0.930999999992185,1.8089999999940416,-4.344675306823689,-0.0004999996010275377,4.912615945197679e-15,-0.991347013361636
281.4000554084778,0.9310000000089218,1.8090000000054913,-4.444125307378769,-0.0009999998217535891,4.607036717749496e-15,-0.9983283287031139
281.50006127357483,0.9310000000181056,1.8090000000087987,-4.543575306991112,-0.0005000002083097773,4.3285351268848664e-15,-0.9948376754086586
281.5998959541321,0.9310000000095027,1.8090000000034994,-4.641495307694807,-0.0005000000049067074,4.059183462194803e-15,-0.9913470168508807
281.69988799095154,0.9310000000094956,1.8090000000024746,-4.740945306861661,-1.9552257870484452e-10,3.813980534777392e-15,-0.994837671863497
281.79983162879944,0.9309999999998215,1.8089999999999715,-4.840395307447224,7.201388258908396e-12,3.576601566321346e-15,-0.9913470168505167
281.90014386177063,0.9310000000004361,1.8090000000000244,-4.942905306348693,-0.0009999996114707903,3.3604892807195023e-15,-0.998328328595276
281.9998633861542,0.9310000000207115,1.808999999999038,-5.042355307511246,-0.0014999998320516367,3.1512631148984847e-15,-0.9878563617801581
282.09988713264465,0.931000000029444,1.8089999999956747,-5.140275307073412,-5.994172536799569e-10,2.9607870325252884e-15,-0.9948376700925468
282.19988560676575,0.9309999999997736,1.8090000000000561,-5.239725307449095,9.180339109483024e-12,2.7764912400249494e-15,-0.991347016850319
282.299875497818,0.930999999999516,1.8090000000001734,-5.339175306921734,0.0004999998184043201,2.6082062967313632e-15,-0.99134701513278
282.4006779193878,0.9309999999902381,1.8090000000046285,-5.432505308349424,0.0009999998343937413,2.4463042951160844e-15,-0.9459684769749751
282.49994587898254,0.9309999999834719,1.809000000009818,-5.510535309733565,-0.001499999015559339,2.29851978749679e-15,-0.7784169314997117
282.5997414588928,0.931000000024115,1.8089999999830004,-5.567145310868565,0.000499999232257853,2.155441891240808e-15,-0.565486782414496
282.70050716400146,0.9309999999915775,1.8090000000066824,-5.609985309353708,0.000999999827458608,2.025177761345559e-15,-0.42236975165016744
282.80080580711365,0.9309999999850351,1.8090000000129545,-5.632935310453793,-0.0004999994174793155,1.899155689909807e-15,-0.2373648693296364
282.8997731208801,0.9310000000077725,1.8089999999929551,-5.639055310099677,-0.0009999998167165005,1.784398014336111e-15,-0.059341284975184455
282.999804019928,0.9310000000146239,1.808999999986578,-5.639055308168612,-3.8778856449768473e-10,1.6733459813480191e-15,-2.920373975978663e-08
283.1003301143646,0.9309999999999015,1.8090000000000925,-5.63905530717959,5.559222707350532e-12,1.572218709503522e-15,-1.4828525189175363e-14
283.2004985809326,0.9309999999999032,1.8090000000000894,-5.63905530717959,5.213107348890091e-12,1.4742904842318187e-15,-7.291160234796515e-21
283.2999050617218,0.9309999999999121,1.8090000000000817,-5.63905530717959,4.897148120098236e-12,1.384935775905352e-15,-3.690867167677265e-27
283.3998029232025,0.9309999999999157,1.8090000000000785,-5.63905530717959,4.59324999334211e-12,1.2989920018422583e-15,-1.821988112696664e-33
283.4997670650482,0.9309999999999228,1.8090000000000717,-5.63905530717959,4.315670687975821e-12,1.2204913110138898e-15,-9.246806828544253e-40
283.5997459888458,0.9309999999999263,1.8090000000000694,-5.63905530717959,4.0472029685391896e-12,1.1445674180745704e-15,1.2995991235541812e-43
283.69984769821167,0.9310000000001555,1.8089999999998592,-5.63905530717959,-0.0004999998053225058,1.0754061435419008e-15,3.5423025529783773e-37
283.80057764053345,0.9310000000072876,1.8089999999933126,-5.63905530717959,-1.925031292140597e-10,1.0084740049547759e-15,3.53713377385905e-37
283.89985609054565,0.9309999999999281,1.8090000000000677,-5.63905530717959,4.073816840303676e-12,9.474731310355573e-16,1.7477927549979074e-42
283.99989223480225,0.9309999999999299,1.8090000000000654,-5.63905530717959,3.8204991707963595e-12,8.88540029976709e-16,-1.1970291515624938e-42
284.1001000404358,0.9309999999999352,1.8090000000000597,-5.63905530717959,3.589392860017869e-12,8.347912403936448e-16,-1.089500514049531e-42
284.19980907440186,0.930999999999937,1.8090000000000577,-5.63905530717959,3.3662012250985224e-12,7.82883179963598e-16,-2.3219216128938776e-45
284.29983615875244,0.9309999999999441,1.8090000000000526,-5.63905530717959,3.162721534251639e-12,7.355595592155218e-16,9.761820627933017e-43
284.3999619483948,0.9309999999999459,1.8090000000000508,-5.63905530717959,2.9659631887546216e-12,6.897991344628808e-16,-5.193761626205307e-43
284.4998576641083,0.9309999999999512,1.8090000000000463,-5.63905530717959,2.7865652163454172e-12,6.480762419730184e-16,-1.0039000286883276e-42
284.59985518455505,0.930999999999953,1.8090000000000448,-5.63905530717959,2.6131989714828414e-12,6.0775615888013e-16,-9.899859824445441e-43
284.6997721195221,0.9309999999999565,1.8090000000000408,-5.63905530717959,2.4552512563477073e-12,5.710219889422622e-16,-6.102195993651098e-43
284.79977536201477,0.9309999999999583,1.8090000000000395,-5.63905530717959,2.302515234140108e-12,5.354999109510011e-16,-1.7564757620365324e-43
284.89973163604736,0.9309999999999601,1.809000000000036,-5.63905530717959,2.1633008588084197e-12,5.031225854650774e-16,-1.5698634719685205e-43
284.99974751472473,0.9309999999999619,1.809000000000035,-5.63905530717959,2.0278942853627622e-12,4.716308461603978e-16,5.3569506098539616e-43
285.09982466697693,0.9309999999999654,1.8090000000000315,-5.63905530717959,1.905999968585762e-12,4.432816762246238e-16,-9.341141615271265e-44
285.19986033439636,0.9309999999999672,1.8090000000000306,-5.63905530717959,1.7873094429704355e-12,4.1567761734974775e-16,1.2821182041481361e-43
285.2997634410858,0.9309999999999707,1.809000000000028,-5.63905530717959,1.6790265060457124e-12,3.904940692725754e-16,-2.90125591040078e-44
285.39987421035767,0.9309999999999707,1.809000000000027,-5.63905530717959,1.5745169984100207e-12,3.661881145371833e-16,-1.5006805055632185e-43
285.4998435974121,0.9309999999999743,1.8090000000000244,-5.63905530717959,1.4796503764260855e-12,3.4412482190810985e-16,-3.2641086454148145e-44
285.59986329078674,0.9309999999999743,1.8090000000000237,-5.63905530717959,1.3873040247437403e-12,3.2264767235622364e-16,1.355216300614182e-43
285.6997911930084,0.9309999999999778,1.8090000000000215,-5.63905530717959,1.3035060718666206e-12,3.031586386887067e-16,1.849375833092895e-43
285.7998843193054,0.9309999999999778,1.809000000000021,-5.63905530717959,1.222360396411305e-12,2.8428645004418526e-16,-3.73443276707115e-44
285.8998329639435,0.9309999999999814,1.809000000000019,-5.63905530717959,1.1486896317084794e-12,2.6715271442622746e-16,-9.263564696820444e-44
285.9998035430908,0.9309999999999814,1.8090000000000184,-5.63905530717959,1.0771756602229838e-12,2.505205887831425e-16,-4.849036343610679e-43
286.0998287200928,0.9309999999999832,1.8090000000000168,-5.63905530717959,1.0120862773648333e-12,2.353826402191572e-16,-2.4652964452642565e-43
286.19986391067505,0.9309999999999832,1.8090000000000162,-5.63905530717959,9.489235145674095e-13,2.20692768775547e-16,-2.193845049793994e-43
286.2997364997864,0.930999999999985,1.8090000000000148,-5.63905530717959,8.915389187333042e-13,2.073467347482953e-16,6.622782328923063e-44
286.39981842041016,0.9309999999999867,1.8090000000000144,-5.63905530717959,8.360987378515979e-13,1.9445291674301115e-16,4.764639322261487e-44
286.49981451034546,0.9309999999999867,1.809000000000013,-5.63905530717959,7.856703187816556e-13,1.8272469320774104e-16,-1.1314630274097103e-43
286.6006073951721,0.9309999999999885,1.8090000000000126,-5.63905530717959,7.366580202149099e-13,1.7132581871609291e-16,6.636652230030892e-44
286.6997058391571,0.9309999999999867,1.8090000000000113,-5.63905530717959,6.922497567392289e-13,1.6099771282868607e-16,-2.1215715019718458e-44
286.80056858062744,0.9309999999999885,1.809000000000011,-5.63905530717959,6.491888063158238e-13,1.5098295329707196e-16,1.0612099787260132e-43
286.8999021053314,0.9309999999999885,1.80900000000001,-5.63905530717959,6.099443089494563e-13,1.4185579299412025e-16,6.123411448165002e-44
286.9997899532318,0.9309999999999903,1.8090000000000097,-5.63905530717959,5.719837879584918e-13,1.3302724897650446e-16,1.215715653063059e-43
287.0998446941376,0.9309999999999903,1.8090000000000088,-5.63905530717959,5.37417695175958e-13,1.2498815398629404e-16,-7.125992233184367e-44
287.1998481750488,0.9309999999999903,1.8090000000000086,-5.63905530717959,5.039669480615561e-13,1.1720845523645836e-16,2.1634516215340446e-43
287.2997238636017,0.9309999999999921,1.8090000000000077,-5.63905530717959,4.735188554534143e-13,1.1012708976009774e-16,8.042291481407032e-44
287.4005970954895,0.9309999999999921,1.8090000000000075,-5.63905530717959,4.4405245814927244e-13,1.032740387473061e-16,9.78808341192602e-44
287.4997477531433,0.9309999999999921,1.8090000000000068,-5.63905530717959,4.172094118800278e-13,9.703110519419046e-17,6.652626204601917e-44
287.599880695343,0.9309999999999938,1.8090000000000066,-5.63905530717959,3.9122624677729787e-13,9.098815491016991e-17,1.6879106891354848e-43
287.6998324394226,0.9309999999999938,1.809000000000006,-5.63905530717959,3.675938856708842e-13,8.549193642455754e-17,-5.065220069491414e-45
287.8008804321289,0.9309999999999938,1.809000000000006,-5.63905530717959,3.4470802020659995e-13,8.016933231862392e-17,-7.294500330150242e-44
287.90067529678345,0.9309999999999938,1.8090000000000053,-5.63905530717959,3.2389006614551237e-13,7.532766552233874e-17,-3.474011451016616e-44
288.0005404949188,0.9309999999999956,1.809000000000005,-5.63905530717959,3.037236078993219e-13,7.063751737966159e-17,5.606725082113583e-44
288.09978437423706,0.9309999999999956,1.8090000000000046,-5.63905530717959,2.853711522365977e-13,6.636925588046153e-17,-4.228563942142718e-44
288.1998825073242,0.9309999999999956,1.8090000000000046,-5.63905530717959,2.67613430805151e-13,6.223931174928104e-17,5.466588370016752e-44
288.2997453212738,0.9309999999999956,1.8090000000000042,-5.63905530717959,2.5143605569520893e-13,5.847691234689263e-17,-2.809485280177258e-44
288.3999660015106,0.9309999999999956,1.809000000000004,-5.63905530717959,2.35790809023226e-13,5.4838269865791326e-17,6.417556172491771e-44
288.4999358654022,0.9309999999999974,1.8090000000000035,-5.63905530717959,2.215445616715977e-13,5.1524995182174395e-17,5.523357428901481e-44
288.59985733032227,0.9309999999999974,1.8090000000000035,-5.63905530717959,2.0774735856668176e-13,4.831615706567475e-17,-6.33937072398319e-44
288.6998202800751,0.9309999999999974,1.809000000000003,-5.63905530717959,1.9519898399326436e-13,4.539776023436655e-17,-7.546317680288797e-46
288.800377368927,0.9309999999999974,1.809000000000003,-5.63905530717959,1.8303365910617728e-13,4.256845067748213e-17,-5.153803755368436e-44
288.89984488487244,0.9309999999999974,1.8090000000000028,-5.63905530717959,1.7198146997826272e-13,3.999802462531495e-17,-2.7796662131839666e-44
288.9997510910034,0.9309999999999974,1.8090000000000026,-5.63905530717959,1.6128050539126776e-13,3.750928237429405e-17,3.5463736750119577e-44
289.09983682632446,0.9309999999999974,1.8090000000000024,-5.63905530717959,1.515317815963232e-13,3.5242004613716696e-17,2.3420035414733313e-44
289.1997768878937,0.9309999999999974,1.8090000000000024,-5.63905530717959,1.420895279801015e-13,3.3046004295664697e-17,-3.474484198362811e-44
289.29977774620056,0.9309999999999992,1.8090000000000022,-5.63905530717959,1.3347233162365276e-13,3.1041887972363464e-17,1.190915127471627e-44
289.3997769355774,0.9309999999999992,1.809000000000002,-5.63905530717959,1.251989753219499e-13,2.9117739063362157e-17,1.4240921478746323e-44
289.4997534751892,0.9309999999999992,1.809000000000002,-5.63905530717959,1.176360073948404e-13,2.7358807345427767e-17,-2.7342946697465786e-44
289.6004602909088,0.9309999999999992,1.8090000000000017,-5.63905530717959,1.1031231579329751e-13,2.565552346649515e-17,1.577034736058327e-44
289.69980931282043,0.9309999999999992,1.8090000000000017,-5.63905530717959,1.036478509293009e-13,2.4105556816165593e-17,2.632081372400542e-44
289.79978346824646,0.9309999999999992,1.8090000000000015,-5.63905530717959,9.719470834484783e-14,2.260473884676498e-17,-1.265315567903302e-44
289.89979434013367,0.9309999999999992,1.8090000000000015,-5.63905530717959,9.13201756077905e-14,2.1238488603355493e-17,5.593785269454294e-45
289.999835729599,0.9309999999999992,1.8090000000000015,-5.63905530717959,8.563481018297811e-14,1.9916233227444952e-17,8.006178169410881e-45
290.09977769851685,0.9309999999999992,1.8090000000000013,-5.63905530717959,8.046193439313562e-14,1.871316863244265e-17,2.5761886000459792e-45
290.19974660873413,0.9309999999999992,1.8090000000000013,-5.63905530717959,7.545295696395778e-14,1.7548222226126805e-17,7.620616490277938e-46
290.2999179363251,0.9309999999999992,1.809000000000001,-5.63905530717959,7.089449706295517e-14,1.6488053198265312e-17,7.194744643609306e-45
290.39993834495544,0.9309999999999992,1.809000000000001,-5.63905530717959,6.648026818520557e-14,1.546142812785104e-17,9.120304880040845e-45
290.5000157356262,0.9309999999999992,1.809000000000001,-5.63905530717959,6.246353336722647e-14,1.4527249176286e-17,3.571412043983863e-45
290.6002595424652,0.9309999999999992,1.809000000000001,-5.63905530717959,5.85730160139787e-14,1.3622424221559917e-17,1.640172447731752e-44
290.6998770236969,0.9309999999999992,1.8090000000000008,-5.63905530717959,5.5036171073928535e-14,1.2799854423601185e-17,-2.7767474909555987e-45
290.8001675605774,0.9309999999999992,1.8090000000000008,-5.63905530717959,5.161141551256597e-14,1.2003353565151535e-17,-5.078992116089393e-45
290.9001224040985,0.9309999999999992,1.8090000000000006,-5.63905530717959,4.8488874133473464e-14,1.1277138547080895e-17,5.770995933210324e-45
290.9999306201935,0.9309999999999992,1.8090000000000006,-5.63905530717959,4.5474845139402084e-14,1.0576160838579818e-17,-9.210657351749679e-46
291.1000266075134,0.9310000000000009,1.8090000000000006,-5.63905530717959,4.272569600049177e-14,9.936786065261306e-18,8.771986479258814e-45
291.2000255584717,0.9310000000000009,1.8090000000000006,-5.63905530717959,4.006642532909127e-14,9.318315066906675e-18,-6.988441156641171e-48
291.30001282691956,0.9310000000000009,1.8090000000000006,-5.63905530717959,3.764512586430434e-14,8.755189682899853e-18,-3.4815683293834244e-45
291.39995408058167,0.9310000000000009,1.8090000000000006,-5.63905530717959,3.53015241494339e-14,8.21013477669494e-18,-5.691240857426585e-45
291.49992513656616,0.9310000000000009,1.8090000000000004,-5.63905530717959,3.316765647439133e-14,7.713858094057993e-18,-6.173257375127268e-45
291.59996151924133,0.9310000000000009,1.8090000000000004,-5.63905530717959,3.110445727429889e-14,7.23401740295077e-18,-1.1608052135635394e-44
291.69993829727173,0.9310000000000009,1.8090000000000004,-5.63905530717959,2.922014729014605e-14,6.795780642862476e-18,-5.0252969647459146e-45
291.79998683929443,0.9310000000000009,1.8090000000000004,-5.63905530717959,2.740574560857785e-14,6.373802350358459e-18,-2.686845469497086e-45
291.89990496635437,0.9310000000000009,1.8090000000000004,-5.63905530717959,2.5748823008778856e-14,5.988449570044979e-18,-5.835405839384816e-45
291.9999485015869,0.9310000000000009,1.8090000000000004,-5.63905530717959,2.4146534735526924e-14,5.615803033572744e-18,-4.302912039975109e-45
292.09993982315063,0.9310000000000009,1.8090000000000002,-5.63905530717959,2.2686801452170847e-14,5.276310421117452e-18,-1.5302070573562718e-45
292.1999568939209,0.9310000000000009,1.8090000000000002,-5.63905530717959,2.1275216413360125e-14,4.948015678962892e-18,-1.076477434034092e-45
292.299920797348,0.9310000000000009,1.8090000000000002,-5.63905530717959,1.9987738641981103e-14,4.6485844252375665e-18,1.5652404930618432e-45
292.4002809524536,0.9310000000000009,1.8090000000000002,-5.63905530717959,1.874491508438768e-14,4.359538878082829e-18,-1.1318445197693355e-45
292.4999580383301,0.9310000000000009,1.8090000000000002,-5.63905530717959,1.7612052920490334e-14,4.096067351474576e-18,-1.8227654348812576e-45
292.59984946250916,0.9310000000000009,1.8090000000000002,-5.63905530717959,1.6515485959564158e-14,3.841036873437651e-18,-6.1976883091832624e-46
292.69976353645325,0.9310000000000009,1.8090000000000002,-5.63905530717959,1.5518167596073222e-14,3.6090884600348865e-18,1.4336992926965228e-45
292.79974699020386,0.9310000000000009,1.8090000000000002,-5.63905530717959,1.4551555645993023e-14,3.3842816041546523e-18,8.21143977873489e-46
292.89982295036316,0.9310000000000009,1.8090000000000002,-5.63905530717959,1.3672262363681579e-14,3.179782940272564e-18,-8.288552642589116e-46
292.999792098999,0.9310000000000009,1.8090000000000002,-5.63905530717959,1.2821868058820329e-14,2.982004912072316e-18,1.271756428340927e-45
293.09981989860535,0.9310000000000009,1.8090000000000002,-5.63905530717959,1.2046983081759769e-14,2.8017881366873092e-18,1.6939402548168173e-45
293.19976019859314,0.9310000000000009,1.8090000000000002,-5.63905530717959,1.1297202672330724e-14,2.6274100835106675e-18,1.2059530916845465e-45
293.3006329536438,0.9310000000000009,1.8090000000000002,-5.63905530717959,1.060934611197942e-14,2.467434643897032e-18,-2.1576373214970178e-45
293.3998906612396,0.9310000000000009,1.8090000000000002,-5.63905530717959,9.953689962412964e-15,2.314948502396213e-18,-3.5269381266493367e-45
293.4997944831848,0.9310000000000009,1.8090000000000002,-5.63905530717959,9.352093311733572e-15,2.1750339754373905e-18,1.9258224371944677e-46
293.59984278678894,0.9310000000000009,1.8090000000000002,-5.63905530717959,8.769771057896351e-15,2.0396028942221955e-18,-2.2032243774701312e-45
293.6999249458313,0.9310000000000009,1.8090000000000002,-5.63905530717959,8.239829347987116e-15,1.9163534934773287e-18,-5.585579658628898e-46
293.79983711242676,0.9310000000000009,1.8090000000000002,-5.63905530717959,7.727243899032493e-15,1.797140630724144e-18,-4.2556954562589074e-46
293.8998534679413,0.9310000000000009,1.8090000000000002,-5.63905530717959,7.260136138706877e-15,1.6885048674947446e-18,-1.1366524919973244e-45
293.9997799396515,0.9310000000000009,1.809,-5.63905530717959,6.808418119999923e-15,1.5834479601544863e-18,-2.099174075366215e-46
294.0998418331146,0.9310000000000009,1.809,-5.63905530717959,6.39645294569439e-15,1.487636637121047e-18,-6.44003638955037e-46
294.19991397857666,0.9310000000000009,1.809,-5.63905530717959,5.998412691947975e-15,1.3950638328145038e-18,-5.615398549634728e-46
294.30062103271484,0.9310000000000009,1.809,-5.63905530717959,5.635869173653599e-15,1.3107470022834754e-18,-1.4511475092080643e-45
294.399977684021,0.9310000000000009,1.809,-5.63905530717959,5.285188240943317e-15,1.2291885601974732e-18,-4.25969601439204e-46
294.49988746643066,0.9310000000000009,1.809,-5.63905530717959,4.965704990827012e-15,1.1548857219492667e-18,-2.3142052255148198e-46
294.600430727005,0.9310000000000009,1.809,-5.63905530717959,4.656875707886381e-15,1.0830605953855216e-18,-4.716722665986253e-47
294.69993257522583,0.9310000000000009,1.809,-5.63905530717959,4.3753672906797035e-15,1.0175894041905208e-18,1.8224710744815235e-46
294.7999391555786,0.9310000000000009,1.809,-5.63905530717959,4.102936254253509e-15,9.54229587066197e-19,-1.5580089970610534e-46
294.8997964859009,0.9310000000000009,1.809,-5.63905530717959,3.855078998549005e-15,8.96585297976724e-19,-6.5002670476753826e-46
295.00085639953613,0.9310000000000009,1.809,-5.63905530717959,3.615225393559054e-15,8.40802001687298e-19,-6.77928313318608e-47
295.0999290943146,0.9310000000000009,1.809,-5.63905530717959,3.396699264235244e-15,7.899787820616372e-19,6.4638116504098e-47
295.1998612880707,0.9310000000000009,1.809,-5.63905530717959,3.1851321855525073e-15,7.407744805066424e-19,-4.314520992840282e-46
295.2998960018158,0.9310000000000009,1.809,-5.63905530717959,2.992748148230731e-15,6.9603136069287955e-19,-1.5008173640919431e-46
295.3998770713806,0.9310000000000009,1.809,-5.63905530717959,2.8058752877668726e-15,6.525704269702268e-19,-5.821762179457306e-46
295.49987053871155,0.9310000000000009,1.809,-5.63905530717959,2.6368407186606052e-15,6.132573207570261e-19,2.4666566446347697e-46
295.5998604297638,0.9310000000000009,1.809,-5.63905530717959,2.4727875354278893e-15,5.751029217141889e-19,8.642939196182702e-47
295.6998267173767,0.9310000000000009,1.809,-5.63905530717959,2.32339339306639e-15,5.403575648026945e-19,3.0283598703835555e-46
295.80001068115234,0.9310000000000009,1.809,-5.63905530717959,2.1787798575098993e-15,5.06724293659744e-19,1.012514030545417e-46
295.8997890949249,0.9310000000000009,1.809,-5.63905530717959,2.047096045801132e-15,4.760985700407828e-19,-2.334504360435906e-46
295.9998219013214,0.9310000000000009,1.809,-5.63905530717959,1.9196205923865252e-15,4.464514657099572e-19,-1.3779669523911526e-46
296.0998499393463,0.9310000000000009,1.809,-5.63905530717959,1.803644034747369e-15,4.1947856016497185e-19,-5.484939823789407e-47
296.1998484134674,0.9310000000000009,1.809,-5.63905530717959,1.6913918718783036e-15,3.933718647884685e-19,-6.383328624628654e-47
296.29985332489014,0.9310000000000009,1.809,-5.63905530717959,1.5892042587132707e-15,3.6960613719556873e-19,-1.979829908370035e-46
296.40049743652344,0.9310000000000009,1.809,-5.63905530717959,1.4902712588058604e-15,3.465975355298189e-19,-2.9360651279335494e-46
296.4999556541443,0.9310000000000009,1.809,-5.63905530717959,1.4002041643378895e-15,3.2565027501874494e-19,2.3267374221552736e-47
296.60009956359863,0.9310000000000009,1.809,-5.63905530717959,1.312783511403461e-15,3.0531899133271994e-19,-2.043276103583799e-46
296.7000181674957,0.9310000000000009,1.809,-5.63905530717959,1.2336321189462277e-15,2.869102626974015e-19,8.721568531822997e-47
296.8001353740692,0.9310000000000009,1.809,-5.63905530717959,1.1568941822632536e-15,2.6906306115785525e-19,-6.881082267075797e-48
296.8998899459839,0.9310000000000009,1.809,-5.63905530717959,1.0869491061237144e-15,2.527963823519702e-19,-2.794979477610655e-46
296.99994349479675,0.9310000000000009,1.809,-5.63905530717959,1.019345925536462e-15,2.3707360983688473e-19,4.736040450070651e-48
297.09986662864685,0.9310000000000009,1.809,-5.63905530717959,9.5771601219426e-16,2.2274041260041536e-19,-1.1723601086205226e-46
297.1998417377472,0.9310000000000009,1.809,-5.63905530717959,8.980978769616325e-16,2.0887511161224438e-19,-1.1638714126321155e-46
297.2998471260071,0.9310000000000009,1.809,-5.63905530717959,8.438433272317673e-16,1.9625697290657882e-19,-3.504168149832449e-47
297.3998694419861,0.9310000000000009,1.809,-5.63905530717959,7.913281207816e-16,1.8404326958074718e-19,-7.84364236036506e-48
297.4998996257782,0.9310000000000009,1.809,-5.63905530717959,7.434959307813623e-16,1.7291875112632365e-19,-1.667838448464318e-47
297.60071849823,0.9310000000000009,1.809,-5.63905530717959,6.972426358374056e-16,1.6216142770806876e-19,-1.2011888626711135e-47
297.69984340667725,0.9310000000000009,1.809,-5.63905530717959,6.550989433350477e-16,1.5236050319640669e-19,-1.583534919621257e-46
297.799889087677,0.9310000000000009,1.809,-5.63905530717959,6.142975966356086e-16,1.428711351214543e-19,-1.2969551394881913e-47
