time_s,x_m,y_m,yaw_rad,vx_m_s,vy_m_s,wz_rad_s
2.4809811115264893,0.0,0.0,0.0,0.0,0.0,0.0
2.5793497562408447,0.0,0.0,0.0,0.0,0.0,0.0
2.680849313735962,0.0,0.0,0.0,0.0,0.0,0.0
2.779240846633911,0.0,0.0,0.0,0.0,0.0,0.0
2.8809213638305664,0.0,0.0,0.0,0.0,0.0,0.0
2.9793829917907715,0.0,0.0,0.0,0.0,0.0,0.0
3.0809664726257324,0.0,0.0,0.0,0.0,0.0,0.0
3.179246187210083,0.0,0.0,0.0,0.0,0.0,0.0
3.28092622756958,0.0,0.0,0.0,0.0,0.0,0.0
3.379401922225952,0.0,0.0,0.0,0.0,0.0,0.0
3.481288433074951,0.0,0.0,0.0,0.0,0.0,0.0
3.5798792839050293,0.0,0.0,0.0,0.0,0.0,0.0
3.681278944015503,0.0,0.0,0.0,0.0,0.0,0.0
3.7798752784729004,0.0,0.0,0.0,0.0,0.0,0.0
3.8812828063964844,0.0,0.0,0.0,0.0,0.0,0.0
3.979705333709717,0.0,0.0,0.0,0.0,0.0,0.0
4.081232786178589,0.0,0.0,0.0,0.0,0.0,0.0
4.179664134979248,0.0,0.0,0.0,0.0,0.0,0.0
4.281520843505859,0.0,0.0,0.0,0.0,0.0,0.0
4.380037307739258,0.0,0.0,0.0,0.0,0.0,0.0
4.481379270553589,0.0,0.0,0.0,0.0,0.0,0.0
4.579785585403442,0.0,0.0,0.0,0.0,0.0,0.0
4.6814775466918945,0.0,0.0,0.0,0.0,0.0,0.0
4.7799694538116455,0.0,0.0,0.0,0.0,0.0,0.0
4.881505012512207,0.0,0.0,0.0,0.0,0.0,0.0
4.980008602142334,0.0,0.0,0.0,0.0,0.0,0.0
5.081568956375122,0.0,0.0,0.0,0.0,0.0,0.0
5.180002927780151,0.0,0.0,0.0,0.0,0.0,0.0
5.28158974647522,0.0,0.0,0.0,0.0,0.0,0.0
5.380530834197998,0.0,0.0,0.0,0.0,0.0,0.0
5.481704950332642,0.0,0.0,0.0,0.0,0.0,0.0
5.580214023590088,0.0,0.0,0.0,0.0,0.0,0.0
5.68181848526001,0.0,0.0,0.0,0.0,0.0,0.0
5.780248403549194,0.0,0.0,0.0,0.0,0.0,0.0
5.881901979446411,0.0,0.0,0.0,0.0,0.0,0.0
5.980379581451416,0.0,0.0,0.0,0.0,0.0,0.0
6.0820152759552,0.0,0.0,0.0,0.0,0.0,0.0
6.180432081222534,0.0,0.0,0.0,0.0,0.0,0.0
6.282010555267334,0.0,0.0,0.0,0.0,0.0,0.0
6.3807053565979,0.0,0.0,0.0,0.0,0.0,0.0
6.482093334197998,0.0,0.0,0.0,0.0,0.0,0.0
6.580615043640137,0.0,0.0,0.0,0.0,0.0,0.0
6.68218207359314,0.0,0.0,0.0,0.0,0.0,0.0
6.780620574951172,0.0,0.0,0.0,0.0,0.0,0.0
6.88337254524231,0.0,0.0,0.0,0.0,0.0,0.0
6.9809324741363525,0.0,0.0,0.0,0.0,0.0,0.0
7.082607984542847,0.0,0.0,0.0,0.0,0.0,0.0
7.181112051010132,0.0,0.0,0.0,0.0,0.0,0.0
7.282364845275879,0.0,0.0,0.0,0.0,0.0,0.0
7.381164312362671,0.0,0.0,0.0,0.0,0.0,0.0
7.48268723487854,0.0,0.0,0.0,0.0,0.0,0.0
7.581145286560059,0.0,0.0,0.0,0.0,0.0,0.0
7.682665586471558,0.0,0.0,0.0,0.0,0.0,0.0
7.781068563461304,0.0,0.0,0.0,0.0,0.0,0.0
7.882753133773804,0.0,0.0,0.0,0.0,0.0,0.0
7.981220006942749,0.0,0.0,0.0,0.0,0.0,0.0
8.082640171051025,0.0,0.0,0.0,0.0,0.0,0.0
8.181501626968384,0.0,0.0,0.0,0.0,0.0,0.0
8.283002853393555,0.0,0.0,0.0,0.0,0.0,0.0
8.381246089935303,0.0,0.0,0.0,0.0,0.0,0.0
8.483001232147217,0.0,0.0,0.0,0.0,0.0,0.0
8.581361532211304,0.0,0.0,0.0,0.0,0.0,0.0
8.683332681655884,0.0,0.0009999999999998899,-0.0015300000000000313,0.01,0.0,-0.010471975511965976
8.781489372253418,-0.0009999999999994458,0.0040000000000000036,-0.0030600000000000627,0.0405,0.0,-0.003490658503988659
8.883209228515625,-0.002000000000000668,0.01200000000000001,-0.0030600000000000627,0.075,0.0,0.0
8.981364488601685,-0.0039999999999995595,0.020999999999999908,-0.0015300000000000313,0.0995,0.0,0.0
9.083324909210205,-0.006000000000000227,0.03400000000000003,-0.0030600000000000627,0.1345,0.0,0.0
9.181691408157349,-0.009000000000000341,0.04899999999999993,-0.0030600000000000627,0.1595,0.0,0.0
9.283211946487427,-0.0129999999999999,0.06799999999999984,-0.0030600000000000627,0.191,0.0,0.0
9.381595134735107,-0.016000000000000014,0.08799999999999986,-0.0015300000000000313,0.196,0.0,0.003490658503988659
9.483052730560303,-0.019000000000000128,0.10499999999999998,-0.0030600000000000627,0.168,0.0,-0.003490658503988659
9.58171820640564,-0.02200000000000024,0.11799999999999988,-0.0015300000000000313,0.1295,0.0,0.003490658503988659
9.683361053466797,-0.023999999999999133,0.1279999999999999,-0.0015300000000000313,0.103,0.0,0.0
9.781691789627075,-0.025000000000000355,0.1359999999999999,-0.0030600000000000627,0.078,0.0,0.0
9.883302927017212,-0.0259999999999998,0.14100000000000001,-0.0015300000000000313,0.0485,0.0,0.003490658503988659
9.982264518737793,-0.026999999999999247,0.1439999999999999,-0.0030600000000000627,0.017,0.0,-0.006981317007977318
10.083862543106079,-0.026999999999999247,0.1439999999999999,-0.0030600000000000627,0.0,0.0,0.0
10.181736469268799,-0.026999999999999247,0.1439999999999999,-0.0030600000000000627,0.0,0.0,0.0
10.283388614654541,-0.026999999999999247,0.1439999999999999,-0.0030600000000000627,0.0005,0.0,0.0
10.381885290145874,-0.026999999999999247,0.1439999999999999,-0.0030600000000000627,0.0,0.0,0.0
10.483854055404663,-0.026999999999999247,0.1439999999999999,-0.0030600000000000627,0.0,0.0,0.0
10.582120895385742,-0.026999999999999247,0.1439999999999999,-0.0015300000000000313,0.0085,0.0,0.0
10.683868646621704,-0.026999999999999247,0.14700000000000002,-0.0015300000000000313,0.034,0.0,0.0
10.782208442687988,-0.028999999999999915,0.15399999999999991,-0.0030600000000000627,0.078,0.0,0.0
10.88414192199707,-0.02999999999999936,0.16399999999999992,-0.0030600000000000627,0.0985,0.0,0.0
10.982239484786987,-0.032999999999999474,0.17599999999999993,-0.0015300000000000313,0.133,0.0,0.003490658503988659
11.084096431732178,-0.03599999999999959,0.19199999999999995,-0.0030600000000000627,0.162,0.0,-0.003490658503988659
11.182102918624878,-0.0389999999999997,0.20999999999999996,-0.0015300000000000313,0.1895,0.0,0.003490658503988659
11.283943176269531,-0.04299999999999926,0.23199999999999998,-0.0030600000000000627,0.223,0.0,-0.003490658503988659
11.382863759994507,-0.04800000000000004,0.256,-0.0015300000000000313,0.2485,0.0,0.0
11.483960390090942,-0.05299999999999905,0.28400000000000003,-0.0015300000000000313,0.282,0.0,0.0
11.58247447013855,-0.05799999999999983,0.31399999999999983,-0.0015300000000000313,0.309,0.0,0.0
11.683985233306885,-0.0649999999999995,0.347,-0.0015300000000000313,0.341,0.0,0.0
11.782679319381714,-0.07099999999999973,0.383,-0.0030600000000000627,0.367,0.0,0.0
11.883919715881348,-0.07900000000000063,0.42199999999999993,-0.0015300000000000313,0.401,0.0,0.003490658503988659
11.982645988464355,-0.0860000000000003,0.46399999999999997,-0.0030600000000000627,0.4285,0.0,-0.006981317007977318
12.084202289581299,-0.09500000000000064,0.508,-0.0030600000000000627,0.4615,0.0,0.003490658503988659
12.182551383972168,-0.1039999999999992,0.5559999999999998,-0.0030600000000000627,0.4885,0.0,-0.003490658503988659
12.284029722213745,-0.11299999999999955,0.605,-0.0015300000000000313,0.5005,0.0,0.003490658503988659
12.382919549942017,-0.12199999999999989,0.6539999999999999,-0.0015300000000000313,0.4965,0.0,0.0
12.484111547470093,-0.13199999999999967,0.703,-0.0015300000000000313,0.4975,0.0,0.003490658503988659
12.582787036895752,-0.14100000000000001,0.7529999999999999,-0.0030600000000000627,0.5005,0.0,-0.003490658503988659
12.68435525894165,-0.15000000000000036,0.8009999999999999,0.0030599999999998406,0.486,0.0,0.04537856055185257
12.782830953598022,-0.1590000000000007,0.846,0.022949999999999582,0.459,0.0,0.20943951023931953
12.884383916854858,-0.16900000000000048,0.8879999999999999,0.06732000000000049,0.422,0.0,0.4328416544945937
12.98274827003479,-0.17999999999999972,0.9259999999999999,0.12392999999999943,0.3955,0.0,0.5759586531581288
13.084434509277344,-0.19299999999999962,0.961,0.19736999999999982,0.3705,0.0,0.7330382858376184
13.183419227600098,-0.20700000000000074,0.9919999999999999,0.29069999999999996,0.3365,0.0,0.9250245035569946
13.284493684768677,-0.22300000000000075,1.019,0.39168000000000025,0.3065,0.0,1.0192722831646883
13.383156299591064,-0.23900000000000077,1.041,0.49112999999999984,0.277,0.0,1.0018189906447452
13.48455548286438,-0.2560000000000002,1.06,0.5890500000000001,0.248,0.0,0.9808750396208132
13.583234071731567,-0.27399999999999913,1.076,0.6839100000000002,0.245,0.0,0.9389871375729493
13.684680938720703,-0.29499999999999993,1.092,0.7619400000000003,0.273,0.0,0.7853981633974483
13.783162355422974,-0.3200000000000003,1.109,0.82161,0.307,0.0,0.5899212871740833
13.884687185287476,-0.34800000000000075,1.126,0.8644500000000004,0.3315,0.0,0.4328416544945937
13.983082056045532,-0.3800000000000008,1.1429999999999998,0.8874000000000002,0.364,0.0,0.22689280275926285
14.084914684295654,-0.4139999999999997,1.162,0.8950500000000001,0.394,0.0,0.08377580409572781
14.183479070663452,-0.4510000000000005,1.181,0.8935200000000003,0.4215,0.0,-0.017453292519943295
14.284979104995728,-0.49099999999999966,1.202,0.8950500000000001,0.4545,0.0,0.017453292519943295
14.383501768112183,-0.5340000000000007,1.224,0.8950500000000001,0.481,0.0,-0.010471975511965976
14.484825849533081,-0.5779999999999994,1.248,0.8950500000000001,0.5005,0.0,0.0
14.58330488204956,-0.6219999999999999,1.271,0.8950500000000001,0.4995,0.0,0.0
14.684892654418945,-0.6660000000000004,1.294,0.8950500000000001,0.4965,0.0,-0.003490658503988659
14.783385753631592,-0.7110000000000003,1.318,0.8935200000000003,0.504,0.0,0.0
14.884947538375854,-0.7550000000000008,1.341,0.8950500000000001,0.4975,0.0,0.0
14.983757019042969,-0.7989999999999995,1.3639999999999999,0.8950500000000001,0.4985,0.0,0.0
15.085105657577515,-0.8420000000000005,1.387,0.8996400000000004,0.4855,0.0,0.04537856055185257
15.183794975280762,-0.8829999999999991,1.408,0.9195299999999997,0.457,0.0,0.2059488517353309
15.285425186157227,-0.9220000000000006,1.426,0.9638999999999995,0.4235,0.0,0.4328416544945937
15.38365912437439,-0.9589999999999996,1.4409999999999998,1.0220399999999998,0.396,0.0,0.5794493116621174
15.485233306884766,-0.9949999999999992,1.4529999999999998,1.09548,0.3715,0.0,0.7330382858376184
15.584269523620605,-1.0269999999999992,1.4609999999999999,1.1872800000000001,0.3335,0.0,0.9285151620609834
15.685665130615234,-1.0579999999999998,1.4649999999999999,1.2882599999999995,0.3035,0.0,1.0157816246606999
15.783903360366821,-1.0860000000000003,1.466,1.3907699999999996,0.2795,0.0,0.9878563566287906
15.885782957077026,-1.1129999999999995,1.4649999999999999,1.4840999999999995,0.2715,0.0,0.9354964790689607
15.983809232711792,-1.1430000000000007,1.46,1.5605999999999989,0.3065,0.0,0.7749261878854823
16.085506200790405,-1.1750000000000007,1.4529999999999998,1.6187399999999987,0.334,0.0,0.5794493116621174
16.184123277664185,-1.209999999999999,1.444,1.6615799999999992,0.3625,0.0,0.41887902047863906
16.285847902297974,-1.2469999999999999,1.4329999999999998,1.684529999999999,0.394,0.0,0.23387411976724018
16.384259939193726,-1.286999999999999,1.42,1.6921799999999994,0.422,0.0,0.06981317007977318
16.485517740249634,-1.33,1.406,1.690649999999999,0.4515,0.0,-0.013962634015954637
16.584043502807617,-1.3740000000000006,1.392,1.690649999999999,0.4585,0.0,0.003490658503988659
16.685587882995605,-1.4149999999999991,1.378,1.690649999999999,0.4345,0.0,0.0
16.78412675857544,-1.4529999999999994,1.3659999999999999,1.690649999999999,0.3885,0.0,0.003490658503988659
16.88584804534912,-1.4879999999999995,1.355,1.690649999999999,0.3635,0.0,0.0
16.98427438735962,-1.5199999999999996,1.3439999999999999,1.690649999999999,0.3375,0.0,-0.010471975511965976
17.08595037460327,-1.5500000000000007,1.335,1.690649999999999,0.3085,0.0,0.003490658503988659
17.18429183959961,-1.577,1.3259999999999998,1.6891199999999993,0.2785,0.0,-0.006981317007977318
17.285775661468506,-1.600999999999999,1.318,1.6921799999999994,0.2455,0.0,0.020943951023931952
17.384459972381592,-1.6219999999999999,1.3119999999999998,1.690649999999999,0.2145,0.0,-0.013962634015954637
17.48593020439148,-1.6400000000000006,1.306,1.690649999999999,0.187,0.0,0.0
17.584428787231445,-1.6560000000000006,1.301,1.684529999999999,0.1585,0.0,-0.05235987755982988
17.686123371124268,-1.6679999999999993,1.297,1.6646399999999992,0.125,0.0,-0.20943951023931953
17.78446388244629,-1.677999999999999,1.294,1.6217999999999992,0.1,0.0,-0.41887902047863906
17.88624858856201,-1.686,1.293,1.5667199999999994,0.074,0.0,-0.5515240436302081
17.98493003845215,-1.6899999999999995,1.2919999999999998,1.4932799999999993,0.0365,0.0,-0.747000919853573
18.086151361465454,-1.6910000000000007,1.2919999999999998,1.3984199999999996,0.011,0.0,-0.9354964790689607
18.185253620147705,-1.6910000000000007,1.2919999999999998,1.2974399999999993,-0.0015,0.0,-0.9913470151327791
18.286590337753296,-1.6910000000000007,1.2919999999999998,1.1979899999999997,0.0005,0.0,-0.9948376736367678
18.385472536087036,-1.6920000000000002,1.2919999999999998,1.1015999999999992,0.0105,0.0,-0.9599310885968813
18.486828327178955,-1.6950000000000003,1.293,1.0235699999999992,0.042,0.0,-0.7749261878854823
18.58501410484314,-1.702,1.2959999999999998,0.9638999999999995,0.073,0.0,-0.603883921190038
18.68640661239624,-1.709999999999999,1.2999999999999998,0.9210599999999995,0.101,0.0,-0.42586033748661634
18.7848539352417,-1.7219999999999995,1.306,0.8965799999999995,0.132,0.0,-0.25132741228718347
18.88647699356079,-1.7360000000000007,1.313,0.8889299999999996,0.161,0.0,-0.06981317007977318
18.984874725341797,-1.7520000000000007,1.322,0.8904599999999994,0.191,0.0,0.010471975511965976
19.08651876449585,-1.7720000000000002,1.3319999999999999,0.8889299999999996,0.2225,0.0,-0.010471975511965976
19.18504023551941,-1.7940000000000005,1.3439999999999999,0.8889299999999996,0.2505,0.0,0.003490658503988659
19.28679394721985,-1.8179999999999996,1.357,0.8889299999999996,0.28,0.0,0.0
19.385104179382324,-1.8450000000000006,1.371,0.8889299999999996,0.311,0.0,0.0
19.48656964302063,-1.875,1.387,0.8904599999999994,0.3385,0.0,0.003490658503988659
19.585875034332275,-1.9060000000000006,1.404,0.8904599999999994,0.346,0.0,0.003490658503988659
19.68665337562561,-1.9339999999999993,1.419,0.8889299999999996,0.321,0.0,-0.003490658503988659
19.785224676132202,-1.9589999999999996,1.432,0.8904599999999994,0.2775,0.0,0.0
19.88678741455078,-1.9819999999999993,1.444,0.8889299999999996,0.252,0.0,-0.003490658503988659
19.98538827896118,-2.0020000000000007,1.4549999999999998,0.8904599999999994,0.224,0.0,0.003490658503988659
20.08685827255249,-2.019,1.464,0.8889299999999996,0.1945,0.0,0.0
20.186125993728638,-2.035,1.472,0.8889299999999996,0.1685,0.0,0.0
20.287766456604004,-2.048,1.48,0.8889299999999996,0.161,0.0,0.0
20.385706186294556,-2.064,1.488,0.8904599999999994,0.188,0.0,0.0
20.48734736442566,-2.0839999999999996,1.4989999999999999,0.8904599999999994,0.2255,0.0,0.0
20.585691213607788,-2.1050000000000004,1.51,0.8889299999999996,0.2435,0.0,0.0
20.68716025352478,-2.130000000000001,1.523,0.8889299999999996,0.286,0.0,0.0
20.785699605941772,-2.157,1.5379999999999998,0.8889299999999996,0.31,0.0,0.0
20.887465476989746,-2.186,1.553,0.8889299999999996,0.338,0.0,0.0
20.985952138900757,-2.2189999999999994,1.571,0.8889299999999996,0.371,0.0,0.0
21.087458848953247,-2.2539999999999996,1.589,0.8889299999999996,0.397,0.0,0.0
21.18573760986328,-2.2910000000000004,1.609,0.8889299999999996,0.43,0.0,0.0
21.28730273246765,-2.3320000000000007,1.631,0.8904599999999994,0.458,0.0,0.0
21.38613200187683,-2.3729999999999993,1.653,0.8889299999999996,0.4635,0.0,-0.003490658503988659
21.48736310005188,-2.411999999999999,1.674,0.8843399999999992,0.4405,0.0,-0.04537856055185257
21.586787939071655,-2.446999999999999,1.6929999999999998,0.861389999999999,0.3975,0.0,-0.22689280275926285
21.68797469139099,-2.478999999999999,1.712,0.8216099999999991,0.369,0.0,-0.39444441095071847
21.786043882369995,-2.507999999999999,1.732,0.7634699999999988,0.3475,0.0,-0.5794493116621174
21.88806939125061,-2.5340000000000007,1.751,0.6900299999999995,0.313,0.0,-0.747000919853573
21.985916137695312,-2.5549999999999997,1.77,0.5966999999999991,0.2785,0.0,-0.9354964790689607
22.0877947807312,-2.571999999999999,1.789,0.4957199999999997,0.255,0.0,-0.9983283321407566
22.186236143112183,-2.5860000000000003,1.807,0.3947399999999994,0.2255,0.0,-1.0122909661567112
22.287660837173462,-2.596,1.825,0.29681999999999964,0.1935,0.0,-0.9878563566287906
22.38603377342224,-2.603999999999999,1.841,0.20501999999999954,0.189,0.0,-0.9250245035569946
22.487647771835327,-2.6110000000000007,1.861,0.12698999999999927,0.221,0.0,-0.7819075048934596
22.586146354675293,-2.6180000000000003,1.885,0.0657899999999998,0.253,0.0,-0.603883921190038
22.687746047973633,-2.6240000000000006,1.912,0.024479999999998947,0.2785,0.0,-0.4118977034706618
22.786266088485718,-2.630000000000001,1.942,-0.0015300000000000313,0.3125,0.0,-0.2617993877991494
22.88807725906372,-2.6359999999999992,1.976,-0.0076499999999994905,0.3395,0.0,-0.06283185307179587
22.986860036849976,-2.6430000000000007,2.01,-0.0015300000000000313,0.3445,0.0,0.05585053606381855
23.088441133499146,-2.648999999999999,2.041,0.01682999999999968,0.316,0.0,0.19198621771937624
23.186585187911987,-2.6549999999999994,2.069,0.05813999999999986,0.276,0.0,0.4153883619746504
23.28815984725952,-2.661999999999999,2.094,0.1162799999999995,0.2545,0.0,0.5759586531581288
23.386757373809814,-2.67,2.1149999999999998,0.18972000000000033,0.225,0.0,0.7295476273336298
23.48804497718811,-2.677999999999999,2.134,0.27999000000000085,0.196,0.0,0.9145525280450286
23.586611032485962,-2.686,2.1479999999999997,0.38096999999999936,0.165,0.0,1.0053096491487339
23.68855357170105,-2.6950000000000003,2.161,0.4742999999999993,0.1555,0.0,0.9424777960769379
23.78686022758484,-2.7070000000000007,2.175,0.5523299999999998,0.192,0.0,0.778416846389471
23.88832139968872,-2.7219999999999995,2.191,0.6104699999999996,0.223,0.0,0.5794493116621174
23.98681354522705,-2.74,2.207,0.6517799999999994,0.2485,0.0,0.4118977034706618
24.088377475738525,-2.7609999999999992,2.225,0.6762599999999994,0.282,0.0,0.24434609527920614
24.186784744262695,-2.785,2.245,0.6823799999999995,0.308,0.0,0.059341194567807204
24.288329124450684,-2.811,2.267,0.6808499999999997,0.341,0.0,-0.010471975511965976
24.386876344680786,-2.8369999999999997,2.2889999999999997,0.6823799999999995,0.345,0.0,0.003490658503988659
24.488752126693726,-2.8629999999999995,2.311,0.6823799999999995,0.338,0.0,0.006981317007977318
24.587289333343506,-2.8900000000000006,2.333,0.6777899999999992,0.3425,0.0,-0.05235987755982988
24.688750982284546,-2.9139999999999997,2.354,0.6548399999999994,0.3145,0.0,-0.2199114857512855
24.78716206550598,-2.9350000000000005,2.3739999999999997,0.6165899999999993,0.284,0.0,-0.37699111843077515
24.88866639137268,-2.9529999999999994,2.391,0.558449999999999,0.252,0.0,-0.5794493116621174
24.987433195114136,-2.968,2.409,0.4850099999999993,0.226,0.0,-0.747000919853573
25.088735103607178,-2.9800000000000004,2.425,0.3947399999999994,0.1925,0.0,-0.9040805525330626
25.187167406082153,-2.9879999999999995,2.439,0.29375999999999913,0.1655,0.0,-1.0157816246606999
25.288766860961914,-2.9939999999999998,2.452,0.1943100000000002,0.138,0.0,-0.9808750396208132
25.38746404647827,-2.9979999999999993,2.4619999999999997,0.09791999999999978,0.1075,0.0,-0.9773843811168246
25.489020586013794,-3.0,2.472,0.0030599999999991745,0.098,0.0,-0.9494591130849153
25.5872061252594,-3.0020000000000007,2.484,-0.0749700000000002,0.1305,0.0,-0.7749261878854823
25.68876004219055,-3.003,2.5,-0.13464000000000098,0.164,0.0,-0.603883921190038
25.787206888198853,-3.0039999999999996,2.519,-0.17442000000000069,0.1895,0.0,-0.3979350694547072
25.888860940933228,-3.0039999999999996,2.54,-0.200430000000001,0.221,0.0,-0.2548180707911721
25.987354040145874,-3.003,2.565,-0.20502000000000065,0.251,0.0,-0.05235987755982988
26.088960647583008,-3.003,2.593,-0.20502000000000065,0.278,0.0,0.006981317007977318
26.187716245651245,-3.0020000000000007,2.6239999999999997,-0.20655000000000023,0.313,0.0,-0.006981317007977318
26.289313554763794,-3.0020000000000007,2.657,-0.20502000000000065,0.337,0.0,0.0
26.38767123222351,-3.0009999999999994,2.694,-0.20502000000000065,0.3715,0.0,0.003490658503988659
26.48944115638733,-3.0,2.7329999999999997,-0.20502000000000065,0.397,0.0,-0.003490658503988659
26.58777356147766,-3.0,2.776,-0.20502000000000065,0.43,0.0,0.0
26.689435482025146,-2.9990000000000006,2.8209999999999997,-0.20502000000000065,0.459,0.0,0.0
26.78770422935486,-2.9979999999999993,2.87,-0.20502000000000065,0.49,0.0,0.003490658503988659
26.889219045639038,-2.9979999999999993,2.9189999999999996,-0.200430000000001,0.4875,0.0,0.05235987755982988
26.987711429595947,-2.997,2.965,-0.17901000000000078,0.455,0.0,0.2059488517353309
27.089455604553223,-2.9979999999999993,3.01,-0.1453500000000012,0.4455,0.0,0.3316125578789226
27.188539505004883,-3.0009999999999994,3.058,-0.13464000000000098,0.485,0.0,0.1117010721276371
27.289398908615112,-3.003,3.1079999999999997,-0.1361700000000008,0.5015,0.0,-0.017453292519943295
27.387824773788452,-3.0060000000000002,3.158,-0.13770000000000016,0.4975,0.0,-0.003490658503988659
27.48977303504944,-3.0090000000000003,3.208,-0.1361700000000008,0.4985,0.0,0.0
27.588306665420532,-3.0109999999999992,3.2569999999999997,-0.1361700000000008,0.4975,0.0,0.010471975511965976
27.68948221206665,-3.0139999999999993,3.307,-0.1361700000000008,0.5015,0.0,-0.003490658503988659
27.788346529006958,-3.016,3.357,-0.1361700000000008,0.497,0.0,0.003490658503988659
27.88957452774048,-3.019,3.407,-0.1361700000000008,0.4995,0.0,0.0
27.987992763519287,-3.021000000000001,3.456,-0.1315800000000007,0.483,0.0,0.038397243543875255
28.089589834213257,-3.023999999999999,3.502,-0.11169000000000073,0.457,0.0,0.1954768762233649
28.18821358680725,-3.0280000000000005,3.545,-0.070380000000001,0.423,0.0,0.41887902047863906
28.289880514144897,-3.0340000000000007,3.5839999999999996,-0.012240000000000473,0.397,0.0,0.57246799465414
28.388529777526855,-3.042,3.621,0.059669999999999446,0.372,0.0,0.7260569688296411
28.4902286529541,-3.0519999999999996,3.653,0.15299999999999936,0.3315,0.0,0.9285151620609834
28.5884006023407,-3.0630000000000006,3.6819999999999995,0.2539799999999992,0.3035,0.0,1.0122909661567112
28.689826726913452,-3.077,3.707,0.35189999999999944,0.2795,0.0,0.9878563566287906
28.788691997528076,-3.0920000000000005,3.729,0.44522999999999935,0.2725,0.0,0.9389871375729493
28.8899929523468,-3.1099999999999994,3.752,0.5247899999999992,0.3045,0.0,0.7853981633974483
28.988485097885132,-3.132999999999999,3.777,0.5829299999999991,0.3345,0.0,0.5864306286700948
29.09022355079651,-3.1590000000000007,3.8019999999999996,0.625769999999999,0.3625,0.0,0.4328416544945937
29.18918013572693,-3.1869999999999994,3.8280000000000003,0.6502499999999991,0.3925,0.0,0.23736477827122882
29.290101766586304,-3.2189999999999994,3.856,0.657899999999999,0.422,0.0,0.08028514559173915
29.388553380966187,-3.253,3.886,0.6563699999999992,0.4535,0.0,-0.013962634015954637
29.49044919013977,-3.2880000000000003,3.918,0.6563699999999992,0.4825,0.0,0.003490658503988659
29.5888569355011,-3.3249999999999993,3.95,0.6533099999999992,0.4875,0.0,-0.038397243543875255
29.6903076171875,-3.3599999999999994,3.981,0.6318899999999992,0.457,0.0,-0.20245819323134223
29.788554668426514,-3.3900000000000006,4.011,0.5905799999999994,0.4185,0.0,-0.41887902047863906
29.890182495117188,-3.4179999999999993,4.04,0.5324399999999991,0.396,0.0,-0.5759586531581288
29.988975763320923,-3.4410000000000007,4.069,0.4605299999999992,0.368,0.0,-0.7190756518216639
30.09065818786621,-3.4610000000000003,4.0969999999999995,0.3687299999999991,0.3355,0.0,-0.9250245035569946
30.189453601837158,-3.475999999999999,4.124,0.2677499999999997,0.307,0.0,-1.0122909661567112
30.290510416030884,-3.487,4.15,0.1652399999999994,0.2765,0.0,-1.0192722831646883
30.388853788375854,-3.494999999999999,4.173,0.07037999999999922,0.247,0.0,-0.9599310885968813
30.490533590316772,-3.4990000000000006,4.195,-0.027540000000000342,0.2165,0.0,-0.9843656981248019
30.589064121246338,-3.5009999999999994,4.2139999999999995,-0.12852000000000063,0.1885,0.0,-1.0018189906447452
30.69067621231079,-3.5009999999999994,4.232,-0.22338000000000058,0.1825,0.0,-0.9459684545809266
30.788954496383667,-3.5,4.253,-0.29835000000000056,0.2105,0.0,-0.7574728953655391
30.890647172927856,-3.4960000000000004,4.277,-0.35802000000000045,0.2485,0.0,-0.5934119456780721
30.989036083221436,-3.4909999999999997,4.304,-0.3993300000000004,0.2735,0.0,-0.40840704496667307
31.090723276138306,-3.4849999999999994,4.333,-0.42228000000000065,0.304,0.0,-0.24085543677521748
31.189122676849365,-3.4770000000000003,4.365,-0.42840000000000056,0.3345,0.0,-0.06283185307179587
31.29076886177063,-3.468,4.4,-0.42840000000000056,0.362,0.0,0.006981317007977318
31.389269590377808,-3.4589999999999996,4.438,-0.42840000000000056,0.3955,0.0,-0.003490658503988659
31.491044759750366,-3.449,4.479,-0.42840000000000056,0.4225,0.0,0.0
31.58938193321228,-3.439,4.521,-0.4268700000000005,0.4305,0.0,0.010471975511965976
31.69103479385376,-3.4290000000000003,4.56,-0.42840000000000056,0.404,0.0,-0.006981317007977318
31.78943157196045,-3.42,4.596,-0.42840000000000056,0.356,0.0,0.0
31.891300678253174,-3.411999999999999,4.629,-0.42840000000000056,0.333,0.0,-0.003490658503988659
31.989375829696655,-3.4049999999999994,4.659,-0.42840000000000056,0.309,0.0,0.0
32.091063022613525,-3.3979999999999997,4.686,-0.4268700000000005,0.281,0.0,0.010471975511965976
32.18949913978577,-3.3919999999999995,4.711,-0.42840000000000056,0.2505,0.0,-0.013962634015954637
32.291138648986816,-3.3870000000000005,4.732,-0.42840000000000056,0.2115,0.0,0.003490658503988659
32.389577865600586,-3.3819999999999997,4.751,-0.4268700000000005,0.19,0.0,0.006981317007977318
32.49124622344971,-3.378,4.768,-0.42840000000000056,0.1825,0.0,0.0
32.589786767959595,-3.3729999999999993,4.788,-0.42993000000000037,0.212,0.0,-0.013962634015954637
32.69153809547424,-3.366999999999999,4.812,-0.42840000000000056,0.2485,0.0,0.006981317007977318
32.78989553451538,-3.3610000000000007,4.838,-0.42840000000000056,0.27,0.0,0.003490658503988659
32.89138317108154,-3.353999999999999,4.868,-0.42840000000000056,0.306,0.0,-0.006981317007977318
32.99019455909729,-3.346,4.9,-0.42840000000000056,0.3345,0.0,0.003490658503988659
33.09140348434448,-3.3369999999999997,4.935,-0.42840000000000056,0.363,0.0,-0.003490658503988659
33.189899921417236,-3.3279999999999994,4.973,-0.42840000000000056,0.3945,0.0,0.006981317007977318
33.29151773452759,-3.3179999999999996,5.014,-0.42840000000000056,0.422,0.0,-0.003490658503988659
33.39015531539917,-3.308,5.0569999999999995,-0.42840000000000056,0.454,0.0,0.0
33.49200987815857,-3.2959999999999994,5.104,-0.42840000000000056,0.482,0.0,0.0
33.590378761291504,-3.2840000000000007,5.152,-0.42840000000000056,0.501,0.0,0.003490658503988659
33.69163203239441,-3.2720000000000002,5.201,-0.42840000000000056,0.4985,0.0,0.0
33.79003095626831,-3.26,5.249,-0.42840000000000056,0.4955,0.0,-0.006981317007977318
33.891621112823486,-3.2490000000000006,5.298,-0.42840000000000056,0.4995,0.0,0.0
33.99025845527649,-3.237,5.345,-0.4329900000000002,0.4845,0.0,-0.04537856055185257
34.091994524002075,-3.2249999999999996,5.39,-0.45441000000000065,0.4565,0.0,-0.2059488517353309
34.19019365310669,-3.212999999999999,5.431,-0.4941900000000008,0.4225,0.0,-0.40840704496667307
34.29205584526062,-3.1999999999999993,5.469,-0.5508000000000006,0.3985,0.0,-0.5585053606381855
34.390533447265625,-3.186,5.503,-0.6242400000000006,0.3665,0.0,-0.7435102613495844
34.492024183273315,-3.17,5.533,-0.7175700000000007,0.3355,0.0,-0.9250245035569946
34.59054255485535,-3.1530000000000005,5.559,-0.8170200000000005,0.307,0.0,-1.0053096491487339
34.69209551811218,-3.135,5.5809999999999995,-0.9180000000000004,0.279,0.0,-1.0088003076527225
34.79051613807678,-3.1180000000000003,5.599,-1.0159200000000004,0.2475,0.0,-0.9843656981248019
34.89207673072815,-3.100999999999999,5.6129999999999995,-1.1138400000000004,0.2185,0.0,-0.9808750396208132
34.99052166938782,-3.083,5.625,-1.2087000000000006,0.2125,0.0,-0.9389871375729493
35.09207248687744,-3.0630000000000006,5.636,-1.2867300000000006,0.246,0.0,-0.7853981633974483
35.19049620628357,-3.0380000000000003,5.648,-1.3464000000000005,0.2785,0.0,-0.5934119456780721
35.29225468635559,-3.01,5.659,-1.3877100000000007,0.3,0.0,-0.41887902047863906
35.39102816581726,-2.978999999999999,5.671,-1.4137200000000005,0.3365,0.0,-0.25132741228718347
35.49226522445679,-2.9450000000000003,5.683,-1.4198400000000007,0.3635,0.0,-0.07330382858376185
35.590792417526245,-2.9079999999999995,5.696,-1.4183100000000004,0.394,0.0,0.013962634015954637
35.69229173660278,-2.869999999999999,5.7090000000000005,-1.4244300000000003,0.3955,0.0,-0.05235987755982988
35.790958642959595,-2.8339999999999996,5.721,-1.4458500000000005,0.369,0.0,-0.20943951023931953
35.89232420921326,-2.8019999999999996,5.73,-1.4886900000000005,0.3325,0.0,-0.42586033748661634
35.99103832244873,-2.7720000000000002,5.738,-1.5453000000000006,0.312,0.0,-0.5619960191421741
36.09238529205322,-2.7439999999999998,5.743,-1.6202700000000005,0.2745,0.0,-0.7609635538695277
36.19095969200134,-2.7189999999999994,5.745,-1.7136000000000005,0.2445,0.0,-0.9250245035569946
36.2924644947052,-2.696999999999999,5.745,-1.8293553071795874,0.2185,0.0,-1.0088003076527225
36.391236782073975,-2.677999999999999,5.743,-1.9303353071795875,0.1905,0.0,-1.0088003076527225
36.49270462989807,-2.661999999999999,5.739,-2.0267253071795874,0.16,0.0,-0.9669124056048585
36.591307401657104,-2.648999999999999,5.735,-2.1246453071795877,0.1275,0.0,-0.9738937226128358
36.69304704666138,-2.6400000000000006,5.731,-2.2240953071795873,0.1025,0.0,-0.9948376736367678
36.79132795333862,-2.632999999999999,5.728,-2.3235453071795873,0.067,0.0,-0.9948376736367678
36.8929181098938,-2.630000000000001,5.7250000000000005,-2.421465307179587,0.0415,0.0,-0.9878563566287906
36.991455078125,-2.6289999999999996,5.7250000000000005,-2.5193853071795873,0.0085,0.0,-0.9878563566287906
37.09298372268677,-2.6289999999999996,5.7250000000000005,-2.620365307179587,-0.001,0.0,-1.0053096491487339
37.191426277160645,-2.6289999999999996,5.7250000000000005,-2.7182853071795874,-0.001,0.0,-0.9878563566287906
37.29315972328186,-2.6289999999999996,5.7250000000000005,-2.8177353071795874,0.0025,0.0,-0.9913470151327791
37.391324281692505,-2.6289999999999996,5.7250000000000005,-2.9171853071795875,-0.0025,0.0,-0.9948376736367678
37.492942571640015,-2.6289999999999996,5.7250000000000005,-3.0166353071795875,0.0,0.0,-0.9983283321407566
37.5915048122406,-2.6289999999999996,5.7250000000000005,-3.109965307179587,0.0,0.0,-0.9389871375729493
37.69303607940674,-2.6289999999999996,5.7250000000000005,-3.1864653071795876,-0.0005,0.0,-0.7644542123735162
37.79169297218323,-2.6289999999999996,5.7250000000000005,-3.2461353071795873,-0.001,0.0,-0.5934119456780721
37.89310884475708,-2.6289999999999996,5.7250000000000005,-3.2859153071795877,0.001,0.0,-0.40491638646268446
37.991769790649414,-2.6289999999999996,5.7250000000000005,-3.310395307179587,-0.001,0.0,-0.24085543677521748
38.09327745437622,-2.6289999999999996,5.7250000000000005,-3.3165153071795874,-0.0015,0.0,-0.06632251157578452
38.19180631637573,-2.6289999999999996,5.7250000000000005,-3.311925307179588,0.003,0.0,0.05235987755982988
38.29333972930908,-2.6289999999999996,5.7250000000000005,-3.2859153071795877,0.003,0.0,0.25132741228718347
38.39179992675781,-2.6289999999999996,5.7250000000000005,-3.2400153071795876,-0.0025,0.0,0.46774823953448036
38.49362230300903,-2.6289999999999996,5.7250000000000005,-3.1788153071795877,0.0,0.0,0.6073745796940266
38.59198355674744,-2.6289999999999996,5.7250000000000005,-3.099255307179588,-0.0005,0.0,0.7993607974134028
38.69355273246765,-2.6289999999999996,5.7250000000000005,-3.0028653071795874,-0.001,0.0,0.9669124056048585
38.79199957847595,-2.6289999999999996,5.7250000000000005,-2.9080053071795877,0.001,0.0,0.9459684545809266
38.89359188079834,-2.6289999999999996,5.7250000000000005,-2.8330353071795877,-0.002,0.0,0.7574728953655391
38.99213981628418,-2.6289999999999996,5.7250000000000005,-2.7733653071795876,-0.0005,0.0,0.5899212871740833
39.09376549720764,-2.6289999999999996,5.7250000000000005,-2.7305253071795876,-0.001,0.0,0.4223696789826278
39.1921546459198,-2.6289999999999996,5.7250000000000005,-2.707575307179588,-0.0015,0.0,0.24085543677521748
39.29397439956665,-2.6289999999999996,5.7250000000000005,-2.701455307179588,-0.0005,0.0,0.05235987755982988
39.392207622528076,-2.6289999999999996,5.7250000000000005,-2.701455307179588,0.0,0.0,0.0
39.49377512931824,-2.6289999999999996,5.7250000000000005,-2.701455307179588,-0.0005,0.0,0.0
39.592185974121094,-2.6289999999999996,5.7250000000000005,-2.701455307179588,0.0,0.0,0.0
39.69386410713196,-2.6289999999999996,5.7250000000000005,-2.701455307179588,0.0,0.0,0.0
39.792564868927,-2.6289999999999996,5.7250000000000005,-2.7029853071795875,0.0015,0.0,-0.017453292519943295
39.89408612251282,-2.6289999999999996,5.7250000000000005,-2.7228753071795877,0.0,0.0,-0.19198621771937624
39.99218726158142,-2.628,5.724,-2.755005307179588,0.0135,0.0,-0.3141592653589793
40.094138622283936,-2.6270000000000007,5.721,-2.770305307179588,0.0395,0.0,-0.1605702911834783
40.19245767593384,-2.6229999999999993,5.715,-2.7672453071795875,0.073,0.0,0.031415926535897934
40.294049978256226,-2.616999999999999,5.707,-2.770305307179588,0.102,0.0,-0.024434609527920613
40.3925838470459,-2.6110000000000007,5.696,-2.768775307179588,0.131,0.0,0.013962634015954637
40.494264364242554,-2.6020000000000003,5.683,-2.768775307179588,0.1625,0.0,-0.003490658503988659
40.59313988685608,-2.5920000000000005,5.667,-2.768775307179588,0.19,0.0,0.0
40.69425177574158,-2.58,5.649,-2.768775307179588,0.2215,0.0,0.003490658503988659
40.79280686378479,-2.567,5.628,-2.768775307179588,0.2505,0.0,-0.003490658503988659
40.89425182342529,-2.5519999999999996,5.6049999999999995,-2.768775307179588,0.28,0.0,0.003490658503988659
40.99256777763367,-2.535,5.579,-2.768775307179588,0.312,0.0,0.0
41.09418797492981,-2.5169999999999995,5.55,-2.768775307179588,0.339,0.0,0.0
41.193016052246094,-2.497,5.52,-2.768775307179588,0.3705,0.0,0.0
41.29443907737732,-2.4770000000000003,5.4879999999999995,-2.7748953071795883,0.3735,0.0,-0.05235987755982988
41.392876625061035,-2.458,5.458,-2.7947853071795885,0.344,0.0,-0.2059488517353309
41.49450206756592,-2.4429999999999996,5.431,-2.837625307179588,0.31,0.0,-0.4223696789826278
41.593323945999146,-2.4299999999999997,5.405,-2.895765307179588,0.285,0.0,-0.5864306286700948
41.69471216201782,-2.4190000000000005,5.382,-2.9692053071795885,0.254,0.0,-0.7365289443416071
41.79312705993652,-2.411999999999999,5.36,-3.062535307179588,0.225,0.0,-0.9250245035569946
41.89485788345337,-2.4079999999999995,5.341,-3.163515307179588,0.1915,0.0,-1.0157816246606999
41.993130922317505,-2.4060000000000006,5.324,-3.261435307179588,0.165,0.0,-0.9878563566287906
42.09479236602783,-2.4049999999999994,5.31,-3.357825307179588,0.138,0.0,-0.9669124056048585
42.19392156600952,-2.4060000000000006,5.2989999999999995,-3.4572753071795885,0.105,0.0,-0.9948376736367678
42.29494643211365,-2.407,5.291,-3.5521353071795883,0.0745,0.0,-0.9389871375729493
42.39335823059082,-2.4079999999999995,5.287,-3.628635307179588,0.044,0.0,-0.7749261878854823
42.49500250816345,-2.4090000000000007,5.284,-3.688305307179588,0.018,0.0,-0.5864306286700948
42.5933940410614,-2.4090000000000007,5.284,-3.726555307179587,0.002,0.0,-0.3909537524467298
42.6951208114624,-2.4090000000000007,5.285,-3.749505307179589,-0.0005,0.0,-0.23387411976724018
42.79369306564331,-2.4090000000000007,5.285,-3.760215307179589,-0.0035,0.0,-0.09773843811168245
42.89487671852112,-2.4090000000000007,5.285,-3.7525653071795886,0.001,0.0,0.07679448708775051
42.993403673172,-2.4090000000000007,5.285,-3.734205307179589,0.001,0.0,0.17802358370342158
43.09490346908569,-2.4090000000000007,5.285,-3.732675307179589,-0.001,0.0,0.017453292519943295
43.19348216056824,-2.4090000000000007,5.285,-3.7280853071795885,-0.0005,0.0,0.041887902047863905
43.295002698898315,-2.4090000000000007,5.284,-3.706665307179588,0.005,0.0,0.21642082724729686
43.393518686294556,-2.4090000000000007,5.285,-3.6638253071795885,-0.005,0.0,0.41887902047863906
43.49505305290222,-2.4090000000000007,5.285,-3.607215307179589,0.002,0.0,0.57246799465414
43.59353423118591,-2.4090000000000007,5.285,-3.532245307179589,-0.0015,0.0,0.7504915783575616
43.69510889053345,-2.4090000000000007,5.285,-3.438915307179589,-0.0005,0.0,0.9285151620609834
43.79361343383789,-2.4090000000000007,5.285,-3.339465307179589,0.0,0.0,1.0088003076527225
43.895243406295776,-2.4090000000000007,5.285,-3.2400153071795885,-0.0005,0.0,0.9983283321407566
43.99367380142212,-2.4090000000000007,5.285,-3.1420953071795887,-0.006,0.0,0.9843656981248019
44.09523367881775,-2.4090000000000007,5.285,-3.039585307179589,0.002,0.0,1.0157816246606999
44.19373035430908,-2.4090000000000007,5.285,-2.947785307179589,-0.001,0.0,0.9250245035569946
44.295703411102295,-2.4090000000000007,5.285,-2.869755307179589,-0.0015,0.0,0.7853981633974483
44.393807888031006,-2.4090000000000007,5.285,-2.8100853071795893,0.0,0.0,0.5899212871740833
44.49582481384277,-2.4090000000000007,5.285,-2.7687753071795895,-0.0005,0.0,0.41887902047863906
44.59400987625122,-2.4090000000000007,5.285,-2.742765307179589,-0.0015,0.0,0.25132741228718347
44.69561290740967,-2.4090000000000007,5.285,-2.7366453071795895,0.001,0.0,0.059341194567807204
44.793981313705444,-2.4090000000000007,5.285,-2.7397053071795896,-0.0015,0.0,-0.020943951023931952
44.89560675621033,-2.4090000000000007,5.285,-2.758065307179589,-0.0005,0.0,-0.18849555921538758
44.99427318572998,-2.4090000000000007,5.284,-2.796315307179589,0.0015,0.0,-0.38746309394274114
45.095691442489624,-2.4090000000000007,5.285,-2.8559853071795893,-0.003,0.0,-0.582939970166106
45.19411063194275,-2.4090000000000007,5.285,-2.927895307179589,0.002,0.0,-0.7295476273336298
45.296050786972046,-2.4090000000000007,5.284,-3.010515307179589,0.0105,0.0,-0.8307767239493008
45.39413833618164,-2.4079999999999995,5.281,-3.07477530717959,0.041,0.0,-0.6387905062299246
45.495752811431885,-2.4060000000000006,5.274,-3.120675307179589,0.074,0.0,-0.4537856055185257
45.594635248184204,-2.404,5.264,-3.1497453071795896,0.097,0.0,-0.2932153143350474
45.69636344909668,-2.4019999999999992,5.252,-3.1604553071795896,0.1335,0.0,-0.10471975511965977
45.794551849365234,-2.398999999999999,5.236,-3.1589253071795893,0.1635,0.0,0.010471975511965976
45.89609909057617,-2.396000000000001,5.218,-3.1604553071795896,0.187,0.0,-0.006981317007977318
45.994452238082886,-2.3919999999999995,5.1979999999999995,-3.1589253071795893,0.1985,0.0,0.006981317007977318
46.095982789993286,-2.3889999999999993,5.181,-3.1589253071795893,0.166,0.0,-0.003490658503988659
46.19470024108887,-2.3870000000000005,5.168,-3.1589253071795893,0.1285,0.0,0.0
46.296082735061646,-2.385,5.157,-3.1589253071795893,0.102,0.0,0.003490658503988659
46.394731283187866,-2.382999999999999,5.147,-3.1589253071795893,0.1025,0.0,-0.003490658503988659
46.49620032310486,-2.3810000000000002,5.135,-3.1589253071795893,0.1315,0.0,0.0
46.59468126296997,-2.378,5.119,-3.1589253071795893,0.162,0.0,0.0
46.696391582489014,-2.375,5.101,-3.1589253071795893,0.191,0.0,0.0
46.794761657714844,-2.3710000000000004,5.079,-3.1589253071795893,0.221,0.0,0.0
46.896827697753906,-2.366999999999999,5.055,-3.1604553071795896,0.2505,0.0,0.0
46.99582076072693,-2.362,5.028,-3.1589253071795893,0.2805,0.0,0.0
47.09669852256775,-2.356,4.997,-3.1604553071795896,0.3095,0.0,0.0
47.195149660110474,-2.3499999999999996,4.9639999999999995,-3.1589253071795893,0.34,0.0,0.0
47.296751260757446,-2.3439999999999994,4.928,-3.1604553071795896,0.3705,0.0,0.0
47.39501333236694,-2.3369999999999997,4.889,-3.1589253071795893,0.3995,0.0,0.0
47.496681451797485,-2.3290000000000006,4.8469999999999995,-3.1604553071795896,0.4285,0.0,-0.003490658503988659
47.595481872558594,-2.3209999999999997,4.803,-3.1589253071795893,0.459,0.0,0.003490658503988659
47.69671702384949,-2.3130000000000006,4.755,-3.1589253071795893,0.488,0.0,0.0
47.795146226882935,-2.3040000000000003,4.7059999999999995,-3.1589253071795893,0.489,0.0,0.0
47.89708924293518,-2.2959999999999994,4.66,-3.1589253071795893,0.462,0.0,0.0
47.99572277069092,-2.2880000000000003,4.618,-3.1589253071795893,0.423,0.0,0.0
48.09690833091736,-2.2810000000000006,4.579,-3.1604553071795896,0.394,0.0,0.0
48.19524812698364,-2.2750000000000004,4.543,-3.15433530717959,0.3645,0.0,0.04537856055185257
48.29676675796509,-2.2680000000000007,4.509,-3.132915307179589,0.345,0.0,0.21642082724729686
48.3952853679657,-2.2609999999999992,4.479,-3.0916053071795893,0.306,0.0,0.4118977034706618
48.49687838554382,-2.2539999999999996,4.452,-3.033465307179589,0.2745,0.0,0.582939970166106
48.595335245132446,-2.244999999999999,4.428,-2.9584953071795894,0.252,0.0,0.7504915783575616
48.69692587852478,-2.2360000000000007,4.408,-2.8666953071795893,0.216,0.0,0.9250245035569946
48.795663356781006,-2.2270000000000003,4.392,-2.7657153071795895,0.186,0.0,1.0053096491487339
48.89702272415161,-2.2170000000000005,4.378,-2.6723853071795896,0.158,0.0,0.9459684545809266
48.995710134506226,-2.208,4.368,-2.5943553071795895,0.1325,0.0,0.767944870877505
49.09728527069092,-2.2010000000000005,4.361,-2.536215307179589,0.0975,0.0,0.5864306286700948
49.1956946849823,-2.1959999999999997,4.356,-2.4964353071795897,0.067,0.0,0.40142572795869574
49.29789614677429,-2.1929999999999996,4.353,-2.4719553071795897,0.0395,0.0,0.24434609527920614
49.39584398269653,-2.192,4.352,-2.4643053071795897,0.0125,0.0,0.08028514559173915
49.497612953186035,-2.192,4.352,-2.4734853071795895,0.0,0.0,-0.08726646259971647
49.59575295448303,-2.192,4.352,-2.4903153071795896,0.001,0.0,-0.18151424220741028
49.697789907455444,-2.192,4.352,-2.4949053071795895,0.0,0.0,-0.031415926535897934
49.79579019546509,-2.192,4.352,-2.4994953071795893,-0.0015,0.0,-0.04537856055185257
49.89757061004639,-2.192,4.352,-2.5193853071795895,0.0005,0.0,-0.1989675347273536
49.996007204055786,-2.192,4.352,-2.562225307179589,-0.001,0.0,-0.4328416544945937
50.09794640541077,-2.192,4.352,-2.6173053071795893,-0.002,0.0,-0.5550147021341968
50.19594740867615,-2.192,4.352,-2.6953353071795894,-0.0015,0.0,-0.7749261878854823
50.29747176170349,-2.192,4.352,-2.785605307179589,-0.002,0.0,-0.9145525280450286
50.395975828170776,-2.192,4.352,-2.8865853071795895,0.002,0.0,-1.0053096491487339
50.49762272834778,-2.192,4.352,-2.9845053071795893,0.0,0.0,-0.9878563566287906
50.59604454040527,-2.192,4.352,-3.0839553071795893,-0.002,0.0,-0.9948376736367678
50.69770622253418,-2.192,4.352,-3.183405307179589,-0.0005,0.0,-0.9948376736367678
50.79618763923645,-2.192,4.352,-3.282855307179589,-0.001,0.0,-0.9878563566287906
50.89791965484619,-2.192,4.352,-3.3777153071795887,0.0095,0.0,-0.9599310885968813
50.996455669403076,-2.192,4.348,-3.454215307179589,0.0425,0.0,-0.7644542123735162
51.09809947013855,-2.1929999999999996,4.341,-3.5138853071795895,0.0735,0.0,-0.5864306286700948
51.19645404815674,-2.1950000000000003,4.3309999999999995,-3.5551953071795888,0.101,0.0,-0.4153883619746504
51.297921657562256,-2.1980000000000004,4.319,-3.5796753071795893,0.1315,0.0,-0.24783675378319478
51.39638352394104,-2.202,4.303,-3.5857953071795894,0.161,0.0,-0.06632251157578452
51.49809694290161,-2.2059999999999995,4.285,-3.5842653071795896,0.1915,0.0,0.013962634015954637
51.59676241874695,-2.2119999999999997,4.264,-3.5857953071795894,0.2205,0.0,-0.010471975511965976
51.698357582092285,-2.218,4.24,-3.5857953071795894,0.25,0.0,0.006981317007977318
51.796706199645996,-2.224,4.213,-3.5857953071795894,0.28,0.0,-0.003490658503988659
51.898441314697266,-2.2319999999999993,4.184,-3.5857953071795894,0.311,0.0,0.0
51.996461153030396,-2.24,4.151,-3.5857953071795894,0.3385,0.0,0.0
52.09828186035156,-2.2490000000000006,4.115,-3.5857953071795894,0.3715,0.0,0.0
52.19660997390747,-2.2590000000000003,4.077,-3.5857953071795894,0.397,0.0,0.003490658503988659
52.29828119277954,-2.269,4.037,-3.5903853071795897,0.4065,0.0,-0.048869219055841226
52.39666223526001,-2.279,4.001,-3.6118053071795897,0.3755,0.0,-0.21293016874330817
52.498610734939575,-2.2889999999999997,3.968,-3.6546453071795897,0.338,0.0,-0.42586033748661634
52.597007274627686,-2.2989999999999995,3.9379999999999997,-3.70972530717959,0.315,0.0,-0.5619960191421741
52.69862246513367,-2.311,3.9109999999999996,-3.78622530717959,0.2805,0.0,-0.7644542123735162
52.797194957733154,-2.3230000000000004,3.8890000000000002,-3.881085307179589,0.2515,0.0,-0.9389871375729493
52.89850616455078,-2.3360000000000003,3.87,-3.9790053071795892,0.2235,0.0,-0.9878563566287906
52.997196197509766,-2.349,3.854,-4.07539530717959,0.2155,0.0,-0.9599310885968813
53.09882211685181,-2.366999999999999,3.8360000000000003,-4.150365307179589,0.252,0.0,-0.7609635538695277
53.197213649749756,-2.388,3.817,-4.2115653071795895,0.2825,0.0,-0.6003932626860493
53.29885673522949,-2.4109999999999996,3.7989999999999995,-4.25287530717959,0.308,0.0,-0.4153883619746504
53.39767551422119,-2.4380000000000006,3.7779999999999996,-4.277355307179589,0.342,0.0,-0.25132741228718347
53.49903607368469,-2.468,3.7569999999999997,-4.285005307179589,0.37,0.0,-0.06981317007977318
53.59782361984253,-2.5,3.734,-4.2834753071795895,0.3985,0.0,0.013962634015954637
53.69890308380127,-2.5340000000000007,3.71,-4.28041530717959,0.404,0.0,0.038397243543875255
53.79722833633423,-2.564,3.6879999999999997,-4.25899530717959,0.3735,0.0,0.20943951023931953
53.898797035217285,-2.5909999999999993,3.666,-4.214625307179589,0.3405,0.0,0.4363323129985824
53.99736046791077,-2.615,3.645,-4.15954530717959,0.316,0.0,0.5550147021341968
54.098995208740234,-2.635,3.625,-4.08304530717959,0.2795,0.0,0.7644542123735162
54.197415351867676,-2.6519999999999992,3.606,-3.9912453071795904,0.255,0.0,0.9250245035569946
54.29894423484802,-2.664999999999999,3.5869999999999997,-3.8902653071795896,0.2245,0.0,1.0018189906447452
54.39769124984741,-2.6750000000000007,3.569,-3.795405307179591,0.197,0.0,0.9529497715889039
54.49906301498413,-2.680999999999999,3.554,-3.7189053071795897,0.164,0.0,0.7714355293814937
54.597466707229614,-2.686,3.541,-3.6607653071795907,0.1355,0.0,0.5689773361501514
54.69952440261841,-2.689,3.5309999999999997,-3.610275307179591,0.1015,0.0,0.5201081170943103
54.79754424095154,-2.6910000000000007,3.5229999999999997,-3.54448530717959,0.0765,0.0,0.6457718232379019
54.8991379737854,-2.692,3.518,-3.45268530717959,0.0445,0.0,0.9180431865490173
54.997581243515015,-2.692,3.516,-3.3562953071795905,0.018,0.0,0.9773843811168246
55.0992534160614,-2.692,3.516,-3.25684530717959,-0.004,0.0,0.9983283321407566
55.197734117507935,-2.692,3.516,-3.1573953071795904,0.0005,0.0,0.9948376736367678
55.29931855201721,-2.692,3.516,-3.0625353071795907,0.009,0.0,0.9529497715889039
55.39775490760803,-2.6910000000000007,3.512,-2.98603530717959,0.0405,0.0,0.767944870877505
55.49943780899048,-2.6880000000000006,3.5060000000000002,-2.9278953071795906,0.0735,0.0,0.582939970166106
55.59830164909363,-2.6839999999999993,3.497,-2.8850553071795906,0.1005,0.0,0.42586033748661634
55.69945526123047,-2.677999999999999,3.485,-2.8605753071795905,0.1325,0.0,0.24085543677521748
55.79838824272156,-2.6709999999999994,3.471,-2.85292530717959,0.161,0.0,0.06632251157578452
55.900577545166016,-2.661999999999999,3.455,-2.85445530717959,0.191,0.0,-0.010471975511965976
55.99835467338562,-2.6530000000000005,3.437,-2.8590453071795903,0.1955,0.0,-0.038397243543875255
56.099881410598755,-2.6449999999999996,3.4219999999999997,-2.8804653071795907,0.1625,0.0,-0.21642082724729686
56.19830656051636,-2.6400000000000006,3.409,-2.9202453071795906,0.134,0.0,-0.3979350694547072
56.30008101463318,-2.635,3.399,-2.9768553071795907,0.1065,0.0,-0.5689773361501514
56.398380517959595,-2.632999999999999,3.391,-3.0487653071795906,0.078,0.0,-0.715584993317675
56.50002098083496,-2.6319999999999997,3.387,-3.1405653071795907,0.0425,0.0,-0.9250245035569946
56.59826421737671,-2.6310000000000002,3.385,-3.241545307179591,0.0185,0.0,-0.9983283321407566
56.69997763633728,-2.6310000000000002,3.385,-3.339465307179591,-0.0005,0.0,-0.9948376736367678
56.79846477508545,-2.6310000000000002,3.385,-3.4389153071795904,-0.004,0.0,-0.9843656981248019
56.90012073516846,-2.6310000000000002,3.384,-3.532245307179591,0.017,0.0,-0.9459684545809266
56.998568534851074,-2.6319999999999997,3.3810000000000002,-3.6102753071795908,0.0395,0.0,-0.7853981633974483
57.100552558898926,-2.6340000000000003,3.3739999999999997,-3.66841530717959,0.074,0.0,-0.5794493116621174
57.19844841957092,-2.638,3.365,-3.711255307179592,0.102,0.0,-0.42586033748661634
57.30032920837402,-2.6430000000000007,3.3529999999999998,-3.735735307179591,0.13,0.0,-0.23736477827122882
57.398488998413086,-2.648999999999999,3.338,-3.7418553071795913,0.163,0.0,-0.06981317007977318
57.50025939941406,-2.6560000000000006,3.3209999999999997,-3.7418553071795913,0.189,0.0,0.010471975511965976
57.59858417510986,-2.664999999999999,3.301,-3.7418553071795913,0.2225,0.0,-0.003490658503988659
57.70054793357849,-2.6739999999999995,3.278,-3.7418553071795913,0.249,0.0,0.0
57.798758029937744,-2.6850000000000005,3.253,-3.7418553071795913,0.2825,0.0,0.003490658503988659
57.90046834945679,-2.696999999999999,3.2249999999999996,-3.7418553071795913,0.3095,0.0,-0.003490658503988659
57.9988648891449,-2.7110000000000003,3.194,-3.7418553071795913,0.3405,0.0,0.003490658503988659
58.100563287734985,-2.7249999999999996,3.16,-3.7418553071795913,0.3725,0.0,-0.003490658503988659
58.19892072677612,-2.7409999999999997,3.1239999999999997,-3.7418553071795913,0.398,0.0,0.0
58.30059623718262,-2.7569999999999997,3.085,-3.7418553071795913,0.4295,0.0,0.003490658503988659
58.39899134635925,-2.7750000000000004,3.043,-3.7418553071795913,0.4595,0.0,0.0
58.500688791275024,-2.7940000000000005,2.998,-3.7418553071795913,0.488,0.0,0.0
58.599138021469116,-2.814,2.952,-3.7418553071795913,0.5015,0.0,0.0
58.70068120956421,-2.8339999999999996,2.9059999999999997,-3.7418553071795913,0.4965,0.0,-0.003490658503988659
58.799097776412964,-2.8529999999999998,2.86,-3.7418553071795913,0.5015,0.0,-0.003490658503988659
58.90079736709595,-2.8729999999999993,2.814,-3.7418553071795913,0.501,0.0,0.003490658503988659
58.99928641319275,-2.8930000000000007,2.768,-3.7418553071795913,0.4955,0.0,0.0
59.100797176361084,-2.911999999999999,2.722,-3.7418553071795913,0.4985,0.0,0.0
59.1992290019989,-2.9320000000000004,2.6769999999999996,-3.7418553071795913,0.4995,0.0,-0.003490658503988659
59.3009352684021,-2.952,2.631,-3.7418553071795913,0.501,0.0,0.003490658503988659
59.39970088005066,-2.971,2.585,-3.7464453071795907,0.489,0.0,-0.048869219055841226
59.50128221511841,-2.99,2.543,-3.766335307179591,0.457,0.0,-0.19198621771937624
59.59955310821533,-3.007999999999999,2.505,-3.807645307179591,0.4205,0.0,-0.41887902047863906
59.70141649246216,-3.0280000000000005,2.4699999999999998,-3.864255307179591,0.3975,0.0,-0.5689773361501514
59.79945516586304,-3.0470000000000006,2.4379999999999997,-3.937695307179591,0.368,0.0,-0.7330382858376184
59.90163064002991,-3.0679999999999996,2.411,-4.029495307179591,0.3365,0.0,-0.9250245035569946
59.99962568283081,-3.0890000000000004,2.388,-4.13047530717959,0.3075,0.0,-1.0088003076527225
60.10127353668213,-3.1099999999999994,2.37,-4.231455307179591,0.2765,0.0,-1.0088003076527225
60.199724197387695,-3.130000000000001,2.355,-4.32937530717959,0.249,0.0,-0.9913470151327791
60.30132293701172,-3.148999999999999,2.344,-4.42270530717959,0.2165,0.0,-0.9250245035569946
60.39977192878723,-3.167,2.335,-4.50073530717959,0.189,0.0,-0.7888888219014369
60.501673221588135,-3.1820000000000004,2.3289999999999997,-4.55887530717959,0.159,0.0,-0.5689773361501514
60.59987020492554,-3.193999999999999,2.325,-4.60018530717959,0.127,0.0,-0.4223696789826278
60.701494216918945,-3.2040000000000006,2.322,-4.62313530717959,0.098,0.0,-0.23387411976724018
60.7999153137207,-3.2110000000000003,2.32,-4.630785307179591,0.0685,0.0,-0.06283185307179587
60.90178346633911,-3.215,2.319,-4.62160530717959,0.0405,0.0,0.08726646259971647
61.00051689147949,-3.2170000000000005,2.319,-4.594065307179591,0.013,0.0,0.26529004630313807
61.10144329071045,-3.2170000000000005,2.319,-4.549695307179591,-0.003,0.0,0.44331363000655966
61.20041799545288,-3.2170000000000005,2.319,-4.486965307179591,0.002,0.0,0.6283185307179586
61.30153465270996,-3.2170000000000005,2.319,-4.40893530717959,-0.002,0.0,0.7888888219014369
61.400367975234985,-3.2170000000000005,2.319,-4.31254530717959,0.0015,0.0,0.9669124056048585
61.501609563827515,-3.2170000000000005,2.319,-4.21156530717959,-0.0015,0.0,1.0018189906447452
61.60004806518555,-3.2170000000000005,2.319,-4.11364530717959,-0.0005,0.0,0.9843656981248019
61.702128648757935,-3.2170000000000005,2.319,-4.01419530717959,0.0,0.0,0.9983283321407566
61.800240993499756,-3.2170000000000005,2.319,-3.916275307179591,-0.0005,0.0,0.9878563566287906
61.90178728103638,-3.2170000000000005,2.319,-3.815295307179592,0.001,0.0,0.9983283321407566
62.00029158592224,-3.2170000000000005,2.319,-3.717375307179591,-0.002,0.0,0.9913470151327791
62.10351610183716,-3.2170000000000005,2.319,-3.622515307179591,0.0,0.0,0.9529497715889039
62.20029902458191,-3.2170000000000005,2.319,-3.5383653071795904,0.0,0.0,0.8342673824532895
62.302067279815674,-3.2170000000000005,2.319,-3.4404453071795906,0.0045,0.0,0.9773843811168246
62.4007773399353,-3.2170000000000005,2.319,-3.339465307179591,-0.003,0.0,1.0122909661567112
62.502131938934326,-3.2170000000000005,2.319,-3.2400153071795907,-0.001,0.0,1.0053096491487339
62.60087466239929,-3.2170000000000005,2.319,-3.1420953071795905,0.0005,0.0,0.9808750396208132
62.702579736709595,-3.2159999999999993,2.319,-3.044175307179591,0.001,0.0,0.9773843811168246
62.80106019973755,-3.2159999999999993,2.318,-2.9477853071795908,0.012,0.0,0.9669124056048585
62.902491092681885,-3.215,2.315,-2.8697553071795907,0.04,0.0,0.7819075048934596
63.00067400932312,-3.2110000000000003,2.309,-2.8100853071795906,0.0755,0.0,0.5969026041820608
63.10215878486633,-3.2059999999999995,2.3,-2.7672453071795906,0.098,0.0,0.4328416544945937
63.20113277435303,-3.199,2.29,-2.7412353071795907,0.134,0.0,0.25132741228718347
63.30233812332153,-3.1899999999999995,2.277,-2.733585307179591,0.1605,0.0,0.07330382858376185
63.40076160430908,-3.1799999999999997,2.261,-2.7351153071795906,0.192,0.0,-0.006981317007977318
63.50236248970032,-3.167,2.243,-2.7351153071795906,0.221,0.0,0.003490658503988659
63.60113477706909,-3.1530000000000005,2.223,-2.7351153071795906,0.2495,0.0,-0.003490658503988659
63.702454566955566,-3.1370000000000005,2.2,-2.7351153071795906,0.2815,0.0,0.003490658503988659
63.80144548416138,-3.119999999999999,2.175,-2.7351153071795906,0.309,0.0,-0.003490658503988659
63.90281558036804,-3.100999999999999,2.147,-2.7351153071795906,0.3405,0.0,0.003490658503988659
64.0013177394867,-3.08,2.117,-2.7351153071795906,0.369,0.0,0.0
64.10262155532837,-3.058,2.084,-2.7351153071795906,0.4,0.0,0.0
64.2011067867279,-3.0329999999999995,2.049,-2.7351153071795906,0.43,0.0,0.0
64.3026955127716,-3.007999999999999,2.012,-2.7351153071795906,0.459,0.0,0.0
64.40152645111084,-2.9800000000000004,1.972,-2.7351153071795906,0.4895,0.0,0.0
64.50314283370972,-2.952,1.931,-2.7351153071795906,0.4875,0.0,0.0
64.60123205184937,-2.9250000000000007,1.893,-2.7351153071795906,0.462,0.0,0.0
64.70289087295532,-2.901,1.8579999999999999,-2.7351153071795906,0.419,0.0,0.0
64.80120539665222,-2.8789999999999996,1.825,-2.7351153071795906,0.394,0.0,0.0
64.90322852134705,-2.8580000000000005,1.795,-2.7351153071795906,0.367,0.0,0.0
65.00140261650085,-2.837999999999999,1.767,-2.7351153071795906,0.336,0.0,0.0
65.1033227443695,-2.8200000000000003,1.7409999999999999,-2.733585307179591,0.312,0.0,0.013962634015954637
65.20139002799988,-2.8040000000000003,1.718,-2.7351153071795906,0.2745,0.0,-0.020943951023931952
65.3030354976654,-2.789999999999999,1.6969999999999998,-2.7351153071795906,0.245,0.0,0.010471975511965976
65.40147185325623,-2.7780000000000005,1.6789999999999998,-2.7351153071795906,0.217,0.0,-0.003490658503988659
65.50324273109436,-2.7669999999999995,1.663,-2.7366453071795904,0.19,0.0,-0.010471975511965976
65.60150265693665,-2.757999999999999,1.65,-2.7351153071795906,0.1585,0.0,0.017453292519943295
65.70348596572876,-2.75,1.639,-2.7351153071795906,0.125,0.0,0.0
65.8018970489502,-2.7439999999999998,1.631,-2.7366453071795904,0.0985,0.0,-0.010471975511965976
65.90339589118958,-2.74,1.625,-2.7351153071795906,0.0685,0.0,0.003490658503988659
66.00185251235962,-2.7379999999999995,1.621,-2.7351153071795906,0.0395,0.0,0.0
66.10357332229614,-2.737,1.6199999999999999,-2.7351153071795906,0.01,0.0,0.003490658503988659
66.20188307762146,-2.737,1.6199999999999999,-2.7351153071795906,0.0,0.0,0.0
66.30378818511963,-2.737,1.6199999999999999,-2.7351153071795906,0.0,0.0,0.0
66.40233850479126,-2.737,1.6199999999999999,-2.7351153071795906,0.0,0.0,0.0
66.50364971160889,-2.737,1.6199999999999999,-2.7351153071795906,0.0,0.0,0.0
66.60196328163147,-2.737,1.6199999999999999,-2.7351153071795906,0.0,0.0,0.0
66.70363068580627,-2.737,1.6199999999999999,-2.7351153071795906,0.0,0.0,0.0
66.80208587646484,-2.737,1.6199999999999999,-2.7351153071795906,0.0,0.0,0.0
66.90370202064514,-2.737,1.6199999999999999,-2.7351153071795906,0.0,0.0,0.0
67.00214171409607,-2.737,1.6199999999999999,-2.7351153071795906,0.0,0.0,0.0
67.10385799407959,-2.737,1.6199999999999999,-2.7351153071795906,0.0,0.0,0.0
67.20234560966492,-2.737,1.6199999999999999,-2.7351153071795906,0.0,0.0,0.0
67.3039219379425,-2.737,1.6199999999999999,-2.7351153071795906,0.0,0.0,0.0
67.40227389335632,-2.737,1.6199999999999999,-2.7351153071795906,0.0,0.0,0.0
67.50403618812561,-2.737,1.6199999999999999,-2.7351153071795906,0.0,0.0,0.0
67.60232400894165,-2.737,1.6199999999999999,-2.7351153071795906,0.0,0.0,0.0
67.70426392555237,-2.737,1.6199999999999999,-2.7351153071795906,0.0,0.0,0.0
67.80238389968872,-2.737,1.6199999999999999,-2.7351153071795906,0.0,0.0,0.0
67.9042558670044,-2.737,1.6199999999999999,-2.7351153071795906,0.0,0.0,0.0
68.002596616745,-2.737,1.6199999999999999,-2.7351153071795906,0.0,0.0,0.0
68.10433006286621,-2.737,1.6199999999999999,-2.7351153071795906,0.0,0.0,0.0
68.20251560211182,-2.737,1.6199999999999999,-2.7351153071795906,0.0,0.0,0.0
68.30407953262329,-2.737,1.6199999999999999,-2.7351153071795906,0.0,0.0,0.0
68.40259051322937,-2.737,1.6199999999999999,-2.7351153071795906,0.0,0.0,0.0
68.50439548492432,-2.737,1.6199999999999999,-2.7351153071795906,0.0,0.0,0.0
68.60274052619934,-2.737,1.6199999999999999,-2.7351153071795906,0.0,0.0,0.0
68.70436501502991,-2.737,1.6199999999999999,-2.7351153071795906,0.0,0.0,0.0
68.80282807350159,-2.737,1.619,-2.7351153071795906,0.014,0.0,0.0
68.90440797805786,-2.7349999999999994,1.617,-2.7351153071795906,0.0385,0.0,0.0
69.00298547744751,-2.7300000000000004,1.6099999999999999,-2.7351153071795906,0.0775,0.0,-0.003490658503988659
69.10468363761902,-2.7249999999999996,1.603,-2.7351153071795906,0.0975,0.0,0.0
69.20314264297485,-2.718,1.5919999999999999,-2.7351153071795906,0.1335,0.0,0.0
69.30453777313232,-2.7089999999999996,1.579,-2.7351153071795906,0.1605,0.0,0.0
69.40307140350342,-2.6980000000000004,1.5639999999999998,-2.7351153071795906,0.1915,0.0,0.0
69.50469422340393,-2.686,1.545,-2.7351153071795906,0.2215,0.0,0.0
69.60305094718933,-2.6720000000000006,1.525,-2.7351153071795906,0.2495,0.0,0.0
69.70514726638794,-2.6560000000000006,1.502,-2.7351153071795906,0.2815,0.0,0.0
69.8042483329773,-2.6389999999999993,1.4769999999999999,-2.7351153071795906,0.3095,0.0,0.0
69.9050281047821,-2.619999999999999,1.4509999999999998,-2.7351153071795906,0.314,0.0,0.0
70.00316905975342,-2.603999999999999,1.427,-2.7351153071795906,0.292,0.0,-0.006981317007977318
70.10482168197632,-2.5890000000000004,1.406,-2.733585307179591,0.247,0.0,0.017453292519943295
70.20326113700867,-2.577,1.387,-2.7351153071795906,0.2215,0.0,-0.010471975511965976
70.30504083633423,-2.5649999999999995,1.371,-2.739705307179591,0.192,0.0,-0.05235987755982988
70.4037389755249,-2.555999999999999,1.357,-2.7626553071795903,0.1665,0.0,-0.21642082724729686
70.50500845909119,-2.5489999999999995,1.345,-2.80396530717959,0.1315,0.0,-0.41887902047863906
70.60377621650696,-2.5429999999999993,1.3359999999999999,-2.8590453071795907,0.108,0.0,-0.5480333851262194
70.70500922203064,-2.539999999999999,1.3279999999999998,-2.9340153071795907,0.0775,0.0,-0.747000919853573
70.80356168746948,-2.5380000000000003,1.3239999999999998,-3.0273453071795897,0.044,0.0,-0.9389871375729493
70.90509819984436,-2.5380000000000003,1.322,-3.1252653071795904,0.0165,0.0,-0.9843656981248019
71.00363945960999,-2.5380000000000003,1.322,-3.22471530717959,-0.003,0.0,-0.9948376736367678
71.1051857471466,-2.5380000000000003,1.322,-3.3211053071795904,-0.004,0.0,-0.9564404300928925
71.20367503166199,-2.5380000000000003,1.322,-3.3960753071795904,0.002,0.0,-0.7609635538695277
71.30515646934509,-2.5380000000000003,1.322,-3.45268530717959,-0.001,0.0,-0.5654866776461627
71.40369868278503,-2.5380000000000003,1.322,-3.497055307179591,-0.001,0.0,-0.4328416544945937
71.50572395324707,-2.5380000000000003,1.322,-3.5200053071795905,0.0005,0.0,-0.2303834612632515
71.60403442382812,-2.5380000000000003,1.322,-3.526125307179591,0.0005,0.0,-0.05585053606381855
71.70555520057678,-2.5380000000000003,1.322,-3.5200053071795905,-0.0015,0.0,0.05235987755982988
71.80388355255127,-2.5380000000000003,1.322,-3.49552530717959,0.004,0.0,0.25132741228718347
71.90621948242188,-2.5380000000000003,1.322,-3.4480953071795906,-0.002,0.0,0.4642575810304917
72.00423431396484,-2.5380000000000003,1.322,-3.38689530717959,-0.0005,0.0,0.6143558967020041
72.1056432723999,-2.5380000000000003,1.322,-3.308865307179591,0.0005,0.0,0.7923794804054255
72.20428442955017,-2.5380000000000003,1.322,-3.2124753071795897,-0.0015,0.0,0.9634217471008699
72.30585193634033,-2.5380000000000003,1.322,-3.1114953071795908,0.001,0.0,1.0018189906447452
72.40431904792786,-2.536999999999999,1.322,-3.01357530717959,0.0015,0.0,0.9843656981248019
72.50635862350464,-2.5380000000000003,1.322,-2.9141253071795905,-0.0005,0.0,1.0018189906447452
72.60450291633606,-2.5380000000000003,1.322,-2.8146753071795905,-0.0005,0.0,0.9983283321407566
72.70581841468811,-2.5380000000000003,1.322,-2.7152253071795904,-0.0025,0.0,0.9913470151327791
72.80421900749207,-2.5380000000000003,1.322,-2.6157753071795904,-0.0005,0.0,0.9948376736367678
72.90579199790955,-2.5380000000000003,1.322,-2.51785530717959,-0.001,0.0,0.9843656981248019
73.00451636314392,-2.5380000000000003,1.322,-2.41840530717959,-0.0005,0.0,0.9948376736367678
73.10662865638733,-2.5380000000000003,1.322,-2.3189553071795905,-0.0015,0.0,0.9948376736367678
73.20644903182983,-2.5380000000000003,1.322,-2.2210353071795903,-0.0005,0.0,0.9878563566287906
73.30653500556946,-2.5380000000000003,1.322,-2.1215853071795903,-0.0005,0.0,0.9948376736367678
73.4045832157135,-2.536999999999999,1.322,-2.02672530717959,0.013,0.0,0.9424777960769379
73.50595903396606,-2.5329999999999995,1.321,-1.9486953071795903,0.039,0.0,0.7888888219014369
73.60448908805847,-2.526,1.3199999999999998,-1.8890253071795904,0.0755,0.0,0.5934119456780721
73.70618152618408,-2.5169999999999995,1.319,-1.8446553071795904,0.0995,0.0,0.4363323129985824
73.80468249320984,-2.5039999999999996,1.319,-1.8201753071795903,0.133,0.0,0.24434609527920614
73.90619015693665,-2.4879999999999995,1.318,-1.8125253071795904,0.162,0.0,0.08377580409572781
74.00471186637878,-2.4689999999999994,1.317,-1.8140553071795904,0.1905,0.0,-0.017453292519943295
74.10610556602478,-2.446999999999999,1.3159999999999998,-1.8125253071795904,0.222,0.0,0.010471975511965976
74.2047381401062,-2.423,1.315,-1.8140553071795904,0.2505,0.0,-0.006981317007977318
74.3063542842865,-2.3949999999999996,1.314,-1.8140553071795904,0.2795,0.0,0.0
74.40504622459412,-2.3640000000000008,1.313,-1.8125253071795904,0.311,0.0,0.003490658503988659
74.50640606880188,-2.3309999999999995,1.311,-1.8140553071795904,0.34,0.0,-0.003490658503988659
74.60614895820618,-2.2959999999999994,1.31,-1.8094653071795903,0.346,0.0,0.04537856055185257
74.70716762542725,-2.2639999999999993,1.309,-1.7895753071795903,0.3175,0.0,0.1989675347273536
74.80579495429993,-2.2360000000000007,1.309,-1.7304300000000041,0.2765,0.0,0.4223696789826278
74.907062292099,-2.209999999999999,1.31,-1.6753500000000041,0.2565,0.0,0.5550147021341968
75.00520038604736,-2.1869999999999994,1.313,-1.6003800000000041,0.223,0.0,0.747000919853573
75.10674262046814,-2.1679999999999993,1.317,-1.5070500000000042,0.1895,0.0,0.9285151620609834
75.20507478713989,-2.1519999999999992,1.322,-1.4091300000000042,0.1685,0.0,0.9913470151327791
75.30668711662292,-2.1389999999999993,1.327,-1.3158000000000043,0.135,0.0,0.9250245035569946
75.40516567230225,-2.1289999999999996,1.3319999999999999,-1.2377700000000043,0.1065,0.0,0.7819075048934596
75.5066602230072,-2.122,1.3359999999999999,-1.1811600000000042,0.0695,0.0,0.57246799465414
75.60541248321533,-2.1180000000000003,1.339,-1.139850000000004,0.0455,0.0,0.40840704496667307
75.70693039894104,-2.1159999999999997,1.3399999999999999,-1.1153700000000042,0.0175,0.0,0.24085543677521748
75.80576300621033,-2.1159999999999997,1.3399999999999999,-1.1092500000000043,0.0005,0.0,0.06632251157578452
75.90689635276794,-2.116999999999999,1.3399999999999999,-1.1169000000000042,-0.001,0.0,-0.06981317007977318
76.00556468963623,-2.116999999999999,1.3399999999999999,-1.139850000000004,0.0,0.0,-0.23736477827122882
76.10696244239807,-2.1159999999999997,1.341,-1.1765700000000043,0.014,0.0,-0.3700098014227978
76.20549297332764,-2.1129999999999995,1.3419999999999999,-1.1949300000000043,0.0405,0.0,-0.17802358370342158
76.30746507644653,-2.1069999999999993,1.3459999999999999,-1.1949300000000043,0.0735,0.0,0.0
76.4061758518219,-2.099,1.351,-1.1964600000000043,0.1015,0.0,-0.013962634015954637
76.50719499588013,-2.087999999999999,1.3579999999999999,-1.1949300000000043,0.1325,0.0,0.010471975511965976
76.60580444335938,-2.074,1.367,-1.1964600000000043,0.162,0.0,-0.010471975511965976
76.70718502998352,-2.0589999999999993,1.376,-1.1949300000000043,0.1905,0.0,0.006981317007977318
76.8056788444519,-2.039999999999999,1.388,-1.1964600000000043,0.2215,0.0,-0.006981317007977318
76.90728616714478,-2.019,1.4009999999999998,-1.1964600000000043,0.251,0.0,0.003490658503988659
77.00566005706787,-1.9960000000000004,1.416,-1.1964600000000043,0.281,0.0,0.0
77.10726594924927,-1.9700000000000006,1.432,-1.1964600000000043,0.3095,0.0,0.003490658503988659
77.20584416389465,-1.9410000000000007,1.45,-1.1964600000000043,0.341,0.0,0.0
77.30774235725403,-1.9100000000000001,1.4689999999999999,-1.1964600000000043,0.3695,0.0,0.0
77.40606164932251,-1.8770000000000007,1.4909999999999999,-1.1964600000000043,0.4015,0.0,0.0
77.5075912475586,-1.8399999999999999,1.513,-1.1964600000000043,0.428,0.0,0.003490658503988659
77.60589909553528,-1.8019999999999996,1.537,-1.1964600000000043,0.4605,0.0,0.0
77.7076404094696,-1.7609999999999992,1.563,-1.1964600000000043,0.486,0.0,-0.003490658503988659
77.80622553825378,-1.718,1.5899999999999999,-1.1949300000000043,0.502,0.0,0.003490658503988659
77.9076018333435,-1.6760000000000002,1.6159999999999999,-1.1964600000000043,0.4995,0.0,-0.003490658503988659
78.00608229637146,-1.6340000000000003,1.643,-1.1964600000000043,0.497,0.0,0.0
78.107750415802,-1.5909999999999993,1.6689999999999998,-1.1964600000000043,0.499,0.0,0.0
78.2064471244812,-1.5489999999999995,1.696,-1.1949300000000043,0.497,0.0,0.006981317007977318
78.30808663368225,-1.5069999999999997,1.722,-1.1949300000000043,0.5005,0.0,0.0
78.40631413459778,-1.4640000000000004,1.7489999999999999,-1.1964600000000043,0.5,0.0,0.0
78.50816226005554,-1.4220000000000006,1.775,-1.1964600000000043,0.4975,0.0,0.0
78.60628652572632,-1.3800000000000008,1.802,-1.1964600000000043,0.4975,0.0,0.0
78.70789003372192,-1.3379999999999992,1.8279999999999998,-1.1964600000000043,0.499,0.0,0.0
78.80647397041321,-1.295,1.855,-1.1949300000000043,0.5005,0.0,0.003490658503988659
78.90803408622742,-1.2530000000000001,1.881,-1.1964600000000043,0.4985,0.0,-0.006981317007977318
79.0066385269165,-1.2110000000000003,1.908,-1.1964600000000043,0.5005,0.0,0.0
79.10800695419312,-1.1690000000000005,1.934,-1.1964600000000043,0.497,0.0,-0.003490658503988659
79.20707249641418,-1.1259999999999994,1.9609999999999999,-1.1949300000000043,0.498,0.0,0.006981317007977318
79.30807638168335,-1.0839999999999996,1.9869999999999999,-1.1949300000000043,0.501,0.0,0.0
79.4073326587677,-1.0419999999999998,2.014,-1.1964600000000043,0.499,0.0,0.0
79.5086498260498,-0.9990000000000006,2.04,-1.1964600000000043,0.498,0.0,0.0
79.60668992996216,-0.9570000000000007,2.067,-1.1964600000000043,0.4985,0.0,-0.003490658503988659
79.70827388763428,-0.9149999999999991,2.093,-1.1964600000000043,0.4985,0.0,0.003490658503988659
79.80692481994629,-0.8719999999999999,2.12,-1.1949300000000043,0.499,0.0,0.003490658503988659
79.9086811542511,-0.8300000000000001,2.147,-1.1964600000000043,0.499,0.0,-0.006981317007977318
80.00693964958191,-0.7880000000000003,2.173,-1.1964600000000043,0.499,0.0,0.003490658503988659
80.10855555534363,-0.7460000000000004,2.199,-1.1964600000000043,0.498,0.0,-0.003490658503988659
80.20699286460876,-0.7029999999999994,2.226,-1.1949300000000043,0.5005,0.0,0.003490658503988659
80.30863356590271,-0.6609999999999996,2.253,-1.1964600000000043,0.499,0.0,-0.003490658503988659
80.40695810317993,-0.6189999999999998,2.279,-1.1964600000000043,0.4995,0.0,0.0
80.50869965553284,-0.5760000000000005,2.306,-1.1964600000000043,0.4975,0.0,-0.003490658503988659
80.60700845718384,-0.5340000000000007,2.332,-1.1964600000000043,0.499,0.0,0.0
80.70902371406555,-0.4919999999999991,2.359,-1.1949300000000043,0.498,0.0,0.006981317007977318
80.8072657585144,-0.4499999999999993,2.385,-1.1949300000000043,0.4985,0.0,0.0
80.90880846977234,-0.40700000000000003,2.412,-1.1964600000000043,0.499,0.0,-0.003490658503988659
81.00719976425171,-0.3650000000000002,2.4379999999999997,-1.1964600000000043,0.499,0.0,0.0
81.10912084579468,-0.3230000000000004,2.465,-1.1964600000000043,0.5,0.0,0.0
81.2081389427185,-0.27999999999999936,2.4909999999999997,-1.1964600000000043,0.4975,0.0,0.003490658503988659
81.30910968780518,-0.23799999999999955,2.518,-1.1964600000000043,0.498,0.0,0.0
81.4078803062439,-0.19599999999999973,2.544,-1.1964600000000043,0.4995,0.0,0.0
81.5091941356659,-0.15300000000000047,2.5709999999999997,-1.1964600000000043,0.5,0.0,-0.006981317007977318
81.60757637023926,-0.11100000000000065,2.597,-1.1964600000000043,0.4995,0.0,0.003490658503988659
81.70932412147522,-0.06899999999999906,2.6239999999999997,-1.1964600000000043,0.4975,0.0,0.0
81.80758428573608,-0.026999999999999247,2.65,-1.1964600000000043,0.5005,0.0,0.0
81.90913200378418,0.016000000000000014,2.6769999999999996,-1.1964600000000043,0.4985,0.0,0.0
82.0076072216034,0.05799999999999983,2.703,-1.1964600000000043,0.4995,0.0,0.0
82.10921096801758,0.09999999999999964,2.73,-1.1964600000000043,0.4995,0.0,-0.003490658503988659
82.20777750015259,0.14300000000000068,2.7560000000000002,-1.1949300000000043,0.497,0.0,0.006981317007977318
82.30938744544983,0.1850000000000005,2.783,-1.1964600000000043,0.4995,0.0,0.0
82.40818166732788,0.22600000000000087,2.809,-1.1918700000000042,0.4865,0.0,0.038397243543875255
82.50960564613342,0.26500000000000057,2.8339999999999996,-1.1719800000000045,0.4595,0.0,0.1954768762233649
82.60772442817688,0.30100000000000016,2.8579999999999997,-1.1291400000000045,0.421,0.0,0.42586033748661634
82.70943832397461,0.33200000000000074,2.8819999999999997,-1.0725300000000044,0.393,0.0,0.5654866776461627
82.80802512168884,0.35999999999999943,2.907,-1.0006200000000045,0.371,0.0,0.7225663103256524
82.90945959091187,0.38400000000000034,2.931,-0.9072900000000041,0.3315,0.0,0.9389871375729493
83.00846767425537,0.40300000000000047,2.956,-0.8063100000000042,0.3055,0.0,1.0053096491487339
83.10964512825012,0.41799999999999926,2.979,-0.7129800000000044,0.278,0.0,0.9424777960769379
83.20806407928467,0.4299999999999997,3.002,-0.6349500000000046,0.252,0.0,0.7749261878854823
83.30966067314148,0.43900000000000006,3.0220000000000002,-0.5768100000000047,0.213,0.0,0.5794493116621174
83.40895867347717,0.44700000000000095,3.041,-0.5370300000000046,0.2115,0.0,0.40142572795869574
83.50964498519897,0.45500000000000007,3.064,-0.5140800000000041,0.249,0.0,0.23736477827122882
83.60837173461914,0.46300000000000097,3.09,-0.5064300000000042,0.274,0.0,0.07330382858376185
83.70992827415466,0.47199999999999953,3.118,-0.5079600000000037,0.301,0.0,-0.020943951023931952
83.80817079544067,0.48300000000000054,3.15,-0.5079600000000037,0.335,0.0,0.010471975511965976
83.90999841690063,0.4939999999999998,3.184,-0.5064300000000042,0.3625,0.0,0.0
84.00870680809021,0.5060000000000002,3.221,-0.5079600000000037,0.3935,0.0,-0.003490658503988659
84.11000466346741,0.5190000000000001,3.259,-0.5018400000000036,0.4,0.0,0.048869219055841226
84.20865201950073,0.5299999999999994,3.295,-0.4819500000000041,0.3695,0.0,0.20943951023931953
84.31011390686035,0.5389999999999997,3.327,-0.4391100000000039,0.3305,0.0,0.42586033748661634
84.40839719772339,0.5459999999999994,3.3579999999999997,-0.380970000000004,0.306,0.0,0.582939970166106
84.51014876365662,0.5510000000000002,3.385,-0.30600000000000427,0.2765,0.0,0.7504915783575616
84.608558177948,0.5519999999999996,3.411,-0.21420000000000416,0.249,0.0,0.9180431865490173
84.71040964126587,0.5519999999999996,3.433,-0.11322000000000387,0.2155,0.0,1.0122909661567112
84.80860376358032,0.5500000000000007,3.452,-0.013770000000004723,0.1885,0.0,0.9983283321407566
84.91012811660767,0.5459999999999994,3.4669999999999996,0.07955999999999563,0.158,0.0,0.9320058205649718
85.00893449783325,0.5419999999999998,3.48,0.15758999999999657,0.131,0.0,0.7819075048934596
85.11026525497437,0.5380000000000003,3.49,0.21572999999999642,0.097,0.0,0.582939970166106
85.20875835418701,0.5350000000000001,3.496,0.25550999999999635,0.0685,0.0,0.40142572795869574
85.3106758594513,0.5329999999999995,3.502,0.2799899999999964,0.064,0.0,0.25132741228718347
85.40875101089478,0.5289999999999999,3.51,0.28610999999999565,0.0945,0.0,0.04537856055185257
85.51045155525208,0.5229999999999997,3.521,0.28610999999999565,0.1295,0.0,0.003490658503988659
85.60890221595764,0.516,3.534,0.28610999999999565,0.1505,0.0,0.0
85.71052026748657,0.5080000000000009,3.551,0.28610999999999565,0.1885,0.0,0.0
85.8089873790741,0.49799999999999933,3.569,0.28610999999999565,0.2125,0.0,0.0
85.91056418418884,0.4870000000000001,3.591,0.28610999999999565,0.2455,0.0,0.0
86.00894165039062,0.47499999999999964,3.613,0.2799899999999964,0.2485,0.0,-0.05235987755982988
86.11064195632935,0.46499999999999986,3.633,0.2600999999999962,0.216,0.0,-0.20245819323134223
86.20911002159119,0.4580000000000002,3.651,0.21878999999999693,0.184,0.0,-0.40840704496667307
86.31069493293762,0.45199999999999996,3.666,0.16217999999999555,0.159,0.0,-0.5689773361501514
86.40931391716003,0.44700000000000095,3.6790000000000003,0.09026999999999563,0.1345,0.0,-0.7225663103256524
86.51087665557861,0.4450000000000003,3.689,-4.440892098500626e-15,0.097,0.0,-0.9110618695410401
86.60970187187195,0.44400000000000084,3.6959999999999997,-0.10098000000000473,0.0685,0.0,-1.0122909661567112
86.71090269088745,0.44400000000000084,3.7,-0.19584000000000468,0.04,0.0,-0.9494591130849153
86.80983901023865,0.44400000000000084,3.7009999999999996,-0.27081000000000444,0.0115,0.0,-0.747000919853573
86.9112138748169,0.44400000000000084,3.7009999999999996,-0.3289500000000043,-0.0005,0.0,-0.5864306286700948
87.00973224639893,0.44400000000000084,3.7009999999999996,-0.3702600000000045,0.0,0.0,-0.4153883619746504
87.11096811294556,0.44400000000000084,3.7009999999999996,-0.3962700000000041,-0.0045,0.0,-0.24783675378319478
87.20952153205872,0.44400000000000084,3.7009999999999996,-0.4039200000000043,0.0,0.0,-0.07330382858376185
87.31134152412415,0.44400000000000084,3.7009999999999996,-0.3962700000000041,0.0,0.0,0.06981317007977318
87.40986442565918,0.44400000000000084,3.7009999999999996,-0.3702600000000045,0.0025,0.0,0.2617993877991494
87.51114273071289,0.44400000000000084,3.7009999999999996,-0.324360000000004,-0.002,0.0,0.4537856055185257
87.60983395576477,0.44400000000000084,3.7009999999999996,-0.2631600000000043,0.0,0.0,0.6178465552059926
87.7111554145813,0.44400000000000084,3.7009999999999996,-0.18360000000000376,0.0,0.0,0.7923794804054255
87.80969786643982,0.44400000000000084,3.7009999999999996,-0.08721000000000378,-0.002,0.0,0.9634217471008699
87.91131067276001,0.44400000000000084,3.7009999999999996,0.007649999999995716,0.0005,0.0,0.9529497715889039
88.00992155075073,0.44400000000000084,3.7009999999999996,0.08414999999999528,-0.001,0.0,0.7609635538695277
88.11133098602295,0.44400000000000084,3.7009999999999996,0.14381999999999562,0.0,0.0,0.5969026041820608
88.20995163917542,0.44400000000000084,3.702,0.18512999999999624,0.0085,0.0,0.41887902047863906
88.31139969825745,0.44200000000000017,3.705,0.20960999999999674,0.0435,0.0,0.23736477827122882
88.41029453277588,0.4399999999999995,3.7119999999999997,0.217259999999996,0.072,0.0,0.07679448708775051
88.51167035102844,0.43599999999999994,3.721,0.21572999999999598,0.098,0.0,-0.013962634015954637
88.6102466583252,0.43100000000000094,3.7329999999999997,0.21572999999999598,0.135,0.0,0.003490658503988659
88.71160173416138,0.4239999999999995,3.747,0.21572999999999598,0.16,0.0,0.0
88.81006360054016,0.4169999999999998,3.7640000000000002,0.21572999999999598,0.192,0.0,-0.003490658503988659
88.9116587638855,0.4079999999999995,3.784,0.217259999999996,0.2215,0.0,0.006981317007977318
89.01008319854736,0.3990000000000009,3.8069999999999995,0.21572999999999598,0.2495,0.0,-0.006981317007977318
89.11178684234619,0.3879999999999999,3.833,0.21572999999999598,0.2825,0.0,0.003490658503988659
89.21025395393372,0.37599999999999945,3.8609999999999998,0.21572999999999598,0.31,0.0,-0.003490658503988659
89.31186485290527,0.36299999999999955,3.8920000000000003,0.21572999999999598,0.341,0.0,0.003490658503988659
89.41036057472229,0.34800000000000075,3.925,0.21572999999999598,0.368,0.0,0.0
89.51189017295837,0.3330000000000002,3.9619999999999997,0.217259999999996,0.3995,0.0,0.0
89.61090564727783,0.3160000000000007,4.001,0.21572999999999598,0.43,0.0,-0.003490658503988659
89.71184611320496,0.29800000000000004,4.043,0.217259999999996,0.4575,0.0,0.003490658503988659
89.8104772567749,0.2789999999999999,4.087,0.21572999999999598,0.488,0.0,-0.003490658503988659
89.91218996047974,0.25900000000000034,4.134,0.21572999999999598,0.5015,0.0,0.0
90.01067566871643,0.23900000000000077,4.179,0.21572999999999598,0.496,0.0,-0.003490658503988659
90.1122817993164,0.22000000000000064,4.225,0.21572999999999598,0.5,0.0,0.0
90.21065187454224,0.1999999999999993,4.271,0.21572999999999598,0.5,0.0,-0.003490658503988659
90.31232857704163,0.17999999999999972,4.317,0.21572999999999598,0.4975,0.0,0.003490658503988659
90.41057395935059,0.1609999999999996,4.3629999999999995,0.21572999999999598,0.4995,0.0,0.0
90.51230216026306,0.14100000000000001,4.409,0.21572999999999598,0.498,0.0,-0.003490658503988659
90.61119771003723,0.12100000000000044,4.455,0.21572999999999598,0.4995,0.0,0.0
90.71242165565491,0.10200000000000031,4.5,0.21572999999999598,0.4965,0.0,0.003490658503988659
90.81075811386108,0.08200000000000074,4.546,0.21572999999999598,0.4995,0.0,0.0
90.91255927085876,0.06199999999999939,4.592,0.21572999999999598,0.4995,0.0,0.0
91.01083517074585,0.04299999999999926,4.638,0.21572999999999598,0.4965,0.0,-0.010471975511965976
91.112539768219,0.022999999999999687,4.684,0.217259999999996,0.499,0.0,0.013962634015954637
91.21099734306335,0.0030000000000001137,4.7299999999999995,0.217259999999996,0.502,0.0,0.0
91.31246614456177,-0.016000000000000014,4.776,0.21572999999999598,0.497,0.0,-0.006981317007977318
91.4110016822815,-0.03599999999999959,4.822,0.217259999999996,0.4975,0.0,0.010471975511965976
91.5125584602356,-0.05599999999999916,4.867,0.21572999999999598,0.5015,0.0,-0.010471975511965976
91.61112856864929,-0.07499999999999929,4.913,0.21572999999999598,0.5005,0.0,0.0
91.71276545524597,-0.09500000000000064,4.959,0.217259999999996,0.4945,0.0,0.010471975511965976
91.81147480010986,-0.11500000000000021,5.005,0.21572999999999598,0.5,0.0,-0.006981317007977318
91.91266560554504,-0.13400000000000034,5.051,0.217259999999996,0.4975,0.0,0.006981317007977318
92.011314868927,-0.15399999999999991,5.0969999999999995,0.21572999999999598,0.501,0.0,0.0
92.1126971244812,-0.1739999999999995,5.143,0.21572999999999598,0.499,0.0,-0.003490658503988659
92.21123313903809,-0.19299999999999962,5.189,0.21572999999999598,0.4975,0.0,0.0
92.3130407333374,-0.2129999999999992,5.234,0.217259999999996,0.496,0.0,0.006981317007977318
92.4114305973053,-0.23300000000000054,5.28,0.21572999999999598,0.501,0.0,-0.003490658503988659
92.51319146156311,-0.25200000000000067,5.326,0.21572999999999598,0.5005,0.0,0.0
92.6115517616272,-0.27200000000000024,5.372,0.21572999999999598,0.497,0.0,0.0
92.71298027038574,-0.2919999999999998,5.418,0.21572999999999598,0.5005,0.0,0.0
92.81145453453064,-0.31099999999999994,5.4639999999999995,0.21572999999999598,0.4975,0.0,0.0
92.9131178855896,-0.3309999999999995,5.51,0.217259999999996,0.4995,0.0,0.006981317007977318
93.01199507713318,-0.3509999999999991,5.556,0.21572999999999598,0.5005,0.0,-0.006981317007977318
93.11349773406982,-0.3699999999999992,5.602,0.21572999999999598,0.496,0.0,0.0
93.21165466308594,-0.39000000000000057,5.647,0.21572999999999598,0.498,0.0,0.0
93.31321263313293,-0.41000000000000014,5.6930000000000005,0.21572999999999598,0.4975,0.0,0.0
93.41167759895325,-0.42900000000000027,5.739,0.21572999999999598,0.5005,0.0,0.0
93.51333999633789,-0.44899999999999984,5.785,0.21572999999999598,0.5,0.0,0.0
93.61181235313416,-0.4689999999999994,5.831,0.21572999999999598,0.498,0.0,0.0
93.71341490745544,-0.48799999999999955,5.877,0.21572999999999598,0.4975,0.0,-0.003490658503988659
93.81192779541016,-0.5079999999999991,5.923,0.217259999999996,0.498,0.0,0.010471975511965976
93.9137954711914,-0.5280000000000005,5.969,0.21572999999999598,0.501,0.0,-0.003490658503988659
94.01194405555725,-0.5470000000000006,6.015000000000001,0.21572999999999598,0.4985,0.0,-0.003490658503988659
94.11353731155396,-0.5670000000000002,6.0600000000000005,0.21572999999999598,0.499,0.0,0.003490658503988659
94.21236848831177,-0.5869999999999997,6.106,0.21572999999999598,0.497,0.0,-0.003490658503988659
94.31365203857422,-0.6059999999999999,6.152,0.217259999999996,0.4985,0.0,0.003490658503988659
94.41209769248962,-0.6259999999999994,6.198,0.217259999999996,0.501,0.0,0.0
94.51371622085571,-0.6460000000000008,6.244,0.21572999999999598,0.498,0.0,0.0
94.61218929290771,-0.6649999999999991,6.29,0.21572999999999598,0.4985,0.0,-0.003490658503988659
94.71399402618408,-0.6850000000000005,6.336,0.21572999999999598,0.497,0.0,0.003490658503988659
94.81250810623169,-0.7050000000000001,6.382000000000001,0.217259999999996,0.4995,0.0,0.0
94.91413879394531,-0.7240000000000002,6.4270000000000005,0.22031999999999607,0.4865,0.0,0.041887902047863905
95.01232767105103,-0.7430000000000003,6.469,0.243269999999997,0.4545,0.0,0.21642082724729686
95.11395311355591,-0.7609999999999992,6.507000000000001,0.2861099999999961,0.4235,0.0,0.4293509959906051
95.2124412059784,-0.7810000000000006,6.543,0.34118999999999633,0.3975,0.0,0.5585053606381855
95.31428360939026,-0.8010000000000002,6.574,0.41615999999999587,0.367,0.0,0.747000919853573
95.4124481678009,-0.8209999999999997,6.601,0.5094899999999958,0.337,0.0,0.9320058205649718
95.514089345932,-0.8420000000000005,6.6240000000000006,0.6104699999999956,0.306,0.0,1.0088003076527225
95.61246132850647,-0.8629999999999995,6.642,0.7114499999999955,0.2795,0.0,1.0192722831646883
95.71419095993042,-0.8840000000000003,6.657,0.8093699999999953,0.247,0.0,0.9773843811168246
95.81262373924255,-0.9030000000000005,6.668,0.9072899999999955,0.2185,0.0,0.9773843811168246
95.91419124603271,-0.9199999999999999,6.676,1.0052099999999953,0.186,0.0,0.9913470151327791
96.01265168190002,-0.9359999999999999,6.681,1.1046599999999953,0.161,0.0,0.9983283321407566
96.11427879333496,-0.9489999999999998,6.684,1.202579999999995,0.1305,0.0,0.9808750396208132
96.2136652469635,-0.9589999999999996,6.6850000000000005,1.3004999999999953,0.1015,0.0,0.9738937226128358
96.3143162727356,-0.9670000000000005,6.6850000000000005,1.4045399999999952,0.0665,0.0,1.0053096491487339
96.41282176971436,-0.9710000000000001,6.6850000000000005,1.502459999999995,0.037,0.0,0.9878563566287906
96.5147397518158,-0.9719999999999995,6.6850000000000005,1.601909999999995,0.0125,0.0,0.9878563566287906
96.61285495758057,-0.9719999999999995,6.6850000000000005,1.6998299999999953,-0.0025,0.0,0.9948376736367678
96.71445989608765,-0.9719999999999995,6.6850000000000005,1.7962199999999953,-0.003,0.0,0.9599310885968813
96.81311130523682,-0.9719999999999995,6.6850000000000005,1.872719999999995,0.001,0.0,0.7644542123735162
96.91453790664673,-0.9719999999999995,6.6850000000000005,1.929329999999995,-0.0005,0.0,0.5654866776461627
97.0131049156189,-0.9719999999999995,6.6850000000000005,1.972169999999995,-0.0015,0.0,0.4293509959906051
97.11467742919922,-0.9719999999999995,6.6850000000000005,1.995119999999995,-0.001,0.0,0.2303834612632515
97.2130982875824,-0.9719999999999995,6.6850000000000005,2.0027699999999955,-0.0005,0.0,0.06981317007977318
97.31473207473755,-0.9719999999999995,6.6850000000000005,1.9966499999999952,0.0,0.0,-0.059341194567807204
97.41322779655457,-0.9719999999999995,6.6850000000000005,1.9706399999999948,0.003,0.0,-0.2548180707911721
97.51473093032837,-0.9719999999999995,6.6850000000000005,1.9339199999999954,-0.0025,0.0,-0.36302848441482055
97.61378884315491,-0.9719999999999995,6.6850000000000005,1.915559999999995,-0.0045,0.0,-0.18151424220741028
97.71510744094849,-0.9719999999999995,6.6850000000000005,1.915559999999995,0.0,0.0,0.0
97.81344485282898,-0.9719999999999995,6.6850000000000005,1.915559999999995,0.0,0.0,0.0
97.9154269695282,-0.9719999999999995,6.6850000000000005,1.915559999999995,-0.0005,0.0,0.0
98.0136935710907,-0.9719999999999995,6.6850000000000005,1.915559999999995,0.0,0.0,0.0
98.11519193649292,-0.9719999999999995,6.6850000000000005,1.915559999999995,0.0,0.0,0.0
98.21344208717346,-0.9719999999999995,6.6850000000000005,1.915559999999995,0.0,0.0,0.0
98.31543803215027,-0.9719999999999995,6.6850000000000005,1.915559999999995,0.0115,0.0,0.0
98.41354584693909,-0.9759999999999991,6.683,1.915559999999995,0.0425,0.0,0.0
98.51515483856201,-0.9819999999999993,6.679,1.915559999999995,0.0725,0.0,-0.003490658503988659
98.61364078521729,-0.9900000000000002,6.674,1.915559999999995,0.1005,0.0,0.0
98.71520757675171,-1.0009999999999994,6.668,1.915559999999995,0.133,0.0,0.003490658503988659
98.81372046470642,-1.0150000000000006,6.66,1.915559999999995,0.1605,0.0,0.0
98.9153220653534,-1.0310000000000006,6.65,1.915559999999995,0.191,0.0,0.0
99.01377749443054,-1.0500000000000007,6.639,1.915559999999995,0.2205,0.0,0.0
99.11569833755493,-1.0709999999999997,6.626,1.915559999999995,0.251,0.0,0.0
99.21395087242126,-1.0950000000000006,6.612,1.915559999999995,0.28,0.0,0.0
99.31548476219177,-1.1210000000000004,6.596,1.915559999999995,0.312,0.0,0.0
99.41417217254639,-1.1500000000000004,6.579,1.915559999999995,0.339,0.0,0.0
99.51581501960754,-1.1809999999999992,6.5600000000000005,1.915559999999995,0.371,0.0,0.0
99.61412644386292,-1.2149999999999999,6.54,1.915559999999995,0.3965,0.0,0.0
99.71574449539185,-1.2520000000000007,6.518,1.915559999999995,0.4325,0.0,0.0
99.81419515609741,-1.2910000000000004,6.495,1.915559999999995,0.4595,0.0,-0.003490658503988659
99.91569638252258,-1.3330000000000002,6.47,1.915559999999995,0.4875,0.0,0.003490658503988659
100.01409435272217,-1.3759999999999994,6.444,1.915559999999995,0.502,0.0,0.0
100.11569023132324,-1.4190000000000005,6.4190000000000005,1.915559999999995,0.4985,0.0,0.0
100.21438932418823,-1.4610000000000003,6.393,1.915559999999995,0.4945,0.0,-0.003490658503988659
100.31587290763855,-1.5039999999999996,6.367,1.915559999999995,0.502,0.0,0.006981317007977318
100.41442704200745,-1.5470000000000006,6.3420000000000005,1.915559999999995,0.4975,0.0,-0.003490658503988659
100.51598453521729,-1.5899999999999999,6.316,1.915559999999995,0.5,0.0,0.0
100.6145372390747,-1.6329999999999991,6.291,1.915559999999995,0.4965,0.0,0.0
100.71619606018066,-1.6760000000000002,6.265000000000001,1.915559999999995,0.4985,0.0,0.003490658503988659
100.814612865448,-1.7189999999999994,6.239,1.915559999999995,0.5,0.0,0.0
100.91640496253967,-1.7620000000000005,6.214,1.915559999999995,0.498,0.0,0.0
101.01464629173279,-1.8040000000000003,6.188,1.915559999999995,0.4995,0.0,-0.003490658503988659
101.11607217788696,-1.8469999999999995,6.163,1.915559999999995,0.4965,0.0,0.003490658503988659
101.21463823318481,-1.8900000000000006,6.1370000000000005,1.915559999999995,0.4995,0.0,0.0
101.3162899017334,-1.9329999999999998,6.111,1.915559999999995,0.498,0.0,0.0
101.4148759841919,-1.975999999999999,6.086,1.915559999999995,0.498,0.0,-0.006981317007977318
101.51656723022461,-2.019,6.0600000000000005,1.915559999999995,0.4985,0.0,0.003490658503988659
101.61498403549194,-2.061,6.035,1.915559999999995,0.4975,0.0,0.0
101.7163302898407,-2.103999999999999,6.009,1.915559999999995,0.5,0.0,0.0
101.81480503082275,-2.1470000000000002,5.9830000000000005,1.915559999999995,0.498,0.0,0.0
101.91638088226318,-2.1899999999999995,5.958,1.915559999999995,0.5005,0.0,0.0
102.01554369926453,-2.2330000000000005,5.932,1.915559999999995,0.4995,0.0,-0.003490658503988659
102.11669087409973,-2.276,5.907,1.915559999999995,0.4975,0.0,0.0
102.21518540382385,-2.318999999999999,5.881,1.915559999999995,0.4995,0.0,0.0
102.31677770614624,-2.362,5.856,1.915559999999995,0.497,0.0,0.0
102.41505146026611,-2.4049999999999994,5.83,1.915559999999995,0.4985,0.0,-0.003490658503988659
102.51661276817322,-2.446999999999999,5.804,1.915559999999995,0.499,0.0,0.0
102.61549043655396,-2.49,5.779,1.915559999999995,0.499,0.0,0.0
102.71698451042175,-2.5329999999999995,5.753,1.915559999999995,0.4975,0.0,0.0
102.8153064250946,-2.5760000000000005,5.728,1.915559999999995,0.4975,0.0,0.0
102.91679167747498,-2.6189999999999998,5.702,1.915559999999995,0.5005,0.0,0.0
103.01522016525269,-2.661999999999999,5.676,1.915559999999995,0.4975,0.0,0.0
103.11699318885803,-2.705,5.651,1.915559999999995,0.4995,0.0,0.003490658503988659
103.21532320976257,-2.7479999999999993,5.625,1.915559999999995,0.4985,0.0,0.0
103.31710839271545,-2.789999999999999,5.6,1.915559999999995,0.5,0.0,0.003490658503988659
103.41573238372803,-2.833,5.574,1.915559999999995,0.5,0.0,-0.006981317007977318
103.51734638214111,-2.8759999999999994,5.5489999999999995,1.915559999999995,0.4985,0.0,0.003490658503988659
103.61566138267517,-2.9190000000000005,5.523,1.915559999999995,0.499,0.0,-0.006981317007977318
103.71733975410461,-2.9619999999999997,5.497,1.915559999999995,0.4985,0.0,0.0
103.81576728820801,-3.005000000000001,5.4719999999999995,1.915559999999995,0.496,0.0,0.0
103.91735672950745,-3.048,5.446,1.915559999999995,0.5005,0.0,0.003490658503988659
104.01581025123596,-3.09,5.421,1.915559999999995,0.5,0.0,-0.003490658503988659
104.1172604560852,-3.132999999999999,5.395,1.915559999999995,0.498,0.0,0.006981317007977318
104.21570301055908,-3.176,5.369,1.915559999999995,0.4985,0.0,0.0
104.31726861000061,-3.2189999999999994,5.344,1.915559999999995,0.4965,0.0,0.003490658503988659
104.41574335098267,-3.2620000000000005,5.318,1.915559999999995,0.5015,0.0,0.0
104.51757287979126,-3.3049999999999997,5.292,1.915559999999995,0.502,0.0,0.0
104.61593055725098,-3.3480000000000008,5.267,1.915559999999995,0.497,0.0,-0.003490658503988659
104.71744179725647,-3.3900000000000006,5.241,1.915559999999995,0.4985,0.0,0.006981317007977318
104.81633186340332,-3.433,5.216,1.915559999999995,0.498,0.0,-0.003490658503988659
104.91748785972595,-3.475999999999999,5.1899999999999995,1.915559999999995,0.4995,0.0,0.0
105.01632642745972,-3.519,5.165,1.915559999999995,0.4995,0.0,-0.003490658503988659
105.11760234832764,-3.5619999999999994,5.139,1.915559999999995,0.498,0.0,0.0
105.21635031700134,-3.6050000000000004,5.1129999999999995,1.915559999999995,0.497,0.0,0.0
105.31803035736084,-3.6479999999999997,5.088,1.915559999999995,0.499,0.0,0.006981317007977318
105.41639542579651,-3.6910000000000007,5.062,1.915559999999995,0.502,0.0,0.0
105.5177230834961,-3.7330000000000005,5.037,1.915559999999995,0.499,0.0,0.0
105.61623406410217,-3.776,5.011,1.915559999999995,0.4975,0.0,0.0
105.71814298629761,-3.818999999999999,4.986,1.915559999999995,0.497,0.0,0.0
105.8165636062622,-3.862,4.96,1.915559999999995,0.4985,0.0,-0.003490658503988659
105.91794490814209,-3.9049999999999994,4.934,1.915559999999995,0.501,0.0,0.003490658503988659
106.01651215553284,-3.9480000000000004,4.909,1.915559999999995,0.501,0.0,-0.003490658503988659
106.11807632446289,-3.9909999999999997,4.883,1.915559999999995,0.5,0.0,0.0
106.21641516685486,-4.0329999999999995,4.858,1.915559999999995,0.496,0.0,0.0
106.31802582740784,-4.0760000000000005,4.832,1.915559999999995,0.5005,0.0,0.0
106.41647791862488,-4.119,4.806,1.915559999999995,0.5,0.0,-0.003490658503988659
106.51802730560303,-4.161,4.781,1.915559999999995,0.4875,0.0,0.003490658503988659
106.61653780937195,-4.2010000000000005,4.758,1.915559999999995,0.456,0.0,0.0
106.71853566169739,-4.2379999999999995,4.735,1.9170899999999953,0.428,0.0,0.006981317007977318
106.81695556640625,-4.272,4.715,1.915559999999995,0.3935,0.0,-0.006981317007977318
106.9183738231659,-4.304,4.696,1.915559999999995,0.365,0.0,0.0
107.01674509048462,-4.333,4.679,1.9201499999999958,0.3365,0.0,0.048869219055841226
107.1184720993042,-4.359999999999999,4.662,1.9385099999999953,0.3085,0.0,0.1850049007113989
107.21708393096924,-4.382999999999999,4.647,1.9813499999999953,0.273,0.0,0.4293509959906051
107.31871962547302,-4.404,4.632,2.0379599999999956,0.249,0.0,0.5550147021341968
107.41730070114136,-4.42,4.618,2.112929999999995,0.217,0.0,0.747000919853573
107.5187520980835,-4.433999999999999,4.604,2.204729999999995,0.1865,0.0,0.921533845053006
107.61725378036499,-4.445,4.592,2.3026499999999954,0.16,0.0,0.9808750396208132
107.71859955787659,-4.452,4.5809999999999995,2.3959799999999953,0.13,0.0,0.9424777960769379
107.8170838356018,-4.457000000000001,4.572,2.4816599999999944,0.1015,0.0,0.8621926504851988
107.9187753200531,-4.459999999999999,4.5649999999999995,2.5811099999999954,0.066,0.0,0.9948376736367678
108.01733136177063,-4.461,4.561,2.682089999999995,0.04,0.0,1.0018189906447452
108.11911368370056,-4.462,4.56,2.7784799999999947,0.0115,0.0,0.9738937226128358
108.21717977523804,-4.462,4.56,2.8794599999999955,-0.003,0.0,1.0053096491487339
108.319420337677,-4.462,4.56,2.9789099999999946,-0.0005,0.0,0.9948376736367678
108.41784310340881,-4.462,4.56,3.076829999999995,-0.003,0.0,0.9948376736367678
108.5191068649292,-4.462,4.56,3.176279999999995,0.0,0.0,0.9913470151327791
108.61770749092102,-4.462,4.56,3.275729999999995,0.0,0.0,0.9948376736367678
108.71918392181396,-4.462,4.56,3.373649999999995,0.001,0.0,0.9878563566287906
108.81761455535889,-4.462,4.56,3.4730999999999943,-0.0015,0.0,0.9983283321407566
108.91914439201355,-4.462,4.56,3.567959999999995,0.0005,0.0,0.9389871375729493
109.01770114898682,-4.462,4.56,3.644459999999995,-0.0025,0.0,0.7749261878854823
109.11947083473206,-4.462,4.56,3.702599999999995,0.0005,0.0,0.5794493116621174
109.21802473068237,-4.462,4.56,3.743909999999995,0.001,0.0,0.4118977034706618
109.31944441795349,-4.461,4.56,3.768389999999995,0.0075,0.0,0.25132741228718347
109.41824412345886,-4.459,4.5569999999999995,3.7775699999999954,0.043,0.0,0.07679448708775051
109.51942920684814,-4.452999999999999,4.552,3.7760399999999947,0.073,0.0,-0.013962634015954637
109.61826753616333,-4.446,4.546,3.7760399999999947,0.1,0.0,0.010471975511965976
109.71943402290344,-4.436999999999999,4.537,3.7760399999999947,0.1335,0.0,-0.003490658503988659
109.81813502311707,-4.425000000000001,4.526,3.7760399999999947,0.1605,0.0,0.006981317007977318
109.9195203781128,-4.411,4.514,3.7760399999999947,0.1915,0.0,-0.003490658503988659
110.0178894996643,-4.395,4.499,3.7760399999999947,0.2215,0.0,0.003490658503988659
110.11954021453857,-4.377000000000001,4.483,3.7760399999999947,0.2505,0.0,-0.003490658503988659
110.21793961524963,-4.356,4.4639999999999995,3.7760399999999947,0.2815,0.0,0.0
110.31973075866699,-4.333,4.443,3.7760399999999947,0.31,0.0,0.0
110.41816902160645,-4.308,4.421,3.7760399999999947,0.34,0.0,0.0
110.51997590065002,-4.281000000000001,4.396,3.7760399999999947,0.371,0.0,0.0
110.61830615997314,-4.252000000000001,4.369,3.7760399999999947,0.401,0.0,0.0
110.72039246559143,-4.221,4.341,3.7760399999999947,0.427,0.0,0.0
110.81841778755188,-4.186999999999999,4.31,3.7760399999999947,0.4605,0.0,0.0
110.91983485221863,-4.151,4.278,3.7760399999999947,0.486,0.0,0.0
111.01824069023132,-4.114000000000001,4.244,3.7760399999999947,0.5015,0.0,0.0
111.12025046348572,-4.077,4.21,3.7760399999999947,0.498,0.0,-0.003490658503988659
111.21859836578369,-4.039999999999999,4.177,3.7760399999999947,0.5,0.0,0.0
111.3204927444458,-4.003,4.143,3.7760399999999947,0.4995,0.0,0.0
111.41866111755371,-3.9659999999999993,4.11,3.7760399999999947,0.497,0.0,0.003490658503988659
111.52035164833069,-3.9290000000000003,4.076,3.7760399999999947,0.499,0.0,0.0
111.61865711212158,-3.8930000000000007,4.043,3.7714499999999953,0.487,0.0,-0.04537856055185257
111.7209107875824,-3.859,4.011,3.751559999999995,0.46,0.0,-0.1954768762233649
111.81875348091125,-3.8290000000000006,3.981,3.708719999999995,0.422,0.0,-0.42586033748661634
111.92079401016235,-3.8019999999999996,3.952,3.653639999999996,0.394,0.0,-0.5619960191421741
112.0189917087555,-3.7780000000000005,3.923,3.5801999999999943,0.3695,0.0,-0.7260569688296411
112.1213264465332,-3.7590000000000003,3.893,3.4975799999999957,0.3595,0.0,-0.8307767239493008
112.2192211151123,-3.7390000000000008,3.859,3.4348499999999955,0.3945,0.0,-0.6318091892219473
112.32077550888062,-3.7200000000000006,3.822,3.388949999999995,0.427,0.0,-0.4642575810304917
112.41894102096558,-3.702,3.7809999999999997,3.361409999999995,0.4515,0.0,-0.2722713633111154
112.52085399627686,-3.683,3.737,3.3506999999999945,0.4825,0.0,-0.09424777960769379
112.61914467811584,-3.6630000000000003,3.691,3.3506999999999945,0.5035,0.0,0.0
112.7207522392273,-3.6430000000000007,3.645,3.3506999999999945,0.4995,0.0,0.0
112.81943893432617,-3.6240000000000006,3.599,3.3506999999999945,0.498,0.0,-0.006981317007977318
112.92070198059082,-3.603999999999999,3.553,3.3506999999999945,0.5005,0.0,0.003490658503988659
113.01916027069092,-3.5839999999999996,3.508,3.3506999999999945,0.498,0.0,0.0
113.12060308456421,-3.564,3.4619999999999997,3.352229999999995,0.4995,0.0,0.003490658503988659
113.21940207481384,-3.545,3.416,3.3506999999999945,0.499,0.0,-0.003490658503988659
113.32079792022705,-3.5250000000000004,3.37,3.3506999999999945,0.498,0.0,-0.003490658503988659
113.41912341117859,-3.505000000000001,3.324,3.3506999999999945,0.4975,0.0,0.0
113.5208809375763,-3.4849999999999994,3.278,3.352229999999995,0.5005,0.0,0.003490658503988659
113.61936068534851,-3.4659999999999993,3.232,3.3506999999999945,0.4985,0.0,0.0
113.72132015228271,-3.4459999999999997,3.187,3.3506999999999945,0.499,0.0,0.0
113.81967973709106,-3.426,3.141,3.3506999999999945,0.4995,0.0,-0.003490658503988659
113.92100954055786,-3.4060000000000006,3.0949999999999998,3.3506999999999945,0.4985,0.0,0.0
114.01940822601318,-3.3870000000000005,3.049,3.352229999999995,0.5,0.0,0.006981317007977318
114.12101697921753,-3.366999999999999,3.003,3.352229999999995,0.4985,0.0,0.0
114.2194972038269,-3.3469999999999995,2.957,3.3506999999999945,0.499,0.0,-0.003490658503988659
114.32134103775024,-3.3279999999999994,2.912,3.3506999999999945,0.4985,0.0,0.0
114.41966319084167,-3.308,2.8659999999999997,3.3506999999999945,0.4995,0.0,0.003490658503988659
114.52133297920227,-3.2880000000000003,2.82,3.3506999999999945,0.5005,0.0,0.0
114.61963224411011,-3.2680000000000007,2.774,3.3506999999999945,0.4975,0.0,0.003490658503988659
114.72132778167725,-3.2490000000000006,2.729,3.3552899999999948,0.4875,0.0,0.041887902047863905
114.82001185417175,-3.2300000000000004,2.687,3.3767099999999948,0.458,0.0,0.2059488517353309
114.92131757736206,-3.2110000000000003,2.6479999999999997,3.4195499999999948,0.4205,0.0,0.4328416544945937
115.0198347568512,-3.192,2.613,3.4776899999999955,0.397,0.0,0.582939970166106
115.12134051322937,-3.1720000000000006,2.582,3.5511299999999952,0.371,0.0,0.7365289443416071
115.21986508369446,-3.151,2.5549999999999997,3.6444599999999943,0.3355,0.0,0.9250245035569946
115.32184433937073,-3.130000000000001,2.532,3.746969999999995,0.303,0.0,1.0262536001726656
115.41988039016724,-3.109,2.514,3.844889999999995,0.28,0.0,0.9808750396208132
115.52148747444153,-3.0890000000000004,2.4989999999999997,3.9366899999999942,0.248,0.0,0.9320058205649718
115.62000584602356,-3.068999999999999,2.488,4.014719999999995,0.222,0.0,0.7749261878854823
115.72185564041138,-3.0519999999999996,2.479,4.074389999999995,0.186,0.0,0.6003932626860493
115.82033276557922,-3.0380000000000003,2.473,4.114169999999994,0.158,0.0,0.3909537524467298
115.92167973518372,-3.0250000000000004,2.467,4.138649999999995,0.128,0.0,0.25132741228718347
116.02043128013611,-3.016,2.464,4.144769999999995,0.0955,0.0,0.05585053606381855
116.12173986434937,-3.0090000000000003,2.461,4.143239999999995,0.07,0.0,-0.006981317007977318
116.22033190727234,-3.005000000000001,2.46,4.144769999999995,0.0385,0.0,0.0
116.32184410095215,-3.003,2.459,4.143239999999995,0.0115,0.0,-0.006981317007977318
116.42024302482605,-3.003,2.459,4.143239999999995,0.012,0.0,0.003490658503988659
116.52194166183472,-3.0,2.458,4.144769999999995,0.042,0.0,0.006981317007977318
116.62036108970642,-2.9930000000000003,2.455,4.143239999999995,0.074,0.0,-0.003490658503988659
116.72231698036194,-2.984,2.452,4.143239999999995,0.1,0.0,0.0
116.82054114341736,-2.9719999999999995,2.447,4.144769999999995,0.1355,0.0,0.003490658503988659
116.92212748527527,-2.9570000000000007,2.441,4.143239999999995,0.159,0.0,-0.003490658503988659
117.02057719230652,-2.9399999999999995,2.435,4.144769999999995,0.1935,0.0,0.006981317007977318
117.12211418151855,-2.9190000000000005,2.427,4.144769999999995,0.2205,0.0,0.0
117.22095441818237,-2.896000000000001,2.418,4.143239999999995,0.2505,0.0,0.0
117.3222188949585,-2.869999999999999,2.408,4.144769999999995,0.282,0.0,0.0
117.42079472541809,-2.8420000000000005,2.397,4.144769999999995,0.3105,0.0,0.0
117.52236676216125,-2.8100000000000005,2.385,4.144769999999995,0.341,0.0,0.0
117.62095737457275,-2.776,2.372,4.144769999999995,0.369,0.0,0.0
117.7225034236908,-2.7390000000000008,2.3569999999999998,4.143239999999995,0.3995,0.0,0.0
117.82080125808716,-2.699,2.342,4.143239999999995,0.4295,0.0,0.0
117.9224226474762,-2.657,2.326,4.144769999999995,0.459,0.0,0.003490658503988659
118.02114629745483,-2.6110000000000007,2.308,4.144769999999995,0.4895,0.0,0.0
118.1224594116211,-2.5649999999999995,2.29,4.144769999999995,0.5005,0.0,-0.003490658503988659
118.22099685668945,-2.5180000000000007,2.272,4.143239999999995,0.4995,0.0,-0.003490658503988659
118.32257390022278,-2.4719999999999995,2.254,4.143239999999995,0.4965,0.0,0.0
118.42104697227478,-2.4250000000000007,2.2359999999999998,4.143239999999995,0.5005,0.0,0.0
118.52305507659912,-2.3789999999999996,2.218,4.143239999999995,0.4955,0.0,0.0
118.62134289741516,-2.3320000000000007,2.2,4.144769999999995,0.5005,0.0,0.003490658503988659
118.7230896949768,-2.285,2.182,4.143239999999995,0.4985,0.0,-0.006981317007977318
118.82142233848572,-2.2390000000000008,2.1639999999999997,4.143239999999995,0.4965,0.0,0.006981317007977318
118.92334413528442,-2.192,2.146,4.143239999999995,0.501,0.0,0.0
119.02145528793335,-2.146000000000001,2.128,4.143239999999995,0.4985,0.0,-0.003490658503988659
119.12291884422302,-2.099,2.11,4.144769999999995,0.4985,0.0,0.006981317007977318
119.2212986946106,-2.052999999999999,2.092,4.143239999999995,0.499,0.0,-0.003490658503988659
119.32333850860596,-2.0060000000000002,2.074,4.143239999999995,0.499,0.0,-0.003490658503988659
119.42149949073792,-1.9589999999999996,2.056,4.144769999999995,0.4985,0.0,0.003490658503988659
119.5231864452362,-1.9130000000000003,2.038,4.144769999999995,0.498,0.0,0.0
119.62216258049011,-1.8659999999999997,2.02,4.143239999999995,0.499,0.0,-0.003490658503988659
119.72332072257996,-1.8200000000000003,2.002,4.143239999999995,0.496,0.0,0.0
119.82214426994324,-1.7729999999999997,1.984,4.143239999999995,0.5005,0.0,0.0
119.9234209060669,-1.7270000000000003,1.966,4.143239999999995,0.4975,0.0,0.0
120.02179336547852,-1.6799999999999997,1.948,4.144769999999995,0.4975,0.0,0.006981317007977318
120.12377095222473,-1.6340000000000003,1.931,4.138649999999995,0.4865,0.0,-0.048869219055841226
120.22183012962341,-1.5909999999999993,1.9129999999999998,4.117229999999995,0.459,0.0,-0.21642082724729686
120.32362127304077,-1.5519999999999996,1.896,4.075919999999995,0.424,0.0,-0.41887902047863906
120.42194771766663,-1.516,1.878,4.019309999999995,0.3975,0.0,-0.5654866776461627
120.52394318580627,-1.484,1.8599999999999999,3.944339999999995,0.365,0.0,-0.7504915783575616
120.62206244468689,-1.4570000000000007,1.8399999999999999,3.8510099999999943,0.3345,0.0,-0.9389871375729493
120.7236602306366,-1.4329999999999998,1.8199999999999998,3.7500299999999944,0.306,0.0,-1.0053096491487339
120.82219076156616,-1.4139999999999997,1.799,3.6505799999999944,0.2755,0.0,-1.0018189906447452
120.92373538017273,-1.3979999999999997,1.779,3.5572499999999945,0.2485,0.0,-0.9320058205649718
121.02229428291321,-1.3859999999999992,1.761,3.4792199999999944,0.218,0.0,-0.7853981633974483
121.12398838996887,-1.3770000000000007,1.744,3.4226099999999953,0.1855,0.0,-0.5654866776461627
121.22243475914001,-1.3699999999999992,1.7289999999999999,3.3797699999999953,0.16,0.0,-0.4293509959906051
121.32406973838806,-1.3650000000000002,1.7169999999999999,3.3552899999999948,0.1295,0.0,-0.23736477827122882
121.42223477363586,-1.3610000000000007,1.708,3.3506999999999945,0.098,0.0,-0.05585053606381855
121.52393317222595,-1.3580000000000005,1.7009999999999998,3.3583499999999944,0.072,0.0,0.08377580409572781
121.62243986129761,-1.3559999999999999,1.6969999999999998,3.3858899999999945,0.041,0.0,0.27576202181510406
121.72398114204407,-1.3550000000000004,1.696,3.4302599999999943,0.0105,0.0,0.4363323129985824
121.82244420051575,-1.3550000000000004,1.696,3.4929899999999954,-0.004,0.0,0.6318091892219473
121.92421174049377,-1.3550000000000004,1.696,3.5710199999999945,0.0015,0.0,0.7888888219014369
122.02280449867249,-1.3550000000000004,1.696,3.667409999999995,-0.0025,0.0,0.9599310885968813
122.1241340637207,-1.3550000000000004,1.696,3.7637999999999945,-0.0035,0.0,0.9634217471008699
122.22287344932556,-1.3550000000000004,1.696,3.838769999999995,0.0005,0.0,0.7574728953655391
122.32423257827759,-1.3550000000000004,1.696,3.9045599999999947,0.0015,0.0,0.6632251157578452
122.42298316955566,-1.3550000000000004,1.696,3.994829999999995,-0.002,0.0,0.8970992355250854
122.52446603775024,-1.3550000000000004,1.696,4.094279999999995,-0.0015,0.0,0.9983283321407566
122.62283444404602,-1.3550000000000004,1.696,4.193729999999995,0.0005,0.0,0.9948376736367678
122.7242214679718,-1.3550000000000004,1.696,4.291649999999994,0.0005,0.0,0.9843656981248019
122.82283163070679,-1.3550000000000004,1.696,4.3910999999999945,-0.001,0.0,0.9948376736367678
122.92453360557556,-1.3550000000000004,1.696,4.4905499999999945,-0.002,0.0,0.9948376736367678
123.02302050590515,-1.3550000000000004,1.696,4.601715307179582,0.0115,0.0,0.9564404300928925
123.12465333938599,-1.350999999999999,1.6969999999999998,4.679745307179581,0.044,0.0,0.767944870877505
123.22291254997253,-1.3439999999999994,1.698,4.7394153071795815,0.071,0.0,0.6003932626860493
123.32455039024353,-1.334999999999999,1.7,4.7822553071795815,0.0995,0.0,0.439822971502571
123.42304921150208,-1.3219999999999992,1.7029999999999998,4.808265307179581,0.134,0.0,0.24783675378319478
123.52490878105164,-1.3070000000000004,1.708,4.815915307179582,0.16,0.0,0.07679448708775051
123.62315034866333,-1.2889999999999997,1.7129999999999999,4.814385307179581,0.1915,0.0,-0.010471975511965976
123.72476530075073,-1.2680000000000007,1.7189999999999999,4.814385307179581,0.2225,0.0,0.003490658503988659
123.82326245307922,-1.2449999999999992,1.726,4.814385307179581,0.249,0.0,-0.003490658503988659
123.92477130889893,-1.2189999999999994,1.734,4.818975307179581,0.257,0.0,0.05235987755982988
124.02332186698914,-1.1969999999999992,1.74,4.841925307179581,0.2245,0.0,0.21642082724729686
124.1250319480896,-1.1790000000000003,1.7469999999999999,4.883235307179581,0.1885,0.0,0.41887902047863906
124.22321462631226,-1.1630000000000003,1.753,4.939845307179581,0.168,0.0,0.5689773361501514
124.32552480697632,-1.1500000000000004,1.759,5.013285307179581,0.1375,0.0,0.7365289443416071
124.42345809936523,-1.141,1.764,5.105085307179581,0.1035,0.0,0.9180431865490173
124.52493095397949,-1.1349999999999998,1.769,5.201475307179582,0.076,0.0,0.9634217471008699
124.62368941307068,-1.1310000000000002,1.772,5.277975307179581,0.042,0.0,0.7749261878854823
124.72500395774841,-1.1300000000000008,1.774,5.336115307179582,0.016,0.0,0.5759586531581288
124.82344651222229,-1.1300000000000008,1.774,5.377425307179582,0.001,0.0,0.40840704496667307
124.9250135421753,-1.1300000000000008,1.774,5.400375307179581,-0.0005,0.0,0.23387411976724018
125.02357053756714,-1.1300000000000008,1.773,5.409555307179581,-0.004,0.0,0.08726646259971647
125.12509822845459,-1.1289999999999996,1.774,5.409555307179581,0.01,0.0,-0.003490658503988659
125.22359466552734,-1.1270000000000007,1.777,5.409555307179581,0.043,0.0,0.0
125.32520747184753,-1.1229999999999993,1.782,5.408025307179581,0.0745,0.0,-0.003490658503988659
125.42375683784485,-1.1159999999999997,1.79,5.409555307179581,0.101,0.0,0.006981317007977318
125.52562761306763,-1.1080000000000005,1.7999999999999998,5.408025307179581,0.1335,0.0,-0.003490658503988659
125.62405681610107,-1.0980000000000008,1.8119999999999998,5.409555307179581,0.1605,0.0,0.006981317007977318
125.72559666633606,-1.0860000000000003,1.827,5.409555307179581,0.192,0.0,-0.003490658503988659
125.82396149635315,-1.0719999999999992,1.843,5.409555307179581,0.221,0.0,0.0
125.92562866210938,-1.0570000000000004,1.863,5.409555307179581,0.2505,0.0,0.0
126.02413725852966,-1.0389999999999997,1.884,5.409555307179581,0.2805,0.0,0.0
126.12606596946716,-1.0199999999999996,1.908,5.409555307179581,0.31,0.0,0.0
126.22424054145813,-0.9979999999999993,1.934,5.409555307179581,0.34,0.0,0.0
126.32586622238159,-0.9749999999999996,1.962,5.409555307179581,0.371,0.0,-0.003490658503988659
126.42419481277466,-0.9510000000000005,1.9909999999999999,5.412615307179581,0.375,0.0,0.041887902047863905
126.52596640586853,-0.9290000000000003,2.019,5.434035307179581,0.3455,0.0,0.1989675347273536
126.62433767318726,-0.9100000000000001,2.044,5.475345307179581,0.3095,0.0,0.42586033748661634
126.72599267959595,-0.8940000000000001,2.067,5.531955307179581,0.283,0.0,0.5619960191421741
126.82440972328186,-0.8810000000000002,2.09,5.605395307179581,0.2565,0.0,0.7400196028455956
126.92626237869263,-0.8719999999999999,2.11,5.697195307179581,0.2205,0.0,0.9250245035569946
127.02437376976013,-0.8650000000000002,2.129,5.798175307179581,0.1935,0.0,1.0053096491487339
127.12632775306702,-0.8610000000000007,2.145,5.897625307179581,0.164,0.0,0.9948376736367678
127.2243263721466,-0.859,2.159,5.994015307179581,0.135,0.0,0.9738937226128358
127.32592868804932,-0.8580000000000005,2.17,6.091935307179581,0.1075,0.0,0.9808750396208132
127.42439651489258,-0.8580000000000005,2.178,6.191385307179581,0.0715,0.0,0.9983283321407566
127.52634716033936,-0.859,2.183,6.2862453071795805,0.0475,0.0,0.9494591130849153
127.62509679794312,-0.859,2.185,6.364275307179581,0.0195,0.0,0.7749261878854823
127.72611260414124,-0.859,2.185,6.42088530717958,0.0005,0.0,0.57246799465414
127.82542037963867,-0.859,2.185,6.460665307179582,-0.0005,0.0,0.40142572795869574
127.92663764953613,-0.8599999999999994,2.185,6.48820530717958,0.011,0.0,0.2687807048071268
128.0247597694397,-0.8610000000000007,2.189,6.494325307179581,0.0415,0.0,0.059341194567807204
128.12638306617737,-0.8640000000000008,2.195,6.494325307179581,0.073,0.0,0.0
128.2255780696869,-0.8669999999999991,2.2039999999999997,6.494325307179581,0.1,0.0,0.003490658503988659
128.32649278640747,-0.8719999999999999,2.216,6.494325307179581,0.1335,0.0,0.0
128.4251368045807,-0.8789999999999996,2.231,6.494325307179581,0.161,0.0,0.0
128.52673959732056,-0.8859999999999992,2.2479999999999998,6.494325307179581,0.1915,0.0,0.0
128.62500715255737,-0.8940000000000001,2.268,6.494325307179581,0.221,0.0,0.0
128.72678089141846,-0.9039999999999999,2.291,6.494325307179581,0.2505,0.0,0.0
128.82524585723877,-0.9149999999999991,2.316,6.494325307179581,0.2795,0.0,0.0
128.92717862129211,-0.9269999999999996,2.344,6.494325307179581,0.311,0.0,0.0
129.0251636505127,-0.9399999999999995,2.375,6.494325307179581,0.339,0.0,0.0
129.12656807899475,-0.9540000000000006,2.409,6.494325307179581,0.3695,0.0,0.0
129.2256784439087,-0.9700000000000006,2.4459999999999997,6.494325307179581,0.401,0.0,0.0
129.3269534111023,-0.9860000000000007,2.485,6.494325307179581,0.4285,0.0,0.0
129.42527747154236,-1.0039999999999996,2.527,6.494325307179581,0.46,0.0,0.0
129.52713632583618,-1.0229999999999997,2.5709999999999997,6.494325307179581,0.488,0.0,0.0
129.62526679039001,-1.0419999999999998,2.618,6.494325307179581,0.502,0.0,0.0
129.72682976722717,-1.0619999999999994,2.6639999999999997,6.494325307179581,0.4985,0.0,0.0
129.82540798187256,-1.0809999999999995,2.71,6.494325307179581,0.4995,0.0,0.0
129.92685532569885,-1.0999999999999996,2.755,6.494325307179581,0.4835,0.0,0.0
130.02533888816833,-1.1180000000000003,2.7969999999999997,6.495855307179582,0.4565,0.0,0.006981317007977318
130.12693047523499,-1.1349999999999998,2.8369999999999997,6.494325307179581,0.425,0.0,-0.017453292519943295
130.2255551815033,-1.1500000000000004,2.8739999999999997,6.494325307179581,0.395,0.0,0.0
130.3274381160736,-1.1649999999999991,2.908,6.494325307179581,0.367,0.0,0.003490658503988659
130.42600059509277,-1.177999999999999,2.939,6.494325307179581,0.3375,0.0,0.003490658503988659
130.5278582572937,-1.1899999999999995,2.968,6.494325307179581,0.3075,0.0,-0.003490658503988659
130.62564420700073,-1.2010000000000005,2.9939999999999998,6.494325307179581,0.2775,0.0,-0.003490658503988659
130.72754549980164,-1.2110000000000003,3.017,6.497385307179581,0.25,0.0,0.041887902047863905
130.82568621635437,-1.2200000000000006,3.0389999999999997,6.511155307179582,0.242,0.0,0.13264502315156904
130.9276568889618,-1.2309999999999999,3.0629999999999997,6.514215307179581,0.277,0.0,0.031415926535897934
131.0264286994934,-1.2439999999999998,3.091,6.512685307179581,0.3055,0.0,-0.020943951023931952
131.12747931480408,-1.2569999999999997,3.121,6.514215307179581,0.33,0.0,0.017453292519943295
131.22577595710754,-1.2720000000000002,3.154,6.512685307179581,0.3655,0.0,-0.010471975511965976
131.32825660705566,-1.2880000000000003,3.19,6.514215307179581,0.3905,0.0,0.003490658503988659
131.42611289024353,-1.3040000000000003,3.226,6.517275307179581,0.4,0.0,0.038397243543875255
131.52810835838318,-1.3200000000000003,3.261,6.537165307179581,0.3715,0.0,0.1989675347273536
131.62640237808228,-1.334999999999999,3.29,6.580005307179581,0.3305,0.0,0.42586033748661634
131.72824430465698,-1.3480000000000008,3.314,6.62896530717958,0.235,0.0,0.48171087355043496
131.82625484466553,-1.350999999999999,3.319,6.619785307179582,0.0605,0.0,-0.09075712110370514
131.9283471107483,-1.350999999999999,3.319,6.619785307179582,0.002,0.0,0.0
132.0263442993164,-1.350999999999999,3.319,6.624375307179582,-0.0055,0.0,0.05235987755982988
132.12811923027039,-1.350999999999999,3.319,6.624375307179582,0.0,0.0,0.0
132.2265181541443,-1.350999999999999,3.319,6.624375307179582,0.0,0.0,0.0
132.3281967639923,-1.350999999999999,3.319,6.624375307179582,0.0,0.0,0.0
132.42652893066406,-1.350999999999999,3.319,6.624375307179582,0.0,0.0,0.0
132.52828097343445,-1.350999999999999,3.319,6.624375307179582,0.0,0.0,0.0
132.62668561935425,-1.350999999999999,3.319,6.624375307179582,0.0,0.0,0.0
132.72830271720886,-1.350999999999999,3.319,6.624375307179582,0.0,0.0,0.0
132.82662177085876,-1.350999999999999,3.319,6.624375307179582,0.0,0.0,0.0
132.92816710472107,-1.350999999999999,3.319,6.624375307179582,0.0,0.0,0.0
133.02665519714355,-1.350999999999999,3.319,6.624375307179582,0.0,0.0,0.0
133.12839937210083,-1.350999999999999,3.319,6.624375307179582,0.0,0.0,0.0
133.22672080993652,-1.350999999999999,3.319,6.624375307179582,0.0,0.0,0.0
133.32835626602173,-1.350999999999999,3.319,6.624375307179582,0.0,0.0,0.0
133.42680954933167,-1.350999999999999,3.319,6.624375307179582,0.0,0.0,0.0
133.52852964401245,-1.350999999999999,3.319,6.624375307179582,0.0,0.0,0.0
133.62699580192566,-1.350999999999999,3.319,6.624375307179582,0.0,0.0,0.0
133.72859144210815,-1.350999999999999,3.319,6.624375307179582,0.0,0.0,0.0
133.82681131362915,-1.350999999999999,3.319,6.624375307179582,0.0,0.0,0.0
133.9285774230957,-1.350999999999999,3.319,6.624375307179582,0.0,0.0,0.0
134.0269865989685,-1.350999999999999,3.319,6.624375307179582,0.0,0.0,0.0
134.12851214408875,-1.350999999999999,3.319,6.624375307179582,0.0,0.0,0.0
134.22699093818665,-1.350999999999999,3.319,6.624375307179582,0.0,0.0,0.0
134.32901668548584,-1.350999999999999,3.319,6.624375307179582,0.0,0.0,0.0
134.42706680297852,-1.350999999999999,3.319,6.624375307179582,0.0,0.0,0.0
134.52882432937622,-1.350999999999999,3.319,6.624375307179582,0.0,0.0,0.0
134.62724328041077,-1.350999999999999,3.319,6.624375307179582,0.0,0.0,0.0
134.72904634475708,-1.350999999999999,3.319,6.624375307179582,0.0,0.0,0.0
134.8273675441742,-1.350999999999999,3.319,6.624375307179582,0.0,0.0,0.0
134.92873859405518,-1.350999999999999,3.319,6.624375307179582,0.0,0.0,0.0
135.0272364616394,-1.350999999999999,3.319,6.624375307179582,0.0,0.0,0.0
135.12885904312134,-1.350999999999999,3.319,6.624375307179582,0.0,0.0,0.0
135.2276954650879,-1.350999999999999,3.319,6.624375307179582,0.0,0.0,0.0
135.32924795150757,-1.350999999999999,3.319,6.624375307179582,0.0,0.0,0.0
135.42811179161072,-1.350999999999999,3.319,6.624375307179582,0.0,0.0,0.0
135.52902221679688,-1.3499999999999996,3.3179999999999996,6.624375307179582,-0.0125,0.0,0.003490658503988659
135.62753224372864,-1.3490000000000002,3.315,6.625905307179581,-0.036,0.0,0.006981317007977318
135.72909116744995,-1.3450000000000006,3.309,6.625905307179581,-0.079,0.0,0.0
135.82754492759705,-1.3399999999999999,3.3,6.625905307179581,-0.102,0.0,0.0
135.92943501472473,-1.3339999999999996,3.29,6.624375307179582,-0.1325,0.0,-0.010471975511965976
136.02778100967407,-1.3249999999999993,3.276,6.625905307179581,-0.1635,0.0,0.006981317007977318
136.12933826446533,-1.3160000000000007,3.26,6.624375307179582,-0.1895,0.0,-0.003490658503988659
136.22786951065063,-1.3049999999999997,3.2409999999999997,6.625905307179581,-0.225,0.0,0.003490658503988659
136.3293743133545,-1.2919999999999998,3.2199999999999998,6.625905307179581,-0.25,0.0,0.0
136.42785143852234,-1.2780000000000005,3.1959999999999997,6.622845307179581,-0.282,0.0,-0.017453292519943295
136.52943444252014,-1.263,3.1689999999999996,6.625905307179581,-0.3085,0.0,0.017453292519943295
136.62787699699402,-1.2460000000000004,3.1399999999999997,6.624375307179582,-0.343,0.0,-0.003490658503988659
136.7295687198639,-1.2270000000000003,3.109,6.624375307179582,-0.3685,0.0,0.0
136.8280041217804,-1.2070000000000007,3.074,6.624375307179582,-0.403,0.0,0.0
136.9296441078186,-1.186,3.0380000000000003,6.619785307179582,-0.43,0.0,-0.048869219055841226
137.02808690071106,-1.1630000000000003,2.998,6.59683530717958,-0.459,0.0,-0.23387411976724018
137.1295621395111,-1.141,2.955,6.557055307179581,-0.49,0.0,-0.3979350694547072
137.22808861732483,-1.1199999999999992,2.91,6.4989153071795815,-0.501,0.0,-0.582939970166106
137.32971143722534,-1.1020000000000003,2.863,6.425475307179582,-0.5025,0.0,-0.7260569688296411
137.42820858955383,-1.0869999999999997,2.815,6.333675307179583,-0.4975,0.0,-0.9250245035569946
137.52996516227722,-1.0779999999999994,2.766,6.232695307179583,-0.496,0.0,-1.0157816246606999
137.62833952903748,-1.0739999999999998,2.7169999999999996,6.133245307179582,-0.5005,0.0,-1.0018189906447452
137.73000645637512,-1.0739999999999998,2.667,6.038385307179581,-0.489,0.0,-0.9459684545809266
137.8284740447998,-1.0790000000000006,2.622,5.961885307179582,-0.458,0.0,-0.7574728953655391
137.93031287193298,-1.0860000000000003,2.5789999999999997,5.903745307179582,-0.429,0.0,-0.5794493116621174
138.02862119674683,-1.0939999999999994,2.54,5.860905307179582,-0.3965,0.0,-0.4293509959906051
138.13061666488647,-1.1029999999999998,2.504,5.8364253071795815,-0.3645,0.0,-0.24434609527920614
138.22945046424866,-1.112,2.471,5.828775307179582,-0.3425,0.0,-0.07330382858376185
138.33057022094727,-1.1199999999999992,2.441,5.830305307179581,-0.3045,0.0,0.010471975511965976
138.42918920516968,-1.1270000000000007,2.4139999999999997,5.831835307179581,-0.2775,0.0,0.006981317007977318
138.5302484035492,-1.1340000000000003,2.3899999999999997,5.833365307179582,-0.25,0.0,0.006981317007977318
138.6286804676056,-1.1400000000000006,2.368,5.831835307179581,-0.219,0.0,-0.006981317007977318
138.73056960105896,-1.1449999999999996,2.35,5.831835307179581,-0.1885,0.0,-0.003490658503988659
138.8288631439209,-1.1489999999999991,2.333,5.827245307179581,-0.18,0.0,-0.038397243543875255
138.9303548336029,-1.1549999999999994,2.312,5.805825307179582,-0.2205,0.0,-0.2199114857512855
139.02881908416748,-1.161999999999999,2.2889999999999997,5.766045307179581,-0.245,0.0,-0.39444441095071847
139.13039660453796,-1.1720000000000006,2.264,5.710965307179581,-0.2745,0.0,-0.5585053606381855
139.2290017604828,-1.1839999999999993,2.237,5.635995307179581,-0.305,0.0,-0.747000919853573
139.33046197891235,-1.1999999999999993,2.208,5.5441953071795815,-0.3365,0.0,-0.921533845053006
139.42896914482117,-1.221,2.178,5.4447453071795815,-0.3635,0.0,-0.9913470151327791
139.53078770637512,-1.2449999999999992,2.149,5.349885307179581,-0.368,0.0,-0.9424777960769379
139.62900733947754,-1.2690000000000001,2.125,5.273385307179581,-0.337,0.0,-0.7644542123735162
139.73063611984253,-1.2919999999999998,2.105,5.213715307179581,-0.3085,0.0,-0.5969026041820608
139.8291051387787,-1.314,2.0869999999999997,5.172405307179581,-0.277,0.0,-0.42586033748661634
139.9309046268463,-1.334999999999999,2.073,5.147925307179581,-0.246,0.0,-0.23736477827122882
140.02922129631042,-1.3529999999999998,2.06,5.140275307179581,-0.222,0.0,-0.06981317007977318
140.13091492652893,-1.3680000000000003,2.049,5.141805307179581,-0.1855,0.0,0.010471975511965976
140.22946858406067,-1.3819999999999997,2.04,5.143335307179581,-0.157,0.0,0.006981317007977318
140.33091235160828,-1.3919999999999995,2.032,5.143335307179581,-0.1285,0.0,0.003490658503988659
140.42955541610718,-1.4009999999999998,2.026,5.143335307179581,-0.1005,0.0,-0.003490658503988659
140.53105449676514,-1.407,2.022,5.143335307179581,-0.0705,0.0,0.003490658503988659
140.62940907478333,-1.4100000000000001,2.019,5.143335307179581,-0.0385,0.0,-0.003490658503988659
140.73099899291992,-1.4109999999999996,2.019,5.143335307179581,-0.0095,0.0,0.0
140.82948780059814,-1.4109999999999996,2.019,5.143335307179581,-0.0005,0.0,0.0
140.93105244636536,-1.4109999999999996,2.019,5.143335307179581,0.0,0.0,0.0
141.02953362464905,-1.4109999999999996,2.019,5.143335307179581,-0.0005,0.0,0.0
141.13109707832336,-1.4109999999999996,2.019,5.143335307179581,-0.0005,0.0,0.0
141.22990465164185,-1.4109999999999996,2.019,5.143335307179581,0.0,0.0,0.0
141.33158588409424,-1.4109999999999996,2.019,5.143335307179581,0.0,0.0,0.0
141.42978358268738,-1.4109999999999996,2.019,5.143335307179581,0.0,0.0,0.0
141.53140258789062,-1.4109999999999996,2.019,5.143335307179581,0.0,0.0,0.0
141.62990045547485,-1.4109999999999996,2.019,5.143335307179581,0.0,0.0,0.0
141.73157715797424,-1.4109999999999996,2.019,5.143335307179581,0.0,0.0,0.0
141.82995319366455,-1.4109999999999996,2.019,5.143335307179581,0.0,0.0,0.0
141.93173789978027,-1.4109999999999996,2.019,5.143335307179581,0.0,0.0,0.0
142.03012776374817,-1.4109999999999996,2.019,5.143335307179581,0.0,0.0,0.0
142.13154244422913,-1.4109999999999996,2.019,5.143335307179581,0.0,0.0,0.0
142.22994828224182,-1.4109999999999996,2.019,5.143335307179581,0.0,0.0,0.0
142.3315954208374,-1.4109999999999996,2.019,5.143335307179581,0.0,0.0,0.0
142.43004179000854,-1.4109999999999996,2.019,5.143335307179581,0.0,0.0,0.0
142.53164792060852,-1.4109999999999996,2.019,5.143335307179581,0.0,0.0,0.0
142.63069486618042,-1.4109999999999996,2.019,5.143335307179581,0.0,0.0,0.0
142.73220992088318,-1.4109999999999996,2.019,5.143335307179581,0.0,0.0,0.0
142.83035469055176,-1.4109999999999996,2.019,5.143335307179581,0.0,0.0,0.0
142.93191838264465,-1.4109999999999996,2.019,5.143335307179581,0.0,0.0,0.0
143.03061890602112,-1.4109999999999996,2.019,5.143335307179581,0.0,0.0,0.0
143.13191270828247,-1.4109999999999996,2.019,5.143335307179581,0.0,0.0,0.0
143.23041009902954,-1.4109999999999996,2.019,5.143335307179581,0.0,0.0,0.0
143.33198809623718,-1.4109999999999996,2.019,5.143335307179581,0.0,0.0,0.0
143.43045377731323,-1.4109999999999996,2.019,5.143335307179581,0.0,0.0,0.0
143.53205251693726,-1.4109999999999996,2.019,5.143335307179581,0.0,0.0,0.0
143.63052582740784,-1.4109999999999996,2.019,5.143335307179581,0.0,0.0,0.0
143.73208117485046,-1.4109999999999996,2.019,5.143335307179581,0.0,0.0,0.0
143.83054280281067,-1.4109999999999996,2.019,5.143335307179581,0.0,0.0,0.0
143.93213558197021,-1.4109999999999996,2.019,5.143335307179581,0.0,0.0,0.0
144.03077483177185,-1.4109999999999996,2.019,5.143335307179581,0.0,0.0,0.0
144.13253259658813,-1.4109999999999996,2.019,5.143335307179581,0.0,0.0,0.0
144.23094058036804,-1.4109999999999996,2.018,5.140275307179581,-0.002,0.0,-0.031415926535897934
144.3325753211975,-1.4109999999999996,2.018,5.120385307179581,-0.0015,0.0,-0.19198621771937624
144.43097949028015,-1.4109999999999996,2.018,5.079075307179581,-0.0005,0.0,-0.4153883619746504
144.5326476097107,-1.4109999999999996,2.018,5.0239953071795815,-0.001,0.0,-0.5480333851262194
144.63108372688293,-1.4109999999999996,2.018,4.949025307179581,-0.001,0.0,-0.7574728953655391
144.73282170295715,-1.4109999999999996,2.018,4.857225307179581,-0.001,0.0,-0.9110618695410401
144.83105850219727,-1.411999999999999,2.018,4.757775307179581,-0.001,0.0,-1.0088003076527225
144.9327323436737,-1.4109999999999996,2.018,4.662915307179581,0.0,0.0,-0.9459684545809266
145.03102779388428,-1.411999999999999,2.018,4.584885307179581,-0.0055,0.0,-0.7714355293814937
145.13258528709412,-1.411999999999999,2.018,4.528275307179581,0.002,0.0,-0.5794493116621174
145.231125831604,-1.4109999999999996,2.018,4.470659999999994,0.0005,0.0,-0.4153883619746504
145.33272290229797,-1.4109999999999996,2.018,4.446179999999995,0.0005,0.0,-0.23736477827122882
145.43137884140015,-1.411999999999999,2.018,4.440059999999995,-0.001,0.0,-0.06283185307179587
145.53287315368652,-1.411999999999999,2.018,4.440059999999995,0.0,0.0,0.0
145.63145208358765,-1.411999999999999,2.018,4.440059999999995,0.0,0.0,0.0
145.73300957679749,-1.411999999999999,2.018,4.440059999999995,0.0,0.0,0.0
145.83159351348877,-1.411999999999999,2.018,4.440059999999995,0.0,0.0,0.0
145.93308854103088,-1.411999999999999,2.018,4.440059999999995,0.0,0.0,0.0
146.03173446655273,-1.411999999999999,2.018,4.440059999999995,0.0,0.0,0.0
146.13340640068054,-1.411999999999999,2.018,4.440059999999995,0.0,0.0,0.0
146.2318127155304,-1.411999999999999,2.018,4.440059999999995,0.0,0.0,0.0
146.33322739601135,-1.411999999999999,2.018,4.440059999999995,0.0,0.0,0.0
146.4315469264984,-1.411999999999999,2.018,4.440059999999995,0.0,0.0,0.0
146.5333981513977,-1.411999999999999,2.018,4.440059999999995,0.0,0.0,0.0
146.63189363479614,-1.411999999999999,2.018,4.440059999999995,0.0,0.0,0.0
146.73342537879944,-1.411999999999999,2.018,4.440059999999995,0.0,0.0,0.0
146.8319764137268,-1.4109999999999996,2.018,4.438529999999995,0.01,0.0,-0.006981317007977318
146.93388295173645,-1.407,2.018,4.438529999999995,0.0405,0.0,-0.006981317007977318
147.03179597854614,-1.4000000000000004,2.018,4.438529999999995,0.074,0.0,0.0
147.13366055488586,-1.391,2.017,4.438529999999995,0.1,0.0,0.003490658503988659
147.2319781780243,-1.3780000000000001,2.016,4.438529999999995,0.1345,0.0,-0.003490658503988659
147.33345651626587,-1.362,2.0149999999999997,4.438529999999995,0.1615,0.0,0.0
147.43188858032227,-1.343,2.014,4.436999999999995,0.191,0.0,-0.003490658503988659
147.53351044654846,-1.3209999999999997,2.012,4.436999999999995,0.2225,0.0,0.0
147.63211250305176,-1.2970000000000006,2.01,4.438529999999995,0.2485,0.0,0.003490658503988659
147.73376536369324,-1.2690000000000001,2.008,4.436999999999995,0.282,0.0,-0.003490658503988659
147.83221054077148,-1.2390000000000008,2.006,4.436999999999995,0.31,0.0,0.0
147.9338505268097,-1.2070000000000007,2.004,4.438529999999995,0.316,0.0,0.0
148.03235840797424,-1.1769999999999996,2.001,4.438529999999995,0.293,0.0,0.0
148.13391423225403,-1.1519999999999992,2.0,4.438529999999995,0.248,0.0,0.003490658503988659
148.23252081871033,-1.1300000000000008,1.998,4.438529999999995,0.2225,0.0,0.0
148.33394265174866,-1.1099999999999994,1.9969999999999999,4.438529999999995,0.1945,0.0,-0.003490658503988659
148.4323980808258,-1.093,1.9949999999999999,4.436999999999995,0.1655,0.0,0.0
148.53399777412415,-1.0790000000000006,1.994,4.438529999999995,0.1365,0.0,0.006981317007977318
148.6325283050537,-1.0670000000000002,1.9929999999999999,4.438529999999995,0.127,0.0,0.0
148.73410606384277,-1.0510000000000002,1.992,4.438529999999995,0.1655,0.0,0.0
148.83266639709473,-1.032,1.9909999999999999,4.436999999999995,0.1935,0.0,0.0
148.93461537361145,-1.0109999999999992,1.9889999999999999,4.438529999999995,0.212,0.0,0.003490658503988659
149.0330047607422,-0.9860000000000007,1.988,4.438529999999995,0.256,0.0,0.0
149.1345980167389,-0.9599999999999991,1.986,4.443119999999995,0.2525,0.0,0.05235987755982988
149.23269414901733,-0.9369999999999994,1.984,4.464539999999995,0.2245,0.0,0.20943951023931953
149.33456778526306,-0.9169999999999998,1.984,4.505849999999994,0.1935,0.0,0.41887902047863906
149.4332194328308,-0.9000000000000004,1.984,4.580295307179581,0.166,0.0,0.57246799465414
149.53478837013245,-0.8859999999999992,1.9849999999999999,4.653735307179581,0.1375,0.0,0.7365289443416071
149.63298726081848,-0.8759999999999994,1.9869999999999999,4.7470653071795805,0.103,0.0,0.9320058205649718
149.73454666137695,-0.8680000000000003,1.9889999999999999,4.844985307179581,0.076,0.0,0.9948376736367678
149.83308219909668,-0.8629999999999995,1.9909999999999999,4.944435307179581,0.045,0.0,0.9913470151327791
149.93469858169556,-0.8620000000000001,1.992,5.043885307179581,0.0165,0.0,0.9948376736367678
150.03304815292358,-0.8620000000000001,1.992,5.141805307179581,-0.0025,0.0,0.9878563566287906
150.1346035003662,-0.8610000000000007,1.992,5.236665307179581,0.01,0.0,0.9529497715889039
150.23303365707397,-0.8580000000000005,1.9949999999999999,5.314695307179581,0.041,0.0,0.7714355293814937
150.33463644981384,-0.8539999999999992,2.0,5.371305307179581,0.0735,0.0,0.5794493116621174
150.43308997154236,-0.8469999999999995,2.007,5.415675307179581,0.0985,0.0,0.4328416544945937
150.53499484062195,-0.8390000000000004,2.017,5.4386253071795805,0.133,0.0,0.23387411976724018
150.63335490226746,-0.8300000000000001,2.03,5.44627530717958,0.161,0.0,0.06981317007977318
150.73497772216797,-0.8189999999999991,2.043,5.44015530717958,0.1665,0.0,-0.059341194567807204
150.83332586288452,-0.8109999999999999,2.0549999999999997,5.418735307179581,0.141,0.0,-0.2059488517353309
150.9349639415741,-0.8040000000000003,2.0629999999999997,5.377425307179581,0.098,0.0,-0.41887902047863906
151.0334644317627,-0.798,2.069,5.322345307179581,0.0815,0.0,-0.5585053606381855
151.13489484786987,-0.7949999999999999,2.072,5.2458453071795805,0.0445,0.0,-0.7539822368615503
151.2334268093109,-0.7929999999999993,2.073,5.15404530717958,0.014,0.0,-0.9285151620609834
151.3350510597229,-0.7929999999999993,2.073,5.053065307179581,-0.0005,0.0,-1.0053096491487339
151.43343806266785,-0.7940000000000005,2.073,4.959735307179581,-0.0025,0.0,-0.9354964790689607
151.53505563735962,-0.7940000000000005,2.073,4.88323530717958,-0.0005,0.0,-0.778416846389471
151.63355112075806,-0.7929999999999993,2.073,4.825095307179581,0.0015,0.0,-0.5689773361501514
151.73520183563232,-0.7929999999999993,2.073,4.78378530717958,-0.002,0.0,-0.4223696789826278
151.8336443901062,-0.7940000000000005,2.073,4.759305307179581,0.0,0.0,-0.23736477827122882
151.93534302711487,-0.7929999999999993,2.073,4.751655307179581,0.0095,0.0,-0.07679448708775051
152.03364992141724,-0.7889999999999997,2.074,4.751655307179581,0.041,0.0,0.0
152.1353087425232,-0.782,2.076,4.751655307179581,0.0735,0.0,0.0
152.23376202583313,-0.7729999999999997,2.078,4.751655307179581,0.1005,0.0,0.0
152.3353853225708,-0.7599999999999998,2.081,4.751655307179581,0.134,0.0,-0.003490658503988659
152.43390583992004,-0.7449999999999992,2.084,4.751655307179581,0.1605,0.0,0.0
152.53558111190796,-0.7270000000000003,2.088,4.751655307179581,0.1915,0.0,0.0
152.63386130332947,-0.7050000000000001,2.093,4.751655307179581,0.2215,0.0,0.0
152.73640775680542,-0.6809999999999992,2.0989999999999998,4.751655307179581,0.25,0.0,0.003490658503988659
152.83401608467102,-0.6539999999999999,2.105,4.751655307179581,0.281,0.0,-0.003490658503988659
152.9358229637146,-0.6259999999999994,2.1109999999999998,4.757775307179581,0.283,0.0,0.05585053606381855
153.03407096862793,-0.5999999999999996,2.117,4.777665307179581,0.2545,0.0,0.20245819323134223
153.13578295707703,-0.5790000000000006,2.1229999999999998,4.820505307179581,0.2225,0.0,0.4328416544945937
153.23415899276733,-0.5600000000000005,2.129,4.877115307179581,0.1955,0.0,0.5619960191421741
153.33610033988953,-0.5440000000000005,2.136,4.952085307179581,0.166,0.0,0.747000919853573
153.4343945980072,-0.532,2.142,5.043885307179581,0.1355,0.0,0.9250245035569946
153.53583073616028,-0.5229999999999997,2.1479999999999997,5.143335307179581,0.106,0.0,0.9913470151327791
153.63427710533142,-0.516,2.153,5.242785307179581,0.076,0.0,0.9983283321407566
153.73609566688538,-0.5129999999999999,2.1559999999999997,5.340705307179581,0.0465,0.0,0.9878563566287906
153.83460187911987,-0.5120000000000005,2.158,5.44015530717958,0.016,0.0,0.9983283321407566
153.93622756004333,-0.5120000000000005,2.158,5.535015307179581,0.0,0.0,0.9389871375729493
154.0345001220703,-0.5120000000000005,2.157,5.611515307179581,-0.006,0.0,0.7749261878854823
154.13617205619812,-0.5109999999999992,2.158,5.669655307179581,0.014,0.0,0.57246799465414
154.23474287986755,-0.5099999999999998,2.162,5.712495307179581,0.042,0.0,0.4328416544945937
154.33639526367188,-0.5079999999999991,2.168,5.7369753071795815,0.07,0.0,0.24434609527920614
154.43483138084412,-0.5039999999999996,2.177,5.743095307179582,0.1045,0.0,0.06632251157578452
154.5364227294922,-0.5,2.189,5.743095307179582,0.13,0.0,-0.010471975511965976
154.6348693370819,-0.4939999999999998,2.2039999999999997,5.743095307179582,0.161,0.0,0.006981317007977318
154.73737025260925,-0.48799999999999955,2.222,5.743095307179582,0.1915,0.0,-0.006981317007977318
154.83493399620056,-0.4800000000000004,2.242,5.743095307179582,0.22,0.0,0.003490658503988659
154.93659567832947,-0.47199999999999953,2.2649999999999997,5.743095307179582,0.2515,0.0,-0.003490658503988659
155.03498148918152,-0.4629999999999992,2.29,5.738505307179581,0.255,0.0,-0.041887902047863905
155.1366114616394,-0.45500000000000007,2.311,5.717085307179581,0.2215,0.0,-0.21293016874330817
155.23504328727722,-0.4469999999999992,2.3289999999999997,5.677305307179582,0.194,0.0,-0.40142572795869574
155.33673691749573,-0.4399999999999995,2.3449999999999998,5.620695307179581,0.1665,0.0,-0.5654866776461627
155.43585324287415,-0.43299999999999983,2.3569999999999998,5.547255307179581,0.1365,0.0,-0.7295476273336298
155.53667187690735,-0.4269999999999996,2.3659999999999997,5.456985307179582,0.1065,0.0,-0.9110618695410401
155.63558197021484,-0.4220000000000006,2.372,5.356005307179581,0.0755,0.0,-1.0018189906447452
155.7369692325592,-0.41799999999999926,2.376,5.2596153071795815,0.0475,0.0,-0.9634217471008699
155.83551454544067,-0.4169999999999998,2.377,5.186175307179582,0.011,0.0,-0.7435102613495844
155.93693351745605,-0.4169999999999998,2.377,5.128035307179582,-0.0005,0.0,-0.582939970166106
156.0355508327484,-0.41600000000000037,2.377,5.086725307179581,0.0115,0.0,-0.40840704496667307
156.13696455955505,-0.41300000000000026,2.379,5.059185307179582,0.0425,0.0,-0.26529004630313807
156.23549437522888,-0.40700000000000003,2.3819999999999997,5.0530653071795815,0.073,0.0,-0.059341194567807204
156.3370795249939,-0.39899999999999913,2.387,5.054595307179581,0.1,0.0,0.006981317007977318
156.43584203720093,-0.3879999999999999,2.394,5.0530653071795815,0.1335,0.0,-0.006981317007977318
156.53712368011475,-0.37400000000000055,2.402,5.054595307179581,0.161,0.0,0.003490658503988659
156.63556599617004,-0.35800000000000054,2.411,5.0530653071795815,0.1915,0.0,-0.006981317007977318
156.73708081245422,-0.3390000000000004,2.4219999999999997,5.0530653071795815,0.2215,0.0,0.003490658503988659
156.83574223518372,-0.3179999999999996,2.435,5.0530653071795815,0.251,0.0,0.0
156.9372103214264,-0.29299999999999926,2.448,5.0530653071795815,0.281,0.0,0.0
157.03569102287292,-0.26699999999999946,2.464,5.0530653071795815,0.31,0.0,0.0
157.13741660118103,-0.23799999999999955,2.481,5.0530653071795815,0.3415,0.0,0.0
157.2356960773468,-0.20599999999999952,2.4989999999999997,5.054595307179581,0.3665,0.0,0.003490658503988659
157.33747744560242,-0.1720000000000006,2.519,5.0530653071795815,0.401,0.0,-0.003490658503988659
157.43587398529053,-0.1349999999999998,2.54,5.0530653071795815,0.4305,0.0,0.0
157.537437915802,-0.09600000000000009,2.5629999999999997,5.054595307179581,0.4605,0.0,0.0
157.63585329055786,-0.05400000000000027,2.588,5.0530653071795815,0.489,0.0,0.0
157.7375304698944,-0.009999999999999787,2.613,5.0530653071795815,0.501,0.0,0.0
157.83590722084045,0.032999999999999474,2.638,5.0530653071795815,0.495,0.0,0.0
157.93779301643372,0.07600000000000051,2.663,5.0530653071795815,0.497,0.0,0.0
158.0360462665558,0.11899999999999977,2.6879999999999997,5.054595307179581,0.4985,0.0,0.0
158.13763093948364,0.1620000000000008,2.713,5.0530653071795815,0.499,0.0,0.0
158.2361855506897,0.20500000000000007,2.738,5.0530653071795815,0.4985,0.0,0.0
158.33776211738586,0.24799999999999933,2.763,5.0530653071795815,0.498,0.0,0.0
158.4364037513733,0.2919999999999998,2.7880000000000003,5.0530653071795815,0.4985,0.0,0.0
158.53790950775146,0.33500000000000085,2.8129999999999997,5.054595307179581,0.4965,0.0,0.003490658503988659
158.6365237236023,0.3780000000000001,2.839,5.0530653071795815,0.5025,0.0,-0.003490658503988659
158.73798537254333,0.4209999999999994,2.864,5.0530653071795815,0.497,0.0,-0.003490658503988659
158.8364188671112,0.4640000000000004,2.8890000000000002,5.054595307179581,0.4975,0.0,0.003490658503988659
158.93812108039856,0.5069999999999997,2.9139999999999997,5.0530653071795815,0.4995,0.0,0.0
159.0364534854889,0.5510000000000002,2.939,5.054595307179581,0.4975,0.0,0.0
159.13794827461243,0.5939999999999994,2.964,5.0530653071795815,0.4985,0.0,-0.003490658503988659
159.2367684841156,0.6370000000000005,2.989,5.0530653071795815,0.4985,0.0,0.0
159.3379921913147,0.6799999999999997,3.0140000000000002,5.0530653071795815,0.4985,0.0,0.0
159.43652391433716,0.7230000000000008,3.0389999999999997,5.054595307179581,0.4975,0.0,0.003490658503988659
159.538179397583,0.766,3.064,5.054595307179581,0.4995,0.0,0.0
159.63660645484924,0.8100000000000005,3.089,5.0530653071795815,0.4995,0.0,-0.003490658503988659
159.73845028877258,0.8529999999999998,3.114,5.054595307179581,0.4985,0.0,0.0
159.8369264602661,0.8960000000000008,3.1399999999999997,5.0530653071795815,0.4995,0.0,-0.003490658503988659
159.93849301338196,0.9390000000000001,3.165,5.0530653071795815,0.4965,0.0,0.0
160.03692603111267,0.9819999999999993,3.19,5.054595307179581,0.4995,0.0,0.003490658503988659
160.13832473754883,1.0250000000000004,3.215,5.0530653071795815,0.4985,0.0,-0.003490658503988659
160.23677444458008,1.0679999999999996,3.24,5.0530653071795815,0.5005,0.0,0.0
160.33878231048584,1.112,3.2649999999999997,5.0530653071795815,0.498,0.0,0.0
160.43738460540771,1.1549999999999994,3.29,5.054595307179581,0.4965,0.0,0.003490658503988659
160.538512468338,1.1980000000000004,3.315,5.0530653071795815,0.4985,0.0,0.0
160.63717341423035,1.2409999999999997,3.34,5.0530653071795815,0.4985,0.0,0.0
160.7385869026184,1.2839999999999998,3.365,5.0530653071795815,0.5,0.0,0.0
160.83709931373596,1.327,3.3899999999999997,5.0530653071795815,0.499,0.0,-0.003490658503988659
160.93868803977966,1.3710000000000004,3.415,5.054595307179581,0.498,0.0,0.006981317007977318
161.03719425201416,1.4139999999999997,3.44,5.054595307179581,0.498,0.0,0.0
161.13882493972778,1.4569999999999999,3.465,5.0530653071795815,0.4995,0.0,0.0
161.2373821735382,1.5,3.4909999999999997,5.0530653071795815,0.5015,0.0,0.0
161.33904004096985,1.5430000000000001,3.516,5.0530653071795815,0.497,0.0,0.0
161.43758296966553,1.5860000000000003,3.541,5.0530653071795815,0.4985,0.0,0.0
161.53902792930603,1.6290000000000004,3.566,5.0530653071795815,0.4975,0.0,0.0
161.63746333122253,1.673,3.591,5.054595307179581,0.5005,0.0,0.003490658503988659
161.73912525177002,1.7160000000000002,3.6159999999999997,5.0530653071795815,0.5005,0.0,-0.006981317007977318
161.8376326560974,1.7590000000000003,3.641,5.0530653071795815,0.498,0.0,0.0
161.93917298316956,1.8020000000000005,3.666,5.054595307179581,0.497,0.0,0.003490658503988659
162.03753280639648,1.8449999999999998,3.691,5.0530653071795815,0.4985,0.0,0.0
162.1395125389099,1.8890000000000002,3.716,5.054595307179581,0.5005,0.0,0.0
162.23757982254028,1.9320000000000004,3.7409999999999997,5.0530653071795815,0.5005,0.0,0.0
162.3392276763916,1.9749999999999996,3.766,5.0530653071795815,0.4975,0.0,0.0
162.4376401901245,2.018,3.7910000000000004,5.0530653071795815,0.497,0.0,0.0
162.53944158554077,2.061,3.816,5.054595307179581,0.498,0.0,0.003490658503988659
162.63782668113708,2.104,3.8419999999999996,5.054595307179581,0.5,0.0,0.0
162.73965334892273,2.1470000000000002,3.867,5.0530653071795815,0.4985,0.0,-0.006981317007977318
162.8379681110382,2.1900000000000004,3.891,5.057655307179582,0.487,0.0,0.05235987755982988
162.93974900245667,2.229,3.915,5.077545307179581,0.456,0.0,0.18849555921538758
163.03820872306824,2.2649999999999997,3.9379999999999997,5.120385307179581,0.4225,0.0,0.42586033748661634
163.13961577415466,2.298,3.9610000000000003,5.176995307179581,0.397,0.0,0.57246799465414
163.23823142051697,2.327,3.9850000000000003,5.248905307179581,0.369,0.0,0.7260569688296411
163.3397262096405,2.351,4.008,5.342235307179581,0.3345,0.0,0.9250245035569946
163.43805956840515,2.3710000000000004,4.032,5.443215307179582,0.307,0.0,1.0088003076527225
163.53980684280396,2.388,4.056,5.538075307179581,0.298,0.0,0.9599310885968813
163.6382772922516,2.4050000000000002,4.085,5.613045307179581,0.331,0.0,0.7400196028455956
163.73999285697937,2.4210000000000003,4.118,5.6727153071795815,0.3685,0.0,0.5969026041820608
163.8385670185089,2.436,4.154,5.714025307179582,0.395,0.0,0.41887902047863906
163.93983626365662,2.4510000000000005,4.193,5.7369753071795815,0.4225,0.0,0.2303834612632515
164.03843879699707,2.466,4.235,5.741565307179582,0.449,0.0,0.05235987755982988
164.13985633850098,2.4829999999999997,4.28,5.743095307179582,0.486,0.0,0.003490658503988659
164.23832726478577,2.5,4.327,5.743095307179582,0.4995,0.0,0.0
164.34069395065308,2.5170000000000003,4.373,5.738505307179581,0.4835,0.0,-0.048869219055841226
164.43854594230652,2.534,4.416,5.717085307179581,0.4575,0.0,-0.20943951023931953
164.5403709411621,2.55,4.455,5.6727153071795815,0.422,0.0,-0.4363323129985824
164.6386969089508,2.5680000000000005,4.491,5.6161053071795815,0.3955,0.0,-0.57246799465414
164.74014234542847,2.5860000000000003,4.524,5.542665307179581,0.369,0.0,-0.7295476273336298
164.83856558799744,2.6050000000000004,4.552,5.449335307179581,0.334,0.0,-0.9424777960769379
164.94040703773499,2.625,4.576,5.348355307179581,0.309,0.0,-1.0088003076527225
165.0387053489685,2.6450000000000005,4.595,5.247375307179581,0.276,0.0,-1.0053096491487339
165.14025807380676,2.6660000000000004,4.612,5.154045307179581,0.272,0.0,-0.9354964790689607
165.23888516426086,2.691,4.629,5.080605307179581,0.304,0.0,-0.7400196028455956
165.3405203819275,2.7199999999999998,4.645,5.020935307179581,0.335,0.0,-0.603883921190038
165.4387698173523,2.752,4.661,4.979625307179581,0.363,0.0,-0.40840704496667307
165.54042434692383,2.787,4.678,4.955145307179581,0.3955,0.0,-0.23387411976724018
165.63891196250916,2.8260000000000005,4.695,4.949025307179581,0.423,0.0,-0.07330382858376185
165.74053716659546,2.8659999999999997,4.7139999999999995,4.950555307179581,0.453,0.0,0.020943951023931952
165.83892607688904,2.91,4.733,4.949025307179581,0.4815,0.0,-0.017453292519943295
165.94055676460266,2.9560000000000004,4.754,4.950555307179581,0.501,0.0,0.010471975511965976
166.03910899162292,3.0010000000000003,4.774,4.949025307179581,0.499,0.0,-0.006981317007977318
166.14058780670166,3.0469999999999997,4.795,4.950555307179581,0.497,0.0,0.003490658503988659
166.23915266990662,3.0920000000000005,4.8149999999999995,4.949025307179581,0.498,0.0,-0.003490658503988659
166.34072041511536,3.138,4.836,4.950555307179581,0.497,0.0,0.0
166.43918251991272,3.184,4.856,4.949025307179581,0.5015,0.0,-0.003490658503988659
166.54110717773438,3.229,4.877,4.949025307179581,0.4995,0.0,0.0
166.6392629146576,3.2750000000000004,4.897,4.949025307179581,0.4955,0.0,0.0
166.74100589752197,3.3200000000000003,4.917,4.950555307179581,0.4975,0.0,0.0
166.8393795490265,3.3659999999999997,4.938,4.949025307179581,0.4985,0.0,0.0
166.941143989563,3.4110000000000005,4.958,4.950555307179581,0.5005,0.0,0.0
167.03944730758667,3.457,4.979,4.949025307179581,0.498,0.0,-0.003490658503988659
167.14107131958008,3.502,4.999,4.950555307179581,0.4995,0.0,0.003490658503988659
167.23959183692932,3.548,5.02,4.949025307179581,0.4955,0.0,0.0
167.34172773361206,3.593,5.04,4.950555307179581,0.499,0.0,0.003490658503988659
167.43980026245117,3.6390000000000002,5.061,4.949025307179581,0.502,0.0,-0.003490658503988659
167.5415050983429,3.6850000000000005,5.0809999999999995,4.950555307179581,0.498,0.0,0.0
167.63963890075684,3.7300000000000004,5.101,4.950555307179581,0.498,0.0,0.0
167.74128341674805,3.776,5.122,4.949025307179581,0.497,0.0,0.0
167.83978748321533,3.8200000000000003,5.142,4.9459653071795815,0.4865,0.0,-0.038397243543875255
167.94148969650269,3.8630000000000004,5.16,4.926075307179581,0.459,0.0,-0.20245819323134223
168.0397665500641,3.902,5.176,4.883235307179581,0.42,0.0,-0.4293509959906051
168.1416437625885,3.9400000000000004,5.189,4.826625307179581,0.397,0.0,-0.5585053606381855
168.2399754524231,3.976,5.199,4.754715307179581,0.3665,0.0,-0.7225663103256524
168.34150075912476,4.009,5.205,4.661385307179581,0.333,0.0,-0.9354964790689607
168.44058275222778,4.04,5.207,4.560405307179582,0.3055,0.0,-1.0157816246606999
168.54158639907837,4.069,5.207,4.444649999999995,0.279,0.0,-0.9843656981248019
168.64007759094238,4.094,5.204,4.345199999999995,0.248,0.0,-0.9983283321407566
168.74174165725708,4.115,5.199,4.247279999999995,0.2175,0.0,-0.9773843811168246
168.84054803848267,4.134,5.193,4.147829999999995,0.1875,0.0,-0.9983283321407566
168.94176506996155,4.148,5.187,4.054499999999995,0.1565,0.0,-0.9424777960769379
169.04018020629883,4.16,5.181,3.9764699999999946,0.133,0.0,-0.7714355293814937
169.1418080329895,4.1690000000000005,5.175,3.9183299999999948,0.099,0.0,-0.5864306286700948
169.24025988578796,4.175,5.171,3.8785499999999944,0.067,0.0,-0.3979350694547072
169.34197402000427,4.178,5.168,3.8540699999999948,0.039,0.0,-0.24434609527920614
169.440603017807,4.181,5.167,3.846419999999995,0.035,0.0,-0.06981317007977318
169.54208421707153,4.1850000000000005,5.163,3.8494799999999945,0.067,0.0,0.024434609527920613
169.6407434940338,4.1930000000000005,5.157,3.8479499999999947,0.0975,0.0,-0.020943951023931952
169.74252605438232,4.202,5.15,3.8494799999999945,0.121,0.0,0.017453292519943295
169.8404996395111,4.214,5.14,3.8479499999999947,0.1585,0.0,-0.013962634015954637
169.9426875114441,4.229,5.129,3.8479499999999947,0.1845,0.0,0.003490658503988659
170.0406255722046,4.245,5.116,3.8479499999999947,0.214,0.0,0.0
170.14219284057617,4.264,5.101,3.8479499999999947,0.246,0.0,-0.003490658503988659
170.24064326286316,4.285,5.084,3.8479499999999947,0.273,0.0,0.003490658503988659
170.34265756607056,4.309,5.066,3.8479499999999947,0.3055,0.0,-0.003490658503988659
170.44084310531616,4.335,5.045,3.8479499999999947,0.333,0.0,0.003490658503988659
170.54321932792664,4.363,5.023,3.8479499999999947,0.363,0.0,0.0
170.6408727169037,4.394,4.999,3.8479499999999947,0.394,0.0,0.003490658503988659
170.7431344985962,4.4270000000000005,4.973,3.8479499999999947,0.424,0.0,0.0
170.84101748466492,4.463,4.945,3.8479499999999947,0.451,0.0,0.0
170.94261837005615,4.5,4.916,3.8479499999999947,0.482,0.0,0.0
171.04121685028076,4.54,4.885,3.8479499999999947,0.501,0.0,0.0
171.14274382591248,4.579,4.854,3.8479499999999947,0.5,0.0,0.0
171.24177169799805,4.618,4.8229999999999995,3.8479499999999947,0.4995,0.0,0.0
171.34276962280273,4.657,4.792,3.8479499999999947,0.4985,0.0,0.0
171.4413697719574,4.697,4.761,3.8479499999999947,0.4965,0.0,0.0
171.5429379940033,4.736,4.731,3.8479499999999947,0.499,0.0,0.0
171.6414110660553,4.775,4.7,3.8479499999999947,0.5015,0.0,0.0
171.74303889274597,4.815,4.669,3.8479499999999947,0.5,0.0,0.0
171.84138345718384,4.854,4.638,3.8479499999999947,0.498,0.0,0.003490658503988659
171.94356036186218,4.893,4.607,3.8479499999999947,0.4985,0.0,0.0
172.0415666103363,4.932,4.576,3.8479499999999947,0.5,0.0,0.0
172.14310669898987,4.972,4.546,3.8479499999999947,0.5005,0.0,0.0
172.24168848991394,5.011,4.515,3.8479499999999947,0.499,0.0,0.0
172.34331059455872,5.049,4.485,3.8433599999999943,0.4845,0.0,-0.048869219055841226
172.44207453727722,5.085,4.455,3.8219399999999943,0.4565,0.0,-0.2059488517353309
172.54411911964417,5.118,4.428,3.7790999999999944,0.4245,0.0,-0.42586033748661634
172.64196729660034,5.147,4.4,3.7209599999999945,0.398,0.0,-0.582939970166106
172.743745803833,5.172,4.372,3.6475199999999948,0.371,0.0,-0.7400196028455956
172.84218668937683,5.1930000000000005,4.346,3.5557199999999947,0.3355,0.0,-0.9285151620609834
172.94347095489502,5.2090000000000005,4.32,3.453209999999995,0.3045,0.0,-1.0192722831646883
173.04193758964539,5.2219999999999995,4.294,3.3552899999999948,0.279,0.0,-0.9878563566287906
173.14354991912842,5.231,4.271,3.2558399999999947,0.2485,0.0,-0.9808750396208132
173.2419877052307,5.236000000000001,4.249,3.1579199999999954,0.2185,0.0,-0.9948376736367678
173.34462308883667,5.239,4.231,3.0584699999999945,0.186,0.0,-0.9983283321407566
173.44211649894714,5.24,4.2139999999999995,2.960549999999995,0.161,0.0,-0.9808750396208132
173.54390573501587,5.24,4.201,2.861099999999995,0.13,0.0,-0.9878563566287906
173.64233231544495,5.239,4.1899999999999995,2.7631799999999958,0.1015,0.0,-0.9808750396208132
173.7437460422516,5.237,4.184,2.663729999999995,0.066,0.0,-1.0053096491487339
173.84220051765442,5.236000000000001,4.179,2.564279999999995,0.039,0.0,-0.9913470151327791
173.94367861747742,5.234999999999999,4.178,2.4663599999999954,0.012,0.0,-0.9843656981248019
174.04243755340576,5.234999999999999,4.178,2.3669099999999954,-0.004,0.0,-0.9983283321407566
174.1439666748047,5.234999999999999,4.179,2.2659299999999956,-0.0035,0.0,-1.0088003076527225
174.24237084388733,5.234999999999999,4.178,2.169539999999995,0.0035,0.0,-0.9738937226128358
174.34390377998352,5.234999999999999,4.178,2.071619999999995,0.003,0.0,-0.9808750396208132
174.44230222702026,5.234999999999999,4.178,1.9706399999999957,-0.002,0.0,-1.0053096491487339
174.5444836616516,5.234999999999999,4.178,1.8711899999999957,-0.0015,0.0,-0.9913470151327791
174.64260458946228,5.234999999999999,4.178,1.7747999999999957,-0.0025,0.0,-0.9669124056048585
174.74423909187317,5.234999999999999,4.178,1.6998299999999957,0.001,0.0,-0.7574728953655391
174.84257578849792,5.234999999999999,4.178,1.6401599999999956,0.0005,0.0,-0.5864306286700948
174.94443130493164,5.234999999999999,4.178,1.5973199999999956,0.0005,0.0,-0.42586033748661634
175.04282927513123,5.234999999999999,4.178,1.572839999999996,-0.0025,0.0,-0.25132741228718347
175.14438128471375,5.234999999999999,4.178,1.5636599999999963,-0.0005,0.0,-0.08377580409572781
175.24290585517883,5.234999999999999,4.178,1.569779999999996,-0.0015,0.0,0.059341194567807204
175.34436798095703,5.234999999999999,4.178,1.594259999999996,0.003,0.0,0.24434609527920614
175.44282293319702,5.234999999999999,4.178,1.640159999999996,-0.0025,0.0,0.45029494701453704
175.54562306404114,5.234999999999999,4.178,1.6998299999999962,0.0,0.0,0.6073745796940266
175.64312934875488,5.234999999999999,4.178,1.779389999999996,-0.0005,0.0,0.7853981633974483
175.74454045295715,5.234999999999999,4.178,1.8757799999999965,-0.001,0.0,0.9634217471008699
175.8434648513794,5.234999999999999,4.178,1.969109999999996,0.0145,0.0,0.9459684545809266
175.9453423023224,5.232,4.176,2.048669999999996,0.0395,0.0,0.7958701389094144
176.0431296825409,5.226,4.171,2.106809999999996,0.078,0.0,0.5759586531581288
176.1446452140808,5.219,4.165,2.1511799999999957,0.0985,0.0,0.4468042885105484
176.24313497543335,5.21,4.156,2.177189999999996,0.131,0.0,0.2548180707911721
176.3456666469574,5.199,4.144,2.183309999999996,0.164,0.0,0.06632251157578452
176.44348120689392,5.186,4.131,2.183309999999996,0.1875,0.0,0.0
176.5451900959015,5.171,4.115,2.183309999999996,0.223,0.0,0.0
176.64347434043884,5.154,4.0969999999999995,2.183309999999996,0.249,0.0,0.0
176.74492049217224,5.135,4.077,2.183309999999996,0.281,0.0,0.0
176.84348559379578,5.114,4.055,2.183309999999996,0.3095,0.0,0.003490658503988659
176.9450647830963,5.091,4.031,2.183309999999996,0.3395,0.0,0.0
177.0435061454773,5.065,4.004,2.183309999999996,0.37,0.0,0.0
177.14499044418335,5.038,3.976,2.183309999999996,0.3985,0.0,0.0
177.24354219436646,5.008,3.9450000000000003,2.183309999999996,0.4295,0.0,0.0
177.34522485733032,4.977,3.912,2.183309999999996,0.46,0.0,-0.006981317007977318
177.4436514377594,4.9430000000000005,3.877,2.183309999999996,0.488,0.0,0.003490658503988659
177.54526019096375,4.908,3.841,2.183309999999996,0.503,0.0,0.0
177.64367532730103,4.874,3.8049999999999997,2.183309999999996,0.498,0.0,0.003490658503988659
177.7453899383545,4.84,3.769,2.183309999999996,0.496,0.0,-0.006981317007977318
177.84412169456482,4.805,3.732,2.183309999999996,0.5005,0.0,0.0
177.9455304145813,4.7700000000000005,3.697,2.183309999999996,0.497,0.0,0.0
178.04416060447693,4.736,3.661,2.183309999999996,0.499,0.0,0.006981317007977318
178.14585423469543,4.7010000000000005,3.6239999999999997,2.183309999999996,0.4995,0.0,-0.006981317007977318
178.24428796768188,4.667,3.588,2.183309999999996,0.496,0.0,0.003490658503988659
178.3456904888153,4.632,3.5519999999999996,2.183309999999996,0.499,0.0,-0.003490658503988659
178.44400906562805,4.598,3.516,2.183309999999996,0.5,0.0,0.0
178.5459966659546,4.563,3.48,2.183309999999996,0.4995,0.0,0.0
178.6440978050232,4.529,3.444,2.183309999999996,0.497,0.0,0.0
178.7460196018219,4.494,3.408,2.183309999999996,0.5,0.0,0.0
178.84412121772766,4.46,3.372,2.183309999999996,0.4975,0.0,0.0
178.94561195373535,4.425,3.336,2.183309999999996,0.4995,0.0,0.0
179.04452180862427,4.391,3.3,2.183309999999996,0.501,0.0,0.003490658503988659
179.14570999145508,4.356,3.2640000000000002,2.183309999999996,0.497,0.0,-0.003490658503988659
179.24444603919983,4.322,3.2279999999999998,2.183309999999996,0.496,0.0,0.003490658503988659
179.34577417373657,4.287,3.192,2.183309999999996,0.5,0.0,-0.003490658503988659
179.44427394866943,4.252,3.1559999999999997,2.183309999999996,0.502,0.0,0.0
179.54587769508362,4.218,3.12,2.183309999999996,0.497,0.0,0.003490658503988659
179.64446353912354,4.183,3.0839999999999996,2.183309999999996,0.4985,0.0,0.0
179.74594283103943,4.149,3.048,2.1817799999999963,0.497,0.0,-0.006981317007977318
179.8443672657013,4.114,3.012,2.183309999999996,0.498,0.0,0.003490658503988659
179.94631505012512,4.08,2.9749999999999996,2.183309999999996,0.503,0.0,0.0
180.04453825950623,4.045,2.939,2.183309999999996,0.5,0.0,0.0
180.14668941497803,4.011,2.903,2.183309999999996,0.4975,0.0,0.0
180.24480676651,3.976,2.867,2.183309999999996,0.499,0.0,-0.003490658503988659
180.3462691307068,3.942,2.831,2.1817799999999963,0.4995,0.0,-0.003490658503988659
180.44470596313477,3.907,2.795,2.183309999999996,0.5005,0.0,0.006981317007977318
180.5463581085205,3.873,2.759,2.183309999999996,0.4975,0.0,0.0
180.64574527740479,3.838,2.723,2.183309999999996,0.4975,0.0,0.0
180.74640607833862,3.8040000000000003,2.6879999999999997,2.1878999999999964,0.485,0.0,0.04537856055185257
180.84495854377747,3.7729999999999997,2.654,2.2093199999999964,0.4595,0.0,0.21293016874330817
180.94657826423645,3.7439999999999998,2.621,2.2506299999999966,0.424,0.0,0.4153883619746504
181.04519605636597,3.7199999999999998,2.59,2.3102999999999962,0.3945,0.0,0.5899212871740833
181.14733839035034,3.699,2.559,2.383739999999996,0.37,0.0,0.7400196028455956
181.2452163696289,3.6820000000000004,2.53,2.475539999999997,0.3335,0.0,0.9250245035569946
181.3467435836792,3.6690000000000005,2.502,2.576519999999995,0.305,0.0,1.0122909661567112
181.4450421333313,3.66,2.475,2.675969999999996,0.2765,0.0,1.0018189906447452
181.54661417007446,3.6550000000000002,2.451,2.769299999999996,0.2485,0.0,0.9285151620609834
181.64513897895813,3.652,2.428,2.8488599999999966,0.2205,0.0,0.7958701389094144
181.74705410003662,3.651,2.409,2.9054699999999967,0.188,0.0,0.5689773361501514
181.84568738937378,3.6500000000000004,2.393,2.946779999999997,0.1575,0.0,0.40491638646268446
181.9468584060669,3.651,2.38,2.9712599999999965,0.1265,0.0,0.24783675378319478
182.04586601257324,3.651,2.37,2.9773799999999966,0.098,0.0,0.05235987755982988
182.1474187374115,3.651,2.362,2.9681999999999977,0.07,0.0,-0.08726646259971647
182.2460458278656,3.651,2.3579999999999997,2.9421899999999965,0.041,0.0,-0.25830872929516074
182.34690618515015,3.651,2.356,2.8978199999999967,0.0105,0.0,-0.44331363000655966
182.44567441940308,3.651,2.3569999999999998,2.8350899999999974,-0.004,0.0,-0.6213372137099813
182.54731130599976,3.651,2.3569999999999998,2.7555299999999967,0.002,0.0,-0.7958701389094144
182.64599657058716,3.651,2.3569999999999998,2.6591399999999963,-0.001,0.0,-0.9634217471008699
182.7473816871643,3.651,2.3569999999999998,2.559689999999997,0.0005,0.0,-0.9983283321407566
182.84586811065674,3.651,2.3569999999999998,2.460239999999997,-0.002,0.0,-0.9948376736367678
182.94743871688843,3.651,2.3569999999999998,2.362319999999997,0.0005,0.0,-0.9878563566287906
183.0458505153656,3.651,2.3569999999999998,2.2628699999999977,-0.0005,0.0,-0.9948376736367678
183.14742517471313,3.651,2.3569999999999998,2.1649499999999975,0.0,0.0,-0.9843656981248019
183.24585056304932,3.651,2.3569999999999998,2.0639699999999968,-0.0015,0.0,-1.0018189906447452
183.34749674797058,3.651,2.3569999999999998,1.9660499999999972,-0.0015,0.0,-0.9913470151327791
183.4460253715515,3.651,2.3569999999999998,1.8665999999999972,-0.001,0.0,-0.9948376736367678
183.54763317108154,3.651,2.3569999999999998,1.7671499999999976,0.001,0.0,-0.9878563566287906
183.64603662490845,3.651,2.3569999999999998,1.667699999999998,-0.0005,0.0,-0.9948376736367678
183.7476773262024,3.651,2.3569999999999998,1.5682499999999975,-0.001,0.0,-0.9948376736367678
183.84625339508057,3.651,2.3569999999999998,1.4703299999999977,-0.001,0.0,-0.9913470151327791
183.94749975204468,3.651,2.3569999999999998,1.370879999999998,-0.0005,0.0,-0.9634217471008699
184.0461709499359,3.651,2.3569999999999998,1.2959099999999981,0.0015,0.0,-0.7435102613495844
184.1483862400055,3.651,2.3569999999999998,1.239299999999998,0.0005,0.0,-0.5794493116621174
184.24630784988403,3.651,2.3569999999999998,1.1964599999999985,0.0005,0.0,-0.4223696789826278
184.34808111190796,3.6500000000000004,2.3569999999999998,1.1704499999999978,0.0085,0.0,-0.25132741228718347
184.44660449028015,3.6470000000000002,2.3579999999999997,1.164329999999998,0.043,0.0,-0.06632251157578452
184.54791688919067,3.6399999999999997,2.359,1.164329999999998,0.0715,0.0,0.003490658503988659
184.64639711380005,3.63,2.3609999999999998,1.164329999999998,0.1015,0.0,0.0
184.74815726280212,3.6180000000000003,2.364,1.164329999999998,0.133,0.0,-0.003490658503988659
184.84655046463013,3.6020000000000003,2.367,1.164329999999998,0.16,0.0,0.0
184.94839143753052,3.5860000000000003,2.371,1.1597399999999978,0.1675,0.0,-0.048869219055841226
185.04657983779907,3.572,2.3739999999999997,1.1383199999999978,0.138,0.0,-0.20943951023931953
185.1483907699585,3.5620000000000003,2.377,1.0954799999999978,0.0995,0.0,-0.42586033748661634
185.24665927886963,3.5540000000000003,2.379,1.0403999999999975,0.08,0.0,-0.5585053606381855
185.3484845161438,3.5490000000000004,2.381,0.9654299999999976,0.0475,0.0,-0.7400196028455956
185.44677424430847,3.548,2.3819999999999997,0.8720999999999981,0.0115,0.0,-0.9354964790689607
185.54841995239258,3.548,2.3819999999999997,0.7726499999999981,0.0015,0.0,-0.9983283321407566
185.64689445495605,3.548,2.3819999999999997,0.6731999999999985,-0.0005,0.0,-0.9948376736367678
185.74835109710693,3.548,2.381,0.5783399999999979,-0.0035,0.0,-0.9564404300928925
185.84722781181335,3.548,2.381,0.5033699999999983,-0.0005,0.0,-0.7574728953655391
185.94866061210632,3.548,2.3819999999999997,0.445229999999998,0.0005,0.0,-0.5759586531581288
186.04691553115845,3.548,2.3819999999999997,0.40238999999999847,-0.0005,0.0,-0.4223696789826278
186.14871668815613,3.548,2.3819999999999997,0.3794399999999982,0.0,0.0,-0.23387411976724018
186.24708700180054,3.548,2.3819999999999997,0.3733199999999981,-0.0015,0.0,-0.06632251157578452
186.34912204742432,3.548,2.3819999999999997,0.3794399999999982,0.0,0.0,0.05585053606381855
186.44725608825684,3.5469999999999997,2.3819999999999997,0.39626999999999835,0.0145,0.0,0.17453292519943295
186.54885530471802,3.545,2.385,0.4008599999999982,0.0375,0.0,0.05235987755982988
186.64723110198975,3.5410000000000004,2.391,0.3993299999999984,0.075,0.0,-0.013962634015954637
186.74882245063782,3.5360000000000005,2.399,0.40238999999999847,0.101,0.0,0.020943951023931952
186.84734916687012,3.529,2.41,0.3993299999999984,0.132,0.0,-0.020943951023931952
186.94878911972046,3.5200000000000005,2.423,0.4008599999999982,0.1625,0.0,0.013962634015954637
187.0474395751953,3.51,2.4379999999999997,0.3993299999999984,0.19,0.0,-0.013962634015954637
187.14916324615479,3.497,2.457,0.4008599999999982,0.223,0.0,0.010471975511965976
187.24722838401794,3.484,2.477,0.4008599999999982,0.2495,0.0,-0.003490658503988659
187.34886837005615,3.468,2.5,0.4008599999999982,0.2825,0.0,0.003490658503988659
187.44752097129822,3.4510000000000005,2.526,0.4008599999999982,0.309,0.0,0.0
187.5490779876709,3.4320000000000004,2.554,0.4008599999999982,0.341,0.0,0.0
187.64765119552612,3.412,2.584,0.4008599999999982,0.3685,0.0,0.0
187.74925923347473,3.3899999999999997,2.617,0.4008599999999982,0.4,0.0,0.0
187.8475480079651,3.3659999999999997,2.652,0.4008599999999982,0.4285,0.0,0.0
187.94932174682617,3.341,2.69,0.4008599999999982,0.4585,0.0,0.0
188.04780912399292,3.314,2.731,0.4008599999999982,0.4875,0.0,0.0
188.14919304847717,3.2860000000000005,2.7720000000000002,0.4008599999999982,0.5,0.0,0.0
188.248037815094,3.258,2.814,0.4008599999999982,0.497,0.0,-0.003490658503988659
188.34934496879578,3.2300000000000004,2.855,0.4008599999999982,0.5005,0.0,0.003490658503988659
188.44781064987183,3.202,2.8970000000000002,0.4008599999999982,0.5015,0.0,0.0
188.54940390586853,3.175,2.9379999999999997,0.4008599999999982,0.496,0.0,0.003490658503988659
188.64791107177734,3.1470000000000002,2.979,0.4008599999999982,0.5,0.0,-0.003490658503988659
188.74956941604614,3.1189999999999998,3.021,0.4008599999999982,0.4985,0.0,0.0
188.84783482551575,3.0920000000000005,3.062,0.4008599999999982,0.4985,0.0,0.0
188.9495415687561,3.064,3.104,0.4008599999999982,0.4995,0.0,0.0
189.04809951782227,3.0360000000000005,3.145,0.4008599999999982,0.4975,0.0,0.0
189.1497859954834,3.008,3.187,0.4008599999999982,0.499,0.0,0.0
189.24822521209717,2.9800000000000004,3.2279999999999998,0.4008599999999982,0.501,0.0,0.0
189.34998726844788,2.952,3.27,0.4008599999999982,0.5,0.0,0.0
189.44823622703552,2.925,3.311,0.4008599999999982,0.4965,0.0,-0.006981317007977318
189.54974937438965,2.8970000000000002,3.3529999999999998,0.4008599999999982,0.4985,0.0,0.003490658503988659
189.6485939025879,2.8689999999999998,3.394,0.4008599999999982,0.4985,0.0,0.0
189.75014972686768,2.841,3.436,0.4008599999999982,0.4995,0.0,0.0
189.84848523139954,2.814,3.477,0.4008599999999982,0.5005,0.0,-0.006981317007977318
189.95072078704834,2.7860000000000005,3.519,0.4008599999999982,0.498,0.0,0.0
190.04882526397705,2.758,3.5599999999999996,0.4008599999999982,0.497,0.0,0.0
190.15022158622742,2.7300000000000004,3.601,0.4008599999999982,0.4985,0.0,0.0
190.24905705451965,2.702,3.643,0.4008599999999982,0.5015,0.0,0.0
190.35005950927734,2.675,3.684,0.4008599999999982,0.4985,0.0,0.0
190.44867658615112,2.6470000000000002,3.726,0.4008599999999982,0.499,0.0,0.0
190.55047249794006,2.6189999999999998,3.7670000000000003,0.4008599999999982,0.4965,0.0,0.0
190.64896535873413,2.5920000000000005,3.808,0.4039199999999983,0.487,0.0,0.03490658503988659
190.75047278404236,2.5650000000000004,3.846,0.4253399999999983,0.4615,0.0,0.20943951023931953
190.84871768951416,2.54,3.8810000000000002,0.466649999999998,0.4235,0.0,0.40840704496667307
190.9503879547119,2.5149999999999997,3.912,0.5232599999999976,0.397,0.0,0.57246799465414
191.0488600730896,2.49,3.939,0.595169999999998,0.365,0.0,0.7225663103256524
191.1504237651825,2.465,3.9619999999999997,0.6884999999999979,0.3345,0.0,0.9320058205649718
191.24903082847595,2.4400000000000004,3.9799999999999995,0.7894799999999973,0.306,0.0,1.0088003076527225
191.3505163192749,2.4160000000000004,3.995,0.8889299999999973,0.276,0.0,1.0018189906447452
191.44900369644165,2.393,4.006,0.9883799999999974,0.249,0.0,0.9808750396208132
191.5504970550537,2.372,4.013,1.0862999999999972,0.22,0.0,0.9948376736367678
191.64914083480835,2.3529999999999998,4.018,1.1872799999999974,0.185,0.0,0.9983283321407566
191.75051188468933,2.3360000000000003,4.02,1.2806099999999965,0.182,0.0,0.9459684545809266
191.84912180900574,2.3150000000000004,4.021,1.3555799999999965,0.215,0.0,0.747000919853573
191.95067048072815,2.29,4.021,1.418309999999997,0.248,0.0,0.5899212871740833
192.04942297935486,2.2640000000000002,4.019,1.4596199999999968,0.27,0.0,0.40840704496667307
192.15105557441711,2.2329999999999997,4.017,1.4840999999999973,0.307,0.0,0.24434609527920614
192.249370098114,2.2,4.013,1.490219999999997,0.335,0.0,0.06632251157578452
192.35075783729553,2.165,4.009,1.4886899999999972,0.3635,0.0,-0.010471975511965976
192.44940638542175,2.128,4.005,1.4840999999999973,0.3685,0.0,-0.041887902047863905
192.55108380317688,2.093,4.002,1.4642099999999971,0.3355,0.0,-0.20943951023931953
192.64960598945618,2.0629999999999997,4.0,1.4228999999999974,0.307,0.0,-0.40142572795869574
192.7510485649109,2.035,3.9989999999999997,1.361699999999998,0.278,0.0,-0.582939970166106
192.84934425354004,2.0090000000000003,4.0,1.289789999999998,0.2505,0.0,-0.7225663103256524
192.9513475894928,1.987,4.003,1.196459999999998,0.217,0.0,-0.9320058205649718
193.0497601032257,1.9690000000000003,4.008,1.097009999999998,0.186,0.0,-1.0088003076527225
193.15158033370972,1.9530000000000003,4.013,0.997559999999998,0.1595,0.0,-0.9878563566287906
193.25014400482178,1.9409999999999998,4.019,0.901169999999998,0.1305,0.0,-0.9738937226128358
193.35140419006348,1.9320000000000004,4.024,0.8078399999999986,0.098,0.0,-0.9354964790689607
193.44979190826416,1.9260000000000002,4.028,0.7298099999999981,0.0665,0.0,-0.7819075048934596
193.551504611969,1.923,4.03,0.6716699999999982,0.0405,0.0,-0.5759586531581288
193.6503267288208,1.9219999999999997,4.031,0.630359999999998,0.011,0.0,-0.40840704496667307
193.75173616409302,1.9219999999999997,4.031,0.6074099999999987,-0.0005,0.0,-0.23387411976724018
193.8500657081604,1.9219999999999997,4.032,0.5997599999999983,0.005,0.0,-0.08377580409572781
193.95175647735596,1.9190000000000005,4.034,0.5997599999999983,0.042,0.0,0.0
194.0501365661621,1.9139999999999997,4.039,0.5982299999999985,0.0735,0.0,-0.003490658503988659
194.15178036689758,1.907,4.046,0.5997599999999983,0.0995,0.0,0.003490658503988659
194.250563621521,1.8979999999999997,4.055,0.5982299999999985,0.135,0.0,-0.003490658503988659
194.3518123626709,1.8870000000000005,4.066,0.5982299999999985,0.1595,0.0,0.0
194.4506504535675,1.8730000000000002,4.08,0.5982299999999985,0.193,0.0,0.0
194.55189752578735,1.8579999999999997,4.095,0.5982299999999985,0.2195,0.0,0.0
194.65025997161865,1.8399999999999999,4.112,0.5982299999999985,0.252,0.0,0.0
194.75178599357605,1.8209999999999997,4.132,0.5982299999999985,0.2805,0.0,0.0
194.8503019809723,1.7990000000000004,4.153,0.5997599999999983,0.3105,0.0,0.003490658503988659
194.95185446739197,1.7750000000000004,4.177,0.5982299999999985,0.342,0.0,-0.003490658503988659
195.05048418045044,1.7489999999999997,4.203,0.5997599999999983,0.368,0.0,0.003490658503988659
195.15196299552917,1.721,4.231,0.5997599999999983,0.4005,0.0,0.0
195.25052070617676,1.6909999999999998,4.261,0.5997599999999983,0.429,0.0,0.0
195.35198426246643,1.6589999999999998,4.293,0.5997599999999983,0.457,0.0,0.0
195.4506025314331,1.6239999999999997,4.327,0.5997599999999983,0.4885,0.0,0.0
195.5521366596222,1.588,4.3629999999999995,0.5982299999999985,0.4995,0.0,-0.003490658503988659
195.65118145942688,1.553,4.398,0.5982299999999985,0.4975,0.0,0.0
195.75206518173218,1.5179999999999998,4.433,0.5982299999999985,0.5,0.0,-0.003490658503988659
195.85053896903992,1.4820000000000002,4.468,0.5982299999999985,0.4985,0.0,0.0
195.95244765281677,1.447,4.503,0.5982299999999985,0.4995,0.0,0.003490658503988659
196.05082893371582,1.412,4.538,0.5982299999999985,0.4975,0.0,0.0
196.15253138542175,1.3760000000000003,4.5729999999999995,0.5982299999999985,0.4995,0.0,-0.003490658503988659
196.25096321105957,1.3410000000000002,4.609,0.5982299999999985,0.499,0.0,0.0
196.35248041152954,1.3049999999999997,4.644,0.5997599999999983,0.4965,0.0,0.003490658503988659
196.4509539604187,1.2700000000000005,4.679,0.5982299999999985,0.4995,0.0,0.0
196.55262351036072,1.234,4.7139999999999995,0.5997599999999983,0.4975,0.0,0.0
196.65091705322266,1.1989999999999998,4.749,0.5982299999999985,0.5015,0.0,0.0
196.75243043899536,1.1630000000000003,4.785,0.5982299999999985,0.5,0.0,-0.003490658503988659
196.8510022163391,1.1280000000000001,4.82,0.5997599999999983,0.496,0.0,0.003490658503988659
196.95255088806152,1.093,4.8549999999999995,0.5982299999999985,0.4975,0.0,0.0
197.0512444972992,1.0570000000000004,4.89,0.5997599999999983,0.4985,0.0,0.0
197.15268898010254,1.0220000000000002,4.925,0.5982299999999985,0.5005,0.0,-0.006981317007977318
197.2515251636505,0.9870000000000001,4.96,0.6028199999999984,0.4845,0.0,0.04537856055185257
197.3526451587677,0.9540000000000006,4.992,0.6227099999999981,0.4605,0.0,0.1989675347273536
197.45138311386108,0.9220000000000006,5.021,0.6655499999999981,0.4195,0.0,0.4223696789826278
197.55278372764587,0.891,5.046,0.7221599999999981,0.3955,0.0,0.5689773361501514
197.6512176990509,0.8610000000000007,5.068,0.7971299999999981,0.367,0.0,0.7504915783575616
197.75308203697205,0.8320000000000007,5.085,0.8858699999999977,0.341,0.0,0.8936085770210968
197.85161066055298,0.8040000000000003,5.099,0.986849999999998,0.3065,0.0,1.0157816246606999
197.95337677001953,0.7769999999999992,5.108,1.089359999999998,0.277,0.0,1.0157816246606999
198.0515582561493,0.7530000000000001,5.114,1.1872799999999983,0.2505,0.0,0.9843656981248019
198.15303325653076,0.7309999999999999,5.117,1.2851999999999981,0.2195,0.0,0.9773843811168246
198.25157403945923,0.7119999999999997,5.118,1.3861799999999975,0.1815,0.0,0.9843656981248019
198.35305666923523,0.6940000000000008,5.117,1.482569999999998,0.182,0.0,0.9634217471008699
198.45149946212769,0.673,5.114,1.557539999999998,0.218,0.0,0.7574728953655391
198.55339789390564,0.6490000000000009,5.109,1.6156799999999978,0.245,0.0,0.5759586531581288
198.6516375541687,0.6240000000000006,5.102,1.6585199999999978,0.2725,0.0,0.42586033748661634
198.75333285331726,0.5939999999999994,5.093,1.6814699999999976,0.307,0.0,0.2303834612632515
198.85167479515076,0.5630000000000006,5.083,1.6891199999999975,0.3305,0.0,0.07330382858376185
198.95366835594177,0.5289999999999999,5.072,1.686059999999998,0.3635,0.0,-0.020943951023931952
199.05177330970764,0.49099999999999966,5.06,1.6875899999999977,0.394,0.0,0.010471975511965976
199.15338778495789,0.45199999999999996,5.048,1.6875899999999977,0.424,0.0,-0.003490658503988659
199.25193214416504,0.4090000000000007,5.034,1.6875899999999977,0.453,0.0,0.003490658503988659
199.35345435142517,0.36299999999999955,5.019,1.6875899999999977,0.483,0.0,-0.003490658503988659
199.45242953300476,0.3160000000000007,5.004,1.692179999999998,0.487,0.0,0.04537856055185257
199.55355954170227,0.27200000000000024,4.99,1.7120699999999978,0.4545,0.0,0.20245819323134223
199.6523859500885,0.23199999999999932,4.975,1.7533799999999975,0.4195,0.0,0.41887902047863906
199.7536838054657,0.19500000000000028,4.959,1.809989999999998,0.397,0.0,0.5550147021341968
199.85235953330994,0.1620000000000008,4.943,1.8834299999999977,0.3675,0.0,0.7365289443416071
199.9537651538849,0.1330000000000009,4.925,1.9752299999999974,0.3345,0.0,0.9285151620609834
200.05228972434998,0.10899999999999999,4.906,2.076209999999997,0.3065,0.0,1.0018189906447452
200.15385556221008,0.08800000000000097,4.887,2.1710699999999976,0.275,0.0,0.9529497715889039
200.25234818458557,0.07099999999999973,4.868,2.247569999999998,0.2515,0.0,0.767944870877505
200.35407090187073,0.05600000000000094,4.85,2.3057099999999977,0.2405,0.0,0.5794493116621174
200.45235109329224,0.04100000000000037,4.828,2.345489999999998,0.275,0.0,0.40840704496667307
200.55395817756653,0.02400000000000091,4.803,2.3699699999999977,0.306,0.0,0.23736477827122882
200.65246510505676,0.006999999999999673,4.776,2.3791499999999974,0.3095,0.0,0.08726646259971647
200.753977060318,-0.007999999999999119,4.752,2.366909999999997,0.2755,0.0,-0.11868238913561441
200.85241961479187,-0.02200000000000024,4.732,2.3408999999999978,0.248,0.0,-0.2548180707911721
200.95408582687378,-0.03500000000000014,4.7139999999999995,2.294999999999998,0.2185,0.0,-0.460766922526503
201.0524880886078,-0.0470000000000006,4.699,2.232269999999997,0.1875,0.0,-0.62482787221397
201.1542637348175,-0.05799999999999983,4.687,2.1557699999999977,0.161,0.0,-0.7819075048934596
201.25254487991333,-0.06799999999999962,4.678,2.0593799999999973,0.13,0.0,-0.9599310885968813
201.35423922538757,-0.07699999999999996,4.672,1.9599299999999975,0.0995,0.0,-1.0018189906447452
201.45279097557068,-0.08300000000000018,4.668,1.860479999999998,0.069,0.0,-0.9843656981248019
201.554363489151,-0.08699999999999974,4.666,1.7625599999999977,0.04,0.0,-0.9913470151327791
201.65276074409485,-0.08999999999999986,4.665,1.6661699999999973,0.0345,0.0,-0.9564404300928925
201.75434565544128,-0.09500000000000064,4.664,1.5881399999999977,0.066,0.0,-0.7888888219014369
201.85287237167358,-0.10500000000000043,4.662,1.5284699999999976,0.0965,0.0,-0.5899212871740833
201.95447039604187,-0.1169999999999991,4.661,1.485629999999998,0.1245,0.0,-0.4363323129985824
202.05299854278564,-0.13199999999999967,4.659,1.4611499999999975,0.1565,0.0,-0.24085543677521748
202.1544988155365,-0.15000000000000036,4.658,1.453499999999998,0.184,0.0,-0.07679448708775051
202.25328087806702,-0.16900000000000048,4.657,1.4596199999999977,0.1905,0.0,0.05585053606381855
202.35490655899048,-0.18599999999999994,4.655,1.4779799999999976,0.1615,0.0,0.1954768762233649
202.45321583747864,-0.19899999999999984,4.654,1.5208199999999972,0.1255,0.0,0.4153883619746504
202.55469608306885,-0.20899999999999963,4.652,1.5774299999999972,0.1025,0.0,0.5654866776461627
202.65321373939514,-0.2159999999999993,4.65,1.6478099999999973,0.0715,0.0,0.7120943348136863
202.7547676563263,-0.22000000000000064,4.649,1.7411399999999972,0.037,0.0,0.9354964790689607
202.85340237617493,-0.22199999999999953,4.648,1.8405899999999973,0.0115,0.0,0.9878563566287906
202.95502877235413,-0.22100000000000009,4.649,1.9400399999999973,-0.0035,0.0,0.9948376736367678
203.05330395698547,-0.22100000000000009,4.649,2.039489999999997,0.0005,0.0,0.9983283321407566
203.15492606163025,-0.22199999999999953,4.648,2.1343499999999977,0.01,0.0,0.9494591130849153
203.25348687171936,-0.22499999999999964,4.645,2.210849999999997,0.0425,0.0,0.7714355293814937
203.3550362586975,-0.2289999999999992,4.64,2.268989999999997,0.0725,0.0,0.5864306286700948
203.4535357952118,-0.23499999999999943,4.633,2.310299999999997,0.1,0.0,0.41887902047863906
203.55512499809265,-0.24300000000000033,4.622,2.3347799999999967,0.134,0.0,0.24085543677521748
203.6535930633545,-0.25099999999999945,4.609,2.3424299999999967,0.1595,0.0,0.06283185307179587
203.75521969795227,-0.26200000000000045,4.594,2.3408999999999978,0.192,0.0,-0.010471975511965976
203.8536193370819,-0.27500000000000036,4.576,2.3424299999999967,0.2205,0.0,0.010471975511965976
203.95524835586548,-0.2889999999999997,4.555,2.3408999999999978,0.252,0.0,-0.006981317007977318
204.05368828773499,-0.30400000000000027,4.533,2.3424299999999967,0.2805,0.0,0.003490658503988659
204.1554503440857,-0.3219999999999992,4.507,2.3408999999999978,0.311,0.0,-0.003490658503988659
204.2537591457367,-0.3409999999999993,4.4799999999999995,2.3408999999999978,0.34,0.0,0.0
204.3554072380066,-0.3620000000000001,4.449,2.3408999999999978,0.3705,0.0,0.0
204.45392394065857,-0.38400000000000034,4.417,2.3408999999999978,0.3985,0.0,0.0
204.5555601119995,-0.4079999999999995,4.383,2.3363099999999974,0.4045,0.0,-0.041887902047863905
204.65398454666138,-0.4299999999999997,4.352,2.3148899999999974,0.375,0.0,-0.2199114857512855
204.75555276870728,-0.4499999999999993,4.325,2.2720499999999983,0.3375,0.0,-0.42586033748661634
204.85404300689697,-0.4710000000000001,4.301,2.216969999999997,0.315,0.0,-0.5550147021341968
204.95590019226074,-0.49099999999999966,4.28,2.140469999999998,0.2815,0.0,-0.7714355293814937
205.05442571640015,-0.5099999999999998,4.263,2.047139999999998,0.254,0.0,-0.9250245035569946
205.1556897163391,-0.5299999999999994,4.249,1.9538099999999978,0.2475,0.0,-0.9459684545809266
205.25415778160095,-0.5540000000000003,4.235,1.8757799999999978,0.2805,0.0,-0.7749261878854823
205.35574913024902,-0.5809999999999995,4.221,1.817639999999998,0.3135,0.0,-0.5794493116621174
205.4541985988617,-0.6120000000000001,4.207,1.7763299999999977,0.3375,0.0,-0.41887902047863906
205.55594491958618,-0.6460000000000008,4.194,1.7518499999999981,0.3705,0.0,-0.23387411976724018
205.65465927124023,-0.6829999999999998,4.179,1.7457299999999976,0.3995,0.0,-0.06283185307179587
205.75620412826538,-0.7230000000000008,4.164,1.7472599999999974,0.427,0.0,0.006981317007977318
205.8545949459076,-0.7650000000000006,4.148,1.7457299999999976,0.4605,0.0,-0.006981317007977318
205.95625615119934,-0.8100000000000005,4.13,1.7457299999999976,0.489,0.0,0.0
206.05466890335083,-0.8569999999999993,4.112,1.7457299999999976,0.503,0.0,0.0
206.15638780593872,-0.9039999999999999,4.094,1.7457299999999976,0.499,0.0,0.0
206.25475525856018,-0.9499999999999993,4.076,1.7472599999999974,0.497,0.0,0.010471975511965976
206.35645842552185,-0.9969999999999999,4.058,1.7472599999999974,0.5005,0.0,-0.006981317007977318
206.45481038093567,-1.0429999999999993,4.04,1.7457299999999976,0.4985,0.0,0.0
206.55651831626892,-1.0899999999999999,4.022,1.7457299999999976,0.5,0.0,0.0
206.6548490524292,-1.1370000000000005,4.004,1.7472599999999974,0.501,0.0,0.003490658503988659
206.7563328742981,-1.1829999999999998,3.9859999999999998,1.7472599999999974,0.4975,0.0,0.0
206.8547558784485,-1.2289999999999992,3.968,1.7472599999999974,0.4985,0.0,0.0
206.9563798904419,-1.2759999999999998,3.95,1.7457299999999976,0.5005,0.0,0.0
207.05522322654724,-1.3230000000000004,3.9319999999999995,1.7457299999999976,0.4985,0.0,-0.003490658503988659
207.1565124988556,-1.3689999999999998,3.9139999999999997,1.7518499999999981,0.487,0.0,0.05585053606381855
207.25503420829773,-1.4109999999999996,3.8970000000000002,1.7732699999999977,0.459,0.0,0.2059488517353309
207.35669660568237,-1.4510000000000005,3.88,1.8145799999999979,0.423,0.0,0.42586033748661634
207.45502066612244,-1.4860000000000007,3.862,1.8727199999999977,0.3955,0.0,0.5794493116621174
207.55677127838135,-1.5180000000000007,3.843,1.946159999999998,0.3695,0.0,0.7330382858376184
207.65520095825195,-1.5459999999999994,3.824,2.039489999999997,0.3355,0.0,0.9320058205649718
207.75736451148987,-1.5700000000000003,3.803,2.140469999999998,0.3045,0.0,1.0088003076527225
207.85553097724915,-1.5890000000000004,3.7830000000000004,2.239919999999997,0.2765,0.0,1.0053096491487339
207.95676970481873,-1.6039999999999992,3.763,2.3347799999999976,0.2515,0.0,0.9389871375729493
208.05522561073303,-1.616999999999999,3.7430000000000003,2.411279999999998,0.239,0.0,0.767944870877505
208.15690994262695,-1.6300000000000008,3.7199999999999998,2.466359999999998,0.275,0.0,0.5585053606381855
208.25534677505493,-1.6440000000000001,3.692,2.510729999999997,0.304,0.0,0.4363323129985824
208.3572609424591,-1.657,3.662,2.5336799999999986,0.3345,0.0,0.23736477827122882
208.45542669296265,-1.6709999999999994,3.629,2.5397999999999996,0.363,0.0,0.048869219055841226
208.55712127685547,-1.6869999999999994,3.593,2.5397999999999996,0.3935,0.0,0.003490658503988659
208.6555531024933,-1.7029999999999994,3.5549999999999997,2.5397999999999996,0.4235,0.0,-0.006981317007977318
208.75736093521118,-1.721,3.513,2.5397999999999996,0.4535,0.0,0.003490658503988659
208.85583400726318,-1.7400000000000002,3.469,2.5397999999999996,0.484,0.0,0.0
208.9576816558838,-1.7599999999999998,3.423,2.5397999999999996,0.502,0.0,0.0
209.05567717552185,-1.779,3.378,2.538269999999997,0.4975,0.0,-0.006981317007977318
209.15742778778076,-1.7989999999999995,3.332,2.5397999999999996,0.4975,0.0,0.013962634015954637
209.25565814971924,-1.818999999999999,3.286,2.5397999999999996,0.502,0.0,-0.006981317007977318
209.35739088058472,-1.8390000000000004,3.24,2.5397999999999996,0.4985,0.0,-0.003490658503988659
209.45592546463013,-1.8580000000000005,3.194,2.5397999999999996,0.499,0.0,0.0
209.55756974220276,-1.8780000000000001,3.1479999999999997,2.5397999999999996,0.4985,0.0,0.0
209.65599942207336,-1.8979999999999997,3.102,2.5397999999999996,0.4995,0.0,0.0
209.75760793685913,-1.9179999999999993,3.056,2.5397999999999996,0.5,0.0,0.003490658503988659
209.85606026649475,-1.9369999999999994,3.011,2.5397999999999996,0.4965,0.0,0.0
209.95782732963562,-1.9570000000000007,2.965,2.538269999999997,0.4995,0.0,-0.006981317007977318
210.05631375312805,-1.9770000000000003,2.9189999999999996,2.5397999999999996,0.497,0.0,0.003490658503988659
210.15791487693787,-1.9969999999999999,2.873,2.5397999999999996,0.499,0.0,0.006981317007977318
210.2562654018402,-2.016,2.827,2.5397999999999996,0.5,0.0,-0.006981317007977318
210.35787749290466,-2.0359999999999996,2.7809999999999997,2.5397999999999996,0.5,0.0,0.006981317007977318
210.45639777183533,-2.055999999999999,2.7359999999999998,2.5397999999999996,0.4995,0.0,-0.006981317007977318
210.55780339241028,-2.0749999999999993,2.69,2.5397999999999996,0.499,0.0,0.0
210.65625262260437,-2.0950000000000006,2.644,2.5397999999999996,0.499,0.0,0.0
210.75795888900757,-2.115,2.598,2.5397999999999996,0.4985,0.0,0.003490658503988659
210.85637164115906,-2.135,2.552,2.5397999999999996,0.5,0.0,-0.003490658503988659
210.95800828933716,-2.154,2.506,2.538269999999997,0.4985,0.0,0.0
211.05648231506348,-2.1739999999999995,2.461,2.5397999999999996,0.499,0.0,0.003490658503988659
211.15824007987976,-2.193999999999999,2.415,2.5397999999999996,0.499,0.0,0.0
211.25671339035034,-2.212999999999999,2.37,2.5352099999999975,0.4855,0.0,-0.038397243543875255
211.35839891433716,-2.2319999999999993,2.327,2.515319999999999,0.4585,0.0,-0.20245819323134223
211.45690417289734,-2.2509999999999994,2.2889999999999997,2.4724799999999973,0.422,0.0,-0.42586033748661634
211.55844044685364,-2.2699999999999996,2.254,2.415869999999998,0.395,0.0,-0.5654866776461627
211.65698623657227,-2.289999999999999,2.222,2.3439599999999974,0.372,0.0,-0.7295476273336298
211.75847101211548,-2.3100000000000005,2.195,2.252159999999998,0.3345,0.0,-0.9180431865490173
211.85697269439697,-2.3309999999999995,2.173,2.1496499999999976,0.305,0.0,-1.0157816246606999
211.95872473716736,-2.353999999999999,2.153,2.054789999999997,0.3035,0.0,-0.9494591130849153
212.05708122253418,-2.380000000000001,2.133,1.9813499999999975,0.3305,0.0,-0.7365289443416071
212.1587519645691,-2.41,2.114,1.9216799999999974,0.3665,0.0,-0.603883921190038
212.25737857818604,-2.443999999999999,2.094,1.8803699999999972,0.3945,0.0,-0.4153883619746504
212.35868382453918,-2.481,2.074,1.8558899999999976,0.4215,0.0,-0.2303834612632515
212.45721340179443,-2.521000000000001,2.054,1.8497699999999975,0.456,0.0,-0.06632251157578452
212.55861949920654,-2.564,2.032,1.8497699999999975,0.481,0.0,0.006981317007977318
212.65721583366394,-2.6080000000000005,2.009,1.8512999999999973,0.4995,0.0,0.003490658503988659
212.75880551338196,-2.6519999999999992,1.9869999999999999,1.8451799999999972,0.486,0.0,-0.05235987755982988
212.85722255706787,-2.693999999999999,1.966,1.8252899999999974,0.4565,0.0,-0.20245819323134223
212.9589545726776,-2.7330000000000005,1.9489999999999998,1.7809199999999976,0.425,0.0,-0.4363323129985824
213.05736184120178,-2.7699999999999996,1.934,1.7243099999999976,0.3965,0.0,-0.57246799465414
213.15911674499512,-2.8049999999999997,1.923,1.6508699999999974,0.3695,0.0,-0.7365289443416071
213.25765109062195,-2.837999999999999,1.915,1.557539999999998,0.3345,0.0,-0.9285151620609834
213.35921168327332,-2.8689999999999998,1.911,1.4611499999999975,0.3045,0.0,-0.9634217471008699
213.4576756954193,-2.8970000000000002,1.91,1.3708799999999977,0.282,0.0,-0.8831366015091309
213.55922555923462,-2.9220000000000006,1.911,1.2744899999999977,0.248,0.0,-0.9564404300928925
213.65774703025818,-2.943999999999999,1.915,1.175039999999998,0.2145,0.0,-1.0053096491487339
213.75934028625488,-2.9619999999999997,1.919,1.0740599999999982,0.19,0.0,-1.0018189906447452
213.85774731636047,-2.9779999999999998,1.9249999999999998,0.976139999999998,0.161,0.0,-0.9808750396208132
213.95946764945984,-2.99,1.931,0.8797499999999976,0.13,0.0,-0.9738937226128358
214.05777621269226,-2.9990000000000006,1.936,0.780299999999998,0.0995,0.0,-0.9983283321407566
214.15953660011292,-3.005000000000001,1.9409999999999998,0.6823799999999978,0.07,0.0,-0.9843656981248019
214.25790667533875,-3.007999999999999,1.943,0.5813999999999984,0.039,0.0,-0.9983283321407566
214.35973405838013,-3.0090000000000003,1.944,0.4819499999999983,0.0095,0.0,-0.9948376736367678
214.45798635482788,-3.0090000000000003,1.944,0.38402999999999854,-0.001,0.0,-0.9878563566287906
214.55980348587036,-3.0090000000000003,1.944,0.2845799999999985,0.0,0.0,-0.9983283321407566
214.65809535980225,-3.0090000000000003,1.944,0.1866599999999985,0.0,0.0,-0.9913470151327791
214.75967979431152,-3.0090000000000003,1.944,0.08720999999999757,-0.0015,0.0,-0.9948376736367678
214.8580961227417,-3.0090000000000003,1.944,-0.012240000000001361,-0.001,0.0,-0.9913470151327791
214.95964360237122,-3.0090000000000003,1.944,-0.1116900000000014,0.0,0.0,-0.9913470151327791
215.0583348274231,-3.0090000000000003,1.944,-0.21114000000000144,0.0005,0.0,-0.9913470151327791
215.15971040725708,-3.0090000000000003,1.944,-0.30447000000000135,0.0,0.0,-0.9424777960769379
215.25824284553528,-3.0090000000000003,1.944,-0.38250000000000073,-0.006,0.0,-0.778416846389471
215.35987281799316,-3.0090000000000003,1.944,-0.44064000000000103,0.0005,0.0,-0.5759586531581288
215.45833158493042,-3.0090000000000003,1.944,-0.481950000000001,0.001,0.0,-0.4118977034706618
215.56003069877625,-3.0090000000000003,1.944,-0.504900000000001,-0.001,0.0,-0.2303834612632515
215.65844058990479,-3.0090000000000003,1.944,-0.5110200000000016,0.0,0.0,-0.07330382858376185
215.76021790504456,-3.0090000000000003,1.944,-0.504900000000001,-0.0005,0.0,0.06283185307179587
215.85835647583008,-3.0090000000000003,1.944,-0.48042000000000096,0.0015,0.0,0.24085543677521748
215.96036338806152,-3.0090000000000003,1.944,-0.4345200000000009,-0.002,0.0,0.4642575810304917
216.05843806266785,-3.0090000000000003,1.944,-0.3733200000000012,-0.002,0.0,0.6143558967020041
216.16044402122498,-3.0090000000000003,1.944,-0.2937600000000016,0.0005,0.0,0.7958701389094144
216.25855326652527,-3.0090000000000003,1.944,-0.1973700000000007,-0.0025,0.0,0.9669124056048585
216.3605251312256,-3.0090000000000003,1.944,-0.0979200000000009,-0.0005,0.0,0.9983283321407566
216.45881152153015,-3.0090000000000003,1.944,-1.1102230246251565e-15,0.0,0.0,0.9843656981248019
216.56077075004578,-3.0090000000000003,1.944,0.09944999999999893,0.0,0.0,0.9948376736367678
216.65871858596802,-3.0090000000000003,1.944,0.19889999999999852,0.001,0.0,0.9913470151327791
216.7604856491089,-3.0090000000000003,1.944,0.29834999999999723,0.0,0.0,1.0018189906447452
216.85892009735107,-3.0090000000000003,1.944,0.3977999999999986,-0.002,0.0,0.9983283321407566
216.9603877067566,-3.0090000000000003,1.944,0.4972499999999982,-0.001,0.0,0.9843656981248019
217.05875277519226,-3.0090000000000003,1.9449999999999998,0.5936399999999986,0.0105,0.0,0.9669124056048585
217.1604151725769,-3.0120000000000005,1.947,0.6701399999999984,0.042,0.0,0.7714355293814937
217.25889420509338,-3.0169999999999995,1.952,0.7298099999999981,0.0735,0.0,0.6003932626860493
217.36047530174255,-3.0250000000000004,1.9569999999999999,0.7726499999999981,0.1005,0.0,0.42586033748661634
217.45896983146667,-3.0359999999999996,1.964,0.7986599999999979,0.133,0.0,0.2548180707911721
217.56093001365662,-3.0489999999999995,1.9729999999999999,0.804779999999998,0.16,0.0,0.07330382858376185
217.6590051651001,-3.0649999999999995,1.9829999999999999,0.804779999999998,0.193,0.0,-0.010471975511965976
217.76074051856995,-3.083,1.9949999999999999,0.804779999999998,0.2205,0.0,0.006981317007977318
217.85910773277283,-3.103999999999999,2.009,0.804779999999998,0.2515,0.0,-0.003490658503988659
217.96074652671814,-3.1270000000000007,2.024,0.804779999999998,0.2805,0.0,0.0
218.0594084262848,-3.1530000000000005,2.04,0.804779999999998,0.308,0.0,-0.003490658503988659
218.16086173057556,-3.180999999999999,2.059,0.804779999999998,0.3425,0.0,0.0
218.25921821594238,-3.2119999999999997,2.078,0.804779999999998,0.3675,0.0,0.0
218.3612563610077,-3.244999999999999,2.1,0.804779999999998,0.4015,0.0,0.0
218.45936059951782,-3.2810000000000006,2.1229999999999998,0.804779999999998,0.429,0.0,0.0
218.56104397773743,-3.3179999999999996,2.147,0.8001899999999977,0.435,0.0,-0.04537856055185257
218.65950322151184,-3.3520000000000003,2.17,0.7787699999999977,0.4045,0.0,-0.21293016874330817
218.76103448867798,-3.3819999999999997,2.192,0.7343999999999975,0.367,0.0,-0.4363323129985824
218.85967350006104,-3.4090000000000007,2.213,0.6793199999999977,0.343,0.0,-0.5654866776461627
218.96119093894958,-3.433,2.235,0.6043499999999977,0.3145,0.0,-0.747000919853573
219.05967259407043,-3.452,2.255,0.5094899999999976,0.279,0.0,-0.9424777960769379
219.1614589691162,-3.468,2.276,0.41156999999999777,0.2535,0.0,-0.9913470151327791
219.259831905365,-3.4800000000000004,2.295,0.3121199999999986,0.224,0.0,-0.9948376736367678
219.36127853393555,-3.4879999999999995,2.3129999999999997,0.21725999999999868,0.1955,0.0,-0.9459684545809266
219.46018314361572,-3.4939999999999998,2.3289999999999997,0.13922999999999797,0.1645,0.0,-0.778416846389471
219.56164360046387,-3.4979999999999993,2.342,0.08261999999999792,0.1325,0.0,-0.5654866776461627
219.65998148918152,-3.5009999999999994,2.3529999999999998,0.04130999999999774,0.105,0.0,-0.4223696789826278
219.7614209651947,-3.503,2.36,0.016829999999999234,0.071,0.0,-0.23736477827122882
219.8601529598236,-3.5039999999999996,2.3649999999999998,0.010709999999998443,0.047,0.0,-0.059341194567807204
219.9615921974182,-3.5039999999999996,2.367,0.010709999999998443,0.0155,0.0,0.003490658503988659
220.06045985221863,-3.5039999999999996,2.367,0.01529999999999787,0.0015,0.0,0.03490658503988659
220.16162180900574,-3.5039999999999996,2.367,0.03518999999999761,-0.0015,0.0,0.20245819323134223
220.26007652282715,-3.5039999999999996,2.368,0.07802999999999782,0.001,0.0,0.42586033748661634
220.36168003082275,-3.5039999999999996,2.368,0.13616999999999768,-0.001,0.0,0.582939970166106
220.46042895317078,-3.5039999999999996,2.367,0.20960999999999808,-0.003,0.0,0.7365289443416071
220.56174159049988,-3.5039999999999996,2.367,0.30293999999999754,0.0005,0.0,0.9389871375729493
220.6605474948883,-3.5039999999999996,2.367,0.4023899999999976,-0.0015,0.0,0.9948376736367678
220.7620177268982,-3.5039999999999996,2.367,0.5018399999999976,0.0005,0.0,0.9913470151327791
220.86041736602783,-3.5039999999999996,2.367,0.6012899999999977,-0.0015,0.0,0.9948376736367678
220.962060213089,-3.505000000000001,2.368,0.6946199999999971,0.014,0.0,0.9354964790689607
221.06045627593994,-3.507999999999999,2.37,0.7726499999999972,0.0395,0.0,0.7853981633974483
221.1620898246765,-3.5139999999999993,2.3739999999999997,0.8307899999999975,0.075,0.0,0.582939970166106
221.26047682762146,-3.5220000000000002,2.379,0.8736299999999975,0.099,0.0,0.42586033748661634
221.36245226860046,-3.5329999999999995,2.385,0.8981099999999971,0.1335,0.0,0.23387411976724018
221.46065163612366,-3.5470000000000006,2.392,0.9042299999999972,0.1615,0.0,0.06981317007977318
221.56250381469727,-3.564,2.4,0.9026999999999974,0.1905,0.0,-0.013962634015954637
221.6606137752533,-3.583,2.411,0.9042299999999972,0.2235,0.0,0.010471975511965976
221.762197971344,-3.6050000000000004,2.4219999999999997,0.9042299999999972,0.249,0.0,-0.006981317007977318
221.8608102798462,-3.628,2.434,0.8996399999999969,0.2565,0.0,-0.041887902047863905
221.96234583854675,-3.648999999999999,2.445,0.8782199999999969,0.2225,0.0,-0.2059488517353309
222.06083130836487,-3.6660000000000004,2.4539999999999997,0.8369099999999972,0.189,0.0,-0.40840704496667307
222.16247940063477,-3.6799999999999997,2.463,0.7802999999999971,0.166,0.0,-0.5689773361501514
222.26108145713806,-3.6910000000000007,2.472,0.7083899999999972,0.139,0.0,-0.715584993317675
222.36249661445618,-3.699,2.479,0.6181199999999969,0.102,0.0,-0.9145525280450286
222.46094465255737,-3.705,2.484,0.5156099999999968,0.0765,0.0,-1.0122909661567112
222.56252694129944,-3.708,2.488,0.417689999999997,0.047,0.0,-0.9843656981248019
222.6610667705536,-3.7089999999999996,2.4899999999999998,0.31823999999999697,0.0145,0.0,-0.9948376736367678
222.76317048072815,-3.7089999999999996,2.4909999999999997,0.2249099999999975,0.01,0.0,-0.9354964790689607
222.86122918128967,-3.7110000000000003,2.4939999999999998,0.14840999999999727,0.0425,0.0,-0.7749261878854823
222.9626543521881,-3.712999999999999,2.501,0.0872099999999969,0.0745,0.0,-0.6003932626860493
223.06129479408264,-3.715,2.51,0.0474299999999972,0.0975,0.0,-0.40491638646268446
223.16295528411865,-3.718,2.5229999999999997,0.022949999999997805,0.1345,0.0,-0.25132741228718347
223.26128792762756,-3.721,2.538,0.015299999999997205,0.161,0.0,-0.06283185307179587
223.36291909217834,-3.7249999999999996,2.556,0.01682999999999657,0.19,0.0,0.013962634015954637
223.46144223213196,-3.728999999999999,2.578,0.015299999999997205,0.222,0.0,-0.010471975511965976
223.56312465667725,-3.734,2.602,0.01682999999999657,0.2505,0.0,0.006981317007977318
223.66153693199158,-3.74,2.629,0.01682999999999657,0.2805,0.0,-0.003490658503988659
223.76313185691833,-3.7460000000000004,2.659,0.01682999999999657,0.311,0.0,0.0
223.8616406917572,-3.753,2.692,0.01682999999999657,0.338,0.0,0.0
223.96333980560303,-3.76,2.7279999999999998,0.01682999999999657,0.3705,0.0,0.0
224.06168270111084,-3.7680000000000007,2.767,0.01682999999999657,0.398,0.0,0.0
224.16326475143433,-3.7769999999999992,2.808,0.01682999999999657,0.4295,0.0,0.0
224.26171779632568,-3.7859999999999996,2.8529999999999998,0.01682999999999657,0.458,0.0,0.0
224.3632457256317,-3.7959999999999994,2.901,0.01682999999999657,0.4875,0.0,0.0
224.46163320541382,-3.805999999999999,2.95,0.01682999999999657,0.5,0.0,0.0
224.5637981891632,-3.817,2.9989999999999997,0.01682999999999657,0.499,0.0,0.0
224.6622338294983,-3.827,3.0469999999999997,0.01682999999999657,0.4955,0.0,0.0
224.76410055160522,-3.8369999999999997,3.096,0.01682999999999657,0.502,0.0,0.0
224.86200094223022,-3.8469999999999995,3.145,0.01682999999999657,0.4995,0.0,0.0
224.96349358558655,-3.8569999999999993,3.194,0.01682999999999657,0.4955,0.0,0.0
225.06211018562317,-3.866999999999999,3.243,0.01682999999999657,0.5005,0.0,0.0
225.16394662857056,-3.878,3.292,0.01682999999999657,0.499,0.0,0.0
225.26235389709473,-3.888,3.341,0.01682999999999657,0.4995,0.0,0.0
225.36394953727722,-3.8979999999999997,3.3899999999999997,0.01682999999999657,0.499,0.0,0.0
225.46213293075562,-3.9079999999999995,3.439,0.01682999999999657,0.4985,0.0,0.0
225.5637731552124,-3.9179999999999993,3.487,0.01682999999999657,0.497,0.0,-0.003490658503988659
225.6623179912567,-3.927999999999999,3.536,0.01682999999999657,0.503,0.0,0.003490658503988659
225.76422882080078,-3.939,3.585,0.01682999999999657,0.5,0.0,0.0
225.86252212524414,-3.949,3.633,0.012239999999996698,0.4845,0.0,-0.038397243543875255
225.96423482894897,-3.9570000000000007,3.6790000000000003,-0.007650000000003043,0.458,0.0,-0.1989675347273536
226.0622913837433,-3.9640000000000004,3.721,-0.04896000000000322,0.4215,0.0,-0.4223696789826278
226.16405963897705,-3.9689999999999994,3.76,-0.10710000000000308,0.3945,0.0,-0.5689773361501514
226.26274490356445,-3.9700000000000006,3.798,-0.1805400000000026,0.3705,0.0,-0.7435102613495844
226.36429262161255,-3.9689999999999994,3.832,-0.27234000000000314,0.3335,0.0,-0.9145525280450286
226.46284461021423,-3.965,3.862,-0.3733200000000034,0.307,0.0,-1.0122909661567112
226.5643606185913,-3.958,3.891,-0.46818000000000315,0.305,0.0,-0.9494591130849153
226.66271424293518,-3.9480000000000004,3.923,-0.5416200000000033,0.335,0.0,-0.7435102613495844
226.7642741203308,-3.9339999999999993,3.9559999999999995,-0.601290000000003,0.3655,0.0,-0.6003932626860493
226.86309385299683,-3.9179999999999993,3.9909999999999997,-0.6426000000000034,0.393,0.0,-0.40491638646268446
226.9646282196045,-3.898999999999999,4.029,-0.667080000000003,0.425,0.0,-0.24434609527920614
227.06316304206848,-3.878,4.069,-0.6732000000000034,0.454,0.0,-0.06283185307179587
227.16447257995605,-3.856,4.111,-0.6716700000000033,0.48,0.0,0.017453292519943295
227.26292276382446,-3.8320000000000007,4.155,-0.6732000000000034,0.5,0.0,-0.013962634015954637
227.36443209648132,-3.8089999999999993,4.2,-0.6716700000000033,0.499,0.0,0.006981317007977318
227.46297121047974,-3.7859999999999996,4.244,-0.6716700000000033,0.496,0.0,0.006981317007977318
227.56446599960327,-3.7620000000000005,4.288,-0.6716700000000033,0.5015,0.0,0.0
227.66315913200378,-3.7390000000000008,4.332,-0.6732000000000034,0.4955,0.0,-0.006981317007977318
227.76545524597168,-3.7159999999999993,4.376,-0.6732000000000034,0.501,0.0,0.0
227.8632173538208,-3.6929999999999996,4.42,-0.6716700000000033,0.498,0.0,0.0
227.96571469306946,-3.67,4.4639999999999995,-0.6716700000000033,0.4985,0.0,0.003490658503988659
228.06322622299194,-3.646000000000001,4.509,-0.6716700000000033,0.498,0.0,0.0
228.16579961776733,-3.6229999999999993,4.553,-0.6732000000000034,0.497,0.0,-0.006981317007977318
228.26350688934326,-3.5999999999999996,4.5969999999999995,-0.6716700000000033,0.502,0.0,0.0
228.3648419380188,-3.5760000000000005,4.641,-0.6732000000000034,0.499,0.0,0.0
228.46323943138123,-3.552999999999999,4.685,-0.6716700000000033,0.4955,0.0,0.003490658503988659
228.5651729106903,-3.5299999999999994,4.729,-0.6716700000000033,0.4985,0.0,0.003490658503988659
228.66335320472717,-3.5069999999999997,4.774,-0.6716700000000033,0.501,0.0,0.0
228.76502442359924,-3.4830000000000005,4.818,-0.6716700000000033,0.4985,0.0,-0.003490658503988659
228.8635458946228,-3.459999999999999,4.862,-0.6732000000000034,0.499,0.0,-0.003490658503988659
228.96503901481628,-3.4369999999999994,4.906,-0.6732000000000034,0.501,0.0,0.0
229.06358003616333,-3.4139999999999997,4.95,-0.6716700000000033,0.495,0.0,0.006981317007977318
229.16545867919922,-3.3900000000000006,4.994,-0.6732000000000034,0.5,0.0,-0.006981317007977318
229.26396560668945,-3.366999999999999,5.039,-0.6716700000000033,0.499,0.0,0.0
229.36524486541748,-3.3439999999999994,5.083,-0.6732000000000034,0.4965,0.0,0.0
229.4636528491974,-3.3209999999999997,5.127,-0.6716700000000033,0.4985,0.0,0.0
229.565505027771,-3.2970000000000006,5.171,-0.6716700000000033,0.4975,0.0,0.003490658503988659
229.66380548477173,-3.273999999999999,5.215,-0.6716700000000033,0.499,0.0,-0.003490658503988659
229.7657744884491,-3.2509999999999994,5.26,-0.6732000000000034,0.498,0.0,0.0
229.8638207912445,-3.2270000000000003,5.304,-0.6716700000000033,0.498,0.0,0.0
229.96552538871765,-3.2040000000000006,5.348,-0.6716700000000033,0.4975,0.0,0.0
230.06401324272156,-3.180999999999999,5.392,-0.6716700000000033,0.498,0.0,0.003490658503988659
230.1656141281128,-3.1579999999999995,5.436,-0.6716700000000033,0.5025,0.0,-0.003490658503988659
230.26402115821838,-3.1340000000000003,5.4799999999999995,-0.6732000000000034,0.497,0.0,-0.003490658503988659
230.36582207679749,-3.1110000000000007,5.524,-0.6716700000000033,0.499,0.0,0.003490658503988659
230.46450400352478,-3.087999999999999,5.569,-0.6716700000000033,0.498,0.0,0.0
230.5659637451172,-3.0649999999999995,5.6129999999999995,-0.6716700000000033,0.4985,0.0,0.0
230.66432857513428,-3.0410000000000004,5.657,-0.6716700000000033,0.5005,0.0,0.0
230.76574420928955,-3.0180000000000007,5.7010000000000005,-0.6732000000000034,0.498,0.0,-0.003490658503988659
230.86430311203003,-2.994999999999999,5.745,-0.6732000000000034,0.4975,0.0,0.0
230.96588039398193,-2.9719999999999995,5.789000000000001,-0.6716700000000033,0.4975,0.0,0.006981317007977318
231.06505918502808,-2.9480000000000004,5.8340000000000005,-0.6716700000000033,0.5,0.0,0.0
231.16608548164368,-2.9250000000000007,5.878,-0.6716700000000033,0.4995,0.0,0.0
231.26453042030334,-2.9019999999999992,5.922,-0.6732000000000034,0.4975,0.0,-0.003490658503988659
231.36605072021484,-2.8789999999999996,5.966,-0.6732000000000034,0.4995,0.0,0.0
231.4646782875061,-2.8550000000000004,6.01,-0.6716700000000033,0.4975,0.0,0.003490658503988659
231.56626319885254,-2.8320000000000007,6.055,-0.6716700000000033,0.5005,0.0,0.003490658503988659
231.66460180282593,-2.8089999999999993,6.099,-0.6716700000000033,0.4975,0.0,-0.003490658503988659
231.7662386894226,-2.785,6.143,-0.6732000000000034,0.5005,0.0,-0.006981317007977318
231.8648121356964,-2.7620000000000005,6.187,-0.6732000000000034,0.4975,0.0,0.0
231.96622705459595,-2.7390000000000008,6.231,-0.6716700000000033,0.498,0.0,0.006981317007977318
232.06544137001038,-2.7159999999999993,6.275,-0.6716700000000033,0.5005,0.0,0.0
232.1663043498993,-2.692,6.32,-0.6716700000000033,0.498,0.0,0.0
232.26479244232178,-2.6690000000000005,6.364,-0.6732000000000034,0.4985,0.0,-0.003490658503988659
232.36639785766602,-2.646000000000001,6.408,-0.6732000000000034,0.4995,0.0,0.0
232.4648995399475,-2.6229999999999993,6.452,-0.6716700000000033,0.4985,0.0,0.006981317007977318
232.56651163101196,-2.599,6.496,-0.6716700000000033,0.5,0.0,0.0
232.6650402545929,-2.5760000000000005,6.54,-0.6716700000000033,0.497,0.0,-0.003490658503988659
232.7671148777008,-2.552999999999999,6.585,-0.6732000000000034,0.498,0.0,0.0
232.86504411697388,-2.5299999999999994,6.628,-0.6762600000000032,0.486,0.0,-0.03490658503988659
232.96679186820984,-2.507999999999999,6.6690000000000005,-0.6961500000000032,0.4605,0.0,-0.20245819323134223
233.06526041030884,-2.4860000000000007,6.706,-0.7389900000000034,0.422,0.0,-0.41887902047863906
233.16691160202026,-2.4640000000000004,6.739,-0.7956000000000032,0.3955,0.0,-0.5654866776461627
233.26566076278687,-2.442,6.769,-0.8675100000000031,0.368,0.0,-0.7225663103256524
233.36709666252136,-2.42,6.7940000000000005,-0.9623700000000034,0.3345,0.0,-0.9424777960769379
233.4657862186432,-2.3970000000000002,6.815,-1.0618200000000035,0.305,0.0,-1.0018189906447452
233.56704807281494,-2.375,6.832,-1.1597400000000033,0.2805,0.0,-0.9878563566287906
233.6655604839325,-2.3529999999999998,6.845,-1.2591900000000034,0.248,0.0,-0.9878563566287906
233.76713180541992,-2.333,6.855,-1.3525200000000033,0.2165,0.0,-0.9424777960769379
233.86558628082275,-2.3149999999999995,6.862,-1.4320800000000036,0.189,0.0,-0.8028514559173915
233.9674036502838,-2.2989999999999995,6.8660000000000005,-1.4886900000000034,0.1575,0.0,-0.5550147021341968
234.06603837013245,-2.286999999999999,6.87,-1.5300000000000034,0.131,0.0,-0.41887902047863906
234.16735458374023,-2.2769999999999992,6.872,-1.5544800000000034,0.096,0.0,-0.25132741228718347
234.26590585708618,-2.269,6.873,-1.5590700000000035,0.07,0.0,-0.04537856055185257
234.36736798286438,-2.2650000000000006,6.8740000000000006,-1.5590700000000035,0.0395,0.0,0.0
234.46570324897766,-2.2639999999999993,6.8740000000000006,-1.5590700000000035,0.0085,0.0,0.006981317007977318
234.56756234169006,-2.2639999999999993,6.8740000000000006,-1.5590700000000035,0.0,0.0,0.0
234.6660614013672,-2.2639999999999993,6.8740000000000006,-1.5621300000000033,0.002,0.0,-0.03490658503988659
234.76728653907776,-2.2639999999999993,6.8740000000000006,-1.5820200000000035,0.0025,0.0,-0.1989675347273536
234.86574792861938,-2.2639999999999993,6.8740000000000006,-1.6233300000000035,-0.002,0.0,-0.40142572795869574
234.96743631362915,-2.2639999999999993,6.8740000000000006,-1.6799400000000033,-0.002,0.0,-0.57246799465414
235.06584239006042,-2.2639999999999993,6.8740000000000006,-1.7533800000000035,0.0025,0.0,-0.7330382858376184
235.16744375228882,-2.2639999999999993,6.8740000000000006,-1.861485307179591,-0.002,0.0,-0.921533845053006
235.26646518707275,-2.2639999999999993,6.8740000000000006,-1.962465307179591,0.0005,0.0,-1.0088003076527225
235.36811470985413,-2.2639999999999993,6.8740000000000006,-2.060385307179591,0.0,0.0,-0.9878563566287906
235.46673607826233,-2.2639999999999993,6.8740000000000006,-2.158305307179591,0.001,0.0,-0.9878563566287906
235.56764793395996,-2.2639999999999993,6.8740000000000006,-2.254695307179591,-0.0005,0.0,-0.9564404300928925
235.66608572006226,-2.263,6.8740000000000006,-2.3311953071795912,0.009,0.0,-0.767944870877505
235.76787042617798,-2.26,6.872,-2.389335307179591,0.044,0.0,-0.5864306286700948
235.86661672592163,-2.255000000000001,6.867,-2.432175307179591,0.071,0.0,-0.42586033748661634
235.9682011604309,-2.247,6.861,-2.455125307179591,0.1,0.0,-0.23387411976724018
236.06625771522522,-2.237,6.853,-2.4627753071795913,0.135,0.0,-0.07330382858376185
236.1679244041443,-2.2249999999999996,6.843,-2.461245307179591,0.159,0.0,0.013962634015954637
236.2662947177887,-2.209999999999999,6.831,-2.4627753071795913,0.1935,0.0,-0.013962634015954637
236.36845993995667,-2.193999999999999,6.817,-2.4627753071795913,0.219,0.0,0.0
236.46685576438904,-2.1750000000000007,6.801,-2.4627753071795913,0.2515,0.0,0.003490658503988659
236.5682942867279,-2.1530000000000005,6.784,-2.4627753071795913,0.281,0.0,-0.006981317007977318
236.66672229766846,-2.130000000000001,6.764,-2.4627753071795913,0.308,0.0,0.006981317007977318
236.76867413520813,-2.103999999999999,6.743,-2.4627753071795913,0.3415,0.0,0.0
236.86689352989197,-2.0760000000000005,6.719,-2.4627753071795913,0.3685,0.0,0.0
236.9685173034668,-2.045,6.694,-2.4627753071795913,0.3985,0.0,0.0
237.0670506954193,-2.013,6.667,-2.4627753071795913,0.4305,0.0,0.0
237.16880059242249,-1.9779999999999998,6.638,-2.4627753071795913,0.4575,0.0,0.0
237.2670681476593,-1.9399999999999995,6.607,-2.4627753071795913,0.489,0.0,0.0
237.3688440322876,-1.9019999999999992,6.574,-2.4627753071795913,0.5045,0.0,0.0
237.4669578075409,-1.8629999999999995,6.543,-2.4627753071795913,0.4965,0.0,0.0
237.56855010986328,-1.8249999999999993,6.511,-2.4627753071795913,0.497,0.0,0.0
237.66712856292725,-1.786999999999999,6.479,-2.4627753071795913,0.5005,0.0,-0.003490658503988659
237.76864647865295,-1.7479999999999993,6.447,-2.4627753071795913,0.499,0.0,0.003490658503988659
237.86704421043396,-1.709999999999999,6.415,-2.4627753071795913,0.498,0.0,0.0
237.96867156028748,-1.6709999999999994,6.383,-2.4627753071795913,0.4995,0.0,0.0
238.06736731529236,-1.6329999999999991,6.351,-2.4627753071795913,0.4965,0.0,0.0
238.1687512397766,-1.5950000000000006,6.319,-2.4627753071795913,0.5,0.0,-0.003490658503988659
238.26715540885925,-1.5559999999999992,6.287,-2.4627753071795913,0.5,0.0,0.003490658503988659
238.36884999275208,-1.5180000000000007,6.256,-2.4627753071795913,0.498,0.0,0.0
238.46719431877136,-1.4800000000000004,6.224,-2.4627753071795913,0.4955,0.0,0.0
238.56954908370972,-1.4410000000000007,6.192,-2.4627753071795913,0.4985,0.0,0.0
238.66731071472168,-1.4030000000000005,6.16,-2.4627753071795913,0.499,0.0,0.0
238.76904320716858,-1.3640000000000008,6.128,-2.4627753071795913,0.501,0.0,0.0
238.8675560951233,-1.3260000000000005,6.096,-2.4627753071795913,0.498,0.0,0.0
238.968980550766,-1.286999999999999,6.064,-2.4627753071795913,0.4975,0.0,0.0
239.06745624542236,-1.2490000000000006,6.032,-2.4627753071795913,0.496,0.0,0.0
239.16933465003967,-1.2110000000000003,6.0,-2.4627753071795913,0.5005,0.0,0.0
239.26754593849182,-1.1720000000000006,5.968,-2.4627753071795913,0.5005,0.0,0.0
239.36946392059326,-1.1340000000000003,5.936,-2.4627753071795913,0.499,0.0,0.0
239.46819424629211,-1.096,5.905,-2.4627753071795913,0.4955,0.0,0.0
239.56940364837646,-1.0570000000000004,5.873,-2.4627753071795913,0.4995,0.0,0.0
239.66767168045044,-1.0190000000000001,5.841,-2.4627753071795913,0.4985,0.0,0.0
239.76937675476074,-0.9800000000000004,5.809,-2.4627753071795913,0.4995,0.0,0.0
239.86771392822266,-0.9420000000000002,5.777,-2.4627753071795913,0.501,0.0,0.003490658503988659
239.969384431839,-0.9039999999999999,5.745,-2.4627753071795913,0.4955,0.0,-0.003490658503988659
240.06786179542542,-0.8650000000000002,5.713,-2.4627753071795913,0.4985,0.0,0.0
240.16948771476746,-0.827,5.681,-2.4627753071795913,0.5005,0.0,0.0
240.26797771453857,-0.7880000000000003,5.649,-2.4627753071795913,0.4985,0.0,0.0
240.3694806098938,-0.75,5.617,-2.4627753071795913,0.4985,0.0,0.003490658503988659
240.46809363365173,-0.7119999999999997,5.586,-2.4627753071795913,0.497,0.0,0.0
240.5697033405304,-0.673,5.554,-2.4627753071795913,0.4985,0.0,0.0
240.6680769920349,-0.6349999999999998,5.522,-2.4627753071795913,0.4975,0.0,0.0
240.76982474327087,-0.5960000000000001,5.49,-2.4627753071795913,0.502,0.0,0.0
240.86812925338745,-0.5579999999999998,5.458,-2.4627753071795913,0.4965,0.0,0.0
240.9700644016266,-0.5199999999999996,5.426,-2.4627753071795913,0.4975,0.0,0.006981317007977318
241.06862831115723,-0.48099999999999987,5.394,-2.4627753071795913,0.499,0.0,0.0
241.16982245445251,-0.4429999999999996,5.362,-2.4627753071795913,0.498,0.0,-0.003490658503988659
241.26847767829895,-0.4039999999999999,5.33,-2.4627753071795913,0.5005,0.0,0.0
241.36996603012085,-0.36599999999999966,5.2989999999999995,-2.4627753071795913,0.497,0.0,0.0
241.46862149238586,-0.3279999999999994,5.267,-2.4627753071795913,0.498,0.0,0.0
241.57018971443176,-0.2889999999999997,5.235,-2.4627753071795913,0.4985,0.0,0.003490658503988659
241.66876888275146,-0.25099999999999945,5.203,-2.4627753071795913,0.498,0.0,0.0
241.77001404762268,-0.21199999999999974,5.171,-2.4627753071795913,0.5,0.0,0.0
241.86850905418396,-0.1739999999999995,5.139,-2.4627753071795913,0.4955,0.0,0.0
241.9700825214386,-0.13599999999999923,5.107,-2.4627753071795913,0.4995,0.0,0.003490658503988659
242.0685830116272,-0.09699999999999953,5.075,-2.4627753071795913,0.4955,0.0,0.0
242.17048573493958,-0.058999999999999275,5.043,-2.4627753071795913,0.499,0.0,-0.003490658503988659
242.26916980743408,-0.021000000000000796,5.011,-2.4627753071795913,0.499,0.0,0.003490658503988659
242.37037801742554,0.018000000000000682,4.979,-2.4627753071795913,0.499,0.0,0.0
242.46876525878906,0.05600000000000094,4.9479999999999995,-2.4627753071795913,0.4995,0.0,0.0
242.5706033706665,0.09500000000000064,4.916,-2.4627753071795913,0.497,0.0,0.006981317007977318
242.6697494983673,0.1330000000000009,4.884,-2.4627753071795913,0.4985,0.0,-0.006981317007977318
242.77037286758423,0.17099999999999937,4.852,-2.4627753071795913,0.4985,0.0,0.0
242.86906027793884,0.21000000000000085,4.82,-2.4627753071795913,0.4995,0.0,0.0
242.970520734787,0.24799999999999933,4.788,-2.4627753071795913,0.5,0.0,0.0
243.06907677650452,0.2870000000000008,4.756,-2.4627753071795913,0.496,0.0,0.0
243.17086577415466,0.3249999999999993,4.724,-2.4627753071795913,0.498,0.0,0.0
243.26956629753113,0.36299999999999955,4.692,-2.4627753071795913,0.498,0.0,0.0
243.3707399368286,0.40199999999999925,4.66,-2.4627753071795913,0.5015,0.0,0.0
243.46913623809814,0.4399999999999995,4.628,-2.4627753071795913,0.498,0.0,0.0
243.57074165344238,0.4789999999999992,4.5969999999999995,-2.4627753071795913,0.4975,0.0,0.0
243.66931295394897,0.5169999999999995,4.5649999999999995,-2.4627753071795913,0.498,0.0,0.0
243.77078223228455,0.5549999999999997,4.533,-2.4627753071795913,0.499,0.0,0.0
243.8693151473999,0.5939999999999994,4.501,-2.4627753071795913,0.501,0.0,0.0
243.97094178199768,0.6319999999999997,4.469,-2.4627753071795913,0.499,0.0,0.0
244.0694935321808,0.6709999999999994,4.437,-2.4627753071795913,0.4975,0.0,0.003490658503988659
244.17104983329773,0.7089999999999996,4.405,-2.4627753071795913,0.499,0.0,-0.003490658503988659
244.2695345878601,0.7469999999999999,4.373,-2.4627753071795913,0.5005,0.0,0.0
244.3712239265442,0.7859999999999996,4.341,-2.4627753071795913,0.5015,0.0,0.0
244.46965885162354,0.8239999999999998,4.31,-2.4627753071795913,0.4955,0.0,0.0
244.57121181488037,0.8629999999999995,4.278,-2.4627753071795913,0.4985,0.0,0.0
244.66957879066467,0.9009999999999998,4.2459999999999996,-2.4627753071795913,0.4965,0.0,0.0
244.77129983901978,0.9390000000000001,4.2139999999999995,-2.4627753071795913,0.501,0.0,0.0
244.86978960037231,0.9779999999999998,4.1819999999999995,-2.4627753071795913,0.5005,0.0,0.0
244.97131514549255,1.016,4.15,-2.4627753071795913,0.4975,0.0,0.0
245.07020044326782,1.0540000000000003,4.118,-2.4627753071795913,0.496,0.0,-0.003490658503988659
245.17147278785706,1.093,4.086,-2.4627753071795913,0.5005,0.0,0.0
245.27017331123352,1.1310000000000002,4.054,-2.4627753071795913,0.501,0.0,0.0
245.37169885635376,1.17,4.022,-2.4627753071795913,0.499,0.0,0.0
245.47023820877075,1.2080000000000002,3.9909999999999997,-2.4627753071795913,0.4995,0.0,0.0
245.57167148590088,1.2460000000000004,3.9589999999999996,-2.4627753071795913,0.497,0.0,0.0
245.67022895812988,1.2850000000000001,3.9269999999999996,-2.4627753071795913,0.498,0.0,0.0
245.77168583869934,1.3230000000000004,3.8949999999999996,-2.4627753071795913,0.5025,0.0,0.0
245.87031030654907,1.362,3.8629999999999995,-2.4627753071795913,0.4985,0.0,0.0
245.97209095954895,1.4000000000000004,3.8309999999999995,-2.4627753071795913,0.497,0.0,0.0
246.07024908065796,1.4379999999999997,3.7989999999999995,-2.4627753071795913,0.4975,0.0,0.0
246.17191791534424,1.4770000000000003,3.7670000000000003,-2.4627753071795913,0.499,0.0,0.0
246.27030038833618,1.5149999999999997,3.7350000000000003,-2.4627753071795913,0.4985,0.0,0.0
246.3717930316925,1.5540000000000003,3.7030000000000003,-2.4627753071795913,0.4995,0.0,0.003490658503988659
246.4705729484558,1.5920000000000005,3.6719999999999997,-2.4627753071795913,0.4975,0.0,0.0
246.57224321365356,1.63,3.6399999999999997,-2.4627753071795913,0.497,0.0,0.0
246.67055916786194,1.6690000000000005,3.6079999999999997,-2.4627753071795913,0.5,0.0,0.0
246.77212047576904,1.7069999999999999,3.5759999999999996,-2.4627753071795913,0.4995,0.0,-0.003490658503988659
246.87059664726257,1.7460000000000004,3.5439999999999996,-2.4627753071795913,0.499,0.0,0.0
246.97213435173035,1.7839999999999998,3.512,-2.4627753071795913,0.498,0.0,0.0
247.07054376602173,1.822,3.48,-2.4627753071795913,0.4985,0.0,0.0
247.17253732681274,1.8609999999999998,3.448,-2.4627753071795913,0.4995,0.0,-0.003490658503988659
247.27098202705383,1.899,3.416,-2.4627753071795913,0.499,0.0,0.0
247.37239003181458,1.9379999999999997,3.384,-2.4627753071795913,0.5005,0.0,0.0
247.4709689617157,1.976,3.3529999999999998,-2.4627753071795913,0.4965,0.0,0.0
247.57247042655945,2.0140000000000002,3.3209999999999997,-2.461245307179591,0.488,0.0,0.006981317007977318
247.67094802856445,2.0490000000000004,3.292,-2.461245307179591,0.46,0.0,0.006981317007977318
247.77236771583557,2.083,3.2640000000000002,-2.4627753071795913,0.4275,0.0,-0.020943951023931952
247.8709409236908,2.1130000000000004,3.239,-2.4627753071795913,0.3905,0.0,0.006981317007977318
247.97248077392578,2.141,3.215,-2.4627753071795913,0.3625,0.0,-0.003490658503988659
248.07107973098755,2.168,3.1929999999999996,-2.4627753071795913,0.34,0.0,0.003490658503988659
248.1726746559143,2.192,3.173,-2.4627753071795913,0.309,0.0,-0.003490658503988659
248.27119541168213,2.2140000000000004,3.1550000000000002,-2.4627753071795913,0.28,0.0,0.0
248.3727502822876,2.234,3.138,-2.4627753071795913,0.272,0.0,0.0
248.47144842147827,2.2569999999999997,3.1189999999999998,-2.4627753071795913,0.3055,0.0,0.003490658503988659
248.57275104522705,2.2830000000000004,3.098,-2.4627753071795913,0.3365,0.0,-0.003490658503988659
248.67138600349426,2.3100000000000005,3.075,-2.4627753071795913,0.3575,0.0,0.0
248.7727735042572,2.34,3.05,-2.461245307179591,0.396,0.0,0.010471975511965976
248.87123036384583,2.372,3.0229999999999997,-2.4627753071795913,0.4215,0.0,-0.006981317007977318
248.9730339050293,2.407,2.995,-2.4627753071795913,0.451,0.0,0.003490658503988659
249.07160663604736,2.444,2.964,-2.4627753071795913,0.4835,0.0,-0.003490658503988659
249.17302703857422,2.482,2.932,-2.4627753071795913,0.496,0.0,0.0
249.2715470790863,2.521,2.9,-2.4627753071795913,0.4985,0.0,0.0
249.37309908866882,2.559,2.868,-2.4627753071795913,0.5,0.0,0.0
249.47169756889343,2.5970000000000004,2.836,-2.4627753071795913,0.5005,0.0,0.0
249.57313179969788,2.636,2.804,-2.4627753071795913,0.5005,0.0,0.0
249.67164826393127,2.6740000000000004,2.7729999999999997,-2.4627753071795913,0.4965,0.0,0.0
249.7731490135193,2.713,2.7409999999999997,-2.4627753071795913,0.499,0.0,0.0
249.87190079689026,2.7510000000000003,2.7089999999999996,-2.4627753071795913,0.5005,0.0,0.0
249.97369766235352,2.7889999999999997,2.6769999999999996,-2.4627753071795913,0.5005,0.0,0.0
250.07188320159912,2.8280000000000003,2.645,-2.4627753071795913,0.5,0.0,0.003490658503988659
250.1736650466919,2.8659999999999997,2.613,-2.4627753071795913,0.4965,0.0,0.0
250.27216935157776,2.9050000000000002,2.581,-2.4627753071795913,0.5,0.0,0.0
250.37378883361816,2.9430000000000005,2.549,-2.4627753071795913,0.499,0.0,0.0
250.4721655845642,2.981,2.517,-2.4627753071795913,0.499,0.0,0.0
250.57372951507568,3.0200000000000005,2.485,-2.4627753071795913,0.4995,0.0,-0.003490658503988659
250.67202401161194,3.058,2.4539999999999997,-2.4627753071795913,0.497,0.0,0.003490658503988659
250.77458691596985,3.0970000000000004,2.4219999999999997,-2.4627753071795913,0.4995,0.0,0.0
250.87227630615234,3.135,2.3899999999999997,-2.4627753071795913,0.5005,0.0,0.0
250.97373843193054,3.173,2.3579999999999997,-2.4627753071795913,0.5025,0.0,0.0
251.072167634964,3.2119999999999997,2.326,-2.4627753071795913,0.497,0.0,0.0
251.1739559173584,3.2489999999999997,2.294,-2.4627753071795913,0.4875,0.0,0.0
251.27266812324524,3.285,2.2649999999999997,-2.4627753071795913,0.466,0.0,0.0
251.37403869628906,3.3180000000000005,2.237,-2.4627753071795913,0.424,0.0,-0.003490658503988659
251.47237420082092,3.349,2.2119999999999997,-2.4627753071795913,0.394,0.0,0.0
251.57418751716614,3.377,2.1879999999999997,-2.4627753071795913,0.366,0.0,0.003490658503988659
251.67241978645325,3.4030000000000005,2.167,-2.4627753071795913,0.3385,0.0,-0.003490658503988659
251.77404808998108,3.4270000000000005,2.147,-2.4627753071795913,0.3075,0.0,0.0
251.87244987487793,3.449,2.129,-2.461245307179591,0.281,0.0,0.010471975511965976
251.9741976261139,3.468,2.113,-2.461245307179591,0.2435,0.0,-0.006981317007977318
252.072505235672,3.4850000000000003,2.0989999999999998,-2.4627753071795913,0.218,0.0,-0.003490658503988659
252.17458200454712,3.5,2.086,-2.4627753071795913,0.187,0.0,0.0
252.27263498306274,3.5120000000000005,2.076,-2.4627753071795913,0.159,0.0,0.0
252.3743441104889,3.5229999999999997,2.067,-2.464305307179591,0.13,0.0,-0.010471975511965976
252.47269773483276,3.5309999999999997,2.061,-2.461245307179591,0.098,0.0,0.017453292519943295
252.57455134391785,3.5360000000000005,2.056,-2.4627753071795913,0.068,0.0,-0.006981317007977318
252.67299485206604,3.54,2.054,-2.4627753071795913,0.0395,0.0,0.0
252.7744278907776,3.5410000000000004,2.053,-2.4627753071795913,0.009,0.0,0.0
252.87305665016174,3.5410000000000004,2.053,-2.4627753071795913,0.0,0.0,0.0
252.9747428894043,3.5410000000000004,2.053,-2.4627753071795913,0.0,0.0,0.0
253.07343459129333,3.5410000000000004,2.053,-2.4627753071795913,0.0,0.0,0.0
253.17480850219727,3.5410000000000004,2.053,-2.4627753071795913,0.0,0.0,0.0
253.27313494682312,3.5410000000000004,2.053,-2.4627753071795913,0.0,0.0,0.0
253.37555742263794,3.5410000000000004,2.053,-2.4627753071795913,0.0,0.0,0.0
253.47314977645874,3.5410000000000004,2.053,-2.4627753071795913,0.0,0.0,0.0
253.57510828971863,3.5410000000000004,2.053,-2.4627753071795913,0.0,0.0,0.0
253.67313838005066,3.5410000000000004,2.053,-2.4627753071795913,0.0,0.0,0.0
253.77478337287903,3.5410000000000004,2.053,-2.4627753071795913,0.0,0.0,0.0
253.87326073646545,3.5410000000000004,2.053,-2.4627753071795913,0.0,0.0,0.0
253.97483134269714,3.5410000000000004,2.053,-2.4627753071795913,0.0,0.0,0.0
254.07336354255676,3.5410000000000004,2.053,-2.4627753071795913,0.0,0.0,0.0
254.1750454902649,3.5410000000000004,2.053,-2.4627753071795913,0.0,0.0,0.0
254.2735300064087,3.5410000000000004,2.053,-2.4627753071795913,0.0,0.0,0.0
254.3751196861267,3.5410000000000004,2.053,-2.4627753071795913,0.0,0.0,0.0
254.4735882282257,3.5410000000000004,2.053,-2.4627753071795913,0.0,0.0,0.0
254.5751359462738,3.5410000000000004,2.053,-2.4627753071795913,0.0,0.0,0.0
254.67426586151123,3.5410000000000004,2.053,-2.4627753071795913,0.0,0.0,0.0
254.77517938613892,3.5410000000000004,2.053,-2.4627753071795913,0.0,0.0,0.0
254.87370038032532,3.5410000000000004,2.053,-2.4627753071795913,0.0,0.0,0.0
254.9753177165985,3.5410000000000004,2.053,-2.4627753071795913,0.0,0.0,0.0
255.07370805740356,3.5410000000000004,2.053,-2.4627753071795913,0.0,0.0,0.0
255.17534160614014,3.5410000000000004,2.053,-2.4627753071795913,0.0,0.0,0.0
255.27378344535828,3.5410000000000004,2.053,-2.4627753071795913,0.0,0.0,0.0
255.37545371055603,3.54,2.053,-2.4627753071795913,-0.009,0.0,0.003490658503988659
255.47402501106262,3.5380000000000003,2.0549999999999997,-2.4627753071795913,-0.0395,0.0,0.0
255.57581782341003,3.532,2.06,-2.4627753071795913,-0.075,0.0,-0.003490658503988659
255.67414045333862,3.5250000000000004,2.066,-2.4627753071795913,-0.0995,0.0,0.0
255.77557492256165,3.5149999999999997,2.074,-2.4627753071795913,-0.1355,0.0,0.0
255.87428426742554,3.503,2.084,-2.4627753071795913,-0.161,0.0,0.0
255.9756679534912,3.4880000000000004,2.096,-2.4627753071795913,-0.193,0.0,0.0
256.074098110199,3.471,2.11,-2.4627753071795913,-0.221,0.0,0.0
256.17578864097595,3.452,2.126,-2.4627753071795913,-0.2525,0.0,-0.003490658503988659
256.2743043899536,3.431,2.144,-2.4627753071795913,-0.2805,0.0,0.003490658503988659
256.3761978149414,3.407,2.163,-2.4627753071795913,-0.312,0.0,0.0
256.4742605686188,3.3810000000000002,2.185,-2.4627753071795913,-0.341,0.0,0.0
256.57639336586,3.3529999999999998,2.208,-2.464305307179591,-0.37,0.0,-0.020943951023931952
256.67431473731995,3.3230000000000004,2.2329999999999997,-2.461245307179591,-0.398,0.0,0.027925268031909273
256.77608013153076,3.29,2.261,-2.4627753071795913,-0.4315,0.0,-0.010471975511965976
256.8744673728943,3.255,2.29,-2.4627753071795913,-0.456,0.0,0.006981317007977318
256.97612380981445,3.218,2.3209999999999997,-2.4627753071795913,-0.4915,0.0,0.0
257.07455015182495,3.1790000000000003,2.3529999999999998,-2.461245307179591,-0.499,0.0,0.003490658503988659
257.1764678955078,3.141,2.385,-2.4627753071795913,-0.4965,0.0,-0.006981317007977318
257.2745339870453,3.1020000000000003,2.417,-2.4627753071795913,-0.5025,0.0,0.0
257.3762423992157,3.064,2.448,-2.4627753071795913,-0.4985,0.0,0.0
257.4748179912567,3.026,2.48,-2.4627753071795913,-0.5,0.0,0.003490658503988659
257.5763177871704,2.987,2.512,-2.4627753071795913,-0.4975,0.0,0.0
257.67500495910645,2.949,2.544,-2.4627753071795913,-0.4995,0.0,0.0
257.7763831615448,2.91,2.576,-2.4627753071795913,-0.5015,0.0,0.0
257.8748769760132,2.872,2.6079999999999997,-2.4627753071795913,-0.4995,0.0,0.0
257.9764595031738,2.8340000000000005,2.6399999999999997,-2.4627753071795913,-0.5005,0.0,0.0
258.0749487876892,2.795,2.6719999999999997,-2.4627753071795913,-0.497,0.0,0.0
258.1765069961548,2.7569999999999997,2.7039999999999997,-2.4627753071795913,-0.5015,0.0,-0.003490658503988659
258.2752401828766,2.718,2.7359999999999998,-2.4627753071795913,-0.499,0.0,0.0
258.37687849998474,2.681,2.767,-2.4627753071795913,-0.489,0.0,0.0
258.4750852584839,2.6450000000000005,2.796,-2.4627753071795913,-0.4575,0.0,0.0
258.5766978263855,2.612,2.824,-2.4627753071795913,-0.425,0.0,0.0
258.67516922950745,2.582,2.849,-2.4627753071795913,-0.394,0.0,0.003490658503988659
258.77675342559814,2.553,2.873,-2.4627753071795913,-0.3695,0.0,-0.003490658503988659
258.8752200603485,2.527,2.895,-2.4627753071795913,-0.3365,0.0,0.0
258.9768249988556,2.503,2.915,-2.461245307179591,-0.3095,0.0,0.013962634015954637
259.0752146244049,2.481,2.933,-2.461245307179591,-0.2755,0.0,-0.003490658503988659
259.17761421203613,2.4619999999999997,2.949,-2.461245307179591,-0.248,0.0,0.0
259.2760727405548,2.4450000000000003,2.963,-2.4627753071795913,-0.218,0.0,-0.003490658503988659
259.37707471847534,2.4299999999999997,2.9749999999999996,-2.4627753071795913,-0.1875,0.0,0.0
259.4758310317993,2.418,2.985,-2.4627753071795913,-0.16,0.0,0.0
259.57771015167236,2.407,2.9939999999999998,-2.4627753071795913,-0.129,0.0,0.0
259.6755759716034,2.399,3.0,-2.461245307179591,-0.102,0.0,0.003490658503988659
259.7771842479706,2.394,3.005,-2.4627753071795913,-0.0695,0.0,-0.003490658503988659
259.87558579444885,2.391,3.008,-2.4627753071795913,-0.039,0.0,-0.003490658503988659
259.9772901535034,2.3890000000000002,3.009,-2.4627753071795913,-0.012,0.0,0.003490658503988659
260.07564759254456,2.3890000000000002,3.009,-2.4627753071795913,-0.0005,0.0,0.0
260.1773817539215,2.3890000000000002,3.009,-2.4627753071795913,0.0,0.0,0.0
260.27568221092224,2.3890000000000002,3.009,-2.4627753071795913,0.0,0.0,0.0
260.3774211406708,2.3890000000000002,3.009,-2.4627753071795913,0.0,0.0,0.0
260.4758777618408,2.3890000000000002,3.009,-2.4627753071795913,0.0,0.0,0.0
260.5774896144867,2.3890000000000002,3.009,-2.4627753071795913,0.0,0.0,0.0
260.67605352401733,2.3890000000000002,3.009,-2.4627753071795913,0.0,0.0,0.0
260.77763295173645,2.3890000000000002,3.009,-2.4627753071795913,0.0,0.0,0.0
260.87612795829773,2.3890000000000002,3.009,-2.4627753071795913,0.0,0.0,0.0
260.9776818752289,2.3890000000000002,3.009,-2.4627753071795913,0.0,0.0,0.0
261.076308965683,2.3890000000000002,3.009,-2.4627753071795913,0.0,0.0,0.0
261.1778612136841,2.3890000000000002,3.009,-2.4627753071795913,0.0,0.0,0.0
261.2762236595154,2.3890000000000002,3.009,-2.4627753071795913,0.0,0.0,0.0
261.37805342674255,2.3890000000000002,3.009,-2.4658353071795913,-0.0015,0.0,-0.041887902047863905
261.4764811992645,2.3890000000000002,3.009,-2.4872553071795913,0.0005,0.0,-0.2059488517353309
261.5780894756317,2.3890000000000002,3.009,-2.528565307179591,0.0005,0.0,-0.4223696789826278
261.6763553619385,2.3890000000000002,3.009,-2.585175307179591,0.0005,0.0,-0.5585053606381855
261.77814388275146,2.3890000000000002,3.009,-2.6616753071795913,-0.0015,0.0,-0.7644542123735162
261.8767399787903,2.3890000000000002,3.009,-2.7534753071795914,-0.0005,0.0,-0.921533845053006
261.97834300994873,2.3890000000000002,3.009,-2.854455307179591,-0.0015,0.0,-1.0122909661567112
262.0767776966095,2.3890000000000002,3.009,-2.952375307179591,-0.002,0.0,-0.9878563566287906
262.1781482696533,2.3890000000000002,3.009,-3.0518253071795907,0.0015,0.0,-0.9878563566287906
262.27654504776,2.3890000000000002,3.009,-3.151275307179591,-0.002,0.0,-0.9983283321407566
262.3781929016113,2.3890000000000002,3.009,-3.2491953071795905,-0.0005,0.0,-0.9948376736367678
262.47660970687866,2.3890000000000002,3.009,-3.348645307179591,0.0005,0.0,-0.9913470151327791
262.5782163143158,2.3890000000000002,3.009,-3.4435053071795902,0.0,0.0,-0.9459684545809266
262.67667603492737,2.3890000000000002,3.009,-3.5184753071795907,-0.001,0.0,-0.7609635538695277
262.7784216403961,2.3890000000000002,3.009,-3.5781453071795903,-0.0005,0.0,-0.5934119456780721
262.87713599205017,2.3890000000000002,3.009,-3.6194553071795905,0.001,0.0,-0.4118977034706618
262.9786512851715,2.3890000000000002,3.009,-3.6424053071795908,0.0,0.0,-0.2303834612632515
263.07694125175476,2.3890000000000002,3.009,-3.6515853071795905,-0.003,0.0,-0.08377580409572781
263.17849564552307,2.3890000000000002,3.009,-3.6515853071795905,-0.0005,0.0,0.0
263.27703380584717,2.3890000000000002,3.009,-3.6515853071795905,0.0,0.0,0.0
263.3784878253937,2.3890000000000002,3.008,-3.6515853071795905,0.0105,0.0,0.0
263.47750449180603,2.388,3.005,-3.6515853071795905,0.043,0.0,0.0
263.57890701293945,2.386,2.998,-3.6515853071795905,0.073,0.0,0.0
263.6774275302887,2.383,2.989,-3.6515853071795905,0.1005,0.0,0.003490658503988659
263.7787482738495,2.3790000000000004,2.976,-3.6515853071795905,0.134,0.0,-0.006981317007977318
263.8771963119507,2.3739999999999997,2.961,-3.6515853071795905,0.16,0.0,0.003490658503988659
263.97926568984985,2.3680000000000003,2.944,-3.6515853071795905,0.1925,0.0,-0.003490658503988659
264.07759857177734,2.362,2.923,-3.6515853071795905,0.221,0.0,0.003490658503988659
264.1790678501129,2.354,2.899,-3.6515853071795905,0.251,0.0,0.0
264.2773435115814,2.3449999999999998,2.873,-3.6515853071795905,0.2805,0.0,0.0
264.37961316108704,2.3360000000000003,2.844,-3.6515853071795905,0.309,0.0,0.0
264.47745394706726,2.325,2.812,-3.6515853071795905,0.341,0.0,0.0
264.5791244506836,2.314,2.777,-3.6515853071795905,0.3705,0.0,0.0
264.67758107185364,2.3020000000000005,2.739,-3.6515853071795905,0.4015,0.0,0.0
264.77917861938477,2.2889999999999997,2.699,-3.6515853071795905,0.4275,0.0,0.0
264.877806186676,2.2750000000000004,2.655,-3.6515853071795905,0.46,0.0,0.0
264.9793772697449,2.26,2.609,-3.6515853071795905,0.4875,0.0,0.0
265.07772731781006,2.2439999999999998,2.561,-3.6515853071795905,0.502,0.0,0.0
265.17934012413025,2.229,2.5149999999999997,-3.65770530717959,0.4845,0.0,-0.05585053606381855
265.27787351608276,2.2140000000000004,2.471,-3.677595307179592,0.4575,0.0,-0.20245819323134223
265.3794403076172,2.199,2.431,-3.720435307179591,0.422,0.0,-0.4328416544945937
265.4777889251709,2.183,2.395,-3.778575307179591,0.394,0.0,-0.57246799465414
265.5794098377228,2.1660000000000004,2.362,-3.8535453071795907,0.365,0.0,-0.7539822368615503
265.67791271209717,2.1479999999999997,2.332,-3.94381530717959,0.337,0.0,-0.9110618695410401
265.77951765060425,2.1290000000000004,2.308,-4.044795307179591,0.3045,0.0,-1.0122909661567112
265.87842416763306,2.1100000000000003,2.288,-4.1473053071795905,0.276,0.0,-1.0157816246606999
265.98007917404175,2.091,2.271,-4.245225307179591,0.2475,0.0,-0.9773843811168246
266.0781145095825,2.0709999999999997,2.2569999999999997,-4.33702530717959,0.245,0.0,-0.9354964790689607
266.1797399520874,2.048,2.2439999999999998,-4.415055307179591,0.272,0.0,-0.7819075048934596
266.27812814712524,2.021,2.231,-4.4747253071795905,0.3075,0.0,-0.5969026041820608
266.37978291511536,1.9909999999999997,2.218,-4.5175653071795905,0.331,0.0,-0.4153883619746504
266.4782943725586,1.9569999999999999,2.2039999999999997,-4.54204530717959,0.3655,0.0,-0.25132741228718347
266.5798852443695,1.92,2.191,-4.54969530717959,0.3925,0.0,-0.07330382858376185
266.6783721446991,1.8810000000000002,2.176,-4.54816530717959,0.4225,0.0,0.013962634015954637
266.77996301651,1.8390000000000004,2.16,-4.54969530717959,0.453,0.0,-0.006981317007977318
266.87837505340576,1.7940000000000005,2.144,-4.54816530717959,0.484,0.0,0.003490658503988659
266.98000860214233,1.7469999999999999,2.126,-4.54816530717959,0.5005,0.0,0.0
267.07848596572876,1.7000000000000002,2.109,-4.54816530717959,0.4975,0.0,0.0
267.1801087856293,1.654,2.092,-4.54969530717959,0.497,0.0,-0.003490658503988659
267.2786695957184,1.6070000000000002,2.074,-4.54816530717959,0.499,0.0,0.0
267.3802111148834,1.5600000000000005,2.057,-4.54969530717959,0.5005,0.0,0.0
267.4788889884949,1.513,2.0389999999999997,-4.54816530717959,0.4995,0.0,0.0
267.5802803039551,1.4660000000000002,2.022,-4.54816530717959,0.498,0.0,0.003490658503988659
267.67886209487915,1.42,2.004,-4.54816530717959,0.4965,0.0,0.0
267.7804870605469,1.3730000000000002,1.9869999999999999,-4.54969530717959,0.499,0.0,-0.003490658503988659
267.87891578674316,1.3260000000000005,1.97,-4.54816530717959,0.501,0.0,0.003490658503988659
267.98048853874207,1.2800000000000002,1.952,-4.54816530717959,0.4865,0.0,0.0
268.0788462162018,1.237,1.936,-4.54816530717959,0.4575,0.0,0.0
268.18295669555664,1.197000000000001,1.9209999999999998,-4.54816530717959,0.425,0.0,0.003490658503988659
268.2789680957794,1.1590000000000007,1.907,-4.54816530717959,0.3955,0.0,-0.006981317007977318
268.3806064128876,1.125,1.894,-4.54969530717959,0.366,0.0,-0.010471975511965976
268.47902822494507,1.093,1.883,-4.54969530717959,0.337,0.0,0.003490658503988659
268.5810558795929,1.0630000000000006,1.8719999999999999,-4.54816530717959,0.307,0.0,0.0
268.679158449173,1.0370000000000008,1.8619999999999999,-4.54816530717959,0.277,0.0,0.0
268.78078603744507,1.0139999999999993,1.853,-4.54357530717959,0.2465,0.0,0.05585053606381855
268.87921380996704,0.9930000000000003,1.845,-4.523685307179591,0.217,0.0,0.1954768762233649
268.98083209991455,0.9749999999999996,1.8379999999999999,-4.479315307179591,0.1885,0.0,0.4328416544945937
269.0792510509491,0.9610000000000003,1.831,-4.422705307179591,0.1565,0.0,0.57246799465414
269.1809012889862,0.9489999999999998,1.8239999999999998,-4.35079530717959,0.1345,0.0,0.7260569688296411
269.27933955192566,0.9399999999999995,1.8179999999999998,-4.257465307179591,0.097,0.0,0.9389871375729493
269.3809189796448,0.9350000000000005,1.813,-4.158015307179591,0.07,0.0,0.9948376736367678
269.47946763038635,0.9320000000000004,1.8099999999999998,-4.058565307179591,0.0395,0.0,0.9948376736367678
269.58105874061584,0.9310000000000009,1.809,-3.959115307179591,0.0085,0.0,0.9878563566287906
269.67947912216187,0.9310000000000009,1.809,-3.8596653071795908,-0.001,0.0,0.9948376736367678
269.78111815452576,0.9310000000000009,1.809,-3.7617453071795923,-0.0005,0.0,0.9913470151327791
269.8795864582062,0.9310000000000009,1.8099999999999998,-3.660765307179591,-0.002,0.0,1.0018189906447452
269.98120307922363,0.9310000000000009,1.809,-3.5628453071795914,0.001,0.0,0.9913470151327791
270.07961344718933,0.9310000000000009,1.809,-3.464925307179592,0.0,0.0,0.9843656981248019
270.18132495880127,0.9310000000000009,1.809,-3.3639453071795913,0.0,0.0,0.9983283321407566
270.27970814704895,0.9310000000000009,1.809,-3.2660253071795915,-0.001,0.0,0.9913470151327791
270.3814151287079,0.9310000000000009,1.809,-3.1665753071795915,-0.0015,0.0,0.9913470151327791
270.480051279068,0.9310000000000009,1.809,-3.0686553071795917,0.0,0.0,0.9878563566287906
270.58170652389526,0.9310000000000009,1.809,-2.9692053071795916,-0.001,0.0,0.9983283321407566
270.67989325523376,0.9310000000000009,1.809,-2.8697553071795916,-0.001,0.0,0.9878563566287906
270.78157567977905,0.9310000000000009,1.809,-2.7703053071795916,-0.0005,0.0,0.9948376736367678
270.879940032959,0.9310000000000009,1.809,-2.6708553071795915,0.0,0.0,0.9983283321407566
270.98157835006714,0.9310000000000009,1.809,-2.5714053071795915,-0.0005,0.0,0.9913470151327791
271.0801067352295,0.9310000000000009,1.809,-2.4734853071795913,-0.0005,0.0,0.9913470151327791
271.18160581588745,0.9310000000000009,1.809,-2.374035307179591,-0.001,0.0,0.9948376736367678
271.28017377853394,0.9310000000000009,1.809,-2.274585307179591,-0.0005,0.0,0.9948376736367678
271.38180112838745,0.9310000000000009,1.809,-2.175135307179591,0.0,0.0,0.9913470151327791
271.4802837371826,0.9310000000000009,1.809,-2.0772153071795914,-0.0005,0.0,0.9913470151327791
271.5821342468262,0.9310000000000009,1.809,-1.9777653071795913,0.0,0.0,0.9948376736367678
271.680615901947,0.9310000000000009,1.809,-1.8783153071795913,-0.0005,0.0,0.9878563566287906
271.78191113471985,0.9310000000000009,1.809,-1.7803953071795913,0.0025,0.0,0.9878563566287906
271.88037848472595,0.9310000000000009,1.809,-1.6646400000000048,-0.002,0.0,0.9983283321407566
271.98258662223816,0.9310000000000009,1.809,-1.5651900000000047,0.0,0.0,0.9948376736367678
272.08068466186523,0.9310000000000009,1.809,-1.4657400000000047,0.0005,0.0,0.9913470151327791
272.18232226371765,0.9310000000000009,1.809,-1.3662900000000047,-0.0005,0.0,1.0018189906447452
272.2806839942932,0.9310000000000009,1.809,-1.2683700000000049,-0.001,0.0,0.9878563566287906
272.38220596313477,0.9310000000000009,1.809,-1.1689200000000044,-0.0005,0.0,0.9948376736367678
272.48056960105896,0.9310000000000009,1.809,-1.0694700000000046,-0.0005,0.0,0.9913470151327791
272.58219146728516,0.9310000000000009,1.809,-0.9700200000000044,-0.0005,0.0,0.9913470151327791
272.68070578575134,0.9310000000000009,1.809,-0.8705700000000043,-0.001,0.0,0.9983283321407566
272.7823040485382,0.9310000000000009,1.809,-0.7711200000000048,-0.001,0.0,0.9913470151327791
272.8811044692993,0.9310000000000009,1.809,-0.6732000000000047,0.001,0.0,0.9913470151327791
272.98236870765686,0.9310000000000009,1.809,-0.5737500000000049,-0.001,0.0,0.9948376736367678
273.08083510398865,0.9310000000000009,1.809,-0.47430000000000483,-0.001,0.0,0.9948376736367678
273.1830177307129,0.9310000000000009,1.809,-0.37485000000000546,-0.0005,0.0,0.9913470151327791
273.28121972084045,0.9310000000000009,1.809,-0.2769300000000052,0.0,0.0,0.9913470151327791
273.3828432559967,0.9310000000000009,1.809,-0.1774800000000052,-0.0005,0.0,0.9948376736367678
273.48101711273193,0.9310000000000009,1.809,-0.07803000000000493,-0.001,0.0,0.9913470151327791
273.58264446258545,0.9310000000000009,1.809,0.02141999999999511,-0.0005,0.0,0.9948376736367678
273.681170463562,0.9310000000000009,1.809,0.12086999999999493,0.0005,0.0,0.9913470151327791
273.7829713821411,0.9310000000000009,1.809,0.2187899999999945,-0.0005,0.0,0.9948376736367678
273.8812665939331,0.9310000000000009,1.809,0.3182399999999943,0.0005,0.0,0.9948376736367678
273.98296093940735,0.9310000000000009,1.809,0.41768999999999434,0.0,0.0,0.9948376736367678
274.081506729126,0.9310000000000009,1.809,0.5171399999999939,-0.001,0.0,0.9913470151327791
274.1830050945282,0.9310000000000009,1.809,0.616589999999994,-0.0005,0.0,0.9913470151327791
274.28146147727966,0.9310000000000009,1.809,0.7145099999999938,-0.001,0.0,0.9913470151327791
274.3831169605255,0.9310000000000009,1.809,0.8139599999999942,-0.0015,0.0,0.9913470151327791
274.4816081523895,0.9310000000000009,1.809,0.9134099999999938,-0.0005,0.0,0.9948376736367678
274.58322262763977,0.9310000000000009,1.809,1.0067399999999938,0.0,0.0,0.9424777960769379
274.68162655830383,0.9310000000000009,1.809,1.0847699999999938,-0.0035,0.0,0.7714355293814937
274.783185005188,0.9310000000000009,1.809,1.1413799999999943,0.0015,0.0,0.5759586531581288
274.8815760612488,0.9310000000000009,1.809,1.1842199999999938,0.0,0.0,0.41887902047863906
274.9832181930542,0.9310000000000009,1.809,1.208699999999994,-0.003,0.0,0.24434609527920614
275.081668138504,0.9310000000000009,1.809,1.214819999999994,0.0,0.0,0.07330382858376185
275.183358669281,0.9310000000000009,1.809,1.214819999999994,-0.0005,0.0,0.0
275.28174233436584,0.9310000000000009,1.809,1.214819999999994,0.0,0.0,0.0
275.3837835788727,0.9310000000000009,1.809,1.214819999999994,0.0,0.0,0.0
275.4818820953369,0.9310000000000009,1.809,1.2117599999999944,0.0035,0.0,-0.031415926535897934
275.5839295387268,0.9310000000000009,1.809,1.1903399999999935,0.001,0.0,-0.21293016874330817
275.68235969543457,0.9310000000000009,1.809,1.150559999999994,0.0,0.0,-0.40142572795869574
275.78360414505005,0.9310000000000009,1.809,1.0924199999999937,-0.0015,0.0,-0.5864306286700948
275.8820643424988,0.9310000000000009,1.809,1.0174499999999942,0.0015,0.0,-0.7435102613495844
275.98373436927795,0.9310000000000009,1.809,0.9241199999999943,-0.001,0.0,-0.9354964790689607
276.08228516578674,0.9310000000000009,1.809,0.8246699999999942,0.0,0.0,-1.0018189906447452
276.1838548183441,0.9310000000000009,1.809,0.7252199999999946,-0.001,0.0,-0.9913470151327791
276.2822847366333,0.9310000000000009,1.809,0.6272999999999944,0.0,0.0,-0.9913470151327791
276.3837673664093,0.9310000000000009,1.8099999999999998,0.5293799999999942,0.003,0.0,-0.9808750396208132
276.48230624198914,0.9310000000000009,1.809,0.42839999999999434,-0.003,0.0,-1.0122909661567112
276.5838384628296,0.9310000000000009,1.8099999999999998,0.3289499999999952,0.0,0.0,-0.9878563566287906
276.6823308467865,0.9310000000000009,1.809,0.23102999999999407,-0.003,0.0,-0.9878563566287906
276.7839081287384,0.9310000000000009,1.809,0.13004999999999423,0.0005,0.0,-1.0018189906447452
276.8826630115509,0.9310000000000009,1.809,0.03212999999999444,-0.001,0.0,-0.9913470151327791
276.9841637611389,0.9310000000000009,1.809,-0.06732000000000538,-0.0005,0.0,-0.9878563566287906
277.0824930667877,0.9310000000000009,1.809,-0.1667700000000052,-0.002,0.0,-0.9983283321407566
277.1841950416565,0.9310000000000009,1.809,-0.26469000000000453,0.0005,0.0,-0.9843656981248019
277.2825334072113,0.9310000000000009,1.809,-0.36414000000000546,0.0,0.0,-0.9948376736367678
277.38421273231506,0.9310000000000009,1.809,-0.46359000000000505,-0.001,0.0,-0.9948376736367678
277.4825744628906,0.9310000000000009,1.809,-0.5630400000000049,-0.0005,0.0,-0.9913470151327791
277.58460116386414,0.9310000000000009,1.809,-0.6624900000000051,-0.001,0.0,-0.9948376736367678
277.6830577850342,0.9310000000000009,1.809,-0.7604100000000048,-0.001,0.0,-0.9878563566287906
277.78435373306274,0.9310000000000009,1.809,-0.8598600000000052,0.0005,0.0,-0.9983283321407566
277.88299441337585,0.9310000000000009,1.809,-0.9593100000000047,-0.002,0.0,-0.9948376736367678
277.98443627357483,0.9310000000000009,1.809,-1.0587600000000048,0.0,0.0,-0.9913470151327791
278.08308243751526,0.9310000000000009,1.809,-1.156680000000005,0.0005,0.0,-0.9913470151327791
278.1849613189697,0.9310000000000009,1.809,-1.2561300000000049,-0.001,0.0,-0.9913470151327791
278.28304839134216,0.9310000000000009,1.809,-1.3555800000000051,-0.0005,0.0,-0.9983283321407566
278.3845999240875,0.9310000000000009,1.809,-1.453500000000005,0.0,0.0,-0.9843656981248019
278.4830901622772,0.9310000000000009,1.809,-1.554480000000005,-0.0005,0.0,-0.9983283321407566
278.58471512794495,0.9310000000000009,1.809,-1.652400000000005,0.0,0.0,-0.9913470151327791
278.68315863609314,0.9310000000000009,1.809,-1.751850000000005,-0.0005,0.0,-0.9913470151327791
278.7849175930023,0.9310000000000009,1.809,-1.8676053071795915,0.0,0.0,-0.9983283321407566
278.88334345817566,0.9310000000000009,1.809,-1.9670553071795915,-0.001,0.0,-0.9913470151327791
278.9847753047943,0.9310000000000009,1.809,-2.0649753071795915,-0.001,0.0,-0.9878563566287906
279.08350920677185,0.9310000000000009,1.809,-2.1644253071795916,-0.0015,0.0,-0.9983283321407566
279.1851785182953,0.9310000000000009,1.809,-2.2638753071795916,-0.0005,0.0,-0.9948376736367678
279.2834243774414,0.9310000000000009,1.809,-2.3633253071795917,-0.002,0.0,-0.9913470151327791
279.38502740859985,0.9310000000000009,1.8099999999999998,-2.4627753071795917,-0.003,0.0,-0.9983283321407566
279.48361468315125,0.9310000000000009,1.809,-2.5622253071795917,0.001,0.0,-0.9913470151327791
279.5850429534912,0.9310000000000009,1.809,-2.6601453071795915,-0.001,0.0,-0.9878563566287906
279.68351221084595,0.9310000000000009,1.809,-2.7595953071795916,-0.0005,0.0,-0.9948376736367678
279.7860059738159,0.9310000000000009,1.809,-2.8590453071795916,-0.0005,0.0,-0.9948376736367678
279.8835415840149,0.9310000000000009,1.809,-2.9569653071795914,-0.0005,0.0,-0.9913470151327791
279.98526310920715,0.9310000000000009,1.809,-3.0564153071795914,0.0,0.0,-0.9948376736367678
280.08430647850037,0.9310000000000009,1.809,-3.1543353071795917,0.001,0.0,-0.9843656981248019
280.1857051849365,0.9310000000000009,1.809,-3.2553153071795924,-0.001,0.0,-1.0053096491487339
280.2838325500488,0.9310000000000009,1.809,-3.3532353071795917,-0.001,0.0,-0.9878563566287906
280.38581132888794,0.9310000000000009,1.809,-3.4526853071795927,0.0005,0.0,-0.9948376736367678
280.484126329422,0.9310000000000009,1.809,-3.552135307179592,0.0,0.0,-0.9948376736367678
280.58564376831055,0.9310000000000009,1.809,-3.651585307179592,0.0,0.0,-0.9913470151327791
280.68403673171997,0.9310000000000009,1.809,-3.751035307179591,0.0,0.0,-0.9913470151327791
280.78579020500183,0.9310000000000009,1.809,-3.850485307179591,-0.0005,0.0,-1.0018189906447452
280.8846900463104,0.9310000000000009,1.809,-3.9484053071795913,-0.0005,0.0,-0.9843656981248019
280.9857609272003,0.9310000000000009,1.809,-4.047855307179591,-0.0005,0.0,-0.9948376736367678
281.08431339263916,0.9310000000000009,1.809,-4.147305307179591,-0.0005,0.0,-0.9913470151327791
281.18567991256714,0.9310000000000009,1.809,-4.245225307179591,0.0005,0.0,-0.9878563566287906
281.28442454338074,0.9310000000000009,1.809,-4.344675307179591,-0.0005,0.0,-0.9913470151327791
281.3860306739807,0.9310000000000009,1.809,-4.444125307179591,-0.001,0.0,-0.9983283321407566
281.4844572544098,0.9310000000000009,1.809,-4.543575307179591,-0.0005,0.0,-0.9948376736367678
281.5861654281616,0.9310000000000009,1.809,-4.64149530717959,-0.0005,0.0,-0.9913470151327791
281.68443393707275,0.9310000000000009,1.809,-4.74094530717959,0.0,0.0,-0.9948376736367678
281.7863118648529,0.9310000000000009,1.809,-4.84039530717959,0.0,0.0,-0.9913470151327791
281.88454580307007,0.9310000000000009,1.809,-4.942905307179591,-0.001,0.0,-0.9983283321407566
281.98662757873535,0.9310000000000009,1.809,-5.042355307179591,-0.0015,0.0,-0.9878563566287906
282.08444690704346,0.9310000000000009,1.809,-5.14027530717959,0.0,0.0,-0.9948376736367678
282.18608474731445,0.9310000000000009,1.809,-5.23972530717959,0.0,0.0,-0.9913470151327791
282.28484654426575,0.9310000000000009,1.809,-5.33917530717959,0.0005,0.0,-0.9913470151327791
282.3861303329468,0.9310000000000009,1.809,-5.43250530717959,0.001,0.0,-0.9459684545809266
282.4847152233124,0.9310000000000009,1.809,-5.51053530717959,-0.0015,0.0,-0.778416846389471
282.5862967967987,0.9310000000000009,1.809,-5.56714530717959,0.0005,0.0,-0.5654866776461627
282.6847789287567,0.9310000000000009,1.809,-5.60998530717959,0.001,0.0,-0.4223696789826278
282.7864532470703,0.9310000000000009,1.809,-5.63293530717959,-0.0005,0.0,-0.23736477827122882
282.8855173587799,0.9310000000000009,1.809,-5.63905530717959,-0.001,0.0,-0.059341194567807204
282.9863965511322,0.9310000000000009,1.809,-5.63905530717959,0.0,0.0,0.0
283.0848481655121,0.9310000000000009,1.809,-5.63905530717959,0.0,0.0,0.0
283.186470746994,0.9310000000000009,1.809,-5.63905530717959,0.0,0.0,0.0
283.285267829895,0.9310000000000009,1.809,-5.63905530717959,0.0,0.0,0.0
283.386513710022,0.9310000000000009,1.809,-5.63905530717959,0.0,0.0,0.0
283.4849922657013,0.9310000000000009,1.809,-5.63905530717959,0.0,0.0,0.0
283.5868113040924,0.9310000000000009,1.809,-5.63905530717959,0.0,0.0,0.0
283.68519735336304,0.9310000000000009,1.809,-5.63905530717959,-0.0005,0.0,0.0
283.78666591644287,0.9310000000000009,1.809,-5.63905530717959,0.0,0.0,0.0
283.88539958000183,0.9310000000000009,1.809,-5.63905530717959,0.0,0.0,0.0
283.9867641925812,0.9310000000000009,1.809,-5.63905530717959,0.0,0.0,0.0
284.0853190422058,0.9310000000000009,1.809,-5.63905530717959,0.0,0.0,0.0
284.1868302822113,0.9310000000000009,1.809,-5.63905530717959,0.0,0.0,0.0
284.2853333950043,0.9310000000000009,1.809,-5.63905530717959,0.0,0.0,0.0
284.3871171474457,0.9310000000000009,1.809,-5.63905530717959,0.0,0.0,0.0
284.4854600429535,0.9310000000000009,1.809,-5.63905530717959,0.0,0.0,0.0
284.58776688575745,0.9310000000000009,1.809,-5.63905530717959,0.0,0.0,0.0
284.6857626438141,0.9310000000000009,1.809,-5.63905530717959,0.0,0.0,0.0
284.7871255874634,0.9310000000000009,1.809,-5.63905530717959,0.0,0.0,0.0
284.8857624530792,0.9310000000000009,1.809,-5.63905530717959,0.0,0.0,0.0
284.98827862739563,0.9310000000000009,1.809,-5.63905530717959,0.0,0.0,0.0
285.08570170402527,0.9310000000000009,1.809,-5.63905530717959,0.0,0.0,0.0
285.18751430511475,0.9310000000000009,1.809,-5.63905530717959,0.0,0.0,0.0
285.28603053092957,0.9310000000000009,1.809,-5.63905530717959,0.0,0.0,0.0
285.38765263557434,0.9310000000000009,1.809,-5.63905530717959,0.0,0.0,0.0
285.4857978820801,0.9310000000000009,1.809,-5.63905530717959,0.0,0.0,0.0
285.58804392814636,0.9310000000000009,1.809,-5.63905530717959,0.0,0.0,0.0
285.6861505508423,0.9310000000000009,1.809,-5.63905530717959,0.0,0.0,0.0
285.78773307800293,0.9310000000000009,1.809,-5.63905530717959,0.0,0.0,0.0
285.8859257698059,0.9310000000000009,1.809,-5.63905530717959,0.0,0.0,0.0
285.9875478744507,0.9310000000000009,1.809,-5.63905530717959,0.0,0.0,0.0
286.0860011577606,0.9310000000000009,1.809,-5.63905530717959,0.0,0.0,0.0
286.18793535232544,0.9310000000000009,1.809,-5.63905530717959,0.0,0.0,0.0
286.286465883255,0.9310000000000009,1.809,-5.63905530717959,0.0,0.0,0.0
286.3879942893982,0.9310000000000009,1.809,-5.63905530717959,0.0,0.0,0.0
286.4862701892853,0.9310000000000009,1.809,-5.63905530717959,0.0,0.0,0.0
286.5880928039551,0.9310000000000009,1.809,-5.63905530717959,0.0,0.0,0.0
286.68631958961487,0.9310000000000009,1.809,-5.63905530717959,0.0,0.0,0.0
286.78784132003784,0.9310000000000009,1.809,-5.63905530717959,0.0,0.0,0.0
286.88633847236633,0.9310000000000009,1.809,-5.63905530717959,0.0,0.0,0.0
286.9879460334778,0.9310000000000009,1.809,-5.63905530717959,0.0,0.0,0.0
287.08642172813416,0.9310000000000009,1.809,-5.63905530717959,0.0,0.0,0.0
287.18803882598877,0.9310000000000009,1.809,-5.63905530717959,0.0,0.0,0.0
287.2864685058594,0.9310000000000009,1.809,-5.63905530717959,0.0,0.0,0.0
287.38806223869324,0.9310000000000009,1.809,-5.63905530717959,0.0,0.0,0.0
287.4865577220917,0.9310000000000009,1.809,-5.63905530717959,0.0,0.0,0.0
287.5882349014282,0.9310000000000009,1.809,-5.63905530717959,0.0,0.0,0.0
287.6868166923523,0.9310000000000009,1.809,-5.63905530717959,0.0,0.0,0.0
287.78875732421875,0.9310000000000009,1.809,-5.63905530717959,0.0,0.0,0.0
287.88676857948303,0.9310000000000009,1.809,-5.63905530717959,0.0,0.0,0.0
287.98857378959656,0.9310000000000009,1.809,-5.63905530717959,0.0,0.0,0.0
288.0868933200836,0.9310000000000009,1.809,-5.63905530717959,0.0,0.0,0.0
288.18838143348694,0.9310000000000009,1.809,-5.63905530717959,0.0,0.0,0.0
288.2872631549835,0.9310000000000009,1.809,-5.63905530717959,0.0,0.0,0.0
288.38851714134216,0.9310000000000009,1.809,-5.63905530717959,0.0,0.0,0.0
288.48692297935486,0.9310000000000009,1.809,-5.63905530717959,0.0,0.0,0.0
288.5886399745941,0.9310000000000009,1.809,-5.63905530717959,0.0,0.0,0.0
288.6871373653412,0.9310000000000009,1.809,-5.63905530717959,0.0,0.0,0.0
288.7889618873596,0.9310000000000009,1.809,-5.63905530717959,0.0,0.0,0.0
288.8871569633484,0.9310000000000009,1.809,-5.63905530717959,0.0,0.0,0.0
288.9887042045593,0.9310000000000009,1.809,-5.63905530717959,0.0,0.0,0.0
289.08720111846924,0.9310000000000009,1.809,-5.63905530717959,0.0,0.0,0.0
289.18905425071716,0.9310000000000009,1.809,-5.63905530717959,0.0,0.0,0.0
289.2880747318268,0.9310000000000009,1.809,-5.63905530717959,0.0,0.0,0.0
289.3892469406128,0.9310000000000009,1.809,-5.63905530717959,0.0,0.0,0.0
289.4874482154846,0.9310000000000009,1.809,-5.63905530717959,0.0,0.0,0.0
289.5891237258911,0.9310000000000009,1.809,-5.63905530717959,0.0,0.0,0.0
289.68756794929504,0.9310000000000009,1.809,-5.63905530717959,0.0,0.0,0.0
289.7892897129059,0.9310000000000009,1.809,-5.63905530717959,0.0,0.0,0.0
289.88772559165955,0.9310000000000009,1.809,-5.63905530717959,0.0,0.0,0.0
289.98919653892517,0.9310000000000009,1.809,-5.63905530717959,0.0,0.0,0.0
290.0878779888153,0.9310000000000009,1.809,-5.63905530717959,0.0,0.0,0.0
290.1892490386963,0.9310000000000009,1.809,-5.63905530717959,0.0,0.0,0.0
290.2879433631897,0.9310000000000009,1.809,-5.63905530717959,0.0,0.0,0.0
290.38944458961487,0.9310000000000009,1.809,-5.63905530717959,0.0,0.0,0.0
290.48798537254333,0.9310000000000009,1.809,-5.63905530717959,0.0,0.0,0.0
290.5895473957062,0.9310000000000009,1.809,-5.63905530717959,0.0,0.0,0.0
290.6880259513855,0.9310000000000009,1.809,-5.63905530717959,0.0,0.0,0.0
290.7896420955658,0.9310000000000009,1.809,-5.63905530717959,0.0,0.0,0.0
290.8883011341095,0.9310000000000009,1.809,-5.63905530717959,0.0,0.0,0.0
290.9895555973053,0.9310000000000009,1.809,-5.63905530717959,0.0,0.0,0.0
291.0885217189789,0.9310000000000009,1.809,-5.63905530717959,0.0,0.0,0.0
291.1897416114807,0.9310000000000009,1.809,-5.63905530717959,0.0,0.0,0.0
291.28823351860046,0.9310000000000009,1.809,-5.63905530717959,0.0,0.0,0.0
291.3898138999939,0.9310000000000009,1.809,-5.63905530717959,0.0,0.0,0.0
291.4886302947998,0.9310000000000009,1.809,-5.63905530717959,0.0,0.0,0.0
291.5898790359497,0.9310000000000009,1.809,-5.63905530717959,0.0,0.0,0.0
291.6888108253479,0.9310000000000009,1.809,-5.63905530717959,0.0,0.0,0.0
291.79002690315247,0.9310000000000009,1.809,-5.63905530717959,0.0,0.0,0.0
291.8885326385498,0.9310000000000009,1.809,-5.63905530717959,0.0,0.0,0.0
291.9901831150055,0.9310000000000009,1.809,-5.63905530717959,0.0,0.0,0.0
292.08886766433716,0.9310000000000009,1.809,-5.63905530717959,0.0,0.0,0.0
292.1901276111603,0.9310000000000009,1.809,-5.63905530717959,0.0,0.0,0.0
292.28880977630615,0.9310000000000009,1.809,-5.63905530717959,0.0,0.0,0.0
292.39027547836304,0.9310000000000009,1.809,-5.63905530717959,0.0,0.0,0.0
292.4889392852783,0.9310000000000009,1.809,-5.63905530717959,0.0,0.0,0.0
292.5903880596161,0.9310000000000009,1.809,-5.63905530717959,0.0,0.0,0.0
292.6888253688812,0.9310000000000009,1.809,-5.63905530717959,0.0,0.0,0.0
292.7903244495392,0.9310000000000009,1.809,-5.63905530717959,0.0,0.0,0.0
292.88898062705994,0.9310000000000009,1.809,-5.63905530717959,0.0,0.0,0.0
292.99047017097473,0.9310000000000009,1.809,-5.63905530717959,0.0,0.0,0.0
293.08896946907043,0.9310000000000009,1.809,-5.63905530717959,0.0,0.0,0.0
293.1905550956726,0.9310000000000009,1.809,-5.63905530717959,0.0,0.0,0.0
293.2897515296936,0.9310000000000009,1.809,-5.63905530717959,0.0,0.0,0.0
293.39051699638367,0.9310000000000009,1.809,-5.63905530717959,0.0,0.0,0.0
293.48890471458435,0.9310000000000009,1.809,-5.63905530717959,0.0,0.0,0.0
293.5906660556793,0.9310000000000009,1.809,-5.63905530717959,0.0,0.0,0.0
293.68947649002075,0.9310000000000009,1.809,-5.63905530717959,0.0,0.0,0.0
293.79093384742737,0.9310000000000009,1.809,-5.63905530717959,0.0,0.0,0.0
293.8892948627472,0.9310000000000009,1.809,-5.63905530717959,0.0,0.0,0.0
293.99072217941284,0.9310000000000009,1.809,-5.63905530717959,0.0,0.0,0.0
294.08942222595215,0.9310000000000009,1.809,-5.63905530717959,0.0,0.0,0.0
294.19106578826904,0.9310000000000009,1.809,-5.63905530717959,0.0,0.0,0.0
294.2896113395691,0.9310000000000009,1.809,-5.63905530717959,0.0,0.0,0.0
294.3910677433014,0.9310000000000009,1.809,-5.63905530717959,0.0,0.0,0.0
294.4894573688507,0.9310000000000009,1.809,-5.63905530717959,0.0,0.0,0.0
294.59122610092163,0.9310000000000009,1.809,-5.63905530717959,0.0,0.0,0.0
294.68963861465454,0.9310000000000009,1.809,-5.63905530717959,0.0,0.0,0.0
294.7914843559265,0.9310000000000009,1.809,-5.63905530717959,0.0,0.0,0.0
294.88974165916443,0.9310000000000009,1.809,-5.63905530717959,0.0,0.0,0.0
294.99134635925293,0.9310000000000009,1.809,-5.63905530717959,0.0,0.0,0.0
295.08965849876404,0.9310000000000009,1.809,-5.63905530717959,0.0,0.0,0.0
295.19140672683716,0.9310000000000009,1.809,-5.63905530717959,0.0,0.0,0.0
295.289843082428,0.9310000000000009,1.809,-5.63905530717959,0.0,0.0,0.0
295.39187383651733,0.9310000000000009,1.809,-5.63905530717959,0.0,0.0,0.0
295.48988795280457,0.9310000000000009,1.809,-5.63905530717959,0.0,0.0,0.0
295.59163784980774,0.9310000000000009,1.809,-5.63905530717959,0.0,0.0,0.0
295.6897819042206,0.9310000000000009,1.809,-5.63905530717959,0.0,0.0,0.0
295.79179334640503,0.9310000000000009,1.809,-5.63905530717959,0.0,0.0,0.0
295.8898549079895,0.9310000000000009,1.809,-5.63905530717959,0.0,0.0,0.0
295.9915249347687,0.9310000000000009,1.809,-5.63905530717959,0.0,0.0,0.0
296.08997559547424,0.9310000000000009,1.809,-5.63905530717959,0.0,0.0,0.0
296.19168424606323,0.9310000000000009,1.809,-5.63905530717959,0.0,0.0,0.0
296.29024291038513,0.9310000000000009,1.809,-5.63905530717959,0.0,0.0,0.0
296.3916416168213,0.9310000000000009,1.809,-5.63905530717959,0.0,0.0,0.0
296.49012541770935,0.9310000000000009,1.809,-5.63905530717959,0.0,0.0,0.0
296.5920670032501,0.9310000000000009,1.809,-5.63905530717959,0.0,0.0,0.0
296.6903712749481,0.9310000000000009,1.809,-5.63905530717959,0.0,0.0,0.0
296.7922565937042,0.9310000000000009,1.809,-5.63905530717959,0.0,0.0,0.0
296.89041352272034,0.9310000000000009,1.809,-5.63905530717959,0.0,0.0,0.0
296.99198174476624,0.9310000000000009,1.809,-5.63905530717959,0.0,0.0,0.0
297.09041929244995,0.9310000000000009,1.809,-5.63905530717959,0.0,0.0,0.0
297.19204592704773,0.9310000000000009,1.809,-5.63905530717959,0.0,0.0,0.0
297.29043340682983,0.9310000000000009,1.809,-5.63905530717959,0.0,0.0,0.0
297.3920512199402,0.9310000000000009,1.809,-5.63905530717959,0.0,0.0,0.0
297.49056100845337,0.9310000000000009,1.809,-5.63905530717959,0.0,0.0,0.0
297.59236216545105,0.9310000000000009,1.809,-5.63905530717959,0.0,0.0,0.0
297.6906659603119,0.9310000000000009,1.809,-5.63905530717959,0.0,0.0,0.0
297.792475938797,0.9310000000000009,1.809,-5.63905530717959,0.0,0.0,0.0
297.8909225463867,0.9310000000000009,1.809,-5.63905530717959,0.0,0.0,0.0
