time_s,wz_rad_s,ax_m_s2,ay_m_s2
0.0,-0.0057289433462409285,-0.5291185668945312,-0.2705447875976562
0.019538402557373047,-0.006128637068071691,-0.5722141967773438,-0.277727392578125
0.36353588104248047,-0.005329249624410167,-0.5530605834960938,-0.26336218261718747
0.3637723922729492,-0.004663093421358896,-0.5746083984375,-0.2609679809570312
0.3638956546783447,-0.0058621745868511835,-0.5793968017578125,-0.29927520751953124
0.36433863639831543,-0.0030643185340358454,-0.5913678100585937,-0.258573779296875
0.3645310401916504,-0.003863705977697371,-0.5410895751953124,-0.25139117431640623
0.364560604095459,-0.009459418083328047,-0.5530605834960938,-0.28490999755859375
0.3645784854888916,-0.0031975497746461,-0.5482721801757812,-0.2657563842773437
0.3646540641784668,-0.006928024511733216,-0.565031591796875,-0.277727392578125
0.3655240535736084,-0.005462480865020421,-0.5386953735351562,-0.28969840087890625
0.3655660152435303,-0.006928024511733216,-0.565031591796875,-0.27293898925781246
0.3655848503112793,-0.00866003063966652,-0.5291185668945312,-0.2753331909179687
0.3657076358795166,-0.007194486992953725,-0.5817910034179687,-0.2442085693359375
0.36582112312316895,-0.009725880564548555,-0.565031591796875,-0.2442085693359375
0.3658895492553711,-0.005329249624410167,-0.5482721801757812,-0.2561795776367187
0.36596202850341797,-0.0075941807147844875,-0.5698199951171875,-0.3136404174804687
0.36607861518859863,-0.003464012255866608,-0.5602431884765625,-0.24660277099609373
0.36620354652404785,-0.0063950995492922,-0.5530605834960938,-0.27293898925781246
0.38059258460998535,-0.007194486992953725,-0.5578489868164063,-0.2825157958984375
0.4005098342895508,-0.005196018383799912,-0.55545478515625,-0.26815058593749996
0.42020368576049805,-0.005062787143189658,-0.5913678100585937,-0.2825157958984375
0.4420914649963379,-0.00866003063966652,-0.5698199951171875,-0.24899697265624998
0.4605121612548828,-0.0031975497746461,-0.55545478515625,-0.24660277099609373
0.4803578853607178,-0.002531393571594829,-0.5530605834960938,-0.2657563842773437
0.500316858291626,-0.001732006127933304,-0.5770026000976562,-0.2705447875976562
0.5201117992401123,-0.0057289433462409285,-0.565031591796875,-0.2609679809570312
0.5400910377502441,-0.007194486992953725,-0.5506663818359374,-0.2657563842773437
0.5603642463684082,-0.005062787143189658,-0.5315127685546874,-0.27293898925781246
0.5800366401672363,-0.0031975497746461,-0.5219359619140624,-0.2705447875976562
0.6004867553710938,-0.006261868308681946,-0.5961562133789062,-0.27293898925781246
0.6199507713317871,-0.004529862180748642,-0.5722141967773438,-0.24660277099609373
0.6398723125457764,-0.005462480865020421,-0.5530605834960938,-0.25139117431640623
0.6620886325836182,-0.0037304747370871167,-0.5698199951171875,-0.3016694091796875
0.6803767681121826,-0.009725880564548555,-0.5410895751953124,-0.258573779296875
0.7004001140594482,-0.007993874436615249,-0.5410895751953124,-0.3064578125
0.7200155258178711,-0.0063950995492922,-0.6081272216796875,-0.28969840087890625
0.7400178909301758,-0.0057289433462409285,-0.5434837768554687,-0.2825157958984375
0.7600975036621094,-0.0074609494741742334,-0.5817910034179687,-0.296881005859375
0.7800304889678955,-0.006528330789902454,-0.5530605834960938,-0.258573779296875
0.7998762130737305,-0.0029310872934255917,-0.5315127685546874,-0.26815058593749996
0.819981575012207,-0.009192955602107537,-0.5722141967773438,-0.2753331909179687
0.8397986888885498,-0.006128637068071691,-0.5698199951171875,-0.26815058593749996
0.8602023124694824,-0.006528330789902454,-0.5530605834960938,-0.22744915771484372
0.8799736499786377,-0.0031975497746461,-0.5506663818359374,-0.23223756103515625
0.8999087810516357,-0.0075941807147844875,-0.565031591796875,-0.29927520751953124
0.9197866916656494,-0.008393568158446012,-0.5698199951171875,-0.28969840087890625
0.9398846626281738,-0.005595712105630674,-0.584185205078125,-0.277727392578125
0.9603114128112793,-0.006928024511733216,-0.5506663818359374,-0.258573779296875
0.9800517559051514,-0.005329249624410167,-0.5363011718749999,-0.2657563842773437
0.9998679161071777,-0.005995405827461438,-0.5530605834960938,-0.23702596435546874
1.019895315170288,-0.00479632466196915,-0.5410895751953124,-0.28969840087890625
1.0397281646728516,-0.006928024511733216,-0.5386953735351562,-0.2537853759765625
1.0597705841064453,-0.002797856052815337,-0.55545478515625,-0.316034619140625
1.0806894302368164,-0.006928024511733216,-0.5722141967773438,-0.30406361083984373
1.0998940467834473,-0.0073277182335639785,-0.5506663818359374,-0.2657563842773437
1.1198620796203613,-0.0039969372183076245,-0.5195417602539062,-0.239420166015625
1.1397721767425537,-0.007993874436615249,-0.5674257934570313,-0.27293898925781246
1.1598773002624512,-0.006528330789902454,-0.5602431884765625,-0.258573779296875
1.1799302101135254,-0.006528330789902454,-0.5770026000976562,-0.27293898925781246
1.1999106407165527,-0.004663093421358896,-0.5578489868164063,-0.2442085693359375
1.2197201251983643,-0.006794793271122962,-0.5434837768554687,-0.25139117431640623
1.2397501468658447,-0.0029310872934255917,-0.5339069702148437,-0.24660277099609373
1.259906530380249,-0.008260336917835759,-0.5530605834960938,-0.2609679809570312
1.2800006866455078,-0.004130168458917879,-0.5482721801757812,-0.26815058593749996
1.3002748489379883,-0.007860643196004996,-0.6009446166992187,-0.277727392578125
1.3200721740722656,-0.0018652373685435584,-0.5410895751953124,-0.258573779296875
1.3400743007659912,-0.007993874436615249,-0.5722141967773438,-0.30885201416015623
1.3599531650543213,-0.004396630940138387,-0.565031591796875,-0.27293898925781246
1.380070447921753,-0.006661562030512709,-0.565031591796875,-0.2825157958984375
1.3999273777008057,-0.0026646248122050836,-0.584185205078125,-0.28969840087890625
1.4200708866119385,-0.0030643185340358454,-0.5578489868164063,-0.2537853759765625
1.440445899963379,-0.006261868308681946,-0.5434837768554687,-0.239420166015625
1.4605882167816162,-0.0063950995492922,-0.5530605834960938,-0.29927520751953124
1.4808502197265625,-0.006261868308681946,-0.5961562133789062,-0.24181436767578124
1.4999375343322754,-0.004929555902579405,-0.5458779785156249,-0.2705447875976562
1.5197782516479492,-0.006128637068071691,-0.5961562133789062,-0.2442085693359375
1.5399115085601807,-0.0057289433462409285,-0.5506663818359374,-0.28490999755859375
1.559899091720581,-0.004929555902579405,-0.5315127685546874,-0.277727392578125
1.5805184841156006,-0.0031975497746461,-0.5817910034179687,-0.2705447875976562
1.6001958847045898,-0.00479632466196915,-0.55545478515625,-0.24899697265624998
1.620065450668335,-0.005062787143189658,-0.5578489868164063,-0.30406361083984373
1.6399526596069336,-0.011457886692481857,-0.5578489868164063,-0.2753331909179687
1.6599044799804688,-0.004929555902579405,-0.5482721801757812,-0.26336218261718747
1.680011510848999,-0.004929555902579405,-0.5291185668945312,-0.26815058593749996
1.7003819942474365,-0.0026646248122050836,-0.5578489868164063,-0.24660277099609373
1.7199468612670898,-0.004529862180748642,-0.51714755859375,-0.2561795776367187
1.7407095432281494,-0.004130168458917879,-0.5363011718749999,-0.28969840087890625
1.7599003314971924,-0.0018652373685435584,-0.5626373901367188,-0.26336218261718747
1.780144214630127,-0.0037304747370871167,-0.5602431884765625,-0.25139117431640623
1.8001415729522705,-0.006528330789902454,-0.5458779785156249,-0.430956298828125
1.8198926448822021,-0.0030643185340358454,-0.5530605834960938,-0.24181436767578124
1.839878797531128,-0.005595712105630674,-0.5865794067382812,-0.2561795776367187
1.860001802444458,-0.005462480865020421,-0.5722141967773438,-0.30885201416015623
1.880326509475708,-0.005329249624410167,-0.5506663818359374,-0.277727392578125
1.900052785873413,-0.010125574286379316,-0.5506663818359374,-0.29448680419921874
1.9198899269104004,-0.002398162330984575,-0.5793968017578125,-0.28012159423828126
1.9397673606872559,-0.0058621745868511835,-0.5985504150390625,-0.27293898925781246
1.960526943206787,-0.008393568158446012,-0.5985504150390625,-0.22266075439453123
1.9804096221923828,-0.0063950995492922,-0.6009446166992187,-0.25139117431640623
2.000319480895996,-0.004130168458917879,-0.5626373901367188,-0.27293898925781246
2.0200822353363037,-0.004929555902579405,-0.5746083984375,-0.2705447875976562
2.039789915084839,-0.0074609494741742334,-0.5793968017578125,-0.28012159423828126
2.060887098312378,-0.007194486992953725,-0.5219359619140624,-0.2753331909179687
2.081024408340454,-0.0031975497746461,-0.5578489868164063,-0.2705447875976562
2.1003167629241943,-0.007727411955394742,-0.5506663818359374,-0.3016694091796875
2.119809627532959,-0.006261868308681946,-0.5506663818359374,-0.2753331909179687
2.140328884124756,-0.0035972434964768626,-0.5434837768554687,-0.2920926025390625
2.1624205112457275,-0.0063950995492922,-0.565031591796875,-0.2657563842773437
2.180459976196289,-0.006661562030512709,-0.5482721801757812,-0.29448680419921874
2.200254201889038,-0.005595712105630674,-0.5602431884765625,-0.2346317626953125
2.220425844192505,-0.009459418083328047,-0.5434837768554687,-0.277727392578125
2.240277051925659,-0.004130168458917879,-0.6057330200195312,-0.277727392578125
2.2602670192718506,-0.005062787143189658,-0.5770026000976562,-0.2825157958984375
2.2806806564331055,-0.008793261880276773,-0.5770026000976562,-0.277727392578125
2.3003947734832764,-0.0030643185340358454,-0.5530605834960938,-0.2609679809570312
2.3203399181365967,-0.0095926493239383,-0.565031591796875,-0.277727392578125
2.340078830718994,-0.0057289433462409285,-0.5746083984375,-0.2920926025390625
2.360288619995117,-0.006528330789902454,-0.5626373901367188,-0.2561795776367187
2.380476951599121,-0.0063950995492922,-0.5506663818359374,-0.3016694091796875
2.4004628658294678,-0.005995405827461438,-0.5746083984375,-0.2705447875976562
2.4205543994903564,-0.005995405827461438,-0.5386953735351562,-0.28012159423828126
2.440213918685913,-0.003863705977697371,-0.55545478515625,-0.27293898925781246
2.4604523181915283,-0.005196018383799912,-0.5746083984375,-0.2753331909179687
2.4804747104644775,-0.006794793271122962,-0.49320554199218747,-0.2705447875976562
2.500351667404175,-0.008393568158446012,-0.55545478515625,-0.258573779296875
2.520332098007202,0.000799387443661525,-0.5243301635742187,-0.29448680419921874
2.540472984313965,-0.007860643196004996,-0.565031591796875,-0.239420166015625
2.56052303314209,-0.004663093421358896,-0.5698199951171875,-0.26815058593749996
2.580352306365967,-0.004529862180748642,-0.5506663818359374,-0.16998831787109375
2.600196123123169,-0.0030643185340358454,-0.5602431884765625,-0.2561795776367187
2.6200973987579346,-0.0073277182335639785,-0.5458779785156249,-0.25139117431640623
2.640375852584839,-0.00479632466196915,-0.5770026000976562,-0.296881005859375
2.6602699756622314,-0.005995405827461438,-0.5506663818359374,-0.2657563842773437
2.6804044246673584,-0.005196018383799912,-0.5817910034179687,-0.22505495605468748
2.700218439102173,-0.006661562030512709,-0.5698199951171875,-0.2705447875976562
2.7202494144439697,-0.0063950995492922,-0.565031591796875,-0.28730419921875
2.7403311729431152,-0.006261868308681946,-0.5506663818359374,-0.296881005859375
2.760087251663208,-0.0031975497746461,-0.5530605834960938,-0.3184288208007812
2.7806596755981445,-0.005062787143189658,-0.55545478515625,-0.2561795776367187
2.800152540206909,-0.0074609494741742334,-0.5578489868164063,-0.28730419921875
2.820192337036133,-0.00479632466196915,-0.584185205078125,-0.2705447875976562
2.8402373790740967,-0.005995405827461438,-0.5770026000976562,-0.29927520751953124
2.8603689670562744,-0.00866003063966652,-0.5482721801757812,-0.277727392578125
2.8805179595947266,-0.007860643196004996,-0.5386953735351562,-0.28490999755859375
2.900841236114502,-0.007061255752343471,-0.5458779785156249,-0.2657563842773437
2.9204516410827637,-0.0063950995492922,-0.5578489868164063,-0.2825157958984375
2.9407143592834473,-0.005995405827461438,-0.5722141967773438,-0.28012159423828126
2.96142315864563,-0.005329249624410167,-0.5363011718749999,-0.2657563842773437
2.981003761291504,-0.005329249624410167,-0.5793968017578125,-0.27293898925781246
3.0000345706939697,-0.0030643185340358454,-0.5865794067382812,-0.24899697265624998
3.0199508666992188,-0.007727411955394742,-0.5506663818359374,-0.3016694091796875
3.04014253616333,-0.0057289433462409285,-0.5482721801757812,-0.2705447875976562
3.059972047805786,-0.007061255752343471,-0.5746083984375,-0.2705447875976562
3.0804266929626465,-0.005462480865020421,-0.565031591796875,-0.24181436767578124
3.0999224185943604,-0.005062787143189658,-0.5722141967773438,-0.29448680419921874
3.119898796081543,-0.005329249624410167,-0.5410895751953124,-0.2825157958984375
3.1398820877075195,-0.007860643196004996,-0.5889736083984375,-0.26336218261718747
3.159748077392578,-0.0075941807147844875,-0.5698199951171875,-0.26336218261718747
3.180074453353882,-0.005196018383799912,-0.5985504150390625,-0.25139117431640623
3.1999144554138184,-0.008526799399056265,-0.565031591796875,-0.27293898925781246
3.2202072143554688,-0.006661562030512709,-0.5458779785156249,-0.26336218261718747
3.2401936054229736,-0.00866003063966652,-0.5458779785156249,-0.26336218261718747
3.2601122856140137,-0.004529862180748642,-0.5817910034179687,-0.24660277099609373
3.279953956604004,-0.008526799399056265,-0.5482721801757812,-0.26336218261718747
3.2998740673065186,-0.005062787143189658,-0.5674257934570313,-0.29448680419921874
3.319849967956543,-0.005995405827461438,-0.5578489868164063,-0.2537853759765625
3.339704751968384,-0.009326186842717792,-0.5722141967773438,-0.25139117431640623
3.3597474098205566,-0.008393568158446012,-0.5817910034179687,-0.26336218261718747
3.3800342082977295,-0.008926493120887028,-0.5698199951171875,-0.4572925170898437
3.4001290798187256,-0.007061255752343471,-0.5698199951171875,-0.28969840087890625
3.4200680255889893,-0.0058621745868511835,-0.5865794067382812,-0.28012159423828126
3.4402530193328857,-0.007061255752343471,-0.5315127685546874,-0.26336218261718747
3.4602150917053223,-0.008127105677225504,-0.5458779785156249,-0.28012159423828126
3.480059862136841,-0.004130168458917879,-0.5339069702148437,-0.26336218261718747
3.500131368637085,-0.005995405827461438,-0.5506663818359374,-0.2753331909179687
3.5198559761047363,-0.0026646248122050836,-0.5746083984375,-0.296881005859375
3.539875030517578,-0.006528330789902454,-0.5506663818359374,-0.2705447875976562
3.5601158142089844,-0.003464012255866608,-0.5602431884765625,-0.27293898925781246
3.580268144607544,-0.009192955602107537,-0.5578489868164063,-0.28490999755859375
3.600203037261963,-0.003863705977697371,-0.5626373901367188,-0.29927520751953124
3.619971752166748,-0.0095926493239383,-0.5817910034179687,-0.296881005859375
3.639801263809204,-0.008793261880276773,-0.5578489868164063,-0.2537853759765625
3.659912347793579,-0.0033307810152563544,-0.51714755859375,-0.3136404174804687
3.679988145828247,-0.005595712105630674,-0.5674257934570313,-0.29927520751953124
3.699798345565796,-0.007860643196004996,-0.565031591796875,-0.28969840087890625
3.7199149131774902,-0.006661562030512709,-0.565031591796875,-0.277727392578125
3.739844799041748,-0.0037304747370871167,-0.5386953735351562,-0.2657563842773437
3.7599093914031982,-0.0031975497746461,-0.5674257934570313,-0.24181436767578124
3.7801995277404785,-0.0039969372183076245,-0.5482721801757812,-0.2657563842773437
3.799910545349121,-0.005462480865020421,-0.5698199951171875,-0.29927520751953124
3.819918394088745,-0.0035972434964768626,-0.5578489868164063,-0.2657563842773437
3.839879274368286,-0.003464012255866608,-0.5913678100585937,-0.2753331909179687
3.860036849975586,-0.006528330789902454,-0.5865794067382812,-0.28730419921875
3.880051612854004,-0.0031975497746461,-0.565031591796875,-0.28490999755859375
3.899923086166382,-0.006128637068071691,-0.5530605834960938,-0.2753331909179687
3.920109987258911,-0.004529862180748642,-0.5578489868164063,-0.2609679809570312
3.9401583671569824,-0.008393568158446012,-0.5793968017578125,-0.28969840087890625
3.9598193168640137,-0.005196018383799912,-0.5722141967773438,-0.239420166015625
3.980346918106079,-0.00985911180515881,-0.5530605834960938,-0.29927520751953124
4.0000901222229,-0.006661562030512709,-0.5770026000976562,-0.2825157958984375
4.019947290420532,-0.005329249624410167,-0.5578489868164063,-0.28969840087890625
4.040200710296631,-0.005196018383799912,-0.5793968017578125,-0.28012159423828126
4.059906482696533,-0.003863705977697371,-0.55545478515625,-0.25139117431640623
4.08072304725647,-0.004929555902579405,-0.5770026000976562,-0.28012159423828126
4.099925756454468,-0.004263399699528133,-0.5339069702148437,-0.277727392578125
4.119739294052124,-0.00866003063966652,-0.5410895751953124,-0.2753331909179687
4.140063762664795,-0.006661562030512709,-0.5793968017578125,-0.239420166015625
4.16020393371582,-0.007860643196004996,-0.6200982299804687,-0.229843359375
4.180533170700073,-0.0029310872934255917,-0.5506663818359374,-0.296881005859375
4.200012445449829,-0.0057289433462409285,-0.5626373901367188,-0.3016694091796875
4.220012426376343,-0.008260336917835759,-0.5698199951171875,-0.2561795776367187
4.240195035934448,-0.004396630940138387,-0.5578489868164063,-0.277727392578125
4.260210752487183,-0.004263399699528133,-0.5770026000976562,-0.2825157958984375
4.279937267303467,-0.003863705977697371,-0.5195417602539062,-0.26815058593749996
4.299916982650757,-0.004929555902579405,-0.5793968017578125,-0.28012159423828126
4.3199708461761475,-0.006794793271122962,-0.55545478515625,-0.28012159423828126
4.339909315109253,-0.0030643185340358454,-0.5793968017578125,-0.2657563842773437
4.360230922698975,-0.0063950995492922,-0.5578489868164063,-0.258573779296875
4.381042957305908,-0.005595712105630674,-0.5506663818359374,-0.277727392578125
4.400349855422974,-0.008526799399056265,-0.5578489868164063,-0.2609679809570312
4.420098304748535,-0.0033307810152563544,-0.5267243652343749,-0.28012159423828126
4.440079212188721,-0.0035972434964768626,-0.5339069702148437,-0.33039982910156246
4.460010528564453,-0.0037304747370871167,-0.5434837768554687,-0.25139117431640623
4.480084657669067,-0.006661562030512709,-0.55545478515625,-0.30885201416015623
4.500027894973755,-0.0031975497746461,-0.5889736083984375,-0.2920926025390625
4.519901752471924,-0.005595712105630674,-0.5793968017578125,-0.2753331909179687
4.539847135543823,-0.007993874436615249,-0.5386953735351562,-0.2705447875976562
4.559912204742432,-0.006261868308681946,-0.5674257934570313,-0.2705447875976562
4.580306529998779,-0.005062787143189658,-0.5386953735351562,-0.27293898925781246
4.59997034072876,-0.005329249624410167,-0.5506663818359374,-0.28730419921875
4.619943141937256,-0.00159877488732305,-0.5506663818359374,-0.27293898925781246
4.639758110046387,-0.00479632466196915,-0.5961562133789062,-0.2537853759765625
4.659911394119263,-0.0035972434964768626,-0.5865794067382812,-0.258573779296875
4.6800758838653564,-0.005595712105630674,-0.5746083984375,-0.29927520751953124
4.699733018875122,-0.00479632466196915,-0.5746083984375,-0.3064578125
4.720215797424316,-0.0021316998497640663,-0.5698199951171875,-0.26815058593749996
4.740105152130127,-0.006794793271122962,-0.5530605834960938,-0.23702596435546874
4.7599568367004395,-0.005595712105630674,-0.5386953735351562,-0.26336218261718747
4.779952526092529,-0.005196018383799912,-0.5793968017578125,-0.2825157958984375
4.79996919631958,-0.004263399699528133,-0.5961562133789062,-0.15562310791015624
4.819931745529175,-0.004263399699528133,-0.5698199951171875,-0.25139117431640623
4.839706659317017,-0.0031975497746461,-0.5602431884765625,-0.28012159423828126
4.859936475753784,-0.0057289433462409285,-0.55545478515625,-0.22026655273437498
4.8799920082092285,-0.006794793271122962,-0.5793968017578125,-0.2920926025390625
4.899721145629883,-0.003464012255866608,-0.5602431884765625,-0.25139117431640623
4.91988205909729,-0.006128637068071691,-0.5985504150390625,-0.29927520751953124
4.940221548080444,-0.0074609494741742334,-0.5722141967773438,-0.24899697265624998
4.9603822231292725,-0.0074609494741742334,-0.55545478515625,-0.24660277099609373
4.9806809425354,-0.005595712105630674,-0.5482721801757812,-0.2561795776367187
5.000513553619385,-0.008260336917835759,-0.5865794067382812,-0.2346317626953125
5.0197813510894775,-0.005062787143189658,-0.5674257934570313,-0.2346317626953125
5.039769172668457,-0.004663093421358896,-0.5698199951171875,-0.258573779296875
5.060418605804443,-0.003863705977697371,-0.5506663818359374,-0.28490999755859375
5.080469846725464,-0.0037304747370871167,-0.5578489868164063,-0.28012159423828126
5.099881649017334,-0.006528330789902454,-0.565031591796875,-0.2825157958984375
5.119601011276245,-0.006661562030512709,-0.5363011718749999,-0.27293898925781246
5.139720439910889,-0.008260336917835759,-0.5147533569335937,-0.2920926025390625
5.160490036010742,-0.006128637068071691,-0.5602431884765625,-0.258573779296875
5.180538892745972,-0.005196018383799912,-0.5506663818359374,-0.29448680419921874
5.200174570083618,-0.0031975497746461,-0.5602431884765625,-0.25139117431640623
5.220141887664795,-0.006128637068071691,-0.5363011718749999,-0.2920926025390625
5.240097999572754,-0.0074609494741742334,-0.5291185668945312,-0.26815058593749996
5.260071516036987,-0.007727411955394742,-0.5889736083984375,-0.30406361083984373
5.2804648876190186,-0.0058621745868511835,-0.5793968017578125,-0.3280056274414062
5.300075054168701,-0.0031975497746461,-0.5410895751953124,-0.277727392578125
5.320124387741089,-0.007727411955394742,-0.5578489868164063,-0.25139117431640623
5.340811491012573,-0.006928024511733216,-0.5698199951171875,-0.24181436767578124
5.3601953983306885,-0.007061255752343471,-0.59376201171875,-0.29448680419921874
5.380489826202393,-0.008260336917835759,-0.565031591796875,-0.28490999755859375
5.400205135345459,-0.004396630940138387,-0.5746083984375,-0.29448680419921874
5.420110702514648,-0.0057289433462409285,-0.55545478515625,-0.26815058593749996
5.440040588378906,-0.006661562030512709,-0.5746083984375,-0.26336218261718747
5.460207939147949,-0.001732006127933304,-0.5267243652343749,-0.28969840087890625
5.480374097824097,-0.0074609494741742334,-0.5363011718749999,-0.2753331909179687
5.500115156173706,-0.006528330789902454,-0.5913678100585937,-0.2442085693359375
5.5201122760772705,-0.008260336917835759,-0.5889736083984375,-0.277727392578125
5.539827346801758,-0.006528330789902454,-0.5051765502929687,-0.3016694091796875
5.559725046157837,-0.0031975497746461,-0.5770026000976562,-0.258573779296875
5.580697298049927,-0.006128637068071691,-0.5602431884765625,-0.28730419921875
5.600284099578857,-0.009992343045769061,-0.5386953735351562,-0.16041151123046873
5.620303153991699,-0.0057289433462409285,-0.5410895751953124,-0.28012159423828126
5.639977693557739,-0.0039969372183076245,-0.5386953735351562,-0.30406361083984373
5.660576581954956,-0.006794793271122962,-0.5746083984375,-0.3184288208007812
5.680291652679443,-0.002398162330984575,-0.7326257080078125,-0.25139117431640623
5.700156211853027,-0.00479632466196915,-0.5339069702148437,-0.2657563842773437
5.720170974731445,-0.006528330789902454,-0.5793968017578125,-0.258573779296875
5.740332365036011,-0.008793261880276773,-0.5434837768554687,-0.26815058593749996
5.759995937347412,-0.00159877488732305,-0.5530605834960938,-0.2657563842773437
5.7801103591918945,-0.005062787143189658,-0.5530605834960938,-0.3016694091796875
5.8001463413238525,-0.0030643185340358454,-0.5410895751953124,-0.26815058593749996
5.833282470703125,-0.0058621745868511835,-0.5698199951171875,-0.2825157958984375
5.849528551101685,-0.005329249624410167,-0.5506663818359374,-0.28012159423828126
5.8609161376953125,-0.005462480865020421,-0.5578489868164063,-0.30406361083984373
5.882026195526123,-0.0029310872934255917,-0.5865794067382812,-0.26336218261718747
5.900904417037964,-0.005196018383799912,-0.5458779785156249,-0.2825157958984375
5.921242952346802,-0.008926493120887028,-0.5291185668945312,-0.28730419921875
5.940263509750366,-0.007194486992953725,-0.5434837768554687,-0.27293898925781246
5.960878849029541,-0.006528330789902454,-0.5578489868164063,-0.258573779296875
5.980421543121338,-0.006261868308681946,-0.5506663818359374,-0.239420166015625
6.0001912117004395,-0.005462480865020421,-0.5315127685546874,-0.2537853759765625
6.020205020904541,-0.0018652373685435584,-0.584185205078125,-0.27293898925781246
6.040350437164307,-0.008793261880276773,-0.5530605834960938,-0.2825157958984375
6.060176610946655,-0.0033307810152563544,-0.5506663818359374,-0.27293898925781246
6.080169200897217,-0.008926493120887028,-0.565031591796875,-0.24660277099609373
6.100059986114502,-0.0095926493239383,-0.5602431884765625,-0.277727392578125
6.120205640792847,-0.005995405827461438,-0.5386953735351562,-0.27293898925781246
6.1405930519104,-0.004529862180748642,-0.5578489868164063,-0.2442085693359375
6.1605048179626465,-0.005595712105630674,-0.5578489868164063,-0.28969840087890625
6.180768966674805,-0.005329249624410167,-0.5506663818359374,-0.26815058593749996
6.20048975944519,-0.002398162330984575,-0.5602431884765625,-0.20829554443359374
6.220709323883057,-0.004263399699528133,-0.5602431884765625,-0.277727392578125
6.240521192550659,-0.008260336917835759,-0.565031591796875,-0.258573779296875
6.260674238204956,-0.0057289433462409285,-0.5482721801757812,-0.28969840087890625
6.280631065368652,-0.004929555902579405,-0.5770026000976562,-0.2442085693359375
6.3003082275390625,-0.0035972434964768626,-0.5578489868164063,-0.28490999755859375
6.3204569816589355,-0.0037304747370871167,-0.5770026000976562,-0.2561795776367187
6.3404927253723145,-0.0057289433462409285,-0.5698199951171875,-0.29448680419921874
6.360485792160034,-0.007194486992953725,-0.5770026000976562,-0.22744915771484372
6.3807268142700195,-0.005329249624410167,-0.5434837768554687,-0.2825157958984375
6.400498151779175,-0.0029310872934255917,-0.5961562133789062,-0.3016694091796875
6.420595407485962,-0.0033307810152563544,-0.5793968017578125,-0.2609679809570312
6.44077730178833,-0.0063950995492922,-0.5386953735351562,-0.26336218261718747
6.460801601409912,-0.006261868308681946,-0.5889736083984375,-0.2705447875976562
6.481030702590942,-0.005995405827461438,-0.5674257934570313,-0.25139117431640623
6.50057315826416,-0.004929555902579405,-0.5698199951171875,-0.28490999755859375
6.520614385604858,-0.0031975497746461,-0.5722141967773438,-0.29448680419921874
6.540303945541382,-0.006128637068071691,-0.5578489868164063,-0.277727392578125
6.560834646224976,-0.005329249624410167,-0.5961562133789062,-0.3016694091796875
6.5810019969940186,-0.001732006127933304,-0.5506663818359374,-0.1580173095703125
6.600695848464966,-0.008127105677225504,-0.5626373901367188,-0.28969840087890625
6.620683670043945,-0.0021316998497640663,-0.584185205078125,-0.28490999755859375
6.640578269958496,-0.00985911180515881,-0.59376201171875,-0.2442085693359375
6.660684585571289,-0.003863705977697371,-0.5770026000976562,-0.23223756103515625
6.680840492248535,-0.0075941807147844875,-0.5722141967773438,-0.2561795776367187
6.700649738311768,-0.004529862180748642,-0.5578489868164063,-0.25139117431640623
6.720705270767212,-0.005462480865020421,-0.5578489868164063,-0.2561795776367187
6.740384101867676,-0.00479632466196915,-0.5865794067382812,-0.26336218261718747
6.761300802230835,-0.003863705977697371,-0.5746083984375,-0.27293898925781246
6.780771732330322,-0.0030643185340358454,-0.5386953735351562,-0.28490999755859375
6.800490856170654,-0.0006661562030512709,-0.584185205078125,-0.2609679809570312
6.821215629577637,-0.005462480865020421,-0.55545478515625,-0.2442085693359375
6.8404693603515625,-0.0039969372183076245,-0.5626373901367188,-0.2825157958984375
6.86102294921875,-0.006261868308681946,-0.5674257934570313,-0.26336218261718747
6.8805625438690186,-0.006661562030512709,-0.5506663818359374,-0.28730419921875
6.900156259536743,-0.006528330789902454,-0.55545478515625,-0.2442085693359375
6.920472621917725,-0.0073277182335639785,-0.5482721801757812,-0.26336218261718747
6.940175771713257,-0.0074609494741742334,-0.5386953735351562,-0.29927520751953124
6.9608869552612305,-0.005196018383799912,-0.5698199951171875,-0.28490999755859375
6.980663299560547,-0.004929555902579405,-0.5458779785156249,-0.26815058593749996
7.00093936920166,-0.004130168458917879,-0.5506663818359374,-0.30406361083984373
7.020580291748047,-0.002531393571594829,-0.5578489868164063,-0.29448680419921874
7.040478944778442,-0.0057289433462409285,-0.5674257934570313,-0.2753331909179687
7.060880661010742,-0.008393568158446012,-0.5793968017578125,-0.25139117431640623
7.082448244094849,-0.0030643185340358454,-0.5626373901367188,-0.2705447875976562
7.100136041641235,-0.006794793271122962,-0.59376201171875,-0.25139117431640623
7.120469808578491,-0.009192955602107537,-0.565031591796875,-0.28730419921875
7.1402246952056885,-0.004263399699528133,-0.5195417602539062,-0.26336218261718747
7.161050796508789,-0.003863705977697371,-0.5626373901367188,-0.2705447875976562
7.180920124053955,-0.0057289433462409285,-0.5746083984375,-0.2825157958984375
7.2003748416900635,-0.004663093421358896,-0.5817910034179687,-0.30885201416015623
7.220475912094116,-0.006528330789902454,-0.603338818359375,-0.2920926025390625
7.240237474441528,-0.005196018383799912,-0.5530605834960938,-0.29448680419921874
7.2611072063446045,-0.007993874436615249,-0.5698199951171875,-0.277727392578125
7.28057599067688,-0.006928024511733216,-0.5674257934570313,-0.30885201416015623
7.300225496292114,-0.004529862180748642,-0.5458779785156249,-0.28730419921875
7.320559024810791,-0.005462480865020421,-0.5674257934570313,-0.3016694091796875
7.340585231781006,-0.00479632466196915,-0.59376201171875,-0.30885201416015623
7.360926151275635,-0.0031975497746461,-0.5386953735351562,-0.24181436767578124
7.3805108070373535,-0.003863705977697371,-0.5506663818359374,-0.2705447875976562
7.400236129760742,-0.008393568158446012,-0.5698199951171875,-0.27293898925781246
7.420598983764648,-0.004396630940138387,-0.5578489868164063,-0.2705447875976562
7.440412998199463,-0.005062787143189658,-0.5889736083984375,-0.22744915771484372
7.460607528686523,-0.006528330789902454,-0.5865794067382812,-0.28012159423828126
7.480652570724487,-0.005462480865020421,-0.5482721801757812,-0.2609679809570312
7.500311374664307,-0.007194486992953725,-0.5626373901367188,-0.26815058593749996
7.520477294921875,-0.005462480865020421,-0.55545478515625,-0.296881005859375
7.540259838104248,-0.0074609494741742334,-0.5243301635742187,-0.28969840087890625
7.56066107749939,-0.0073277182335639785,-0.59376201171875,-0.28730419921875
7.5805909633636475,-0.0063950995492922,-0.5674257934570313,-0.2657563842773437
7.600489616394043,-0.008393568158446012,-0.5458779785156249,-0.2753331909179687
7.620582103729248,-0.0063950995492922,-0.5291185668945312,-0.2920926025390625
7.640327215194702,-0.00866003063966652,-0.5889736083984375,-0.25139117431640623
7.661003112792969,-0.009725880564548555,-0.5793968017578125,-0.2705447875976562
7.6805760860443115,-0.007194486992953725,-0.5913678100585937,-0.277727392578125
7.700114965438843,-0.0019984686091538122,-0.5746083984375,-0.28730419921875
7.720294713973999,-0.0063950995492922,-0.5817910034179687,-0.2920926025390625
7.740292310714722,-0.0030643185340358454,-0.5722141967773438,-0.28012159423828126
7.761650323867798,-0.00866003063966652,-0.5817910034179687,-0.2753331909179687
7.78061056137085,-0.005595712105630674,-0.565031591796875,-0.2920926025390625
7.800337076187134,-0.006928024511733216,-0.5770026000976562,-0.28490999755859375
7.820500373840332,-0.0057289433462409285,-0.5530605834960938,-0.2561795776367187
7.840058088302612,-0.005595712105630674,-0.59376201171875,-0.26815058593749996
7.861521244049072,-0.005196018383799912,-0.6009446166992187,-0.2561795776367187
7.880678653717041,-0.003863705977697371,-0.5482721801757812,-0.2537853759765625
7.9003589153289795,-0.006261868308681946,-0.5770026000976562,-0.22505495605468748
7.920424938201904,-0.008393568158446012,-0.5722141967773438,-0.28012159423828126
7.9404377937316895,-0.004130168458917879,-0.5530605834960938,-0.26815058593749996
7.9604175090789795,-0.005595712105630674,-0.584185205078125,-0.28490999755859375
7.980697393417358,-0.004263399699528133,-0.5865794067382812,-0.26336218261718747
8.000301837921143,-0.0057289433462409285,-0.5793968017578125,-0.3064578125
8.020552396774292,-0.003464012255866608,-0.55545478515625,-0.277727392578125
8.04008436203003,-0.006794793271122962,-0.5578489868164063,-0.2920926025390625
8.06116509437561,-0.006928024511733216,-0.5674257934570313,-0.2346317626953125
8.08074164390564,-0.0074609494741742334,-0.5698199951171875,-0.27293898925781246
8.100374698638916,-0.002264931090374321,-0.5770026000976562,-0.3064578125
8.12039065361023,-0.007860643196004996,-0.5626373901367188,-0.2609679809570312
8.140355348587036,-0.005196018383799912,-0.5889736083984375,-0.258573779296875
8.160911560058594,-0.007061255752343471,-0.5913678100585937,-0.277727392578125
8.180615186691284,-0.0031975497746461,-0.5722141967773438,-0.2825157958984375
8.200386047363281,-0.0039969372183076245,-0.5770026000976562,-0.24899697265624998
8.22070837020874,-0.005062787143189658,-0.55545478515625,-0.2561795776367187
8.240437746047974,-0.004396630940138387,-0.5865794067382812,-0.24660277099609373
8.261493921279907,-0.006261868308681946,-0.5722141967773438,-0.26336218261718747
8.280677080154419,-0.007061255752343471,-0.5674257934570313,-0.2920926025390625
8.300281286239624,-0.005595712105630674,-0.5674257934570313,-0.26815058593749996
8.320281744003296,-0.006928024511733216,-0.5386953735351562,-0.28730419921875
8.3402419090271,-0.005329249624410167,-0.5698199951171875,-0.296881005859375
8.361040592193604,-0.004929555902579405,-0.5602431884765625,-0.2753331909179687
8.38092565536499,-0.0035972434964768626,-0.5291185668945312,-0.28969840087890625
8.400283336639404,-0.007727411955394742,-0.5506663818359374,-0.2705447875976562
8.420368909835815,-0.005462480865020421,-0.5147533569335937,-0.430956298828125
8.440250158309937,-0.0073277182335639785,-0.5602431884765625,-0.3016694091796875
8.461530685424805,-0.003863705977697371,-0.603338818359375,-0.2753331909179687
8.48044729232788,-0.011724349173702367,-0.5770026000976562,-0.25139117431640623
8.500089406967163,-0.004529862180748642,-0.5674257934570313,-0.28012159423828126
8.520118951797485,-0.0021316998497640663,-0.5267243652343749,-0.3016694091796875
8.540228605270386,-0.0018652373685435584,-0.5793968017578125,-0.28012159423828126
8.560957193374634,-0.004529862180748642,-0.5578489868164063,-0.3327940307617187
8.580454587936401,-0.005995405827461438,-0.5961562133789062,-0.239420166015625
8.60001015663147,-0.0058621745868511835,-0.5315127685546874,-0.2657563842773437
8.620425701141357,-0.006128637068071691,-0.565031591796875,-0.30885201416015623
8.64007568359375,-0.005995405827461438,-0.5339069702148437,-0.28730419921875
8.661107540130615,-0.0035972434964768626,-0.5722141967773438,-0.277727392578125
8.680461168289185,-0.0074609494741742334,-0.5410895751953124,-0.28969840087890625
8.700447082519531,-0.0026646248122050836,-0.5817910034179687,-0.26815058593749996
8.72071886062622,-0.008793261880276773,-0.5817910034179687,-0.26815058593749996
8.740368843078613,-0.00479632466196915,-0.5674257934570313,-0.2920926025390625
8.762345314025879,-0.008260336917835759,-0.5410895751953124,-0.23223756103515625
8.780629873275757,-0.003863705977697371,-0.55545478515625,-0.258573779296875
8.80010437965393,-0.002264931090374321,-0.5291185668945312,-0.277727392578125
8.82013463973999,-0.006128637068071691,-0.5793968017578125,-0.2609679809570312
8.840331792831421,-0.004130168458917879,-0.5865794067382812,-0.2753331909179687
8.86023998260498,-0.006528330789902454,-0.5770026000976562,-0.30885201416015623
8.880278587341309,-0.006794793271122962,-0.5674257934570313,-0.24660277099609373
8.900389909744263,-0.005995405827461438,-0.5386953735351562,-0.28490999755859375
8.920042514801025,-0.003863705977697371,-0.5817910034179687,-0.27293898925781246
8.940583229064941,-0.009059724361497283,-0.5722141967773438,-0.2561795776367187
8.9600510597229,-0.0018652373685435584,-0.5746083984375,-0.28012159423828126
8.980570316314697,-0.002531393571594829,-0.5434837768554687,-0.239420166015625
8.999971628189087,-0.004130168458917879,-0.5363011718749999,-0.2609679809570312
9.020194292068481,-0.0030643185340358454,-0.5793968017578125,-0.2609679809570312
9.0408456325531,-0.003863705977697371,-0.6009446166992187,-0.2825157958984375
9.060653924942017,-0.009059724361497283,-0.5530605834960938,-0.2537853759765625
9.080204486846924,-0.006794793271122962,-0.5722141967773438,-0.2657563842773437
9.100147724151611,-0.004396630940138387,-0.4908113403320312,-0.45968671875
9.119866371154785,-0.010125574286379316,-0.5027823486328125,-0.22266075439453123
9.139816284179688,-0.025447166956558548,-0.44053310546874996,-0.1197100830078125
9.160043239593506,-0.03890352225819422,-0.16280571289062498,-0.062249243164062495
9.180014610290527,-0.06328483928987072,-0.4333505004882812,-0.062249243164062495
9.1999351978302,-0.09632618696121377,-0.2609679809570312,0.1005564697265625
9.220188617706299,-0.09992343045769063,-0.0143652099609375,-0.15083470458984374
9.239928245544434,-0.0848683002687319,0.24660277099609373,-0.928950244140625
9.260472297668457,-0.04223430327345057,0.584185205078125,-0.5195417602539062
9.280590772628784,0.0014655436467127959,0.18435352783203124,-0.8882488159179687
9.299999475479126,0.03823736605514295,0.03591302490234375,-0.9457096557617187
9.32010531425476,0.05182695259738887,-0.2561795776367187,-0.3447650390625
9.339943885803223,0.04663093421358895,-0.20350714111328125,0.03591302490234375
9.360040187835693,0.04023583466429676,-0.3495534423828125,0.17477672119140625
9.38014817237854,0.0127901990985844,-0.8714894042968749,-0.076614453125
9.40004849433899,-0.0073277182335639785,-0.5458779785156249,-0.0047884033203125
9.4200918674469,-0.03170903526524049,-0.7015010864257812,-0.24181436767578124
9.440300464630127,-0.054491577409593955,-0.5458779785156249,-0.181959326171875
9.460334777832031,-0.050361408950676076,-0.32561142578124996,-0.023942016601562498
9.480587482452393,-0.03370750387439431,-0.0047884033203125,-0.4381389038085937
9.500183343887329,-0.010658499248820334,0.2442085693359375,-0.59376201171875
9.520378589630127,0.012390505376753637,0.10773907470703124,-0.63206923828125
9.540051221847534,0.0302434916185277,0.09816226806640624,-0.296881005859375
9.560118436813354,0.029843797896696934,-0.143652099609375,-0.2609679809570312
9.580369234085083,0.028378254249984136,-0.12449848632812499,-0.076614453125
9.60036039352417,0.015588055151399738,-0.45010991210937495,0.09816226806640624
9.62026834487915,0.009459418083328047,-0.8044517578125,-0.28969840087890625
9.639876127243042,0.006261868308681946,-0.93852705078125,-0.5865794067382812
9.660130739212036,0.007860643196004996,-0.7685387329101562,-0.24899697265624998
9.680153369903564,0.017852986241774057,-0.5722141967773438,-0.33758243408203126
9.700005054473877,0.02438131703167651,-0.8116343627929687,-0.1867477294921875
9.719826459884644,0.0191852986478766,-0.8068459594726562,-0.30885201416015623
9.739995956420898,0.02438131703167651,-0.7134720947265625,-0.23223756103515625
9.760499954223633,0.022915773384963714,-0.6536170532226562,-0.22505495605468748
9.780348777770996,0.010924961730040842,-0.9050082275390624,-0.35673604736328124
9.799885272979736,-0.01532159267017923,-0.584185205078125,-0.0047884033203125
9.820357084274292,-0.04063552838612752,-0.679953271484375,-0.06703764648437499
9.83987808227539,-0.07087902000465522,-0.373495458984375,0.1197100830078125
9.860273838043213,-0.09046401237436258,-0.469263525390625,-0.062249243164062495
9.880556344985962,-0.09459418083328046,-0.36391865234375,-0.1867477294921875
9.90005350112915,-0.07447626350113207,-0.6153098266601562,-0.4836287353515625
9.920141458511353,-0.03490658503988659,-0.20350714111328125,-0.7924807495117187
9.939889430999756,0.007061255752343471,-0.4213794921875,-0.689530078125
9.960556983947754,0.00013323124061025415,-0.7613561279296874,-0.7781155395507812
9.980374813079834,0.03956967846124549,-0.699106884765625,-0.28490999755859375
10.000107049942017,0.040768759626737774,-0.6560112548828124,0.11013327636718749
10.020604133605957,0.03956967846124549,-0.6081272216796875,-0.19871873779296872
10.039924144744873,0.029310872934255914,-0.7302315063476562,-0.20350714111328125
10.060415983200073,0.0031975497746461,-0.6679822631835937,-0.06943184814453125
10.080256700515747,-0.02011791733214838,-0.5291185668945312,-0.05746083984375
10.09998106956482,-0.02531393571594829,-0.316034619140625,-0.0383072265625
10.11996841430664,-0.03384073511500456,-0.8930372192382812,-0.3280056274414062
10.13992714881897,-0.04436600312321464,-0.63206923828125,-0.28969840087890625
10.160381078720093,-0.05062787143189658,-0.38786066894531246,-0.19632453613281248
10.180282831192017,-0.06768147023000912,-0.4285620971679687,-0.35194764404296874
10.200066328048706,-0.016520673835671518,-0.47884033203125,-0.5410895751953124
10.220069408416748,-0.014122511504686942,-0.49799394531249996,-0.55545478515625
10.239959478378296,-0.0019984686091538122,-0.4261678955078125,-0.17477672119140625
10.260423183441162,0.01372281778285618,-0.13646949462890623,-0.44532150878906246
10.280239820480347,0.01372281778285618,-0.411802685546875,-0.4381389038085937
10.300024271011353,0.0019984686091538122,-0.5889736083984375,-0.08140285644531249
10.320054054260254,-0.017186830038722786,-0.7613561279296874,0.13646949462890623
10.339893817901611,-0.015854517632620246,-0.5578489868164063,-0.09576806640624999
10.360434770584106,-0.01372281778285618,-0.7445967163085937,-0.37828386230468747
10.38021469116211,-0.026513016881440577,-0.6967126831054687,-0.258573779296875
10.400380373001099,-0.06768147023000912,-0.6584054565429687,-0.2753331909179687
10.420291423797607,-0.02997702913730719,-0.6703764648437499,-0.22026655273437498
10.44008493423462,-0.01505513018895872,-0.5291185668945312,0.047884033203124995
10.460030794143677,-0.010924961730040842,-0.469263525390625,-0.46686932373046874
10.48062801361084,-0.014255742745297196,-0.3806780639648437,-0.32082302246093747
10.500055313110352,-0.010258805526989571,-0.45968671875,-0.2059013427734375
10.520289421081543,0.0011990811654922875,-0.3016694091796875,-0.5243301635742187
10.539909839630127,-0.002264931090374321,-0.507570751953125,-0.316034619140625
10.560054779052734,-0.0009326186842717792,-0.3136404174804687,-0.1771709228515625
10.58060336112976,-0.005062787143189658,-0.6248866333007812,-0.03591302490234375
10.600120544433594,-0.004263399699528133,-0.36631285400390623,-0.45010991210937495
10.620345830917358,-0.005595712105630674,-0.8044517578125,-0.22505495605468748
10.640382051467896,-0.011324655451871604,-0.6727706665039062,-0.18914193115234373
10.660282135009766,-0.01185758041431262,-0.622492431640625,-0.16280571289062498
10.680293083190918,-0.004663093421358896,-0.49320554199218747,-0.44053310546874996
10.700008392333984,-0.00013323124061025415,-0.5291185668945312,-0.1580173095703125
10.72005319595337,-0.003464012255866608,-0.6248866333007812,-0.39264907226562495
10.73989748954773,-0.015454823910789483,-0.3280056274414062,-0.28490999755859375
10.759882926940918,-0.0127901990985844,-0.59376201171875,-0.11252747802734374
10.780239343643188,-0.0014655436467127959,-0.5363011718749999,-0.22266075439453123
10.79988956451416,-0.012523736617363892,-0.5147533569335937,-0.3591302490234375
10.82003664970398,-0.017719755001163805,-0.5506663818359374,-0.1149216796875
10.84015417098999,-0.012257274136143382,-0.622492431640625,-0.16998831787109375
10.859921216964722,-0.009059724361497283,-0.7062894897460937,-0.29927520751953124
10.880023717880249,-0.008526799399056265,-0.488417138671875,-0.2825157958984375
10.900014162063599,-0.017719755001163805,-0.63206923828125,-0.3112462158203125
10.920026540756226,-0.008260336917835759,-0.6775590698242188,-0.28969840087890625
10.939956426620483,-0.0031975497746461,-0.7206546997070312,-0.23702596435546874
10.95995283126831,-0.0013323124061025418,-0.4644751220703125,-0.18914193115234373
10.98042607307434,-0.01732006127933304,-0.5363011718749999,-0.19871873779296872
11.00003957748413,-0.021716692219471426,-0.44053310546874996,-0.0047884033203125
11.020170211791992,-0.011591117933092112,-0.5530605834960938,-0.34237083740234375
11.040045022964478,-0.01052526800821008,-0.5770026000976562,-0.411802685546875
11.060562372207642,-0.024781010753507273,-0.469263525390625,-0.016759411621093748
11.08049750328064,-0.022249617181912446,-0.4381389038085937,-0.1580173095703125
11.100519895553589,-0.015588055151399738,-0.5817910034179687,-0.22266075439453123
11.120050430297852,-0.016120980113840753,-0.6177040283203125,-0.354341845703125
11.139940023422241,-0.01945176112909711,-0.5865794067382812,-0.3902548706054687
11.16018795967102,-0.01532159267017923,-0.6560112548828124,-0.22505495605468748
11.180216550827026,-0.006928024511733216,-0.5003881469726562,-0.5027823486328125
11.2003014087677,0.03317457891195329,-0.5961562133789062,-0.181959326171875
11.220139026641846,0.0014655436467127959,-0.4381389038085937,-0.10773907470703124
11.240017652511597,-0.005329249624410167,-0.55545478515625,-0.39743747558593745
11.260832786560059,-0.0039969372183076245,-0.3327940307617187,0.09337386474609374
11.280444383621216,-0.003863705977697371,-0.5410895751953124,-0.4213794921875
11.300167322158813,-0.009992343045769061,-0.51714755859375,-0.5722141967773438
11.320058107376099,-0.026779479362661087,-0.5363011718749999,-0.28012159423828126
11.340023756027222,-0.0255803981971688,-0.51714755859375,0.016759411621093748
11.360104084014893,-0.016120980113840753,-0.7254431030273437,-0.1580173095703125
11.38041353225708,-0.016120980113840753,-0.6919242797851562,-0.3327940307617187
11.400237321853638,-0.021716692219471426,-0.7134720947265625,-0.33039982910156246
11.420376777648926,-0.012923430339194655,-0.6727706665039062,-0.277727392578125
11.440136671066284,-0.003464012255866608,-0.6296750366210937,-0.34237083740234375
11.460091829299927,0.0075941807147844875,-0.47165772705078124,-0.34715924072265625
11.480098247528076,-0.0030643185340358454,-0.584185205078125,-0.02633621826171875
11.499920845031738,0.0018652373685435584,-0.258573779296875,-0.38786066894531246
11.52006983757019,0.0003996937218307625,-0.5674257934570313,-0.09337386474609374
11.540044784545898,0.003464012255866608,-0.6272808349609375,-0.17956512451171874
11.560123443603516,-0.010392036767599824,-0.411802685546875,-0.24660277099609373
11.580016613006592,-0.022116385941302188,-0.5506663818359374,-0.28012159423828126
11.59982180595398,-0.016387442595061263,-0.6200982299804687,-0.33039982910156246
11.620582818984985,-0.010125574286379316,-0.6488286499023437,-0.20829554443359374
11.64031434059143,-0.02584686067838931,-0.7541735229492187,-0.3806780639648437
11.660608291625977,-0.0255803981971688,-0.7661445312499999,0.07900865478515624
11.680368900299072,-0.014655436467127957,-0.5746083984375,-0.16280571289062498
11.699931859970093,-0.010125574286379316,-0.699106884765625,-0.5578489868164063
11.719859600067139,-0.01372281778285618,-0.45489831542968745,-0.07422025146484375
11.740599870681763,-0.016653905076281773,-0.46208092041015625,-0.3495534423828125
11.760512113571167,-0.0127901990985844,-0.411802685546875,-0.17477672119140625
11.780375242233276,-0.007194486992953725,-0.5530605834960938,-0.03591302490234375
11.799978494644165,-0.009059724361497283,-0.5602431884765625,-0.5123591552734374
11.819972038269043,-0.0030643185340358454,-0.3902548706054687,-0.2442085693359375
11.839932203292847,-0.011591117933092112,-0.316034619140625,-0.09337386474609374
11.860022783279419,-0.008393568158446012,-0.4955997436523437,-0.21787235107421873
11.880444049835205,-0.012257274136143382,-0.6919242797851562,-0.3806780639648437
11.900070905685425,-0.008526799399056265,-0.3495534423828125,-0.143652099609375
11.91995644569397,-0.0026646248122050836,-0.4525041137695312,-0.181959326171875
11.940471649169922,-0.001732006127933304,-0.6296750366210937,-0.584185205078125
11.960155248641968,-0.006128637068071691,-0.6488286499023437,-0.06464344482421874
11.980238914489746,-0.0127901990985844,-0.5147533569335937,-0.033518823242187495
12.000104427337646,-0.017986217482384312,-0.6607996582031249,-0.4572925170898437
12.020084381103516,-0.004529862180748642,-0.411802685546875,-0.17956512451171874
12.040115594863892,-0.013323124061025418,-0.488417138671875,-0.18435352783203124
12.060195684432983,-0.024114854550456002,-0.5793968017578125,-0.3902548706054687
12.080320358276367,-0.01971822361031762,-0.258573779296875,-0.2442085693359375
12.100045919418335,-0.004130168458917879,-0.49799394531249996,-0.29448680419921874
12.120717287063599,0.007993874436615249,-0.32561142578124996,-0.2705447875976562
12.140423059463501,-0.002398162330984575,-0.5315127685546874,-0.39264907226562495
12.160433053970337,-0.008127105677225504,-0.45968671875,0.02154781494140625
12.180433988571167,-0.01212404289553313,-0.5267243652343749,-0.507570751953125
12.200087785720825,-0.007993874436615249,-0.6416460449218749,-0.19393033447265623
12.220059156417847,-0.010392036767599824,-0.63206923828125,-0.28730419921875
12.240372896194458,-0.01345635530163567,-0.4860229370117187,-0.2537853759765625
12.260120391845703,-0.012390505376753637,-0.4644751220703125,-0.4285620971679687
12.280505180358887,-0.003863705977697371,-0.5339069702148437,-0.2442085693359375
12.30004096031189,-0.006261868308681946,-0.6057330200195312,-0.2442085693359375
12.320124387741089,-0.004663093421358896,-0.6847416748046875,-0.3591302490234375
12.340126991271973,0.004263399699528133,-0.40222587890625,-0.047884033203124995
12.360045671463013,0.0003996937218307625,-0.4740519287109375,-0.26336218261718747
12.38002610206604,-0.009059724361497283,-0.5865794067382812,-0.40940848388671874
12.400004386901855,-0.021583460978861175,-0.6967126831054687,-0.15562310791015624
12.4199960231781,-0.020917304775809907,-0.3184288208007812,-0.143652099609375
12.440201997756958,-0.008793261880276773,-0.37828386230468747,-0.239420166015625
12.459981918334961,-0.017186830038722786,-0.6488286499023437,-0.3136404174804687
12.480315208435059,-0.018652373685435583,-0.7876923461914062,-0.5027823486328125
12.499881744384766,-0.0006661562030512709,-0.5195417602539062,-0.22744915771484372
12.520281791687012,0.0058621745868511835,-0.59376201171875,-0.5147533569335937
12.540249109268188,0.014122511504686942,-0.49799394531249996,-0.27293898925781246
12.560065507888794,0.0039969372183076245,-0.5267243652343749,-0.2537853759765625
12.580605745315552,0.0010658499248820332,-0.565031591796875,-0.17956512451171874
12.600404977798462,0.0035972434964768626,-0.6296750366210937,-0.296881005859375
12.620370149612427,-0.0035972434964768626,-0.6464344482421874,-0.4477157104492187
12.640062808990479,-0.010924961730040842,-0.6009446166992187,-0.2609679809570312
12.660088539123535,-0.012923430339194655,-0.6607996582031249,-0.12210428466796874
12.680186033248901,-0.0030643185340358454,-0.36152445068359373,-0.22505495605468748
12.6997389793396,-0.0031975497746461,-0.6775590698242188,-0.40940848388671874
12.720098733901978,-0.007194486992953725,-0.6248866333007812,-0.22744915771484372
12.739988565444946,-0.0003996937218307625,-0.7445967163085937,-0.16759411621093748
12.75998854637146,0.008260336917835759,-0.3112462158203125,-0.3112462158203125
12.78036904335022,0.007993874436615249,-0.689530078125,-0.28969840087890625
12.80007791519165,0.033307810152563545,-0.5386953735351562,-0.3280056274414062
12.820260286331177,-0.006128637068071691,-0.7517793212890624,-0.14604630126953125
12.839911460876465,-0.000799387443661525,-0.33518823242187495,-0.34715924072265625
12.860094547271729,0.004130168458917879,-0.6703764648437499,-0.22744915771484372
12.880007982254028,-0.004929555902579405,-0.4955997436523437,-0.26336218261718747
12.900066614151001,-0.011457886692481857,-0.7398083129882812,-0.316034619140625
12.920017004013062,-0.006261868308681946,-0.34715924072265625,-0.33758243408203126
12.939952611923218,0.0021316998497640663,-0.6560112548828124,-0.1771709228515625
12.960115671157837,-0.0033307810152563544,-0.45968671875,-0.3184288208007812
12.980191946029663,-0.009992343045769061,-0.8020575561523438,-0.28490999755859375
13.000128030776978,0.00013323124061025415,-0.5219359619140624,-0.5674257934570313
13.020389080047607,0.0039969372183076245,-0.46686932373046874,-0.26815058593749996
13.040136098861694,0.001732006127933304,-0.55545478515625,-0.21308394775390624
13.060168504714966,-0.009992343045769061,-0.5243301635742187,-0.16280571289062498
13.080442667007446,-0.014255742745297196,-0.4836287353515625,-0.21068974609375
13.099954843521118,-0.007993874436615249,-0.5434837768554687,-0.28730419921875
13.11992335319519,-0.005196018383799912,-0.7422025146484375,-0.373495458984375
13.140509128570557,-0.014122511504686942,-0.7613561279296874,-0.3016694091796875
13.160177946090698,-0.00866003063966652,-0.4908113403320312,-0.38786066894531246
13.180362224578857,0.000799387443661525,-0.3495534423828125,-0.07900865478515624
13.200244665145874,-0.002797856052815337,-0.565031591796875,-0.2059013427734375
13.220108985900879,-0.013189892820415163,-0.7134720947265625,-0.3112462158203125
13.239852905273438,-0.022116385941302188,-0.5363011718749999,-0.26336218261718747
13.260076761245728,-0.010258805526989571,-0.42377369384765623,-0.3950432739257812
13.280208587646484,0.0002664624812205083,-0.6057330200195312,-0.5267243652343749
13.299930572509766,0.0009326186842717792,-0.5051765502929687,-0.4165910888671875
13.319974422454834,-0.0058621745868511835,-0.8092401611328125,0.04548983154296875
13.339887142181396,0.0003996937218307625,-0.6607996582031249,-0.5267243652343749
13.360035419464111,0.012257274136143382,-0.6464344482421874,0.1484405029296875
13.380292177200317,0.0003996937218307625,-0.622492431640625,-0.45010991210937495
13.39993667602539,-0.01985145485092787,-0.5386953735351562,-0.23702596435546874
13.419910669326782,-0.021583460978861175,-0.40222587890625,-0.047884033203124995
13.440015077590942,-0.006128637068071691,-0.5243301635742187,-0.28730419921875
13.459999799728394,-0.013989280264076687,-0.34715924072265625,-0.36631285400390623
13.480186462402344,-0.017986217482384312,-0.3495534423828125,-0.36391865234375
13.499917984008789,-0.008926493120887028,-0.2561795776367187,-0.181959326171875
13.5203378200531,0.0003996937218307625,-0.565031591796875,-0.4644751220703125
13.539892435073853,0.008393568158446012,-0.4908113403320312,-0.239420166015625
13.560285329818726,-0.002531393571594829,-0.7398083129882812,-0.30885201416015623
13.580469608306885,-0.004130168458917879,-0.507570751953125,-0.09816226806640624
13.599933385848999,0.005062787143189658,-0.30885201416015623,-0.21787235107421873
13.620235681533813,-0.0018652373685435584,-0.6153098266601562,-0.28012159423828126
13.640039682388306,-0.012257274136143382,-0.5339069702148437,-0.45010991210937495
13.660191059112549,-0.016387442595061263,-0.5147533569335937,-0.11013327636718749
13.680457353591919,-0.004263399699528133,-0.4285620971679687,-0.3687070556640625
13.699829339981079,0.008127105677225504,-0.5722141967773438,-0.4572925170898437
13.72043776512146,-0.002797856052815337,-0.36152445068359373,-0.258573779296875
13.739941835403442,-0.004130168458917879,-0.47644613037109373,-0.05746083984375
13.760086297988892,0.0334410413931738,-0.5506663818359374,-0.21068974609375
13.780349969863892,-0.0011990811654922875,-0.5123591552734374,-0.36391865234375
13.800495147705078,-0.010258805526989571,-0.43574470214843747,-0.22266075439453123
13.820384979248047,-0.016787136316892024,-0.5027823486328125,-0.16280571289062498
13.840060949325562,-0.006928024511733216,-0.35194764404296874,-0.3280056274414062
13.860093116760254,-0.003464012255866608,-0.8475473876953125,-0.49799394531249996
13.88093876838684,0.0009326186842717792,-0.4477157104492187,-0.1388636962890625
13.900847434997559,0.0033307810152563544,-0.5746083984375,-0.16759411621093748
13.920074224472046,0.0030643185340358454,-0.4285620971679687,-0.565031591796875
13.940086126327515,0.011591117933092112,-0.8547299926757812,-0.0718260498046875
13.960087060928345,0.0037304747370871167,-0.39264907226562495,-0.277727392578125
13.980178117752075,-0.013189892820415163,-0.5530605834960938,-0.24899697265624998
13.99977159500122,-0.014522205226517705,-0.2920926025390625,0.08140285644531249
14.020063400268555,-0.006261868308681946,-0.45968671875,-0.21068974609375
14.039993524551392,-0.0095926493239383,-0.622492431640625,-0.5243301635742187
14.060419082641602,-0.015188361429568975,-0.6560112548828124,-0.20350714111328125
14.080801010131836,-0.0039969372183076245,-0.488417138671875,-0.21787235107421873
14.099912643432617,0.006794793271122962,-0.6200982299804687,-0.36152445068359373
14.119883298873901,0.008793261880276773,-0.5339069702148437,-0.3280056274414062
14.139941215515137,-0.002264931090374321,-0.6775590698242188,-0.016759411621093748
14.161228895187378,-0.015588055151399738,-0.6105214233398437,-0.3495534423828125
14.180314540863037,-0.009725880564548555,-0.6296750366210937,-0.17477672119140625
14.200028896331787,-0.00866003063966652,-0.6631938598632812,-0.16519991455078123
14.220124959945679,-0.01732006127933304,-0.4908113403320312,-0.2825157958984375
14.240056276321411,-0.02438131703167651,-0.30406361083984373,-0.21787235107421873
14.260166883468628,-0.01438897398590745,-0.3280056274414062,-0.01915361328125
14.280152559280396,-0.0039969372183076245,-0.5626373901367188,-0.28969840087890625
14.299972295761108,-0.007993874436615249,-0.6177040283203125,-0.40940848388671874
14.319971561431885,-0.009326186842717792,-0.5315127685546874,-0.28490999755859375
14.340020895004272,-0.0063950995492922,-0.5267243652343749,-0.24899697265624998
14.360439777374268,-0.001732006127933304,-0.59376201171875,-0.09816226806640624
14.38027310371399,-0.008926493120887028,-0.7589619262695312,-0.4070142822265625
14.400050163269043,-0.01985145485092787,-0.4836287353515625,0.023942016601562498
14.420022964477539,-0.023182235866184224,-0.30406361083984373,-0.36631285400390623
14.439983606338501,-0.020384379813368887,-0.718260498046875,0.0
14.46012282371521,-0.022782542144353463,-0.603338818359375,-0.076614453125
14.480216026306152,-0.026379785640830326,-0.5674257934570313,-0.45010991210937495
14.499975442886353,-0.02118376725703041,-0.4477157104492187,-0.2561795776367187
14.520068168640137,-0.013323124061025418,-0.17477672119140625,-0.30406361083984373
14.539988279342651,-0.007860643196004996,-0.6177040283203125,-0.18914193115234373
14.560054540634155,-0.0073277182335639785,-0.4525041137695312,-0.13646949462890623
14.580313205718994,-0.00985911180515881,-0.44532150878906246,-0.086191259765625
14.599884033203125,-0.0006661562030512709,-0.45489831542968745,-0.39983167724609375
14.620056867599487,-0.0019984686091538122,-0.7493851196289062,-0.2059013427734375
14.640096664428711,-0.011990811654922875,-0.46686932373046874,-0.33518823242187495
14.660137176513672,-0.01212404289553313,-0.45968671875,-0.0047884033203125
14.680372953414917,-0.003863705977697371,-0.6560112548828124,-0.25139117431640623
14.700189113616943,-0.002398162330984575,-0.5219359619140624,-0.09816226806640624
14.720199346542358,-0.011457886692481857,-0.49799394531249996,-0.143652099609375
14.740502119064331,-0.01532159267017923,-0.5147533569335937,-0.35194764404296874
14.76025390625,-0.010791730489430587,-0.3064578125,-0.30406361083984373
14.780209302902222,-0.010258805526989571,-0.7829039428710937,-0.296881005859375
14.800409317016602,-0.013056661579804908,-0.5722141967773438,-0.45010991210937495
14.82035517692566,-0.017453292519943295,-0.4333505004882812,-0.09816226806640624
14.83996868133545,-0.005462480865020421,-0.4381389038085937,-0.3112462158203125
14.860120296478271,-0.03370750387439431,-0.7038952880859375,-0.3327940307617187
14.880402326583862,-0.00985911180515881,-0.5482721801757812,-0.17238251953125
14.900216102600098,-0.010791730489430587,-0.5793968017578125,-0.1867477294921875
14.920063018798828,-0.009192955602107537,-0.3064578125,-0.28012159423828126
14.940237760543823,-0.001732006127933304,-0.48123453369140623,-0.13407529296874998
14.96029782295227,-0.011058192970651094,-0.3232172241210937,-0.0909796630859375
14.980301141738892,-0.02118376725703041,-0.6344634399414062,-0.5363011718749999
15.000106811523438,-0.015188361429568975,-0.45968671875,-0.0430956298828125
15.0200777053833,-0.0075941807147844875,-0.47884033203125,-0.16041151123046873
15.040228366851807,-0.0074609494741742334,-0.5291185668945312,-0.2537853759765625
15.05999231338501,-0.01532159267017923,-0.32082302246093747,-0.17956512451171874
15.081257820129395,-0.019318529888486854,-0.45968671875,-0.1149216796875
15.10014533996582,-0.01372281778285618,-0.42377369384765623,-0.3232172241210937
15.120145082473755,-0.01212404289553313,-0.6464344482421874,-0.24660277099609373
15.14009141921997,-0.017453292519943295,-0.5770026000976562,-0.17956512451171874
15.160533905029297,-0.015588055151399738,-0.2657563842773437,-0.19393033447265623
15.180387735366821,-0.0029310872934255917,-0.38786066894531246,-0.47884033203125
15.200428009033203,-0.005062787143189658,-0.36152445068359373,-0.19393033447265623
15.220147609710693,-0.0033307810152563544,-0.5291185668945312,-0.19393033447265623
15.240131378173828,-0.006661562030512709,-0.44053310546874996,-0.3591302490234375
15.260382652282715,-0.002264931090374321,-0.41419688720703124,-0.1771709228515625
15.280076026916504,-0.004929555902579405,-0.4333505004882812,-0.08140285644531249
15.299808263778687,-0.01692036755750228,-0.38786066894531246,-0.16998831787109375
15.320252180099487,-0.027712098046932865,-0.6536170532226562,-0.16998831787109375
15.340039014816284,-0.026513016881440577,-0.3687070556640625,0.0143652099609375
15.360140800476074,-0.011990811654922875,-0.4285620971679687,-0.16519991455078123
15.380137920379639,-0.01052526800821008,-0.7230489013671875,-0.5889736083984375
15.400101900100708,-0.016120980113840753,-0.5602431884765625,-0.22505495605468748
15.420308113098145,-0.004929555902579405,-0.32561142578124996,-0.2059013427734375
15.440013408660889,0.004529862180748642,-0.7613561279296874,-0.4261678955078125
15.460527181625366,0.005329249624410167,-0.3280056274414062,-0.4165910888671875
15.480053424835205,-0.009059724361497283,-0.63206923828125,0.0909796630859375
15.49990963935852,-0.008393568158446012,-0.44532150878906246,-0.5051765502929687
15.520033836364746,-0.0026646248122050836,-0.6057330200195312,-0.22505495605468748
15.539992094039917,-0.008127105677225504,-0.4860229370117187,-0.2059013427734375
15.559946775436401,-0.029310872934255914,-0.5698199951171875,-0.09576806640624999
15.580074548721313,-0.02118376725703041,-0.34715924072265625,-0.047884033203124995
15.60024380683899,-0.007993874436615249,-0.33758243408203126,-0.2442085693359375
15.620099306106567,-0.0058621745868511835,-0.4860229370117187,-0.373495458984375
15.639991044998169,-0.02371516082862524,-0.7158662963867187,-0.19871873779296872
15.660064697265625,-0.0191852986478766,-0.4644751220703125,-0.06464344482421874
15.680060148239136,-0.010392036767599824,-0.41898529052734373,-0.23702596435546874
15.70011019706726,-0.009326186842717792,-0.6464344482421874,-0.34237083740234375
15.720309019088745,-0.02078407353519965,-0.41898529052734373,0.34715924072265625
15.74013066291809,-0.025447166956558548,-0.5817910034179687,-0.24899697265624998
15.760092496871948,-0.02011791733214838,-0.45968671875,-0.45010991210937495
15.78067398071289,-0.011724349173702367,-0.5985504150390625,-0.1867477294921875
15.800055503845215,-0.011990811654922875,-0.584185205078125,-0.3064578125
15.82010293006897,-0.0063950995492922,-0.22505495605468748,-0.13168109130859373
15.839890003204346,0.001732006127933304,-0.4429273071289062,-0.5267243652343749
15.8600435256958,-0.0009326186842717792,-0.584185205078125,-0.23702596435546874
15.880152940750122,-0.0018652373685435584,-0.507570751953125,-0.181959326171875
15.900046586990356,-0.003464012255866608,-0.507570751953125,-0.26336218261718747
15.920220136642456,0.0029310872934255917,-0.469263525390625,-0.21308394775390624
15.94002366065979,0.001732006127933304,-0.3950432739257812,-0.488417138671875
15.9603431224823,-0.00866003063966652,-0.40940848388671874,-0.28012159423828126
15.980632305145264,-0.012390505376753637,-0.37828386230468747,0.12449848632812499
15.999959468841553,-0.013989280264076687,-0.5386953735351562,-0.201112939453125
16.0203595161438,-0.007993874436615249,-0.6057330200195312,-0.36152445068359373
16.03982901573181,-0.013856049023466432,-0.565031591796875,-0.22744915771484372
16.06012773513794,-0.01851914244482533,-0.6607996582031249,-0.35194764404296874
16.081352472305298,-0.014655436467127957,-0.1771709228515625,-0.43574470214843747
16.09997820854187,0.0011990811654922875,-0.411802685546875,-0.2825157958984375
16.12006711959839,0.009725880564548555,-0.30406361083984373,-0.1292868896484375
16.14005970954895,-0.002531393571594829,-0.5626373901367188,-0.3327940307617187
16.160165071487427,-0.009059724361497283,-0.49799394531249996,0.0718260498046875
16.18012309074402,-0.01185758041431262,-0.5458779785156249,-0.4381389038085937
16.200012683868408,-0.0063950995492922,-0.5698199951171875,-0.2753331909179687
16.220633029937744,-0.017186830038722786,-0.565031591796875,-0.2561795776367187
16.239948749542236,-0.018785604926045835,-0.39983167724609375,-0.08858546142578125
16.260032176971436,-0.010791730489430587,-0.55545478515625,-0.45968671875
16.280163049697876,0.0003996937218307625,-0.603338818359375,-0.24660277099609373
16.299933195114136,0.004130168458917879,-0.6631938598632812,-0.29448680419921874
16.320342540740967,-0.00866003063966652,-0.5674257934570313,-0.3112462158203125
16.339973211288452,-0.0075941807147844875,-0.55545478515625,-0.2537853759765625
16.359846591949463,-0.007993874436615249,-0.32082302246093747,-0.09337386474609374
16.380083560943604,-0.016120980113840753,-0.37828386230468747,-0.36152445068359373
16.399951934814453,-0.019052067407266345,-0.36391865234375,-0.076614453125
16.420369148254395,-0.015588055151399738,-0.4429273071289062,-0.15322890625
16.439878463745117,-0.005995405827461438,-0.488417138671875,-0.3495534423828125
16.460177898406982,-0.005329249624410167,-0.5458779785156249,-0.27293898925781246
16.480018854141235,-0.009326186842717792,-0.37828386230468747,-0.44532150878906246
16.499858617782593,-0.0033307810152563544,-0.354341845703125,-0.07422025146484375
16.52010464668274,0.002264931090374321,-0.277727392578125,-0.40222587890625
16.539932250976562,0.004263399699528133,-0.5003881469726562,-0.2442085693359375
16.560121536254883,-0.0014655436467127959,-0.507570751953125,-0.354341845703125
16.580110788345337,-0.008127105677225504,-0.622492431640625,-0.11731588134765625
16.60002827644348,-0.000799387443661525,-0.5698199951171875,-0.35673604736328124
16.62033438682556,-0.002531393571594829,-0.5363011718749999,-0.3711012573242187
16.63997483253479,-0.012390505376753637,-0.40222587890625,-0.047884033203124995
16.660107851028442,-0.01505513018895872,-0.5051765502929687,-0.055066638183593745
16.680509328842163,-0.00479632466196915,-0.21068974609375,-0.2059013427734375
16.699979782104492,-0.0014655436467127959,-0.6464344482421874,-0.373495458984375
16.72040605545044,-0.002531393571594829,-0.33039982910156246,-0.3854664672851562
16.740047454833984,-0.006528330789902454,-0.5123591552734374,-0.316034619140625
16.76015830039978,-0.03384073511500456,-0.16759411621093748,-0.20829554443359374
16.780179738998413,0.00479632466196915,-0.679953271484375,-0.21787235107421873
16.799987316131592,-0.0013323124061025418,-0.5482721801757812,-0.17956512451171874
16.82029366493225,-0.00479632466196915,-0.4908113403320312,-0.0909796630859375
16.839773416519165,-0.002797856052815337,-0.37828386230468747,-0.411802685546875
16.859966039657593,0.0019984686091538122,-0.5698199951171875,-0.10773907470703124
16.88047170639038,0.0037304747370871167,-0.39743747558593745,-0.229843359375
16.900363206863403,-0.008926493120887028,-0.4955997436523437,-0.49799394531249996
16.920305728912354,-0.002264931090374321,-0.23223756103515625,-0.033518823242187495
16.940001487731934,0.004396630940138387,-0.5482721801757812,-0.09576806640624999
16.960036277770996,0.005595712105630674,-0.41419688720703124,-0.4333505004882812
16.980670928955078,-0.0031975497746461,-0.5961562133789062,-0.24181436767578124
17.000430822372437,0.00159877488732305,-0.5315127685546874,-0.2154781494140625
17.020369052886963,0.009059724361497283,-0.5051765502929687,-0.258573779296875
17.04030156135559,0.006261868308681946,-0.5602431884765625,-0.1771709228515625
17.060180187225342,0.033041347671343035,-0.5123591552734374,-0.0718260498046875
17.080990314483643,-0.0074609494741742334,-0.4477157104492187,-0.19153613281249998
17.10009741783142,-0.004663093421358896,-0.46686932373046874,-0.2561795776367187
17.120702266693115,-0.004929555902579405,-0.7015010864257812,-0.3184288208007812
17.139975786209106,-0.0037304747370871167,-0.4333505004882812,-0.22505495605468748
17.160260677337646,-0.0073277182335639785,-0.12210428466796874,-0.4572925170898437
17.180346965789795,0.03384073511500456,-0.411802685546875,-0.26815058593749996
17.20008373260498,0.008260336917835759,-0.6440402465820312,-0.07900865478515624
17.220250368118286,-0.001732006127933304,-0.5410895751953124,-0.229843359375
17.240464448928833,-0.007727411955394742,-0.430956298828125,-0.373495458984375
17.260342597961426,-0.008393568158446012,-0.6368576416015624,-0.02633621826171875
17.28029441833496,0.002797856052815337,-0.3711012573242187,-0.20829554443359374
17.30062174797058,-0.0019984686091538122,-0.7254431030273437,-0.5099649536132812
17.320176362991333,-0.0063950995492922,-0.6775590698242188,0.12689268798828124
17.33992886543274,0.0011990811654922875,-0.28012159423828126,-0.6440402465820312
17.360129594802856,0.0037304747370871167,-1.0702081420898437,-0.07422025146484375
17.38080930709839,-0.004663093421358896,-0.5099649536132812,-0.0526724365234375
17.39993381500244,-0.013856049023466432,-0.5267243652343749,-0.20829554443359374
17.420034885406494,-0.021849923460081685,-0.3136404174804687,-0.20829554443359374
17.439703464508057,-0.008526799399056265,-0.6009446166992187,-0.3495534423828125
17.460366249084473,-0.014788667707738212,-0.40462008056640625,-0.18914193115234373
17.48050355911255,-0.010924961730040842,-0.22266075439453123,-0.5817910034179687
17.499897241592407,-0.006794793271122962,-0.23702596435546874,-0.2442085693359375
17.520402908325195,0.00479632466196915,-0.4261678955078125,-0.316034619140625
17.540202856063843,0.004929555902579405,-0.6679822631835937,-0.277727392578125
17.559743642807007,-0.002531393571594829,-0.6560112548828124,-0.23223756103515625
17.580103158950806,-0.008260336917835759,-0.49320554199218747,0.0143652099609375
17.599766969680786,-0.005329249624410167,-0.5482721801757812,-0.15083470458984374
17.620480060577393,-0.013989280264076687,-0.8044517578125,-0.3112462158203125
17.64035201072693,-0.020650842294589397,-0.7876923461914062,-0.5123591552734374
17.659889221191406,-0.016653905076281773,-0.22505495605468748,-0.2920926025390625
17.680710315704346,-0.004263399699528133,-0.5626373901367188,-0.2442085693359375
17.70037341117859,0.0010658499248820332,-0.4860229370117187,-0.45489831542968745
17.720125913619995,-0.0019984686091538122,-0.6105214233398437,-0.15562310791015624
17.74022078514099,-0.003464012255866608,-0.3136404174804687,-0.15083470458984374
17.760152101516724,-0.0021316998497640663,-0.373495458984375,-0.1292868896484375
17.78016948699951,-0.0073277182335639785,-0.6751648681640625,-0.15083470458984374
17.80003023147583,-0.01505513018895872,-0.4644751220703125,0.0718260498046875
17.820228338241577,-0.00985911180515881,-0.6009446166992187,-0.4477157104492187
17.840029001235962,-0.013856049023466432,-0.3711012573242187,-0.28730419921875
17.860095977783203,-0.004929555902579405,-0.5793968017578125,-0.22744915771484372
17.880285263061523,-0.007727411955394742,-0.38307226562499996,-0.24660277099609373
17.900025606155396,-0.002531393571594829,-1.0486603271484374,-0.239420166015625
17.9200656414032,0.005995405827461438,-0.076614453125,-0.6177040283203125
17.94012188911438,0.002264931090374321,-0.5793968017578125,-0.07900865478515624
17.9601469039917,0.0003996937218307625,-0.3687070556640625,-0.06464344482421874
17.98021650314331,-0.011591117933092112,-0.45968671875,-0.21308394775390624
17.999982118606567,-0.008393568158446012,-0.19393033447265623,0.02633621826171875
18.020210027694702,-0.004130168458917879,-0.4333505004882812,-0.4429273071289062
18.03980016708374,-0.0075941807147844875,-0.5315127685546874,-0.3854664672851562
18.059850454330444,-0.016787136316892024,-0.5386953735351562,-0.16041151123046873
18.080934286117554,-0.003464012255866608,-0.16519991455078123,-0.29448680419921874
18.09983205795288,0.0030643185340358454,-0.5410895751953124,-0.2609679809570312
18.12016224861145,0.006128637068071691,-0.45968671875,-0.3447650390625
18.13998007774353,-0.0031975497746461,-0.6440402465820312,0.00239420166015625
18.159877061843872,-0.007727411955394742,-0.39983167724609375,-0.373495458984375
18.1800799369812,-0.0018652373685435584,-0.3902548706054687,-0.239420166015625
18.199960231781006,-0.0075941807147844875,-0.48123453369140623,-0.28012159423828126
18.2203311920166,-0.016520673835671518,-0.45489831542968745,-0.11252747802734374
18.23990488052368,-0.01985145485092787,-0.36152445068359373,-0.23702596435546874
18.260743618011475,-0.008260336917835759,-0.3447650390625,-0.011971008300781249
18.280470609664917,-0.003464012255866608,-0.41898529052734373,-0.18435352783203124
18.300190687179565,-0.011191424211261349,-0.5386953735351562,-0.40940848388671874
18.320242404937744,-0.01705359879811253,-0.3950432739257812,-0.18435352783203124
18.33999276161194,-0.005595712105630674,-0.45489831542968745,-0.19393033447265623
18.359973192214966,0.03384073511500456,-0.5793968017578125,-0.26336218261718747
18.38018012046814,-0.005462480865020421,-0.44532150878906246,-0.22505495605468748
18.399900436401367,-0.020917304775809907,-0.5889736083984375,0.3112462158203125
18.420160055160522,-0.022516079663132953,-0.24181436767578124,-0.430956298828125
18.439961194992065,-0.016520673835671518,-0.6009446166992187,-0.22505495605468748
18.459948301315308,-0.021583460978861175,-0.507570751953125,-0.15083470458984374
18.4803249835968,-0.0255803981971688,-0.33758243408203126,-0.3950432739257812
18.500170707702637,-0.02131699849764067,-0.3758896606445312,-0.30885201416015623
18.52003288269043,-0.006528330789902454,-0.01915361328125,-0.14125789794921875
18.53999090194702,-0.003464012255866608,-0.7350199096679687,-0.36152445068359373
18.560041666030884,-0.003863705977697371,-0.5674257934570313,-0.277727392578125
18.580395698547363,-0.0037304747370871167,-0.5722141967773438,0.05985504150390625
18.600045204162598,0.0002664624812205083,-0.47644613037109373,-0.3591302490234375
18.6205952167511,-0.005462480865020421,-0.5410895751953124,-0.17477672119140625
18.64003610610962,-0.018652373685435583,-0.507570751953125,-0.23702596435546874
18.66007423400879,-0.017586523760553547,-0.51714755859375,-0.031124621582031248
18.680542707443237,-0.012656967857974145,-0.5099649536132812,-0.2657563842773437
18.700067281723022,-0.002531393571594829,-0.5339069702148437,-0.34715924072265625
18.720271587371826,-0.01692036755750228,-0.36631285400390623,-0.17238251953125
18.740265369415283,-0.013056661579804908,-0.2059013427734375,-0.143652099609375
18.760117530822754,-0.003464012255866608,-0.29927520751953124,-0.4525041137695312
18.780401945114136,0.00159877488732305,-0.44532150878906246,-0.04548983154296875
18.80013918876648,-0.009725880564548555,-0.3687070556640625,-0.2705447875976562
18.820647478103638,-0.018385911204215073,-0.5147533569335937,-0.11013327636718749
18.840081214904785,-0.014122511504686942,-0.6488286499023437,-0.19632453613281248
18.859850645065308,-0.005196018383799912,-0.679953271484375,-0.3806780639648437
18.880478382110596,-0.017986217482384312,-0.6081272216796875,-0.26336218261718747
18.900252103805542,-0.015588055151399738,-0.44532150878906246,0.0047884033203125
18.920103788375854,-0.00866003063966652,-0.4333505004882812,-0.10773907470703124
18.939773082733154,0.003863705977697371,-0.6009446166992187,-0.41898529052734373
18.960060834884644,-0.004663093421358896,-0.3806780639648437,-0.33518823242187495
18.980090141296387,-0.01958499236970736,-0.469263525390625,-0.2609679809570312
18.999824285507202,-0.012656967857974145,-0.3711012573242187,-0.086191259765625
19.0201416015625,-0.0021316998497640663,-0.36631285400390623,-0.1580173095703125
19.039700746536255,-0.005196018383799912,-0.32561142578124996,-0.1867477294921875
19.060067653656006,-0.02131699849764067,-0.4740519287109375,-0.28012159423828126
19.081116914749146,-0.015588055151399738,-0.3184288208007812,-0.08140285644531249
19.100045204162598,-0.01185758041431262,-0.7445967163085937,-0.46208092041015625
19.120055437088013,-0.005995405827461438,-0.7038952880859375,-0.21787235107421873
19.13995051383972,-0.014122511504686942,-0.5770026000976562,-0.18914193115234373
19.159825563430786,-0.009192955602107537,-0.40222587890625,-0.028730419921875
19.180533409118652,-0.0018652373685435584,-0.6200982299804687,-0.33758243408203126
19.200019598007202,0.005995405827461438,-0.39983167724609375,-0.14604630126953125
19.220306634902954,-0.0073277182335639785,-0.17477672119140625,-0.0526724365234375
19.240171194076538,-0.009326186842717792,-0.3232172241210937,-0.277727392578125
19.260095596313477,-0.007194486992953725,-0.488417138671875,-0.05985504150390625
19.280542373657227,-0.008793261880276773,-0.4165910888671875,-0.15562310791015624
19.30006217956543,-0.018119448722994567,-0.5434837768554687,-0.15322890625
19.32015585899353,-0.025180704475338038,-0.42377369384765623,-0.28730419921875
19.340027332305908,-0.018119448722994567,-0.5003881469726562,-0.023942016601562498
19.360088109970093,-0.009459418083328047,-0.7206546997070312,-0.25139117431640623
19.380215644836426,-0.009459418083328047,-0.6368576416015624,-0.46686932373046874
19.400161743164062,-0.015188361429568975,-0.70868369140625,-0.2537853759765625
19.41999864578247,-0.006928024511733216,-0.25139117431640623,-0.22266075439453123
19.439865827560425,0.008526799399056265,-0.5003881469726562,0.031124621582031248
19.459907293319702,-0.0031975497746461,-0.5315127685546874,-0.43574470214843747
19.480289936065674,-0.008127105677225504,-0.41898529052734373,-0.17956512451171874
19.5,-0.012656967857974145,-0.26336218261718747,-0.19393033447265623
19.520034551620483,0.0014655436467127959,-0.4213794921875,-0.1580173095703125
19.540003776550293,-0.009992343045769061,-0.32082302246093747,-0.15322890625
19.56016445159912,-0.027712098046932865,-0.19632453613281248,-0.0430956298828125
19.58035969734192,-0.019984686091538122,-0.18914193115234373,-0.13168109130859373
19.600297689437866,-0.009192955602107537,-0.5243301635742187,-0.33518823242187495
19.620273113250732,-0.006528330789902454,-0.603338818359375,-0.45968671875
19.64008092880249,-0.016653905076281773,-0.51714755859375,-0.2059013427734375
19.659838914871216,-0.022516079663132953,-0.6416460449218749,-0.011971008300781249
19.68015718460083,-0.009192955602107537,-0.3854664672851562,-0.055066638183593745
19.700010299682617,-0.008393568158446012,-0.6440402465820312,-0.35194764404296874
19.7201406955719,-0.026113323159609816,-0.16998831787109375,0.201112939453125
19.74002766609192,-0.031042879062189218,-0.35194764404296874,-0.2442085693359375
19.76030158996582,-0.024781010753507273,-0.28012159423828126,-0.19393033447265623
19.78038716316223,-0.01945176112909711,-0.5602431884765625,-0.229843359375
19.800362825393677,-0.010258805526989571,-0.3902548706054687,-0.32561142578124996
19.820528984069824,-0.01372281778285618,-0.29927520751953124,-0.3399766357421875
19.840266704559326,-0.007194486992953725,-0.22744915771484372,-0.35194764404296874
19.860347986221313,-0.0011990811654922875,-0.33758243408203126,-0.01915361328125
19.880369663238525,0.0009326186842717792,-0.565031591796875,-0.25139117431640623
19.899983882904053,0.03397396635561481,-0.39983167724609375,-0.37828386230468747
19.920353174209595,0.005329249624410167,-0.6368576416015624,-0.1867477294921875
19.94019627571106,-0.0014655436467127959,-0.3902548706054687,-0.2609679809570312
19.96178650856018,-0.004529862180748642,-0.48123453369140623,-0.02154781494140625
19.98105549812317,-0.01372281778285618,-0.22505495605468748,0.06943184814453125
20.000446796417236,-0.00985911180515881,-0.316034619140625,-0.20829554443359374
20.020664930343628,-0.0058621745868511835,-0.565031591796875,-0.26815058593749996
20.040409564971924,-0.011191424211261349,-0.48123453369140623,-0.1771709228515625
20.061102151870728,-0.02145022973825092,-0.3711012573242187,-0.3280056274414062
20.081204175949097,-0.015854517632620246,-0.44532150878906246,-0.19632453613281248
20.100149154663086,0.0029310872934255917,-0.3854664672851562,-0.21308394775390624
20.122638702392578,0.006928024511733216,-0.5147533569335937,-0.20350714111328125
20.140472412109375,-0.0033307810152563544,-0.6655880615234374,-0.3854664672851562
20.160731315612793,-0.0074609494741742334,-0.5770026000976562,-0.296881005859375
20.180891752243042,-0.010658499248820334,-0.19153613281249998,-0.15083470458984374
20.200356006622314,-0.007993874436615249,-0.5243301635742187,-0.11013327636718749
20.22065496444702,-0.009192955602107537,-0.5722141967773438,-0.19632453613281248
20.240317583084106,-0.012390505376753637,-0.25139117431640623,-0.16998831787109375
20.261046886444092,-0.005462480865020421,-0.4381389038085937,-0.17238251953125
20.280853748321533,-0.001732006127933304,-0.5291185668945312,-0.18914193115234373
20.301774740219116,-0.0031975497746461,-0.42377369384765623,-0.15562310791015624
20.321054458618164,0.00159877488732305,-0.3280056274414062,-0.4285620971679687
20.340216398239136,-0.0021316998497640663,-0.44532150878906246,-0.49320554199218747
20.36127758026123,-0.0058621745868511835,-0.47644613037109373,-0.12449848632812499
20.380836725234985,-0.017186830038722786,-0.5123591552734374,0.047884033203124995
20.40053105354309,-0.01945176112909711,-0.6200982299804687,-0.296881005859375
20.420648097991943,-0.010658499248820334,-0.45968671875,-0.18435352783203124
20.440659523010254,-0.001732006127933304,-0.49320554199218747,-0.3112462158203125
20.46104598045349,-0.0073277182335639785,-0.40222587890625,-0.20350714111328125
20.480459690093994,-0.006928024511733216,-0.43574470214843747,-0.4213794921875
20.5004825592041,-0.004663093421358896,-0.42377369384765623,-0.023942016601562498
20.520460844039917,0.0057289433462409285,-0.43574470214843747,-0.19871873779296872
20.540294408798218,0.000799387443661525,-0.6177040283203125,-0.24660277099609373
20.56121063232422,-0.00985911180515881,-0.6560112548828124,-0.23702596435546874
20.580613136291504,-0.002398162330984575,-0.20350714111328125,-0.42377369384765623
20.60055899620056,-0.005196018383799912,-0.49799394531249996,-0.3064578125
20.620460271835327,-0.0021316998497640663,-0.3902548706054687,-0.02633621826171875
20.640125036239624,-0.007727411955394742,-0.46208092041015625,-0.239420166015625
20.660989999771118,-0.010392036767599824,-0.36391865234375,-0.20829554443359374
20.68064546585083,-0.00479632466196915,-0.4955997436523437,-0.42377369384765623
20.700642108917236,-0.010791730489430587,-0.5482721801757812,-0.22266075439453123
20.72040057182312,-0.009992343045769061,-0.3806780639648437,-0.16280571289062498
20.740385055541992,-0.010924961730040842,-0.6009446166992187,-0.229843359375
20.761119842529297,-0.0031975497746461,-0.2657563842773437,-0.18914193115234373
20.780444622039795,-0.0035972434964768626,-0.354341845703125,-0.22744915771484372
20.80092215538025,-0.012923430339194655,-0.5674257934570313,-0.21787235107421873
20.82038378715515,-0.009992343045769061,-0.47884033203125,-0.19632453613281248
20.840285539627075,0.0014655436467127959,-0.3447650390625,-0.296881005859375
20.86079239845276,-0.0010658499248820332,-0.6536170532226562,-0.22266075439453123
20.880186557769775,-0.005595712105630674,-0.6009446166992187,-0.12449848632812499
20.90031599998474,-0.010791730489430587,-0.3591302490234375,-0.033518823242187495
20.920527935028076,0.0010658499248820332,-0.28012159423828126,-0.5027823486328125
20.94052267074585,0.0013323124061025418,-0.4836287353515625,-0.22505495605468748
20.960718631744385,-0.005196018383799912,-0.3232172241210937,-0.19632453613281248
20.98077416419983,-0.007727411955394742,-0.7110778930664062,-0.22744915771484372
21.000399589538574,-0.0010658499248820332,-0.05746083984375,-0.15562310791015624
21.020572662353516,0.005329249624410167,-0.59376201171875,-0.229843359375
21.040201663970947,0.004663093421358896,-0.354341845703125,-0.316034619140625
21.060794830322266,-0.0057289433462409285,-0.3758896606445312,0.00239420166015625
21.08065176010132,-0.00479632466196915,-0.35194764404296874,-0.27293898925781246
21.100489139556885,-0.03317457891195329,-0.22026655273437498,-0.44053310546874996
21.120370149612427,-0.008526799399056265,-0.36391865234375,-0.26815058593749996
21.140366554260254,-0.011990811654922875,-0.3447650390625,-0.1484405029296875
21.160969972610474,-0.007194486992953725,-0.4477157104492187,-0.3399766357421875
21.180513858795166,0.00159877488732305,-0.40940848388671874,-0.2537853759765625
21.201160192489624,0.010924961730040842,-0.5147533569335937,-0.23702596435546874
21.220237970352173,-0.0063950995492922,-0.5315127685546874,-0.3327940307617187
21.239801168441772,-0.003863705977697371,-0.16519991455078123,-0.1388636962890625
21.260181665420532,0.004263399699528133,-0.45968671875,-0.062249243164062495
21.28012204170227,0.0030643185340358454,-0.2753331909179687,-0.35673604736328124
21.299935579299927,-0.006261868308681946,-0.5123591552734374,-0.39743747558593745
21.320138216018677,-0.006128637068071691,-0.4955997436523437,0.19393033447265623
21.340150594711304,0.0005329249624410166,-0.47165772705078124,-0.48123453369140623
21.36009192466736,0.006661562030512709,-0.6368576416015624,-0.13407529296874998
21.380242109298706,-0.006794793271122962,-0.5506663818359374,-0.24660277099609373
21.400711059570312,-0.015454823910789483,-0.39983167724609375,-0.3064578125
21.420260667800903,-0.01532159267017923,-0.05027823486328125,-0.08140285644531249
21.439765691757202,-0.007727411955394742,-0.430956298828125,-0.3016694091796875
21.460414171218872,-0.009059724361497283,-0.3327940307617187,-0.354341845703125
21.48024010658264,-0.007860643196004996,-0.373495458984375,-0.4381389038085937
21.50134015083313,0.00479632466196915,-0.16280571289062498,-0.011971008300781249
21.520079851150513,0.010924961730040842,-0.2705447875976562,-0.5410895751953124
21.540072441101074,-0.0010658499248820332,-0.430956298828125,-0.3591302490234375
21.55973792076111,-0.013056661579804908,-0.47644613037109373,-0.02633621826171875
21.58011269569397,-0.007727411955394742,-0.5746083984375,0.08140285644531249
21.600463390350342,-0.005995405827461438,-0.41898529052734373,-0.373495458984375
21.620089769363403,-0.006261868308681946,-0.6248866333007812,-0.33758243408203126
21.640036582946777,-0.017986217482384312,-0.5793968017578125,-0.35673604736328124
21.66018843650818,-0.008260336917835759,-0.277727392578125,-0.11731588134765625
21.68009614944458,-0.0037304747370871167,-0.6464344482421874,-0.4070142822265625
21.699991464614868,0.01052526800821008,-0.4572925170898437,-0.20829554443359374
21.720110416412354,0.0018652373685435584,-0.32082302246093747,-0.0718260498046875
21.739860773086548,-0.01532159267017923,-0.3758896606445312,-0.16519991455078123
21.760085105895996,-0.010924961730040842,-0.39983167724609375,-0.0718260498046875
21.78024673461914,-0.01212404289553313,-0.51714755859375,-0.17238251953125
21.799978971481323,-0.019984686091538122,-0.3136404174804687,-0.181959326171875
21.820043563842773,-0.01971822361031762,-0.6943184814453125,-0.27293898925781246
21.839863061904907,-0.0075941807147844875,-0.33518823242187495,-0.15083470458984374
21.861428022384644,-0.0009326186842717792,-0.4740519287109375,-0.4477157104492187
21.880664587020874,0.002398162330984575,-0.40462008056640625,-0.33518823242187495
21.90070343017578,0.002398162330984575,-0.6679822631835937,-0.19393033447265623
21.920660257339478,0.008127105677225504,-0.16519991455078123,-0.34237083740234375
21.94040822982788,0.0035972434964768626,-0.5722141967773438,-0.18914193115234373
21.960538148880005,-0.005062787143189658,-0.36152445068359373,0.03591302490234375
21.980849504470825,-0.014122511504686942,-0.7278373046875,-0.32082302246093747
22.00036311149597,-0.014522205226517705,-0.4429273071289062,-0.062249243164062495
22.020615100860596,-0.008526799399056265,-0.63206923828125,-0.19632453613281248
22.040452241897583,-0.004263399699528133,-0.40940848388671874,-0.5865794067382812
22.060807704925537,-0.013589586542245924,-0.4836287353515625,-0.316034619140625
22.08123779296875,-0.003464012255866608,-0.4165910888671875,-0.1867477294921875
22.100355625152588,0.013589586542245924,-0.7565677246093749,-0.2346317626953125
22.120421886444092,0.01345635530163567,-0.5003881469726562,-0.28012159423828126
22.140348434448242,-0.009992343045769061,-0.603338818359375,-0.00239420166015625
22.16092824935913,-0.013856049023466432,-0.5626373901367188,-0.07900865478515624
22.18051791191101,-0.008793261880276773,-0.51714755859375,-0.09576806640624999
22.200490713119507,-0.006928024511733216,-0.5003881469726562,-0.4213794921875
22.220999717712402,-0.018252679963604822,-0.3806780639648437,0.0047884033203125
22.24021315574646,-0.018918836166656093,-0.39983167724609375,-0.29448680419921874
22.260708332061768,-0.007727411955394742,-0.33758243408203126,-0.229843359375
22.2805757522583,-0.0013323124061025418,-0.4644751220703125,-0.076614453125
22.300462245941162,-0.007860643196004996,-0.5889736083984375,-0.33039982910156246
22.32042932510376,-0.016387442595061263,-0.46208092041015625,-0.33758243408203126
22.34034276008606,-0.005995405827461438,-0.22266075439453123,-0.08379705810546874
22.36152982711792,-0.0026646248122050836,-0.5339069702148437,-0.07900865478515624
22.38060426712036,-0.018785604926045835,-0.32561142578124996,-0.3016694091796875
22.40039563179016,-0.024114854550456002,-0.47165772705078124,0.13168109130859373
22.420371532440186,-0.024514548272286763,-0.5817910034179687,-0.4429273071289062
22.440367937088013,-0.019052067407266345,-0.74699091796875,-0.2059013427734375
22.461058378219604,-0.017186830038722786,-0.4213794921875,-0.13407529296874998
22.48033356666565,-0.01945176112909711,-0.3711012573242187,-0.373495458984375
22.5004780292511,-0.016787136316892024,-0.603338818359375,-0.2561795776367187
22.52048969268799,-0.0074609494741742334,-0.3447650390625,-0.20350714111328125
22.540197610855103,-0.002398162330984575,-0.6057330200195312,-0.28490999755859375
22.560566425323486,-0.03397396635561481,-0.3136404174804687,-0.35194764404296874
22.58062171936035,-0.010125574286379316,-0.507570751953125,-0.2705447875976562
22.60045599937439,-0.009059724361497283,-0.2609679809570312,-0.1005564697265625
22.6207594871521,-0.013323124061025418,-0.8068459594726562,-0.201112939453125
22.640233278274536,-0.023315467106794475,-0.6105214233398437,-0.19632453613281248
22.66077423095703,-0.016787136316892024,-0.4429273071289062,-0.1005564697265625
22.680811405181885,-0.01572128639200999,-0.6344634399414062,-0.25139117431640623
22.700639963150024,-0.010392036767599824,-0.38786066894531246,-0.45489831542968745
22.720508098602295,-0.008793261880276773,-0.3447650390625,-0.11731588134765625
22.740196704864502,-0.01345635530163567,-0.296881005859375,-0.24181436767578124
22.76051092147827,-0.004263399699528133,-0.18914193115234373,-0.277727392578125
22.780609846115112,-0.00985911180515881,-0.55545478515625,0.11013327636718749
22.80047059059143,-0.011990811654922875,-0.4213794921875,-0.4261678955078125
22.820605039596558,-0.020251148572758632,-0.47165772705078124,-0.28490999755859375
22.8401939868927,-0.013189892820415163,-0.5674257934570313,-0.29448680419921874
22.86057209968567,-0.009992343045769061,-0.5674257934570313,-0.023942016601562498
22.88066530227661,-0.01732006127933304,-0.40940848388671874,-0.22505495605468748
22.900569438934326,-0.022782542144353463,-0.5961562133789062,-0.2059013427734375
22.920689344406128,-0.006794793271122962,-0.6200982299804687,-0.26336218261718747
22.940293788909912,-0.001732006127933304,-0.8571241943359375,-0.3687070556640625
22.960676908493042,-0.0026646248122050836,-0.718260498046875,-0.3399766357421875
22.98092484474182,-0.009459418083328047,-0.8954314208984374,-0.17477672119140625
23.000380754470825,-0.0058621745868511835,-0.6344634399414062,-0.05985504150390625
23.02062964439392,0.004663093421358896,-0.6967126831054687,-0.277727392578125
23.040199279785156,0.005995405827461438,-0.82360537109375,-0.37828386230468747
23.06103754043579,0.005595712105630674,-0.6368576416015624,-0.12689268798828124
23.0807101726532,-0.008393568158446012,-0.7757213378906249,-0.2154781494140625
23.100375652313232,-0.018652373685435583,-0.8212111694335937,-0.08140285644531249
23.120667695999146,-0.014655436467127957,-0.6967126831054687,-0.19393033447265623
23.140310764312744,-0.028644716731204646,-1.3575123413085937,-0.06943184814453125
23.16070580482483,-0.03490658503988659,-1.0271125122070313,-0.21068974609375
23.18058967590332,-0.025180704475338038,-0.9313444458007812,-0.39983167724609375
23.20056986808777,-0.0255803981971688,-1.3048399047851562,-0.36631285400390623
23.220743894577026,-0.011324655451871604,-0.8307879760742187,-0.354341845703125
23.240446090698242,0.0018652373685435584,-0.6105214233398437,-0.15322890625
23.260649919509888,-0.0013323124061025418,-0.9840168823242187,-0.2537853759765625
23.280338525772095,-0.004929555902579405,-0.7637503295898437,-0.201112939453125
23.300246477127075,-0.01212404289553313,-0.6464344482421874,-0.1197100830078125
23.320570945739746,-0.01372281778285618,-0.679953271484375,-0.2346317626953125
23.340333223342896,-0.016787136316892024,-0.737414111328125,-0.13407529296874998
23.360745668411255,-0.014655436467127957,-0.6200982299804687,-0.19153613281249998
23.381330013275146,-0.016520673835671518,-0.70868369140625,-0.2825157958984375
23.400877714157104,-0.020917304775809907,-0.6775590698242188,-0.2346317626953125
23.42081046104431,-0.015987748873230498,-0.7517793212890624,-0.19393033447265623
23.44059991836548,-0.010924961730040842,-0.565031591796875,-0.2657563842773437
23.46105718612671,-0.010791730489430587,-0.5267243652343749,-0.2346317626953125
23.480474948883057,-0.0018652373685435584,-0.3854664672851562,-0.22505495605468748
23.5007483959198,0.0063950995492922,-0.39743747558593745,-0.2346317626953125
23.520700454711914,0.017453292519943295,-0.4285620971679687,-0.3495534423828125
23.540496826171875,0.014788667707738212,-0.3758896606445312,-0.26336218261718747
23.560800552368164,0.014522205226517705,-0.6057330200195312,-0.16519991455078123
23.580450534820557,0.005462480865020421,-0.3184288208007812,-0.06703764648437499
23.600258827209473,-0.0057289433462409285,-0.44053310546874996,-0.06943184814453125
23.620320320129395,-0.011058192970651094,-0.4740519287109375,-0.1149216796875
23.640380382537842,-0.018252679963604822,-0.5386953735351562,-0.22505495605468748
23.660544395446777,-0.025447166956558548,-0.5123591552734374,-0.26336218261718747
23.680687189102173,-0.01985145485092787,-0.4070142822265625,-0.2346317626953125
23.700496196746826,-0.011724349173702367,-0.5051765502929687,-0.21068974609375
23.720686197280884,-0.0075941807147844875,-0.43574470214843747,-0.45489831542968745
23.74065613746643,-0.006528330789902454,-0.5051765502929687,-0.2346317626953125
23.760554313659668,-0.004929555902579405,-0.4860229370117187,-0.22266075439453123
23.780399799346924,-0.0029310872934255917,-0.565031591796875,-0.17956512451171874
23.80039954185486,-0.0039969372183076245,-0.51714755859375,-0.2154781494140625
23.820389986038208,-0.010658499248820334,-0.5291185668945312,-0.2657563842773437
23.84023380279541,-0.006661562030512709,-0.47165772705078124,-0.2537853759765625
23.860358715057373,-0.0029310872934255917,-0.45968671875,-0.18435352783203124
23.88065814971924,-0.005062787143189658,-0.411802685546875,-0.2154781494140625
23.90058708190918,-0.000799387443661525,-0.4836287353515625,-0.18435352783203124
23.920661449432373,-0.0003996937218307625,-0.5219359619140624,-0.24899697265624998
23.94066095352173,-0.010392036767599824,-0.5410895751953124,-0.229843359375
23.96054744720459,-0.010258805526989571,-0.5291185668945312,-0.21068974609375
23.980644941329956,-0.0075941807147844875,-0.4836287353515625,-0.21308394775390624
24.00045919418335,-0.0075941807147844875,-0.4860229370117187,-0.19871873779296872
24.02068305015564,-0.006261868308681946,-0.4213794921875,-0.21787235107421873
24.04021191596985,-0.004263399699528133,-0.45968671875,-0.21068974609375
24.060693979263306,-0.00479632466196915,-0.47884033203125,-0.18914193115234373
24.08135414123535,-0.002264931090374321,-0.507570751953125,-0.15322890625
24.10093116760254,-0.006928024511733216,-0.45968671875,-0.19632453613281248
24.120317220687866,-0.00479632466196915,-0.4860229370117187,-0.239420166015625
24.140098571777344,-0.005595712105630674,-0.4477157104492187,-0.22266075439453123
24.16038227081299,-0.004263399699528133,-0.45968671875,-0.229843359375
24.180482864379883,-0.006661562030512709,-0.47644613037109373,-0.181959326171875
24.200419187545776,-0.002398162330984575,-0.4955997436523437,-0.23702596435546874
24.220569610595703,-0.007860643196004996,-0.5027823486328125,-0.2059013427734375
24.240357160568237,-0.006794793271122962,-0.45968671875,-0.21308394775390624
24.26074981689453,-0.007860643196004996,-0.47644613037109373,-0.19871873779296872
24.28085994720459,-0.0073277182335639785,-0.49799394531249996,-0.22744915771484372
24.300511837005615,-0.006528330789902454,-0.47884033203125,-0.24181436767578124
24.32094979286194,-0.004396630940138387,-0.5051765502929687,-0.201112939453125
24.34023356437683,-0.00866003063966652,-0.5267243652343749,-0.19871873779296872
24.361480712890625,-0.0021316998497640663,-0.488417138671875,-0.258573779296875
24.38075304031372,-0.004130168458917879,-0.603338818359375,-0.22505495605468748
24.40180778503418,-0.009192955602107537,-0.47165772705078124,-0.21787235107421873
24.420711994171143,-0.0029310872934255917,-0.47644613037109373,-0.21068974609375
24.440706729888916,-0.0026646248122050836,-0.5985504150390625,-0.19871873779296872
24.461641788482666,-0.005995405827461438,-0.5003881469726562,-0.24181436767578124
24.48065209388733,-0.005329249624410167,-0.6081272216796875,-0.18914193115234373
24.50039029121399,-0.006928024511733216,-0.47884033203125,-0.23702596435546874
24.520503759384155,-0.009725880564548555,-0.4836287353515625,-0.22744915771484372
24.540162324905396,-0.004263399699528133,-0.4908113403320312,-0.25139117431640623
24.56080389022827,-0.009992343045769061,-0.4836287353515625,-0.23702596435546874
24.580676794052124,-0.0074609494741742334,-0.5267243652343749,-0.229843359375
24.600677728652954,-0.004663093421358896,-0.47644613037109373,-0.20829554443359374
24.620657444000244,-0.0075941807147844875,-0.46208092041015625,-0.21308394775390624
24.640429735183716,-0.006661562030512709,-0.46208092041015625,-0.23223756103515625
24.660994291305542,-0.006528330789902454,-0.4836287353515625,-0.19393033447265623
24.680571794509888,-0.006128637068071691,-0.507570751953125,-0.16759411621093748
24.700345516204834,-0.004263399699528133,-0.51714755859375,-0.22505495605468748
24.72040867805481,-0.0063950995492922,-0.4860229370117187,-0.239420166015625
24.740503787994385,-0.005462480865020421,-0.47165772705078124,-0.1867477294921875
24.76065707206726,-0.005995405827461438,-0.5363011718749999,-0.20350714111328125
24.780678510665894,-0.005329249624410167,-0.47884033203125,-0.201112939453125
24.800496101379395,-0.008127105677225504,-0.4477157104492187,-0.20350714111328125
24.82042932510376,-0.008526799399056265,-0.5147533569335937,-0.20350714111328125
24.840400218963623,-0.0058621745868511835,-0.47644613037109373,-0.23702596435546874
24.86185622215271,-0.006661562030512709,-0.5003881469726562,-0.2154781494140625
24.88094449043274,-0.004529862180748642,-0.46686932373046874,-0.20350714111328125
24.90042281150818,-0.006661562030512709,-0.49320554199218747,-0.22266075439453123
24.92075490951538,-0.005995405827461438,-0.47644613037109373,-0.22266075439453123
24.940425634384155,-0.008127105677225504,-0.5147533569335937,-0.239420166015625
24.960487604141235,-0.004396630940138387,-0.47884033203125,-0.239420166015625
24.980669498443604,-0.005196018383799912,-0.49320554199218747,-0.25139117431640623
25.000378847122192,-0.005995405827461438,-0.3136404174804687,-0.22505495605468748
25.02038264274597,-0.005595712105630674,-0.49320554199218747,-0.2059013427734375
25.040183782577515,-0.008926493120887028,-0.46686932373046874,-0.2154781494140625
25.060657501220703,-0.004929555902579405,-0.47644613037109373,-0.21068974609375
25.08099055290222,-0.0057289433462409285,-0.4836287353515625,-0.18914193115234373
25.10074806213379,-0.005329249624410167,-0.49320554199218747,-0.22266075439453123
25.120355129241943,-0.007194486992953725,-0.47165772705078124,-0.20350714111328125
25.14022421836853,-0.005595712105630674,-0.4955997436523437,-0.2346317626953125
25.16032385826111,-0.005995405827461438,-0.5219359619140624,-0.23223756103515625
25.180564641952515,-0.0035972434964768626,-0.4740519287109375,-0.2059013427734375
25.200467348098755,-0.006928024511733216,-0.4740519287109375,-0.20829554443359374
25.220558404922485,-0.010658499248820334,-0.4836287353515625,-0.2346317626953125
25.240440368652344,-0.005595712105630674,-0.47165772705078124,-0.19153613281249998
25.26066517829895,-0.0063950995492922,-0.47165772705078124,-0.22266075439453123
25.28039026260376,-0.0058621745868511835,-0.488417138671875,-0.20350714111328125
25.30048894882202,-0.008260336917835759,-0.47884033203125,-0.24899697265624998
25.320223331451416,-0.004929555902579405,-0.51714755859375,-0.17956512451171874
25.34018087387085,-0.0037304747370871167,-0.4908113403320312,-0.21308394775390624
25.360548496246338,-0.003863705977697371,-0.51714755859375,-0.22026655273437498
25.380725145339966,-0.003464012255866608,-0.5339069702148437,-0.20829554443359374
25.400487899780273,-0.0039969372183076245,-0.4955997436523437,-0.19153613281249998
25.420519828796387,-0.008926493120887028,-0.4908113403320312,-0.2537853759765625
25.44049572944641,-0.004529862180748642,-0.5219359619140624,-0.2154781494140625
25.46069574356079,-0.002797856052815337,-0.5195417602539062,-0.23223756103515625
25.48063826560974,-0.004663093421358896,-0.48123453369140623,-0.16998831787109375
25.500184774398804,-0.005595712105630674,-0.5219359619140624,-0.229843359375
25.52011489868164,-0.0030643185340358454,-0.46208092041015625,-0.2059013427734375
25.54023265838623,-0.004929555902579405,-0.5027823486328125,-0.22266075439453123
25.56056308746338,-0.004396630940138387,-0.49799394531249996,-0.2059013427734375
25.58052635192871,-0.0058621745868511835,-0.5027823486328125,-0.19871873779296872
25.600651502609253,-0.008393568158446012,-0.4860229370117187,-0.19393033447265623
25.620564699172974,-0.005196018383799912,-0.4860229370117187,-0.25139117431640623
25.64042091369629,-0.006661562030512709,-0.47884033203125,-0.2442085693359375
25.660919666290283,-0.005196018383799912,-0.46686932373046874,-0.19153613281249998
25.680655479431152,-0.005329249624410167,-0.47165772705078124,-0.17477672119140625
25.70048713684082,-0.00479632466196915,-0.507570751953125,-0.16519991455078123
25.720519065856934,-0.004529862180748642,-0.4644751220703125,-0.21787235107421873
25.740375518798828,-0.005462480865020421,-0.4740519287109375,-0.201112939453125
25.76105523109436,-0.002264931090374321,-0.488417138671875,-0.18914193115234373
25.780903577804565,-0.006261868308681946,-0.4955997436523437,-0.22505495605468748
25.80023503303528,-0.0002664624812205083,-0.4740519287109375,-0.2346317626953125
25.820615768432617,-0.0030643185340358454,-0.46686932373046874,-0.201112939453125
25.840218544006348,-0.008793261880276773,-0.47884033203125,-0.21787235107421873
25.860840559005737,-0.0075941807147844875,-0.5195417602539062,-0.17238251953125
25.88077449798584,-0.009059724361497283,-0.47884033203125,-0.229843359375
25.900383472442627,-0.0058621745868511835,-0.5027823486328125,-0.19871873779296872
25.920406341552734,-0.004929555902579405,-0.507570751953125,-0.22505495605468748
25.940199851989746,-0.0074609494741742334,-0.4955997436523437,-0.19871873779296872
25.96041488647461,-0.0029310872934255917,-0.49320554199218747,-0.19871873779296872
25.98088526725769,-0.006128637068071691,-0.47884033203125,-0.18435352783203124
26.000476360321045,-0.006794793271122962,-0.48123453369140623,-0.18435352783203124
26.020426034927368,-0.003863705977697371,-0.48123453369140623,-0.1867477294921875
26.04055142402649,-0.006261868308681946,-0.49799394531249996,-0.22505495605468748
26.06048011779785,-0.0057289433462409285,-0.5219359619140624,-0.17956512451171874
26.080965280532837,-0.007061255752343471,-0.35194764404296874,-0.21068974609375
26.100200653076172,-0.004263399699528133,-0.4955997436523437,-0.18914193115234373
26.120362997055054,-0.004130168458917879,-0.49799394531249996,-0.23702596435546874
26.14022135734558,-0.005062787143189658,-0.4836287353515625,-0.18914193115234373
26.160410165786743,-0.006128637068071691,-0.49799394531249996,-0.19871873779296872
26.180557012557983,-0.008793261880276773,-0.47884033203125,-0.201112939453125
26.200214624404907,-0.007860643196004996,-0.488417138671875,-0.21787235107421873
26.220635890960693,-0.007727411955394742,-0.4836287353515625,-0.181959326171875
26.24010443687439,-0.001732006127933304,-0.4740519287109375,-0.22026655273437498
26.2601637840271,-0.0063950995492922,-0.4908113403320312,-0.201112939453125
26.281273126602173,-0.0014655436467127959,-0.46208092041015625,-0.18435352783203124
26.300190925598145,-0.009192955602107537,-0.507570751953125,-0.21787235107421873
26.320237159729004,-0.002797856052815337,-0.48123453369140623,-0.22026655273437498
26.340176582336426,-0.0039969372183076245,-0.469263525390625,-0.2059013427734375
26.360327005386353,-0.0058621745868511835,-0.4908113403320312,-0.2346317626953125
26.38063883781433,-0.004396630940138387,-0.4572925170898437,-0.2154781494140625
26.400203943252563,-0.005462480865020421,-0.488417138671875,-0.2609679809570312
26.420424222946167,-0.008926493120887028,-0.5099649536132812,-0.20829554443359374
26.4403178691864,-0.0074609494741742334,-0.45010991210937495,-0.2442085693359375
26.461000442504883,-0.0063950995492922,-0.5123591552734374,-0.18914193115234373
26.48052191734314,-0.005196018383799912,-0.4836287353515625,-0.21787235107421873
26.500207901000977,-0.0057289433462409285,-0.4908113403320312,-0.20829554443359374
26.520259141921997,-0.005062787143189658,-0.47884033203125,-0.1771709228515625
26.540311813354492,-0.004663093421358896,-0.32082302246093747,-0.22026655273437498
26.56109046936035,-0.006794793271122962,-0.48123453369140623,-0.22505495605468748
26.580495834350586,-0.004929555902579405,-0.4572925170898437,-0.229843359375
26.60046362876892,-0.0074609494741742334,-0.4908113403320312,-0.24181436767578124
26.620375633239746,-0.0037304747370871167,-0.5051765502929687,-0.24181436767578124
26.640278100967407,-0.0057289433462409285,-0.4836287353515625,-0.2346317626953125
26.660364389419556,-0.0013323124061025418,-0.36152445068359373,-0.16280571289062498
26.680583477020264,-0.008926493120887028,-0.49320554199218747,-0.19153613281249998
26.699992179870605,-0.003863705977697371,-0.32082302246093747,-0.22505495605468748
26.720678091049194,-0.002797856052815337,-0.49320554199218747,-0.1771709228515625
26.740289211273193,-0.007727411955394742,-0.48123453369140623,-0.19871873779296872
26.760478019714355,-0.0063950995492922,-0.5123591552734374,-0.23223756103515625
26.78055453300476,-0.0075941807147844875,-0.5267243652343749,-0.22505495605468748
26.80041790008545,-0.006661562030512709,-0.46208092041015625,-0.19632453613281248
26.820421934127808,-0.004929555902579405,-0.45489831542968745,-0.19393033447265623
26.84020495414734,-0.0030643185340358454,-0.47884033203125,-0.1771709228515625
26.860396146774292,-0.005595712105630674,-0.488417138671875,-0.19153613281249998
26.880529642105103,-0.007727411955394742,-0.49320554199218747,-0.22026655273437498
26.90026593208313,-0.005196018383799912,-0.47644613037109373,-0.2537853759765625
26.920375108718872,-0.0033307810152563544,-0.4955997436523437,-0.21308394775390624
26.940229177474976,-0.005329249624410167,-0.4860229370117187,-0.21068974609375
26.960347414016724,-0.006928024511733216,-0.469263525390625,-0.20350714111328125
26.98076820373535,-0.004929555902579405,-0.5147533569335937,-0.21068974609375
27.000782251358032,-0.004130168458917879,-0.44053310546874996,-0.17956512451171874
27.02039098739624,-0.0073277182335639785,-0.6081272216796875,-0.239420166015625
27.04021191596985,-0.005062787143189658,-0.469263525390625,-0.22505495605468748
27.060431718826294,-0.005196018383799912,-0.4908113403320312,-0.19871873779296872
27.081143856048584,-0.004263399699528133,-0.6057330200195312,-0.20829554443359374
27.10025691986084,-0.007727411955394742,-0.47644613037109373,-0.19393033447265623
27.12040662765503,-0.003464012255866608,-0.47165772705078124,-0.22505495605468748
27.140133380889893,-0.006661562030512709,-0.51714755859375,-0.22266075439453123
27.160483360290527,-0.007194486992953725,-0.5243301635742187,-0.19871873779296872
27.18054461479187,-0.0018652373685435584,-0.5123591552734374,-0.23223756103515625
27.200366497039795,-0.005196018383799912,-0.4860229370117187,-0.19871873779296872
27.220412731170654,-0.0029310872934255917,-0.49320554199218747,-0.2609679809570312
27.240049839019775,-0.005062787143189658,-0.5051765502929687,-0.21068974609375
27.260626077651978,-0.003464012255866608,-0.47644613037109373,-0.23223756103515625
27.28039264678955,-0.005595712105630674,-0.46686932373046874,-0.21308394775390624
27.300222158432007,-0.004663093421358896,-0.47644613037109373,-0.181959326171875
27.320531606674194,-0.0019984686091538122,-0.4836287353515625,-0.19632453613281248
27.3403377532959,-0.004663093421358896,-0.47644613037109373,-0.19871873779296872
27.3612277507782,-0.009059724361497283,-0.48123453369140623,-0.18914193115234373
27.38058853149414,-0.006261868308681946,-0.5291185668945312,-0.24181436767578124
27.400089502334595,-0.006261868308681946,-0.45489831542968745,-0.23702596435546874
27.42018222808838,-0.004263399699528133,-0.49320554199218747,-0.23702596435546874
27.440011262893677,-0.007194486992953725,-0.5530605834960938,-0.23702596435546874
27.46017360687256,-0.0035972434964768626,-0.612915625,-0.22744915771484372
27.480849266052246,-0.005329249624410167,-0.5147533569335937,-0.21787235107421873
27.500226974487305,-0.0063950995492922,-0.4644751220703125,-0.20350714111328125
27.52022695541382,-0.004396630940138387,-0.46686932373046874,-0.201112939453125
27.539920568466187,-0.009059724361497283,-0.488417138671875,-0.2346317626953125
27.56003761291504,-0.007194486992953725,-0.4860229370117187,-0.21068974609375
27.58033013343811,-0.0035972434964768626,-0.47165772705078124,-0.229843359375
27.600375652313232,-0.004929555902579405,-0.47644613037109373,-0.22266075439453123
27.62024712562561,-0.0058621745868511835,-0.45010991210937495,-0.18914193115234373
27.639963626861572,-0.005462480865020421,-0.4740519287109375,-0.19632453613281248
27.660034894943237,-0.007194486992953725,-0.5051765502929687,-0.22744915771484372
27.6801974773407,-0.005462480865020421,-0.47165772705078124,-0.21308394775390624
27.69983696937561,-0.005995405827461438,-0.4860229370117187,-0.19153613281249998
27.720134973526,-0.004929555902579405,-0.6009446166992187,-0.23223756103515625
27.739938497543335,-0.005995405827461438,-0.47884033203125,-0.19153613281249998
27.760064363479614,-0.005196018383799912,-0.488417138671875,-0.21787235107421873
27.7803738117218,-0.0057289433462409285,-0.49320554199218747,-0.229843359375
27.800225734710693,-0.0057289433462409285,-0.5219359619140624,-0.19871873779296872
27.819920778274536,-0.008926493120887028,-0.47644613037109373,-0.201112939453125
27.83983850479126,-0.005462480865020421,-0.469263525390625,-0.22505495605468748
27.8599853515625,-0.006128637068071691,-0.5506663818359374,-0.17956512451171874
27.880077600479126,-0.006928024511733216,-0.47644613037109373,-0.17956512451171874
27.90009903907776,-0.00866003063966652,-0.47165772705078124,-0.21787235107421873
27.920077562332153,-0.004263399699528133,-0.4955997436523437,-0.17238251953125
27.94018292427063,-0.005995405827461438,-0.4740519287109375,-0.239420166015625
27.960188388824463,-0.0030643185340358454,-0.4644751220703125,-0.22266075439453123
27.980212211608887,-0.003863705977697371,-0.4644751220703125,-0.19393033447265623
28.000420808792114,-0.005462480865020421,-0.4908113403320312,-0.239420166015625
28.021052360534668,-0.006128637068071691,-0.4644751220703125,-0.20829554443359374
28.040194034576416,-0.005329249624410167,-0.5099649536132812,-0.22266075439453123
28.06219220161438,-0.0058621745868511835,-0.47644613037109373,-0.20350714111328125
28.08051633834839,-0.007061255752343471,-0.4836287353515625,-0.22744915771484372
28.100284099578857,-0.004529862180748642,-0.47644613037109373,-0.1771709228515625
28.120526790618896,-0.009725880564548555,-0.5051765502929687,-0.17238251953125
28.140350818634033,-0.005062787143189658,-0.47165772705078124,-0.181959326171875
28.16199779510498,-0.0075941807147844875,-0.488417138671875,-0.23223756103515625
28.180692672729492,-0.006928024511733216,-0.5003881469726562,-0.2059013427734375
28.20013689994812,-0.0026646248122050836,-0.4836287353515625,-0.21068974609375
28.221057891845703,-0.006661562030512709,-0.4740519287109375,-0.19153613281249998
28.240105628967285,-0.005462480865020421,-0.4908113403320312,-0.19871873779296872
28.2612566947937,-0.009326186842717792,-0.488417138671875,-0.19393033447265623
28.280322551727295,-0.0063950995492922,-0.45489831542968745,-0.21787235107421873
28.30031442642212,-0.00985911180515881,-0.45968671875,-0.20350714111328125
28.320183753967285,-0.0063950995492922,-0.47884033203125,-0.21308394775390624
28.339770317077637,-0.004396630940138387,-0.47165772705078124,-0.19393033447265623
28.360073566436768,-0.008393568158446012,-0.469263525390625,-0.18435352783203124
28.380249738693237,-0.007061255752343471,-0.4644751220703125,-0.2059013427734375
28.400181531906128,-0.00479632466196915,-0.4860229370117187,-0.181959326171875
28.42028498649597,-0.008127105677225504,-0.5003881469726562,-0.2442085693359375
28.439912796020508,-0.008526799399056265,-0.4836287353515625,-0.2154781494140625
28.460121154785156,-0.006661562030512709,-0.47884033203125,-0.22744915771484372
28.480391263961792,-0.006928024511733216,-0.5123591552734374,-0.17956512451171874
28.500749111175537,-0.005329249624410167,-0.47165772705078124,-0.23223756103515625
28.520174264907837,-0.0030643185340358454,-0.4285620971679687,-0.1771709228515625
28.53994059562683,-0.005595712105630674,-0.5219359619140624,-0.19871873779296872
28.559953689575195,-0.006261868308681946,-0.4860229370117187,-0.2346317626953125
28.580423831939697,-0.005595712105630674,-0.47165772705078124,-0.25139117431640623
28.60012722015381,-0.0037304747370871167,-0.5003881469726562,-0.21308394775390624
28.620025873184204,-0.006128637068071691,-0.46686932373046874,-0.1867477294921875
28.639801025390625,-0.00159877488732305,-0.5051765502929687,-0.23702596435546874
28.660327196121216,-0.006128637068071691,-0.34237083740234375,-0.23223756103515625
28.680670976638794,-0.00479632466196915,-0.5003881469726562,-0.239420166015625
28.70038938522339,-0.0030643185340358454,-0.48123453369140623,-0.19632453613281248
28.72015643119812,-0.009459418083328047,-0.4572925170898437,-0.181959326171875
28.739948987960815,-0.006661562030512709,-0.45968671875,-0.2346317626953125
28.75993275642395,-0.005995405827461438,-0.5027823486328125,-0.20350714111328125
28.78007936477661,-0.006261868308681946,-0.5315127685546874,-0.24660277099609373
28.800024271011353,-0.005329249624410167,-0.48123453369140623,-0.23702596435546874
28.820188999176025,-0.005462480865020421,-0.4908113403320312,-0.181959326171875
28.839792013168335,-0.00479632466196915,-0.4908113403320312,-0.22266075439453123
28.860154628753662,-0.006794793271122962,-0.488417138671875,-0.22505495605468748
28.880632162094116,-0.008127105677225504,-0.5051765502929687,-0.181959326171875
28.90005135536194,-0.005595712105630674,-0.5267243652343749,-0.1771709228515625
28.9201979637146,-0.005995405827461438,-0.5051765502929687,-0.2059013427734375
28.940048217773438,-0.006928024511733216,-0.4955997436523437,-0.19393033447265623
28.960263967514038,-0.0075941807147844875,-0.507570751953125,-0.19632453613281248
28.980390310287476,-0.0057289433462409285,-0.488417138671875,-0.18914193115234373
29.00047516822815,-0.004929555902579405,-0.5027823486328125,-0.1867477294921875
29.020511150360107,-0.0057289433462409285,-0.3232172241210937,-0.22026655273437498
29.03995680809021,-0.00866003063966652,-0.49799394531249996,-0.2154781494140625
29.060667753219604,-0.005595712105630674,-0.5123591552734374,-0.20829554443359374
29.080124378204346,-0.003464012255866608,-0.5051765502929687,-0.22505495605468748
29.099852800369263,-0.010258805526989571,-0.44532150878906246,-0.201112939453125
29.120352745056152,-0.004263399699528133,-0.5243301635742187,-0.229843359375
29.13984489440918,-0.000799387443661525,-0.30885201416015623,-0.1867477294921875
29.160380840301514,-0.0057289433462409285,-0.4908113403320312,-0.19393033447265623
29.18031668663025,-0.004263399699528133,-0.47644613037109373,-0.19393033447265623
29.200022220611572,-0.0039969372183076245,-0.5291185668945312,-0.19393033447265623
29.220207691192627,-0.005595712105630674,-0.4955997436523437,-0.21308394775390624
29.239916563034058,-0.004663093421358896,-0.507570751953125,-0.201112939453125
29.259973526000977,-0.0058621745868511835,-0.4908113403320312,-0.1771709228515625
29.280187606811523,-0.003863705977697371,-0.4860229370117187,-0.17956512451171874
29.300121068954468,-0.007061255752343471,-0.6081272216796875,-0.2154781494140625
29.320258617401123,-0.0039969372183076245,-0.49799394531249996,-0.22266075439453123
29.340341329574585,-0.0058621745868511835,-0.45968671875,-0.21068974609375
29.359785318374634,-0.005462480865020421,-0.5195417602539062,-0.2657563842773437
29.380277156829834,-0.005462480865020421,-0.4836287353515625,-0.19393033447265623
29.400306701660156,-0.0057289433462409285,-0.4740519287109375,-0.1771709228515625
29.42030906677246,-0.008793261880276773,-0.5003881469726562,-0.23223756103515625
29.439906358718872,-0.00866003063966652,-0.46686932373046874,-0.181959326171875
29.460197925567627,-0.008393568158446012,-0.488417138671875,-0.24899697265624998
29.480185508728027,-0.00479632466196915,-0.5123591552734374,-0.22744915771484372
29.50010871887207,-0.006661562030512709,-0.5003881469726562,-0.18914193115234373
29.521027326583862,-0.004130168458917879,-0.469263525390625,-0.201112939453125
29.540151119232178,-0.007727411955394742,-0.46208092041015625,-0.24181436767578124
29.55998468399048,-0.0058621745868511835,-0.49320554199218747,-0.229843359375
29.580270767211914,-0.004929555902579405,-0.4908113403320312,-0.19632453613281248
29.600074529647827,-0.005196018383799912,-0.4955997436523437,-0.17477672119140625
29.620099782943726,-0.005995405827461438,-0.4860229370117187,-0.19871873779296872
29.63997721672058,-0.008793261880276773,-0.469263525390625,-0.19393033447265623
29.660056591033936,-0.008127105677225504,-0.5219359619140624,-0.22026655273437498
29.680179357528687,-0.004529862180748642,-0.47884033203125,-0.20829554443359374
29.69992709159851,-0.005595712105630674,-0.48123453369140623,-0.19393033447265623
29.719915628433228,-0.007061255752343471,-0.46686932373046874,-0.239420166015625
29.740175008773804,-0.00479632466196915,-0.4955997436523437,-0.19153613281249998
29.75999617576599,-0.004529862180748642,-0.49320554199218747,-0.1867477294921875
29.78044843673706,-0.005196018383799912,-0.488417138671875,-0.23223756103515625
29.800204038619995,-0.004263399699528133,-0.5051765502929687,-0.21068974609375
29.82020115852356,-0.007993874436615249,-0.5291185668945312,-0.2059013427734375
29.840123653411865,-0.007061255752343471,-0.30885201416015623,-0.22505495605468748
29.86012101173401,-0.005462480865020421,-0.4740519287109375,-0.22744915771484372
29.88012194633484,-0.004529862180748642,-0.47884033203125,-0.24181436767578124
29.90018916130066,-0.004263399699528133,-0.47644613037109373,-0.229843359375
29.920536279678345,-0.003863705977697371,-0.4860229370117187,-0.22266075439453123
29.94018793106079,-0.010125574286379316,-0.5147533569335937,-0.201112939453125
29.960346460342407,-0.005329249624410167,-0.5051765502929687,-0.2346317626953125
29.9804744720459,-0.004663093421358896,-0.4908113403320312,-0.19871873779296872
29.999983549118042,-0.004663093421358896,-0.5027823486328125,-0.16998831787109375
30.02036714553833,-0.003863705977697371,-0.4740519287109375,-0.20350714111328125
30.040076732635498,-0.0035972434964768626,-0.4955997436523437,-0.19632453613281248
30.060462474822998,-0.008393568158446012,-0.48123453369140623,-0.24181436767578124
30.080955505371094,-0.0035972434964768626,-0.4908113403320312,-0.2346317626953125
30.100212812423706,-0.008393568158446012,-0.5003881469726562,-0.181959326171875
30.12016534805298,-0.008526799399056265,-0.49320554199218747,-0.20829554443359374
30.140318393707275,-0.004396630940138387,-0.4908113403320312,-0.201112939453125
30.16043519973755,-0.012257274136143382,-0.5147533569335937,-0.21308394775390624
30.180874586105347,-0.0073277182335639785,-0.51714755859375,-0.24660277099609373
30.200090646743774,-0.006528330789902454,-0.49320554199218747,-0.2059013427734375
30.22019362449646,-0.006128637068071691,-0.4860229370117187,-0.16041151123046873
30.23993754386902,-0.008127105677225504,-0.51714755859375,-0.201112939453125
30.260659217834473,-0.005062787143189658,-0.49799394531249996,-0.2154781494140625
30.2802472114563,-0.005196018383799912,-0.5219359619140624,-0.19393033447265623
30.300471544265747,-0.0057289433462409285,-0.4860229370117187,-0.21308394775390624
30.32275891304016,-0.0031975497746461,-0.469263525390625,-0.22505495605468748
30.342387199401855,-0.005995405827461438,-0.47644613037109373,-0.20829554443359374
30.36118245124817,-0.004663093421358896,-0.5003881469726562,-0.21068974609375
30.380690097808838,-0.0063950995492922,-0.488417138671875,-0.19153613281249998
30.400590658187866,-0.0058621745868511835,-0.4955997436523437,-0.20350714111328125
30.420278072357178,-0.011191424211261349,-0.46686932373046874,-0.21068974609375
30.439860582351685,-0.009059724361497283,-0.488417138671875,-0.16041151123046873
30.460092782974243,-0.006661562030512709,-0.45010991210937495,-0.2059013427734375
30.48051166534424,-0.0057289433462409285,-0.47165772705078124,-0.23223756103515625
30.500041007995605,-0.006928024511733216,-0.59376201171875,-0.20829554443359374
30.520331382751465,-0.006128637068071691,-0.47884033203125,-0.2059013427734375
30.540339469909668,-0.008393568158446012,-0.5051765502929687,-0.21308394775390624
30.561854124069214,-0.00013323124061025415,-0.47644613037109373,-0.19393033447265623
30.58147883415222,-0.005595712105630674,-0.47644613037109373,-0.19871873779296872
30.60146951675415,-0.0037304747370871167,-0.4644751220703125,-0.20350714111328125
30.620303630828857,-0.008526799399056265,-0.488417138671875,-0.2059013427734375
30.640265226364136,-0.00479632466196915,-0.5051765502929687,-0.258573779296875
30.660081386566162,-0.008127105677225504,-0.47884033203125,-0.201112939453125
30.68067169189453,-0.006128637068071691,-0.5219359619140624,-0.18435352783203124
30.700331926345825,-0.007061255752343471,-0.612915625,-0.24181436767578124
30.72007131576538,-0.008127105677225504,-0.6105214233398437,-0.22744915771484372
30.740020036697388,-0.007061255752343471,-0.46686932373046874,-0.1771709228515625
30.7599036693573,-0.004396630940138387,-0.5195417602539062,-0.19393033447265623
30.780147790908813,-0.003464012255866608,-0.5051765502929687,-0.16519991455078123
30.800044775009155,-0.008526799399056265,-0.46686932373046874,-0.239420166015625
30.819904327392578,-0.005462480865020421,-0.4644751220703125,-0.22266075439453123
30.83990240097046,-0.005062787143189658,-0.47644613037109373,-0.19871873779296872
30.859923601150513,-0.00479632466196915,-0.45968671875,-0.24181436767578124
30.880226850509644,-0.004529862180748642,-0.4740519287109375,-0.1867477294921875
30.900073528289795,-0.003863705977697371,-0.48123453369140623,-0.19393033447265623
30.9199857711792,-0.003464012255866608,-0.488417138671875,-0.19393033447265623
30.939741849899292,-0.00479632466196915,-0.49320554199218747,-0.21308394775390624
30.96003770828247,-0.0073277182335639785,-0.4525041137695312,-0.181959326171875
30.980205297470093,-0.0075941807147844875,-0.46208092041015625,-0.23223756103515625
31.000093698501587,-0.006794793271122962,-0.507570751953125,-0.21068974609375
31.020051956176758,-0.005595712105630674,-0.4955997436523437,-0.23702596435546874
31.039841651916504,-0.005329249624410167,-0.469263525390625,-0.20829554443359374
31.05985188484192,-0.0030643185340358454,-0.5219359619140624,-0.2154781494140625
31.080883026123047,-0.004396630940138387,-0.4955997436523437,-0.2442085693359375
31.101115465164185,-0.007061255752343471,-0.4836287353515625,-0.19632453613281248
31.119866847991943,-0.008393568158446012,-0.49320554199218747,-0.18914193115234373
31.139914989471436,-0.00479632466196915,-0.3399766357421875,-0.22266075439453123
31.15979242324829,-0.008127105677225504,-0.488417138671875,-0.21068974609375
31.180121183395386,-0.004396630940138387,-0.4955997436523437,-0.21308394775390624
31.20026183128357,-0.003863705977697371,-0.48123453369140623,-0.201112939453125
31.220093488693237,-0.0073277182335639785,-0.507570751953125,-0.19632453613281248
31.239858388900757,-0.006794793271122962,-0.5291185668945312,-0.19153613281249998
31.2598717212677,-0.005595712105630674,-0.4740519287109375,-0.20350714111328125
31.280219554901123,-0.006528330789902454,-0.5003881469726562,-0.21787235107421873
31.299822092056274,-0.0039969372183076245,-0.47165772705078124,-0.20350714111328125
31.319884538650513,-0.006661562030512709,-0.507570751953125,-0.22266075439453123
31.339876413345337,-0.006261868308681946,-0.469263525390625,-0.21068974609375
31.360053300857544,-0.005196018383799912,-0.5051765502929687,-0.21308394775390624
31.380043983459473,-0.0035972434964768626,-0.316034619140625,-0.2059013427734375
31.400267124176025,-0.003464012255866608,-0.4740519287109375,-0.2154781494140625
31.42033553123474,-0.0074609494741742334,-0.47644613037109373,-0.20350714111328125
31.439920902252197,-0.004263399699528133,-0.507570751953125,-0.19393033447265623
31.45992159843445,-0.005595712105630674,-0.48123453369140623,-0.22026655273437498
31.480060577392578,-0.0058621745868511835,-0.47884033203125,-0.2442085693359375
31.4999361038208,-0.0037304747370871167,-0.603338818359375,-0.23702596435546874
31.519781589508057,-0.004529862180748642,-0.46686932373046874,-0.181959326171875
31.539828300476074,-0.0058621745868511835,-0.5003881469726562,-0.19632453613281248
31.559871673583984,-0.003464012255866608,-0.47884033203125,-0.21068974609375
31.580400466918945,-0.0057289433462409285,-0.5123591552734374,-0.2561795776367187
31.600054025650024,-0.007993874436615249,-0.6081272216796875,-0.16759411621093748
31.619903087615967,-0.0073277182335639785,-0.47644613037109373,-0.2609679809570312
31.639841318130493,-0.005995405827461438,-0.469263525390625,-0.181959326171875
31.660154819488525,-0.008926493120887028,-0.4908113403320312,-0.22026655273437498
31.68013572692871,-0.0057289433462409285,-0.46208092041015625,-0.22505495605468748
31.699923276901245,-0.0039969372183076245,-0.51714755859375,-0.22266075439453123
31.71999430656433,-0.006794793271122962,-0.49799394531249996,-0.201112939453125
31.73995065689087,-0.0014655436467127959,-0.4908113403320312,-0.1867477294921875
31.75981903076172,-0.007061255752343471,-0.47644613037109373,-0.17956512451171874
31.77998447418213,-0.008127105677225504,-0.47644613037109373,-0.2154781494140625
31.80018377304077,-0.005062787143189658,-0.507570751953125,-0.22505495605468748
31.819922924041748,-0.003464012255866608,-0.4908113403320312,-0.22026655273437498
31.839754819869995,-0.0037304747370871167,-0.5219359619140624,-0.21068974609375
31.860000371932983,-0.0058621745868511835,-0.469263525390625,-0.239420166015625
31.880497217178345,-0.005995405827461438,-0.5195417602539062,-0.23223756103515625
31.900290966033936,-0.0033307810152563544,-0.44532150878906246,-0.2154781494140625
31.92004942893982,-0.004929555902579405,-0.46208092041015625,-0.20350714111328125
31.939862966537476,-0.005995405827461438,-0.45489831542968745,-0.22505495605468748
31.959781169891357,-0.0011990811654922875,-0.47884033203125,-0.201112939453125
31.97998881340027,-0.005062787143189658,-0.5027823486328125,-0.19632453613281248
32.00020480155945,-0.00866003063966652,-0.5219359619140624,-0.18435352783203124
32.02008366584778,-0.005595712105630674,-0.4908113403320312,-0.2059013427734375
32.03983950614929,-0.003464012255866608,-0.49320554199218747,-0.22266075439453123
32.06022024154663,-0.00479632466196915,-0.44532150878906246,-0.20829554443359374
32.08035635948181,-0.005329249624410167,-0.4860229370117187,-0.24181436767578124
32.100136041641235,-0.006261868308681946,-0.47165772705078124,-0.20829554443359374
32.11997723579407,-0.004929555902579405,-0.47884033203125,-0.239420166015625
32.139894008636475,-0.008926493120887028,-0.5003881469726562,-0.21787235107421873
32.15978169441223,-0.006128637068071691,-0.43574470214843747,-0.181959326171875
32.18004822731018,-0.005595712105630674,-0.4860229370117187,-0.17477672119140625
32.19997525215149,-0.0074609494741742334,-0.5099649536132812,-0.21787235107421873
32.21993947029114,-0.001732006127933304,-0.5339069702148437,-0.181959326171875
32.239760398864746,-0.008393568158446012,-0.5051765502929687,-0.2561795776367187
32.25995469093323,-0.0058621745868511835,-0.44532150878906246,-0.22744915771484372
32.28018116950989,-0.0075941807147844875,-0.4644751220703125,-0.239420166015625
32.30004143714905,-0.003863705977697371,-0.47644613037109373,-0.22026655273437498
32.32004117965698,-0.007993874436615249,-0.5003881469726562,-0.19871873779296872
32.33994936943054,-0.004529862180748642,-0.6105214233398437,-0.201112939453125
32.35995841026306,-0.00866003063966652,-0.5051765502929687,-0.21308394775390624
32.380005836486816,-0.006928024511733216,-0.4908113403320312,-0.19871873779296872
32.40022921562195,-0.005329249624410167,-0.488417138671875,-0.20350714111328125
32.42033791542053,-0.004529862180748642,-0.46208092041015625,-0.23702596435546874
32.43973135948181,-0.005595712105630674,-0.47884033203125,-0.19632453613281248
32.46028995513916,-0.0074609494741742334,-0.5099649536132812,-0.20350714111328125
32.48011112213135,-0.003863705977697371,-0.47884033203125,-0.229843359375
