time_s,wx_rad_s,wy_rad_s,wz_rad_s,ax_m_s2,ay_m_s2,az_m_s2
1.981933832168579,0.07234456365136802,0.01705359879811253,-0.005595712105630674,-0.5793968017578125,-0.2561795776367187,10.328585961914062
2.0019373893737793,0.07167840744831674,0.015854517632620246,-0.005196018383799912,-0.5458779785156249,-0.28490999755859375,10.299855541992187
2.021388292312622,0.07434303226052183,0.011724349173702367,-0.003863705977697371,-0.5410895751953124,-0.29448680419921874,10.328585961914062
2.0415921211242676,0.07740735079455767,0.01732006127933304,-0.002797856052815337,-0.5434837768554687,-0.2657563842773437,10.244788903808594
2.062035322189331,0.07341041357625004,0.022649310903743208,-0.006794793271122962,-0.5770026000976562,-0.27293898925781246,10.292672937011718
2.0818734169006348,0.07540888218540386,0.015454823910789483,-0.0058621745868511835,-0.5506663818359374,-0.24899697265624998,10.342951171874999
2.10174560546875,0.07833996947882944,0.015987748873230498,-0.005462480865020421,-0.5698199951171875,-0.26815058593749996,10.352527978515624
2.1219959259033203,0.0720781011701475,0.018785604926045835,-0.005062787143189658,-0.55545478515625,-0.2705447875976562,10.283096130371094
2.14192533493042,0.07754058203516792,0.020650842294589397,-0.004396630940138387,-0.5291185668945312,-0.2705447875976562,10.299855541992187
2.1618049144744873,0.0752756509447936,0.01438897398590745,-0.005196018383799912,-0.5506663818359374,-0.2705447875976562,10.32379755859375
2.1819822788238525,0.0752756509447936,0.016120980113840753,-0.0073277182335639785,-0.5578489868164063,-0.27293898925781246,10.302249743652343
2.201964855194092,0.07287748861380902,0.019984686091538122,-0.0035972434964768626,-0.5410895751953124,-0.30406361083984373,10.32379755859375
2.221769094467163,0.07754058203516792,0.016254211354451008,-0.007727411955394742,-0.5291185668945312,-0.2705447875976562,10.151415039062499
2.24141788482666,0.07394333853869106,0.020650842294589397,-0.0058621745868511835,-0.5578489868164063,-0.3112462158203125,10.328585961914062
2.261282205581665,0.07620826962906538,0.01345635530163567,-0.004929555902579405,-0.5674257934570313,-0.2657563842773437,10.328585961914062
2.282536745071411,0.07047932628282445,0.020917304775809907,-0.008526799399056265,-0.5865794067382812,-0.2609679809570312,10.311826550292968
2.3015553951263428,0.07620826962906538,0.015588055151399738,-0.005462480865020421,-0.5865794067382812,-0.2561795776367187,10.390835205078124
2.321436882019043,0.07620826962906538,0.016120980113840753,-0.005196018383799912,-0.55545478515625,-0.24899697265624998,10.295067138671874
2.3413572311401367,0.0750091884635731,0.018785604926045835,-0.004529862180748642,-0.55545478515625,-0.2920926025390625,10.321403356933594
2.3614346981048584,0.07594180714784488,0.01732006127933304,-0.0039969372183076245,-0.5506663818359374,-0.2609679809570312,10.275913525390624
2.382040023803711,0.07833996947882944,0.020917304775809907,-0.005462480865020421,-0.5602431884765625,-0.2537853759765625,10.328585961914062
2.4015705585479736,0.0738101072980808,0.017852986241774057,-0.0075941807147844875,-0.5219359619140624,-0.2753331909179687,10.307038146972655
2.4215431213378906,0.07780704451638844,0.014788667707738212,-0.002531393571594829,-0.5434837768554687,-0.2537853759765625,10.283096130371094
2.441765785217285,0.07487595722296284,0.02105053601642016,-0.006528330789902454,-0.5746083984375,-0.2753331909179687,10.333374365234375
2.461338758468628,0.0747427259823526,0.017986217482384312,-0.004263399699528133,-0.5267243652343749,-0.2657563842773437,10.364498986816406
2.4817304611206055,0.07434303226052183,0.016254211354451008,-0.005462480865020421,-0.5482721801757812,-0.26336218261718747,10.304643945312499
2.5016236305236816,0.07860643196004995,0.01705359879811253,-0.006128637068071691,-0.5195417602539062,-0.277727392578125,10.290278735351562
2.5214428901672363,0.07687442583211665,0.015188361429568975,-0.004529862180748642,-0.584185205078125,-0.2920926025390625,10.266336718749999
2.5414671897888184,0.0738101072980808,0.015588055151399738,-0.006794793271122962,-0.5482721801757812,-0.28012159423828126,10.299855541992187
2.561483383178711,0.07594180714784488,0.020251148572758632,-0.0033307810152563544,-0.5817910034179687,-0.28490999755859375,10.330980163574218
2.5823638439178467,0.07434303226052183,0.019318529888486854,-0.004263399699528133,-0.5626373901367188,-0.277727392578125,10.307038146972655
2.601816415786743,0.080205206847373,0.012923430339194655,-0.007061255752343471,-0.5219359619140624,-0.29448680419921874,10.283096130371094
2.62155818939209,0.07514241970418334,0.014788667707738212,-0.0019984686091538122,-0.5578489868164063,-0.2561795776367187,10.275913525390624
2.641413688659668,0.07567534466662437,0.018918836166656093,-0.00479632466196915,-0.5722141967773438,-0.26336218261718747,10.295067138671874
2.6618030071258545,0.0752756509447936,0.015854517632620246,-0.0095926493239383,-0.4955997436523437,-0.28490999755859375,10.314220751953124
2.6815574169158936,0.0770076570727269,0.018119448722994567,-0.005329249624410167,-0.5243301635742187,-0.2657563842773437,10.328585961914062
2.7020483016967773,0.07540888218540386,0.01705359879811253,-0.0063950995492922,-0.55545478515625,-0.229843359375,10.333374365234375
2.721975564956665,0.07301071985441929,0.017986217482384312,-0.007860643196004996,-0.5770026000976562,-0.2920926025390625,10.35492218017578
2.7420544624328613,0.07540888218540386,0.01851914244482533,-0.005196018383799912,-0.565031591796875,-0.23702596435546874,10.31661495361328
2.7615370750427246,0.0750091884635731,0.018385911204215073,-0.005995405827461438,-0.5291185668945312,-0.28490999755859375,10.350133776855468
2.7815496921539307,0.07367687605747056,0.019052067407266345,-0.006528330789902454,-0.5626373901367188,-0.2753331909179687,10.295067138671874
2.8027708530426025,0.0770076570727269,0.014788667707738212,-0.0073277182335639785,-0.5243301635742187,-0.26815058593749996,10.268730920410155
2.82177996635437,0.0770076570727269,0.023581929588014985,-0.007993874436615249,-0.5458779785156249,-0.29448680419921874,10.338162768554687
2.8416061401367188,0.07514241970418334,0.017453292519943295,-0.002264931090374321,-0.5458779785156249,-0.28490999755859375,10.319009155273436
2.8613152503967285,0.07873966320066021,0.014522205226517705,-0.0057289433462409285,-0.5698199951171875,-0.2825157958984375,10.381258398437499
2.8821933269500732,0.07394333853869106,0.013056661579804908,-0.0057289433462409285,-0.5506663818359374,-0.296881005859375,10.311826550292968
2.9019827842712402,0.0764747321102859,0.017719755001163805,-0.004929555902579405,-0.5123591552734374,-0.2825157958984375,10.321403356933594
2.9223620891571045,0.07660796335089615,0.02145022973825092,-0.002531393571594829,-0.5530605834960938,-0.3016694091796875,10.299855541992187
2.9415721893310547,0.07687442583211665,0.016787136316892024,-0.0035972434964768626,-0.5698199951171875,-0.2825157958984375,10.345345373535155
2.961421012878418,0.07487595722296284,0.02105053601642016,-0.005595712105630674,-0.5434837768554687,-0.3064578125,10.330980163574218
2.981387138366699,0.07354364481686029,0.01692036755750228,-0.005062787143189658,-0.5506663818359374,-0.28490999755859375,10.297461340332031
3.0021111965179443,0.07341041357625004,0.01958499236970736,-0.002264931090374321,-0.5602431884765625,-0.316034619140625,10.299855541992187
3.0215585231781006,0.07727411955394742,0.022915773384963714,-0.009192955602107537,-0.5363011718749999,-0.2825157958984375,10.254365710449218
3.041628360748291,0.07247779489197827,0.01732006127933304,-0.0035972434964768626,-0.5722141967773438,-0.296881005859375,10.311826550292968
3.0614495277404785,0.06981317007977318,0.020384379813368887,-0.0037304747370871167,-0.5410895751953124,-0.2705447875976562,10.297461340332031
3.081648826599121,0.07607503838845513,0.019984686091538122,-0.0063950995492922,-0.5722141967773438,-0.296881005859375,10.352527978515624
3.101663589477539,0.080205206847373,0.02118376725703041,-0.009326186842717792,-0.5506663818359374,-0.2537853759765625,10.40041201171875
3.1215968132019043,0.07727411955394742,0.01971822361031762,-0.006261868308681946,-0.5674257934570313,-0.24899697265624998,10.309432348632813
3.1414690017700195,0.07447626350113207,0.020517611053979142,-0.008393568158446012,-0.5626373901367188,-0.239420166015625,10.328585961914062
3.1612770557403564,0.07594180714784488,0.02118376725703041,-0.00866003063966652,-0.5530605834960938,-0.27293898925781246,10.302249743652343
3.1814653873443604,0.07607503838845513,0.018785604926045835,-0.006928024511733216,-0.5674257934570313,-0.3016694091796875,10.287884533691406
3.201657295227051,0.07247779489197827,0.01945176112909711,-0.006794793271122962,-0.55545478515625,-0.30406361083984373,10.254365710449218
3.2215185165405273,0.07767381327577817,0.016120980113840753,-0.005329249624410167,-0.5770026000976562,-0.30885201416015623,10.321403356933594
3.2417142391204834,0.07767381327577817,0.018252679963604822,-0.002531393571594829,-0.5291185668945312,-0.2825157958984375,10.283096130371094
3.2614004611968994,0.07833996947882944,0.015987748873230498,-0.0005329249624410166,-0.5578489868164063,-0.277727392578125,10.352527978515624
3.2822747230529785,0.07394333853869106,0.02105053601642016,-0.005462480865020421,-0.5722141967773438,-0.30885201416015623,10.311826550292968
3.3016650676727295,0.07087902000465522,0.020917304775809907,-0.004929555902579405,-0.5793968017578125,-0.28012159423828126,10.283096130371094
3.321476697921753,0.07620826962906538,0.01572128639200999,-0.003863705977697371,-0.55545478515625,-0.2609679809570312,10.32379755859375
3.341377019882202,0.07780704451638844,0.01985145485092787,-0.0033307810152563544,-0.565031591796875,-0.28969840087890625,10.302249743652343
3.361359119415283,0.07660796335089615,0.016387442595061263,-0.007860643196004996,-0.584185205078125,-0.24181436767578124,10.330980163574218
3.381558895111084,0.07514241970418334,0.02011791733214838,-0.0026646248122050836,-0.5913678100585937,-0.32561142578124996,10.280701928710936
3.4018051624298096,0.07820673823821919,0.01532159267017923,-0.004263399699528133,-0.5506663818359374,-0.24660277099609373,10.299855541992187
3.4217185974121094,0.07141194496709623,0.020517611053979142,-0.00479632466196915,-0.5458779785156249,-0.44053310546874996,10.357316381835936
3.4417266845703125,0.07420980101991156,0.017852986241774057,-0.004396630940138387,-0.5315127685546874,-0.2609679809570312,10.295067138671874
3.4615650177001953,0.07740735079455767,0.01692036755750228,-0.008926493120887028,-0.5698199951171875,-0.28490999755859375,10.27830772705078
3.4814045429229736,0.07301071985441929,0.020384379813368887,-0.0039969372183076245,-0.5267243652343749,-0.25139117431640623,10.297461340332031
3.5015461444854736,0.07554211342601411,0.016653905076281773,-0.0058621745868511835,-0.55545478515625,-0.3016694091796875,10.311826550292968
3.521423578262329,0.07620826962906538,0.017586523760553547,-0.007860643196004996,-0.5602431884765625,-0.33758243408203126,10.27830772705078
3.541421890258789,0.07274425737319877,0.020517611053979142,-0.004396630940138387,-0.5602431884765625,-0.27293898925781246,10.268730920410155
3.5614211559295654,0.07234456365136802,0.01945176112909711,-0.0019984686091538122,-0.5674257934570313,-0.2609679809570312,10.366893188476562
3.5818068981170654,0.07487595722296284,0.0191852986478766,-0.0021316998497640663,-0.5482721801757812,-0.26336218261718747,10.36210478515625
3.6018834114074707,0.07287748861380902,0.02371516082862524,-0.008926493120887028,-0.55545478515625,-0.26336218261718747,10.395623608398436
3.621469020843506,0.07660796335089615,0.013989280264076687,-0.006794793271122962,-0.5722141967773438,-0.28012159423828126,10.326191760253906
3.641378402709961,0.08220367545652682,0.02118376725703041,-0.009192955602107537,-0.584185205078125,-0.2920926025390625,10.266336718749999
3.6613831520080566,0.07780704451638844,0.017852986241774057,-0.0030643185340358454,-0.5722141967773438,-0.28490999755859375,10.254365710449218
3.6816039085388184,0.0752756509447936,0.018385911204215073,-0.007860643196004996,-0.5458779785156249,-0.2825157958984375,10.249577307128906
3.7017173767089844,0.07154517620770649,0.019984686091538122,-0.007194486992953725,-0.5722141967773438,-0.2657563842773437,10.32379755859375
3.722236394882202,0.07767381327577817,0.020384379813368887,-0.005329249624410167,-0.5219359619140624,-0.28730419921875,10.350133776855468
3.7417657375335693,0.0767411945915064,0.016520673835671518,-0.005062787143189658,-0.5602431884765625,-0.29927520751953124,10.268730920410155
3.7615795135498047,0.0767411945915064,0.019984686091538122,-0.003863705977697371,-0.5626373901367188,-0.2753331909179687,10.333374365234375
3.782557249069214,0.07407656977930133,0.021983154700691936,-0.002398162330984575,-0.5698199951171875,-0.25139117431640623,10.31661495361328
3.8018710613250732,0.07540888218540386,0.021849923460081685,-0.004929555902579405,-0.5339069702148437,-0.2657563842773437,10.302249743652343
3.8217601776123047,0.07567534466662437,0.017586523760553547,-0.009459418083328047,-0.5961562133789062,-0.3184288208007812,10.302249743652343
3.841546058654785,0.07354364481686029,0.01945176112909711,-0.004396630940138387,-0.5770026000976562,-0.2561795776367187,10.328585961914062
3.8614494800567627,0.0767411945915064,0.020251148572758632,-0.006794793271122962,-0.5530605834960938,-0.2825157958984375,10.314220751953124
3.881530523300171,0.07620826962906538,0.01945176112909711,-0.007194486992953725,-0.5482721801757812,-0.29927520751953124,10.340556970214843
3.9016494750976562,0.07580857590723461,0.013189892820415163,-0.0057289433462409285,-0.5913678100585937,-0.28012159423828126,10.35492218017578
3.9214775562286377,0.07594180714784488,0.017186830038722786,-0.005995405827461438,-0.5410895751953124,-0.277727392578125,10.340556970214843
3.941704750061035,0.0738101072980808,0.01692036755750228,-0.004396630940138387,-0.5985504150390625,-0.29448680419921874,10.328585961914062
3.9617841243743896,0.0767411945915064,0.018652373685435583,-0.006261868308681946,-0.5482721801757812,-0.2705447875976562,10.271125122070313
3.9818248748779297,0.07833996947882944,0.014655436467127957,-0.008793261880276773,-0.5674257934570313,-0.296881005859375,10.402806213378906
4.001962184906006,0.0720781011701475,0.016520673835671518,-0.011990811654922875,-0.5410895751953124,-0.258573779296875,10.249577307128906
4.021541118621826,0.07807350699760894,0.017186830038722786,-0.005196018383799912,-0.5482721801757812,-0.316034619140625,10.290278735351562
4.041322231292725,0.08047166932859352,0.019052067407266345,-0.004663093421358896,-0.5578489868164063,-0.3112462158203125,10.321403356933594
4.061453819274902,0.07407656977930133,0.01945176112909711,-0.005196018383799912,-0.5961562133789062,-0.26336218261718747,10.259154113769531
4.081427335739136,0.07794027575699868,0.017986217482384312,-0.006661562030512709,-0.5698199951171875,-0.24181436767578124,10.321403356933594
4.101775884628296,0.07420980101991156,0.02105053601642016,-0.0058621745868511835,-0.5674257934570313,-0.3016694091796875,10.299855541992187
4.121727228164673,0.0750091884635731,0.015987748873230498,-0.006794793271122962,-0.5458779785156249,-0.316034619140625,10.321403356933594
4.141591310501099,0.07087902000465522,0.02105053601642016,-0.005062787143189658,-0.5458779785156249,-0.30406361083984373,10.27830772705078
4.161741018295288,0.07620826962906538,0.0191852986478766,-0.00479632466196915,-0.5626373901367188,-0.2537853759765625,10.326191760253906
4.181663751602173,0.07754058203516792,0.01985145485092787,-0.004529862180748642,-0.5889736083984375,-0.29448680419921874,10.268730920410155
4.202286243438721,0.0738101072980808,0.01971822361031762,-0.0035972434964768626,-0.5578489868164063,-0.26815058593749996,10.366893188476562
4.221447944641113,0.07993874436615249,0.020251148572758632,-0.010125574286379316,-0.5482721801757812,-0.277727392578125,10.335768566894531
4.243228435516357,0.07567534466662437,0.015454823910789483,-0.0019984686091538122,-0.5865794067382812,-0.26336218261718747,10.39322940673828
4.261483192443848,0.07620826962906538,0.0191852986478766,-0.004529862180748642,-0.5434837768554687,-0.28012159423828126,10.319009155273436
4.281418561935425,0.07407656977930133,0.012523736617363892,-0.005329249624410167,-0.5602431884765625,-0.30406361083984373,10.338162768554687
4.301661968231201,0.07554211342601411,0.01958499236970736,-0.0011990811654922875,-0.5746083984375,-0.26336218261718747,10.369287390136718
4.321819067001343,0.0720781011701475,0.023049004625573973,-0.010125574286379316,-0.59376201171875,-0.277727392578125,10.319009155273436
4.34160041809082,0.07847320071943971,0.018652373685435583,-0.008127105677225504,-0.5458779785156249,-0.277727392578125,10.350133776855468
4.361819267272949,0.07487595722296284,0.015854517632620246,-0.0018652373685435584,-0.5746083984375,-0.28012159423828126,10.290278735351562
4.3814074993133545,0.07327718233563979,0.016653905076281773,-0.005196018383799912,-0.5698199951171875,-0.2705447875976562,10.309432348632813
4.401827573776245,0.07820673823821919,0.016520673835671518,-0.006528330789902454,-0.5865794067382812,-0.29448680419921874,10.292672937011718
4.421682596206665,0.07007963256099368,0.018252679963604822,-0.006661562030512709,-0.5339069702148437,-0.27293898925781246,10.342951171874999
4.4414215087890625,0.07714088831333717,0.016254211354451008,-0.005462480865020421,-0.5865794067382812,-0.2609679809570312,10.319009155273436
4.4613587856292725,0.07327718233563979,0.015454823910789483,-0.001732006127933304,-0.6009446166992187,-0.26815058593749996,10.299855541992187
4.481684923171997,0.07354364481686029,0.0095926493239383,-0.007860643196004996,-0.59376201171875,-0.3064578125,10.268730920410155
4.50237774848938,0.07221133241075775,0.017586523760553547,-0.007194486992953725,-0.5027823486328125,-0.28730419921875,10.333374365234375
4.522181749343872,0.07367687605747056,0.017186830038722786,-0.006128637068071691,-0.5219359619140624,-0.26815058593749996,10.304643945312499
4.541569471359253,0.07354364481686029,0.020251148572758632,-0.005462480865020421,-0.5817910034179687,-0.28490999755859375,10.311826550292968
4.561860799789429,0.07620826962906538,0.01958499236970736,-0.004663093421358896,-0.5626373901367188,-0.29927520751953124,10.292672937011718
4.581875324249268,0.07287748861380902,0.01705359879811253,-0.00159877488732305,-0.5770026000976562,-0.27293898925781246,10.304643945312499
4.601836681365967,0.07314395109502954,0.02078407353519965,-0.007860643196004996,-0.55545478515625,-0.2609679809570312,10.307038146972655
4.621686935424805,0.07634150086967564,0.015454823910789483,-0.006794793271122962,-0.5770026000976562,-0.3016694091796875,10.237606298828124
4.641517639160156,0.07580857590723461,0.023448698347404734,-0.0006661562030512709,-0.5746083984375,-0.27293898925781246,10.299855541992187
4.661561727523804,0.0750091884635731,0.018119448722994567,-0.009192955602107537,-0.5458779785156249,-0.277727392578125,10.304643945312499
4.682071924209595,0.07314395109502954,0.019318529888486854,-0.006261868308681946,-0.5578489868164063,-0.2657563842773437,10.342951171874999
4.701882600784302,0.0747427259823526,0.01851914244482533,-0.0063950995492922,-0.5626373901367188,-0.296881005859375,10.32379755859375
4.721628427505493,0.07567534466662437,0.013323124061025418,-0.004130168458917879,-0.5506663818359374,-0.2657563842773437,10.273519323730468
4.74150276184082,0.07101225124526546,0.020650842294589397,-0.004130168458917879,-0.565031591796875,-0.277727392578125,10.319009155273436
4.762058734893799,0.07101225124526546,0.023049004625573973,-0.006528330789902454,-0.5865794067382812,-0.2442085693359375,10.330980163574218
4.781518459320068,0.07394333853869106,0.015588055151399738,-0.0035972434964768626,-0.5817910034179687,-0.2920926025390625,10.371681591796875
4.80188775062561,0.0747427259823526,0.01438897398590745,-0.005062787143189658,-0.7637503295898437,-0.26336218261718747,10.319009155273436
4.82153058052063,0.0738101072980808,0.014122511504686942,-0.007727411955394742,-0.5770026000976562,-0.2442085693359375,10.314220751953124
4.841453313827515,0.07554211342601411,0.015987748873230498,-0.00479632466196915,-0.5434837768554687,-0.2609679809570312,10.35492218017578
4.861442804336548,0.07607503838845513,0.01692036755750228,-0.0026646248122050836,-0.603338818359375,-0.296881005859375,10.333374365234375
4.881633281707764,0.07341041357625004,0.022382848422522698,-0.002531393571594829,-0.5339069702148437,-0.29448680419921874,10.28549033203125
4.901787757873535,0.0738101072980808,0.016387442595061263,-0.008260336917835759,-0.5602431884765625,-0.23223756103515625,10.314220751953124
4.9216063022613525,0.0770076570727269,0.018119448722994567,-0.005462480865020421,-0.5817910034179687,-0.316034619140625,10.283096130371094
4.9414379596710205,0.08207044421591657,0.01985145485092787,-0.005462480865020421,-0.584185205078125,-0.277727392578125,10.290278735351562
4.961451768875122,0.07407656977930133,0.018785604926045835,-0.006928024511733216,-0.5410895751953124,-0.258573779296875,10.31661495361328
4.981485366821289,0.07620826962906538,0.015854517632620246,-0.0063950995492922,-0.5578489868164063,-0.27293898925781246,10.292672937011718
5.001708269119263,0.0767411945915064,0.01572128639200999,-0.0033307810152563544,-0.5746083984375,-0.26336218261718747,10.295067138671874
5.021511077880859,0.07341041357625004,0.014788667707738212,-0.0033307810152563544,-0.5482721801757812,-0.2537853759765625,10.412383020019531
5.041550397872925,0.07740735079455767,0.02145022973825092,-0.005995405827461438,-0.5147533569335937,-0.3016694091796875,10.330980163574218
5.061317205429077,0.07114548248587572,0.016787136316892024,-0.004663093421358896,-0.5458779785156249,-0.2705447875976562,10.261548315429687
5.082517147064209,0.07567534466662437,0.02118376725703041,-0.0058621745868511835,-0.5458779785156249,-0.26815058593749996,10.299855541992187
5.101656436920166,0.07754058203516792,0.020517611053979142,-0.0039969372183076245,-0.5698199951171875,-0.3064578125,10.251971508789062
5.12148118019104,0.07407656977930133,0.021983154700691936,-0.006261868308681946,-0.6057330200195312,-0.2825157958984375,10.314220751953124
5.141444206237793,0.08033843808798326,0.017986217482384312,-0.007860643196004996,-0.55545478515625,-0.2561795776367187,10.31661495361328
5.161600589752197,0.07714088831333717,0.01505513018895872,-0.0058621745868511835,-0.5698199951171875,-0.2705447875976562,10.309432348632813
5.181639909744263,0.07740735079455767,0.021583460978861175,-0.004663093421358896,-0.5530605834960938,-0.2753331909179687,10.287884533691406
5.2017669677734375,0.07873966320066021,0.019318529888486854,-0.0039969372183076245,-0.51714755859375,-0.3327940307617187,10.297461340332031
5.2218334674835205,0.07887289444127048,0.020517611053979142,-0.0058621745868511835,-0.5746083984375,-0.2825157958984375,10.340556970214843
5.24159574508667,0.07447626350113207,0.021849923460081685,-0.0037304747370871167,-0.5722141967773438,-0.22266075439453123,10.32379755859375
5.261467218399048,0.07767381327577817,0.014522205226517705,-0.00479632466196915,-0.5698199951171875,-0.2657563842773437,10.287884533691406
5.2817652225494385,0.07007963256099368,0.020650842294589397,-0.0063950995492922,-0.5458779785156249,-0.22266075439453123,10.314220751953124
5.301862716674805,0.07580857590723461,0.016787136316892024,-0.006528330789902454,-0.5506663818359374,-0.2442085693359375,10.299855541992187
5.321667909622192,0.0738101072980808,0.013989280264076687,-0.003464012255866608,-0.5315127685546874,-0.28490999755859375,10.256759912109374
5.34148383140564,0.07274425737319877,0.014921898948348467,-0.004529862180748642,-0.5698199951171875,-0.2561795776367187,10.333374365234375
5.3614420890808105,0.07434303226052183,0.014522205226517705,-0.0039969372183076245,-0.6009446166992187,-0.25139117431640623,10.328585961914062
5.381908178329468,0.07327718233563979,0.017719755001163805,-0.005062787143189658,-0.5434837768554687,-0.277727392578125,10.340556970214843
5.401746511459351,0.07594180714784488,0.02105053601642016,-0.005595712105630674,-0.5386953735351562,-0.26815058593749996,10.302249743652343
5.421380043029785,0.07754058203516792,0.01572128639200999,-0.0033307810152563544,-0.5770026000976562,-0.26336218261718747,10.254365710449218
5.441610336303711,0.07794027575699868,0.0191852986478766,-0.006661562030512709,-0.5578489868164063,-0.2705447875976562,10.364498986816406
5.461463451385498,0.07847320071943971,0.018119448722994567,-0.004130168458917879,-0.5267243652343749,-0.23223756103515625,10.357316381835936
5.4816412925720215,0.07447626350113207,0.022382848422522698,-0.005462480865020421,-0.5315127685546874,-0.24660277099609373,10.32379755859375
5.501757621765137,0.07394333853869106,0.020650842294589397,-0.0058621745868511835,-0.5626373901367188,-0.26815058593749996,10.27830772705078
5.521753311157227,0.07727411955394742,0.018119448722994567,-0.0074609494741742334,-0.5578489868164063,-0.26336218261718747,10.36210478515625
5.541313171386719,0.07327718233563979,0.019052067407266345,-0.005329249624410167,-0.584185205078125,-0.2154781494140625,10.338162768554687
5.561849355697632,0.07567534466662437,0.01372281778285618,-0.0057289433462409285,-0.5506663818359374,-0.26336218261718747,10.330980163574218
5.581684589385986,0.07514241970418334,0.017719755001163805,-0.004396630940138387,-0.5339069702148437,-0.2705447875976562,10.330980163574218
5.601497411727905,0.07620826962906538,0.018252679963604822,-0.008526799399056265,-0.5722141967773438,-0.3016694091796875,10.309432348632813
5.621454954147339,0.0738101072980808,0.01945176112909711,0.033307810152563545,-0.5674257934570313,-0.258573779296875,10.275913525390624
5.641317129135132,0.07993874436615249,0.017719755001163805,-0.004396630940138387,-0.5602431884765625,-0.2609679809570312,10.287884533691406
5.661301612854004,0.07580857590723461,0.01851914244482533,-0.0021316998497640663,-0.5602431884765625,-0.3016694091796875,10.266336718749999
5.682305097579956,0.07567534466662437,0.018119448722994567,-0.004130168458917879,-0.5458779785156249,-0.30406361083984373,10.283096130371094
5.701807022094727,0.07434303226052183,0.018652373685435583,-0.005062787143189658,-0.5434837768554687,-0.25139117431640623,10.31661495361328
5.721585035324097,0.07114548248587572,0.016254211354451008,-0.008393568158446012,-0.55545478515625,-0.29448680419921874,10.309432348632813
5.741422653198242,0.0747427259823526,0.014788667707738212,-0.006928024511733216,-0.5578489868164063,-0.2753331909179687,10.311826550292968
5.761730909347534,0.07074578876404496,0.017586523760553547,-0.004130168458917879,-0.5626373901367188,-0.27293898925781246,10.386046801757812
5.78199315071106,0.07580857590723461,0.019052067407266345,-0.0019984686091538122,-0.5626373901367188,-0.28969840087890625,10.31661495361328
5.8017144203186035,0.07820673823821919,0.017453292519943295,-0.0074609494741742334,-0.5913678100585937,-0.2920926025390625,10.321403356933594
5.821522951126099,0.07754058203516792,0.02078407353519965,-0.0073277182335639785,-0.5913678100585937,-0.30406361083984373,10.295067138671874
5.841491937637329,0.07620826962906538,0.023848392069235495,-0.0014655436467127959,-0.5626373901367188,-0.28490999755859375,10.311826550292968
5.861507892608643,0.07620826962906538,0.01505513018895872,-0.005595712105630674,-0.5793968017578125,-0.2753331909179687,10.319009155273436
5.881762981414795,0.07034609504221419,0.02011791733214838,-0.0033307810152563544,-0.5770026000976562,-0.28730419921875,10.27830772705078
5.9016640186309814,0.07634150086967564,0.01692036755750228,-0.003464012255866608,-0.5506663818359374,-0.29927520751953124,10.309432348632813
5.921621799468994,0.07367687605747056,0.016254211354451008,-0.0057289433462409285,-0.584185205078125,-0.229843359375,10.342951171874999
5.941626310348511,0.07367687605747056,0.012257274136143382,-0.00479632466196915,-0.5530605834960938,-0.27293898925781246,10.371681591796875
5.961504697799683,0.07594180714784488,0.017986217482384312,-0.0075941807147844875,-0.5817910034179687,-0.2561795776367187,10.32379755859375
5.981654405593872,0.07447626350113207,0.022649310903743208,-0.007194486992953725,-0.6105214233398437,-0.26815058593749996,10.268730920410155
6.001863479614258,0.07580857590723461,0.02011791733214838,-0.005196018383799912,-0.55545478515625,-0.28730419921875,10.347739575195313
6.021481037139893,0.07101225124526546,0.021583460978861175,-0.004130168458917879,-0.5722141967773438,-0.29448680419921874,10.302249743652343
6.041512489318848,0.07194486992953725,0.01971822361031762,-0.0031975497746461,-0.5530605834960938,-0.28490999755859375,10.275913525390624
6.061487436294556,0.07460949474174233,0.02011791733214838,-0.002531393571594829,-0.5482721801757812,-0.3136404174804687,10.273519323730468
6.083446741104126,0.07554211342601411,0.018918836166656093,-0.004929555902579405,-0.5889736083984375,-0.2657563842773437,10.335768566894531
6.101593971252441,0.07740735079455767,0.013856049023466432,-0.006794793271122962,-0.5578489868164063,-0.3136404174804687,10.295067138671874
6.121476173400879,0.07487595722296284,0.024114854550456002,-0.004929555902579405,-0.5219359619140624,-0.28730419921875,10.350133776855468
6.141440153121948,0.07993874436615249,0.016387442595061263,-0.001732006127933304,-0.5458779785156249,-0.239420166015625,10.287884533691406
6.161329507827759,0.07154517620770649,0.02131699849764067,-0.008526799399056265,-0.5793968017578125,-0.28969840087890625,10.314220751953124
6.181508302688599,0.07594180714784488,0.01732006127933304,-0.003464012255866608,-0.5602431884765625,-0.2753331909179687,10.254365710449218
6.201627016067505,0.07407656977930133,0.01705359879811253,-0.007993874436615249,-0.5530605834960938,-0.2657563842773437,10.390835205078124
6.221455097198486,0.07660796335089615,0.019984686091538122,-0.009059724361497283,-0.5363011718749999,-0.2537853759765625,10.319009155273436
6.241573333740234,0.07287748861380902,0.017852986241774057,-0.0031975497746461,-0.5339069702148437,-0.29927520751953124,10.283096130371094
6.261497974395752,0.07301071985441929,0.017986217482384312,-0.005995405827461438,-0.5434837768554687,-0.2346317626953125,10.251971508789062
6.28177285194397,0.07660796335089615,0.02078407353519965,-0.009459418083328047,-0.5746083984375,-0.2825157958984375,10.292672937011718
6.301517724990845,0.07327718233563979,0.015188361429568975,-0.00866003063966652,-0.55545478515625,-0.2920926025390625,10.35492218017578
6.321274757385254,0.0816707504940858,0.020650842294589397,-0.005329249624410167,-0.5722141967773438,-0.3136404174804687,10.314220751953124
6.341244220733643,0.071811638688927,0.014655436467127957,-0.006261868308681946,-0.5626373901367188,-0.28730419921875,10.292672937011718
6.361457109451294,0.07754058203516792,0.02105053601642016,-0.005329249624410167,-0.5410895751953124,-0.28730419921875,10.299855541992187
6.381441354751587,0.07434303226052183,0.022915773384963714,-0.004263399699528133,-0.5458779785156249,-0.3064578125,10.273519323730468
6.401712894439697,0.07580857590723461,0.01971822361031762,-0.0075941807147844875,-0.6009446166992187,-0.2561795776367187,10.263942517089843
6.421626091003418,0.0747427259823526,0.0191852986478766,-0.005595712105630674,-0.5410895751953124,-0.27293898925781246,10.32379755859375
6.441415548324585,0.07394333853869106,0.01692036755750228,-0.006661562030512709,-0.5267243652343749,-0.2825157958984375,10.275913525390624
6.461414575576782,0.06768147023000912,0.022516079663132953,-0.007727411955394742,-0.6057330200195312,-0.296881005859375,10.319009155273436
6.481817960739136,0.07594180714784488,0.016520673835671518,-0.007860643196004996,-0.5578489868164063,-0.2537853759765625,10.266336718749999
6.501699924468994,0.07154517620770649,0.016787136316892024,-0.005062787143189658,-0.5506663818359374,-0.28490999755859375,10.290278735351562
6.521345138549805,0.07567534466662437,0.01971822361031762,-0.009059724361497283,-0.5985504150390625,-0.2753331909179687,10.295067138671874
6.54150128364563,0.07447626350113207,0.017719755001163805,-0.007993874436615249,-0.5674257934570313,-0.4572925170898437,10.338162768554687
6.561528205871582,0.07447626350113207,0.02464777951289702,-0.005595712105630674,-0.5722141967773438,-0.27293898925781246,10.307038146972655
6.582282066345215,0.07567534466662437,0.020251148572758632,-0.004529862180748642,-0.5506663818359374,-0.2657563842773437,10.328585961914062
6.602250099182129,0.07594180714784488,0.017453292519943295,-0.00479632466196915,-0.5434837768554687,-0.2825157958984375,10.261548315429687
6.6218791007995605,0.07047932628282445,0.021983154700691936,-0.0035972434964768626,-0.5315127685546874,-0.2753331909179687,10.271125122070313
6.6413414478302,0.07567534466662437,0.01505513018895872,-0.006928024511733216,-0.5530605834960938,-0.30406361083984373,10.357316381835936
6.66152024269104,0.07554211342601411,0.02131699849764067,-0.006528330789902454,-0.5722141967773438,-0.28490999755859375,10.335768566894531
6.68144154548645,0.07487595722296284,0.016520673835671518,-0.006261868308681946,-0.5626373901367188,-0.26336218261718747,10.304643945312499
6.701768398284912,0.0750091884635731,0.017453292519943295,-0.010258805526989571,-0.5363011718749999,-0.28969840087890625,10.378864196777343
6.721632957458496,0.07447626350113207,0.017186830038722786,-0.007727411955394742,-0.565031591796875,-0.3064578125,10.266336718749999
6.741563081741333,0.07221133241075775,0.020251148572758632,-0.003464012255866608,-0.6057330200195312,-0.2609679809570312,10.345345373535155
6.761685371398926,0.07287748861380902,0.017986217482384312,-0.005329249624410167,-0.5602431884765625,-0.2825157958984375,10.290278735351562
6.781515836715698,0.07287748861380902,0.019052067407266345,-0.004396630940138387,-0.5578489868164063,-0.2609679809570312,10.333374365234375
6.802277088165283,0.07847320071943971,0.017586523760553547,-0.0058621745868511835,-0.5985504150390625,-0.2753331909179687,10.383652600097655
6.821538686752319,0.07580857590723461,0.014522205226517705,-0.006661562030512709,-0.5458779785156249,-0.28490999755859375,10.299855541992187
6.841402292251587,0.07394333853869106,0.026513016881440577,-0.005329249624410167,-0.5602431884765625,-0.27293898925781246,10.36210478515625
6.861831188201904,0.07301071985441929,0.01185758041431262,-0.0031975497746461,-0.5410895751953124,-0.26815058593749996,10.287884533691406
6.881582260131836,0.07740735079455767,0.017852986241774057,-0.0063950995492922,-0.5410895751953124,-0.24181436767578124,10.412383020019531
6.901627779006958,0.07434303226052183,0.016120980113840753,-0.006528330789902454,-0.5746083984375,-0.296881005859375,10.366893188476562
6.922015428543091,0.07567534466662437,0.019052067407266345,-0.005196018383799912,-0.5482721801757812,-0.30406361083984373,10.333374365234375
6.941797494888306,0.0747427259823526,0.015854517632620246,-0.009459418083328047,-0.5817910034179687,-0.2561795776367187,10.330980163574218
6.961613178253174,0.07460949474174233,0.017719755001163805,-0.006128637068071691,-0.5602431884765625,-0.28730419921875,10.333374365234375
6.981586694717407,0.07487595722296284,0.019052067407266345,-0.003464012255866608,-0.5386953735351562,-0.29448680419921874,10.280701928710936
7.001632928848267,0.0770076570727269,0.022382848422522698,-0.008526799399056265,-0.5913678100585937,-0.26336218261718747,10.122684619140625
7.021301746368408,0.07607503838845513,0.020650842294589397,-0.006128637068071691,-0.5674257934570313,-0.258573779296875,10.273519323730468
7.04153037071228,0.07234456365136802,0.018652373685435583,-0.007993874436615249,-0.5434837768554687,-0.28490999755859375,10.342951171874999
7.061668872833252,0.07487595722296284,0.02118376725703041,-0.006261868308681946,-0.5219359619140624,-0.24660277099609373,10.319009155273436
7.0822224617004395,0.06901378263611166,0.01732006127933304,-0.004529862180748642,-0.5458779785156249,-0.28490999755859375,10.261548315429687
7.101693391799927,0.07714088831333717,0.01692036755750228,-0.006661562030512709,-0.5386953735351562,-0.3016694091796875,10.27830772705078
7.121381521224976,0.07354364481686029,0.016787136316892024,-0.005062787143189658,-0.5793968017578125,-0.296881005859375,10.311826550292968
7.141528844833374,0.0747427259823526,0.016254211354451008,-0.0063950995492922,-0.5793968017578125,-0.3016694091796875,10.371681591796875
7.161553382873535,0.0750091884635731,0.022649310903743208,-0.005595712105630674,-0.5793968017578125,-0.2609679809570312,10.321403356933594
7.181390047073364,0.07594180714784488,0.01438897398590745,-0.005062787143189658,-0.5817910034179687,-0.2705447875976562,10.319009155273436
7.201560020446777,0.07767381327577817,0.018119448722994567,-0.003464012255866608,-0.59376201171875,-0.2705447875976562,10.297461340332031
7.221552610397339,0.0720781011701475,0.015987748873230498,-0.0063950995492922,-0.55545478515625,-0.2705447875976562,10.330980163574218
7.24188756942749,0.07820673823821919,0.018785604926045835,-0.0039969372183076245,-0.5195417602539062,-0.2442085693359375,10.31661495361328
7.261850118637085,0.07354364481686029,0.020650842294589397,-0.007194486992953725,-0.5267243652343749,-0.2561795776367187,10.335768566894531
7.281867265701294,0.07394333853869106,0.018652373685435583,-0.005329249624410167,-0.5961562133789062,-0.27293898925781246,10.292672937011718
7.301576614379883,0.07554211342601411,0.016387442595061263,-0.0075941807147844875,-0.5746083984375,-0.2825157958984375,10.314220751953124
7.321682691574097,0.07487595722296284,0.015454823910789483,-0.0073277182335639785,-0.5482721801757812,-0.2753331909179687,10.35492218017578
7.341411590576172,0.07194486992953725,0.021716692219471426,-0.004263399699528133,-0.5626373901367188,-0.27293898925781246,10.311826550292968
7.361393451690674,0.07487595722296284,0.018652373685435583,-0.00159877488732305,-0.5770026000976562,-0.26336218261718747,10.251971508789062
7.381868600845337,0.07287748861380902,0.01705359879811253,-0.009326186842717792,-0.5482721801757812,-0.2753331909179687,10.340556970214843
7.401653289794922,0.0750091884635731,0.01971822361031762,-0.0018652373685435584,-0.5506663818359374,-0.26336218261718747,10.263942517089843
7.421733856201172,0.07873966320066021,0.01505513018895872,-0.008260336917835759,-0.5363011718749999,-0.24660277099609373,10.376469995117187
7.44142484664917,0.07887289444127048,0.02145022973825092,-0.007194486992953725,-0.5482721801757812,-0.4572925170898437,10.292672937011718
7.461411714553833,0.07554211342601411,0.01985145485092787,-0.0030643185340358454,-0.5889736083984375,-0.30406361083984373,10.271125122070313
7.481384038925171,0.07087902000465522,0.017186830038722786,-0.00985911180515881,-0.5363011718749999,-0.2920926025390625,10.297461340332031
7.501546382904053,0.07287748861380902,0.01372281778285618,-0.007061255752343471,-0.59376201171875,-0.28490999755859375,10.290278735351562
7.521369218826294,0.07101225124526546,0.022116385941302188,-0.004663093421358896,-0.5482721801757812,-0.3064578125,10.409988818359375
7.541498184204102,0.0747427259823526,0.023448698347404734,-0.006661562030512709,-0.6009446166992187,-0.2561795776367187,10.333374365234375
7.562191009521484,0.07754058203516792,0.013323124061025418,-0.002264931090374321,-0.5770026000976562,-0.28012159423828126,10.330980163574218
7.5818469524383545,0.07620826962906538,0.014788667707738212,-0.006528330789902454,-0.5434837768554687,-0.2657563842773437,10.340556970214843
7.601821184158325,0.07460949474174233,0.015854517632620246,-0.005062787143189658,-0.5746083984375,-0.2705447875976562,10.237606298828124
7.6216208934783936,0.07554211342601411,0.01372281778285618,-0.004663093421358896,-0.5793968017578125,-0.28490999755859375,10.20887587890625
7.64136266708374,0.07460949474174233,0.0191852986478766,-0.006794793271122962,-0.5482721801757812,-0.29927520751953124,10.342951171874999
7.661305665969849,0.08047166932859352,0.020517611053979142,-0.0037304747370871167,-0.5506663818359374,-0.3136404174804687,10.290278735351562
7.681476593017578,0.07540888218540386,0.01345635530163567,-0.007061255752343471,-0.5578489868164063,-0.2657563842773437,10.31661495361328
7.701780796051025,0.07167840744831674,0.02464777951289702,-0.004929555902579405,-0.5578489868164063,-0.28969840087890625,10.330980163574218
7.721475124359131,0.07460949474174233,0.017986217482384312,-0.004396630940138387,-0.5315127685546874,-0.28012159423828126,10.304643945312499
7.741488456726074,0.07234456365136802,0.021849923460081685,-0.0058621745868511835,-0.5458779785156249,-0.28490999755859375,10.345345373535155
7.7614593505859375,0.07540888218540386,0.015188361429568975,-0.002797856052815337,-0.5961562133789062,-0.24660277099609373,10.409988818359375
7.781820297241211,0.07434303226052183,0.018652373685435583,-0.002531393571594829,-0.565031591796875,-0.277727392578125,10.31661495361328
7.801651239395142,0.07194486992953725,0.01572128639200999,-0.004929555902579405,-0.5315127685546874,-0.28730419921875,10.335768566894531
7.821929931640625,0.06914701387672191,0.017986217482384312,-0.002531393571594829,-0.5626373901367188,-0.28012159423828126,10.314220751953124
7.841590881347656,0.07567534466662437,0.016387442595061263,-0.008793261880276773,-0.5722141967773438,-0.26815058593749996,10.330980163574218
7.861633777618408,0.07261102613258852,0.027312404325102103,-0.006261868308681946,-0.5674257934570313,-0.29927520751953124,10.307038146972655
7.881381034851074,0.07567534466662437,0.018652373685435583,-0.006261868308681946,-0.5722141967773438,-0.28730419921875,10.31661495361328
7.901620864868164,0.0764747321102859,0.019052067407266345,-0.007727411955394742,-0.5913678100585937,-0.23702596435546874,10.307038146972655
7.922308921813965,0.07634150086967564,0.016254211354451008,-0.004663093421358896,-0.5913678100585937,-0.28490999755859375,10.319009155273436
7.941491365432739,0.07127871372648598,0.016387442595061263,-0.004396630940138387,-0.5530605834960938,-0.28730419921875,10.287884533691406
7.961414098739624,0.07460949474174233,0.013856049023466432,-0.006128637068071691,-0.5889736083984375,-0.26336218261718747,10.242394702148436
7.981509685516357,0.07714088831333717,0.01505513018895872,-0.008926493120887028,-0.5674257934570313,-0.27293898925781246,10.292672937011718
8.00177264213562,0.07873966320066021,0.01851914244482533,-0.004263399699528133,-0.5434837768554687,-0.26815058593749996,10.299855541992187
8.02140212059021,0.07341041357625004,0.018652373685435583,-0.0037304747370871167,-0.5386953735351562,-0.26336218261718747,10.268730920410155
8.041375160217285,0.07554211342601411,0.01692036755750228,-0.006928024511733216,-0.5698199951171875,-0.30885201416015623,10.307038146972655
8.061643600463867,0.07993874436615249,0.01851914244482533,-0.005329249624410167,-0.5626373901367188,-0.28730419921875,10.350133776855468
8.081483602523804,0.07620826962906538,0.015987748873230498,-0.006261868308681946,-0.565031591796875,-0.28012159423828126,10.223241088867187
8.101649284362793,0.07807350699760894,0.024514548272286763,-0.0058621745868511835,-0.5698199951171875,-0.28012159423828126,10.302249743652343
8.121408700942993,0.07460949474174233,0.018252679963604822,-0.006261868308681946,-0.5291185668945312,-0.28012159423828126,10.302249743652343
8.142743349075317,0.07554211342601411,0.014255742745297196,-0.005062787143189658,-0.5746083984375,-0.2705447875976562,10.386046801757812
8.16163969039917,0.07607503838845513,0.017852986241774057,-0.006928024511733216,-0.5698199951171875,-0.30885201416015623,10.321403356933594
8.181392431259155,0.0747427259823526,0.012656967857974145,-0.004529862180748642,-0.584185205078125,-0.3112462158203125,10.326191760253906
8.201770305633545,0.07420980101991156,0.012656967857974145,-0.0074609494741742334,-0.5578489868164063,-0.2657563842773437,10.347739575195313
8.221389055252075,0.07447626350113207,0.02078407353519965,-0.002531393571594829,-0.5674257934570313,-0.27293898925781246,10.328585961914062
8.241289854049683,0.07314395109502954,0.01438897398590745,-0.0075941807147844875,-0.5051765502929687,-0.28969840087890625,10.338162768554687
8.261299848556519,0.07580857590723461,0.02131699849764067,-0.0058621745868511835,-0.5698199951171875,-0.2753331909179687,10.302249743652343
8.281392097473145,0.07740735079455767,0.018652373685435583,-0.006261868308681946,-0.5530605834960938,-0.2753331909179687,10.321403356933594
8.30172348022461,0.07354364481686029,0.016787136316892024,-0.003464012255866608,-0.5363011718749999,-0.2537853759765625,10.287884533691406
8.321477890014648,0.07420980101991156,0.01572128639200999,-0.0073277182335639785,-0.59376201171875,-0.30885201416015623,10.228029492187499
8.341381788253784,0.07141194496709623,0.02011791733214838,-0.0033307810152563544,-0.5889736083984375,-0.28012159423828126,10.275913525390624
8.361464738845825,0.07754058203516792,0.017719755001163805,-0.006261868308681946,-0.5626373901367188,-0.27293898925781246,10.273519323730468
8.381473541259766,0.07407656977930133,0.017986217482384312,-0.005595712105630674,-0.5482721801757812,-0.2561795776367187,10.263942517089843
8.4017972946167,0.07394333853869106,0.016520673835671518,-0.00159877488732305,-0.5578489868164063,-0.28012159423828126,10.35492218017578
8.421389818191528,0.08073813180981403,0.020917304775809907,-0.002797856052815337,-0.5530605834960938,-0.2609679809570312,10.261548315429687
8.441858530044556,0.07420980101991156,0.021583460978861175,-0.006794793271122962,-0.5746083984375,-0.28490999755859375,10.1131078125
8.46138072013855,0.07607503838845513,0.020517611053979142,-0.008393568158446012,-0.5722141967773438,-0.28969840087890625,10.347739575195313
8.48164415359497,0.07913935692249098,0.014788667707738212,-0.008393568158446012,-0.5722141967773438,-0.26336218261718747,10.321403356933594
8.501913785934448,0.07660796335089615,0.01732006127933304,-0.004263399699528133,-0.5434837768554687,-0.277727392578125,10.218452685546874
8.521557331085205,0.07554211342601411,0.020650842294589397,-0.008926493120887028,-0.5913678100585937,-0.28490999755859375,10.287884533691406
8.54132080078125,0.07607503838845513,0.016254211354451008,-0.0058621745868511835,-0.5698199951171875,-0.28969840087890625,10.307038146972655
8.561493635177612,0.07873966320066021,0.014255742745297196,-0.0035972434964768626,-0.5674257934570313,-0.2657563842773437,10.287884533691406
8.581523656845093,0.07740735079455767,0.024114854550456002,-0.005595712105630674,-0.5770026000976562,-0.2537853759765625,10.28549033203125
8.601675748825073,0.07540888218540386,0.015454823910789483,-0.008926493120887028,-0.5698199951171875,-0.30885201416015623,10.338162768554687
8.621370077133179,0.07420980101991156,0.016387442595061263,-0.008127105677225504,-0.55545478515625,-0.2657563842773437,10.32379755859375
8.641415119171143,0.07354364481686029,0.018385911204215073,-0.008926493120887028,-0.5602431884765625,-0.2753331909179687,10.271125122070313
8.661816120147705,0.07887289444127048,0.020650842294589397,-0.006928024511733216,-0.5195417602539062,-0.26336218261718747,10.32379755859375
8.681472778320312,0.0688805513955014,0.01958499236970736,-0.005595712105630674,-0.5698199951171875,-0.2920926025390625,10.35492218017578
8.701672315597534,0.08073813180981403,0.018119448722994567,-0.004929555902579405,-0.5698199951171875,-0.2920926025390625,10.299855541992187
8.72137713432312,0.07634150086967564,0.018119448722994567,-0.006661562030512709,-0.55545478515625,-0.24181436767578124,10.32379755859375
8.741718530654907,0.07341041357625004,0.017186830038722786,-0.004396630940138387,-0.55545478515625,-0.32561142578124996,10.266336718749999
8.761448621749878,0.07341041357625004,0.020251148572758632,-0.0035972434964768626,-0.5770026000976562,-0.3016694091796875,10.321403356933594
8.781564474105835,0.07634150086967564,0.017719755001163805,-0.0063950995492922,-0.5578489868164063,-0.28969840087890625,10.297461340332031
8.80189037322998,0.07554211342601411,0.01438897398590745,-0.004130168458917879,-0.5674257934570313,-0.2537853759765625,10.340556970214843
8.821531534194946,0.07567534466662437,0.016387442595061263,-0.005462480865020421,-0.5530605834960938,-0.2825157958984375,10.328585961914062
8.841858625411987,0.07327718233563979,0.0127901990985844,-0.004263399699528133,-0.5602431884765625,-0.30406361083984373,10.309432348632813
8.861717462539673,0.07714088831333717,0.017986217482384312,-0.008393568158446012,-0.5746083984375,-0.28969840087890625,10.36210478515625
8.881522417068481,0.06981317007977318,0.017719755001163805,-0.008793261880276773,-0.5913678100585937,-0.277727392578125,10.299855541992187
8.901635646820068,0.07287748861380902,0.022516079663132953,-0.006928024511733216,-0.5722141967773438,-0.2705447875976562,10.292672937011718
8.921690225601196,0.07794027575699868,0.018918836166656093,-0.006128637068071691,-0.5339069702148437,-0.296881005859375,10.417171423339843
8.941389322280884,0.07727411955394742,0.019984686091538122,-0.0073277182335639785,-0.5482721801757812,-0.32082302246093747,10.335768566894531
8.961506128311157,0.07314395109502954,0.017986217482384312,-0.006261868308681946,-0.5530605834960938,-0.2561795776367187,10.292672937011718
8.981706380844116,0.0764747321102859,0.020384379813368887,-0.006928024511733216,-0.5602431884765625,-0.258573779296875,10.333374365234375
9.001770496368408,0.07540888218540386,0.018252679963604822,-0.0063950995492922,-0.5602431884765625,-0.28730419921875,10.333374365234375
9.021554231643677,0.07887289444127048,0.01705359879811253,-0.0039969372183076245,-0.5602431884765625,-0.27293898925781246,10.299855541992187
9.041743278503418,0.07740735079455767,0.020917304775809907,-0.004663093421358896,-0.5578489868164063,-0.24181436767578124,10.381258398437499
9.06160593032837,0.07327718233563979,0.02105053601642016,-0.005995405827461438,-0.5530605834960938,-0.2705447875976562,10.256759912109374
9.08220624923706,0.07540888218540386,0.014788667707738212,-0.006661562030512709,-0.5722141967773438,-0.28012159423828126,10.299855541992187
9.101698875427246,0.07940581940371148,0.014655436467127957,-0.006528330789902454,-0.5410895751953124,-0.2657563842773437,10.350133776855468
9.121432065963745,0.07780704451638844,0.0191852986478766,-0.0057289433462409285,-0.5913678100585937,-0.296881005859375,10.326191760253906
9.141393661499023,0.07740735079455767,0.015854517632620246,-0.004663093421358896,-0.5147533569335937,-0.33039982910156246,10.321403356933594
9.161378860473633,0.07194486992953725,0.017586523760553547,-0.0057289433462409285,-0.5793968017578125,-0.258573779296875,10.314220751953124
9.181442499160767,0.07660796335089615,0.017586523760553547,-0.004529862180748642,-0.5267243652343749,-0.26336218261718747,10.297461340332031
9.201656818389893,0.0770076570727269,0.019052067407266345,-0.005329249624410167,-0.5386953735351562,-0.2920926025390625,10.295067138671874
9.221531391143799,0.0767411945915064,0.01705359879811253,-0.006661562030512709,-0.5506663818359374,-0.2657563842773437,10.275913525390624
9.241650342941284,0.0764747321102859,0.017586523760553547,-0.007061255752343471,-0.5865794067382812,-0.2920926025390625,10.321403356933594
9.261765241622925,0.071811638688927,0.01958499236970736,-0.0039969372183076245,-0.584185205078125,-0.2753331909179687,10.297461340332031
9.281410455703735,0.07620826962906538,0.020650842294589397,-0.002398162330984575,-0.5578489868164063,-0.29927520751953124,10.347739575195313
9.301787376403809,0.07714088831333717,0.023315467106794475,-0.006528330789902454,-0.5003881469726562,-0.2920926025390625,10.32379755859375
9.321530818939209,0.07420980101991156,0.02145022973825092,-0.003863705977697371,-0.5482721801757812,-0.29448680419921874,10.366893188476562
9.34133791923523,0.07341041357625004,0.014655436467127957,-0.0035972434964768626,-0.5889736083984375,-0.2705447875976562,10.32379755859375
9.361443281173706,0.0752756509447936,0.017586523760553547,-0.006661562030512709,-0.5530605834960938,-0.296881005859375,10.35492218017578
9.381445169448853,0.07913935692249098,0.016387442595061263,-0.002264931090374321,-0.5698199951171875,-0.2346317626953125,10.27830772705078
9.401848793029785,0.07767381327577817,0.014522205226517705,-0.0057289433462409285,-0.5195417602539062,-0.27293898925781246,10.314220751953124
9.421849012374878,0.07301071985441929,0.018385911204215073,-0.0014655436467127959,-0.55545478515625,-0.28730419921875,10.326191760253906
9.44140338897705,0.07620826962906538,0.015454823910789483,-0.00479632466196915,-0.5722141967773438,-0.2609679809570312,10.314220751953124
9.461458683013916,0.07594180714784488,0.01532159267017923,-0.004263399699528133,-0.5506663818359374,-0.2657563842773437,10.364498986816406
9.481450080871582,0.07780704451638844,0.018119448722994567,-0.005062787143189658,-0.5363011718749999,-0.277727392578125,10.340556970214843
9.501810312271118,0.07514241970418334,0.020384379813368887,-0.005595712105630674,-0.5698199951171875,-0.3112462158203125,10.228029492187499
9.521631956100464,0.0747427259823526,0.01572128639200999,-0.003863705977697371,-0.5386953735351562,-0.28490999755859375,10.283096130371094
9.541469097137451,0.07794027575699868,0.01692036755750228,-0.006928024511733216,-0.6009446166992187,-0.258573779296875,10.275913525390624
9.561301231384277,0.07487595722296284,0.017986217482384312,-0.0018652373685435584,-0.5578489868164063,-0.258573779296875,10.290278735351562
9.581824779510498,0.0752756509447936,0.016520673835671518,-0.006928024511733216,-0.5458779785156249,-0.277727392578125,10.326191760253906
9.601770162582397,0.07714088831333717,0.01705359879811253,-0.004929555902579405,-0.5315127685546874,-0.32082302246093747,10.259154113769531
9.621494054794312,0.07740735079455767,0.017453292519943295,-0.004529862180748642,-0.55545478515625,-0.26815058593749996,10.295067138671874
9.641398429870605,0.07487595722296284,0.01705359879811253,-0.004529862180748642,-0.5386953735351562,-0.258573779296875,10.321403356933594
9.661428928375244,0.07447626350113207,0.020517611053979142,-0.0018652373685435584,-0.5626373901367188,-0.2442085693359375,10.275913525390624
9.681453704833984,0.07754058203516792,0.016787136316892024,-0.003863705977697371,-0.6009446166992187,-0.28490999755859375,10.32379755859375
9.701778411865234,0.07687442583211665,0.019984686091538122,-0.0037304747370871167,-0.5458779785156249,-0.2920926025390625,10.292672937011718
9.721411228179932,0.07714088831333717,0.022249617181912446,-0.006128637068071691,-0.5530605834960938,-0.28730419921875,10.302249743652343
9.741341590881348,0.07820673823821919,0.013189892820415163,-0.008526799399056265,-0.5243301635742187,-0.28490999755859375,10.374075793457031
9.761401414871216,0.07087902000465522,0.017453292519943295,0.0010658499248820332,-0.5793968017578125,-0.24660277099609373,10.345345373535155
9.781444549560547,0.07927258816310122,0.01958499236970736,-0.007993874436615249,-0.5291185668945312,-0.29448680419921874,10.273519323730468
9.801625490188599,0.07420980101991156,0.02398162330984575,-0.003863705977697371,-0.5722141967773438,-0.2705447875976562,10.350133776855468
9.821448802947998,0.07860643196004995,0.017586523760553547,-0.005595712105630674,-0.5458779785156249,-0.2920926025390625,10.321403356933594
9.841432809829712,0.07594180714784488,0.018385911204215073,-0.005462480865020421,-0.5291185668945312,-0.3064578125,10.340556970214843
9.861468076705933,0.0747427259823526,0.014255742745297196,-0.006928024511733216,-0.5698199951171875,-0.2753331909179687,10.347739575195313
9.88206958770752,0.07514241970418334,0.016787136316892024,-0.008926493120887028,-0.5482721801757812,-0.25139117431640623,10.311826550292968
9.901823043823242,0.07354364481686029,0.018918836166656093,-0.0063950995492922,-0.55545478515625,-0.2825157958984375,10.259154113769531
9.92159128189087,0.07794027575699868,0.01985145485092787,-0.001732006127933304,-0.5770026000976562,-0.30885201416015623,10.386046801757812
9.941890954971313,0.07780704451638844,0.015854517632620246,-0.0037304747370871167,-0.5291185668945312,-0.3136404174804687,10.395623608398436
9.961485147476196,0.0720781011701475,0.02078407353519965,-0.0018652373685435584,-0.5985504150390625,-0.28969840087890625,10.314220751953124
9.981524229049683,0.06901378263611166,0.018119448722994567,-0.005062787143189658,-0.59376201171875,-0.29927520751953124,10.36210478515625
10.001799583435059,0.07221133241075775,0.017852986241774057,-0.004263399699528133,-0.5746083984375,-0.28730419921875,10.328585961914062
10.021511316299438,0.07367687605747056,0.013989280264076687,-0.0039969372183076245,-0.5674257934570313,-0.2920926025390625,10.338162768554687
10.041327238082886,0.07820673823821919,0.014921898948348467,-0.005995405827461438,-0.5506663818359374,-0.24660277099609373,10.307038146972655
10.06184196472168,0.07594180714784488,0.02118376725703041,-0.008526799399056265,-0.565031591796875,-0.28730419921875,10.24000050048828
10.0826256275177,0.07407656977930133,0.02011791733214838,-0.0039969372183076245,-0.5770026000976562,-0.2825157958984375,10.429142431640624
10.101783514022827,0.07754058203516792,0.018918836166656093,-0.005462480865020421,-0.5219359619140624,-0.2825157958984375,10.330980163574218
10.12145471572876,0.07660796335089615,0.018918836166656093,-0.0058621745868511835,-0.5363011718749999,-0.32082302246093747,10.335768566894531
10.141465187072754,0.07287748861380902,0.020650842294589397,-0.008127105677225504,-0.5674257934570313,-0.3184288208007812,10.326191760253906
10.161591529846191,0.07234456365136802,0.01532159267017923,-0.008393568158446012,-0.5793968017578125,-0.28490999755859375,10.330980163574218
10.181501388549805,0.07540888218540386,0.01958499236970736,-0.0057289433462409285,-0.5602431884765625,-0.2657563842773437,10.319009155273436
10.201786756515503,0.07687442583211665,0.016254211354451008,-0.0095926493239383,-0.5793968017578125,-0.28490999755859375,10.261548315429687
10.221461296081543,0.07487595722296284,0.020384379813368887,-0.004529862180748642,-0.5267243652343749,-0.28969840087890625,10.352527978515624
10.241480588912964,0.07407656977930133,0.0191852986478766,-0.0033307810152563544,-0.5770026000976562,-0.2442085693359375,10.309432348632813
10.261459827423096,0.07567534466662437,0.024114854550456002,-0.006928024511733216,-0.5482721801757812,-0.296881005859375,10.378864196777343
10.281681776046753,0.07714088831333717,0.016387442595061263,-0.005462480865020421,-0.5410895751953124,-0.258573779296875,10.220846887207031
10.301615953445435,0.0738101072980808,0.018119448722994567,-0.006128637068071691,-0.5339069702148437,-0.2537853759765625,10.32379755859375
10.321845054626465,0.07420980101991156,0.016653905076281773,-0.005995405827461438,-0.5243301635742187,-0.30406361083984373,10.311826550292968
10.3417227268219,0.07794027575699868,0.019318529888486854,-0.00479632466196915,-0.565031591796875,-0.3016694091796875,10.319009155273436
10.361425399780273,0.07594180714784488,0.018385911204215073,-0.004130168458917879,-0.55545478515625,-0.2705447875976562,10.290278735351562
10.381510257720947,0.0767411945915064,0.016787136316892024,-0.0058621745868511835,-0.5698199951171875,-0.239420166015625,10.307038146972655
10.401655912399292,0.07261102613258852,0.01958499236970736,-0.007727411955394742,-0.5626373901367188,-0.2657563842773437,10.27830772705078
10.421821117401123,0.07820673823821919,0.020917304775809907,-0.004929555902579405,-0.5482721801757812,-0.26815058593749996,10.292672937011718
10.441415548324585,0.07660796335089615,0.020650842294589397,-0.006128637068071691,-0.5674257934570313,-0.3136404174804687,10.36210478515625
10.461393594741821,0.07407656977930133,0.018918836166656093,-0.004929555902579405,-0.5746083984375,-0.2561795776367187,10.328585961914062
10.481447696685791,0.0752756509447936,0.01985145485092787,-0.0039969372183076245,-0.5626373901367188,-0.2705447875976562,10.263942517089843
10.50177526473999,0.07247779489197827,0.015188361429568975,-0.005595712105630674,-0.5363011718749999,-0.29927520751953124,10.249577307128906
10.521438360214233,0.07341041357625004,0.021583460978861175,-0.007860643196004996,-0.5339069702148437,-0.24899697265624998,10.309432348632813
10.541472434997559,0.07767381327577817,0.01705359879811253,-0.006661562030512709,-0.5578489868164063,-0.24899697265624998,10.326191760253906
10.561837673187256,0.0770076570727269,0.016120980113840753,-0.005062787143189658,-0.5770026000976562,-0.2705447875976562,10.359710583496094
10.58159875869751,0.0720781011701475,0.020650842294589397,-0.0058621745868511835,-0.5386953735351562,-0.2657563842773437,10.314220751953124
10.602030515670776,0.07687442583211665,0.020650842294589397,-0.009326186842717792,-0.5267243652343749,-0.28730419921875,10.417171423339843
10.621559143066406,0.07487595722296284,0.01851914244482533,-0.004130168458917879,-0.5674257934570313,-0.3016694091796875,10.32379755859375
10.641460180282593,0.07554211342601411,0.016120980113840753,-0.002531393571594829,-0.5243301635742187,-0.2705447875976562,10.32379755859375
10.661452293395996,0.07460949474174233,0.021583460978861175,-0.005595712105630674,-0.5626373901367188,-0.25139117431640623,10.326191760253906
10.681532621383667,0.07460949474174233,0.015588055151399738,-0.008127105677225504,-0.565031591796875,-0.2561795776367187,10.31661495361328
10.701647996902466,0.07660796335089615,0.016254211354451008,-0.004263399699528133,-0.5722141967773438,-0.2753331909179687,10.357316381835936
10.721769571304321,0.07434303226052183,0.015588055151399738,-0.0074609494741742334,-0.5865794067382812,-0.239420166015625,10.314220751953124
10.741549491882324,0.0764747321102859,0.02105053601642016,-0.004663093421358896,-0.55545478515625,-0.229843359375,10.328585961914062
10.761501789093018,0.07447626350113207,0.016387442595061263,-0.007727411955394742,-0.5482721801757812,-0.28012159423828126,10.311826550292968
10.782119512557983,0.07154517620770649,0.0191852986478766,-0.0031975497746461,-0.5698199951171875,-0.2753331909179687,10.290278735351562
10.801954746246338,0.0764747321102859,0.017719755001163805,-0.00479632466196915,-0.5267243652343749,-0.28730419921875,10.302249743652343
10.821712732315063,0.07247779489197827,0.021583460978861175,-0.0075941807147844875,-0.5530605834960938,-0.2561795776367187,10.297461340332031
10.841576337814331,0.07514241970418334,0.016520673835671518,-0.0019984686091538122,-0.584185205078125,-0.29448680419921874,10.328585961914062
10.861578464508057,0.07367687605747056,0.017586523760553547,-0.0075941807147844875,-0.5746083984375,-0.2753331909179687,10.342951171874999
10.88196873664856,0.0747427259823526,0.016120980113840753,-0.0030643185340358454,-0.5530605834960938,-0.30406361083984373,10.328585961914062
10.901940107345581,0.07434303226052183,0.011058192970651094,-0.0074609494741742334,-0.5674257934570313,-0.2825157958984375,10.275913525390624
10.92153000831604,0.0770076570727269,0.018252679963604822,-0.007860643196004996,-0.565031591796875,-0.25139117431640623,10.28549033203125
10.941510200500488,0.07194486992953725,0.014921898948348467,-0.0029310872934255917,-0.5602431884765625,-0.296881005859375,10.338162768554687
10.961495161056519,0.07314395109502954,0.016387442595061263,-0.0029310872934255917,-0.5985504150390625,-0.27293898925781246,10.295067138671874
10.981420993804932,0.07154517620770649,0.016653905076281773,-0.005462480865020421,-0.5889736083984375,-0.27293898925781246,10.204087475585936
11.002090454101562,0.07794027575699868,0.020650842294589397,-0.004929555902579405,-0.5147533569335937,-0.2920926025390625,10.307038146972655
11.021921157836914,0.07780704451638844,0.018918836166656093,-0.00479632466196915,-0.55545478515625,-0.27293898925781246,10.345345373535155
11.04190444946289,0.07460949474174233,0.01985145485092787,-0.0058621745868511835,-0.5386953735351562,-0.25139117431640623,10.244788903808594
11.06212568283081,0.07820673823821919,0.0191852986478766,-0.008260336917835759,-0.5817910034179687,-0.2825157958984375,10.321403356933594
11.082168340682983,0.07567534466662437,0.01572128639200999,-0.005995405827461438,-0.5602431884765625,-0.28730419921875,10.326191760253906
11.101879119873047,0.07780704451638844,0.01732006127933304,-0.005462480865020421,-0.5746083984375,-0.28730419921875,10.304643945312499
11.121514558792114,0.07434303226052183,0.014655436467127957,-0.007061255752343471,-0.5410895751953124,-0.2753331909179687,10.302249743652343
11.141704320907593,0.07394333853869106,0.015454823910789483,-0.006661562030512709,-0.5530605834960938,-0.2753331909179687,10.172962854003906
11.161725997924805,0.07794027575699868,0.017453292519943295,-0.007061255752343471,-0.5315127685546874,-0.28490999755859375,10.326191760253906
11.181503295898438,0.07487595722296284,0.017586523760553547,-0.006261868308681946,-0.5458779785156249,-0.2537853759765625,10.287884533691406
11.20167875289917,0.07301071985441929,0.016653905076281773,-0.004130168458917879,-0.59376201171875,-0.2825157958984375,10.32379755859375
11.221611976623535,0.08087136305042428,0.011191424211261349,-0.005062787143189658,-0.5243301635742187,-0.2609679809570312,10.287884533691406
11.241718530654907,0.07567534466662437,0.01971822361031762,-0.00479632466196915,-0.5626373901367188,-0.26815058593749996,10.307038146972655
11.261354684829712,0.07754058203516792,0.017453292519943295,-0.005995405827461438,-0.5722141967773438,-0.2920926025390625,10.304643945312499
11.281355857849121,0.07780704451638844,0.01945176112909711,-0.007061255752343471,-0.5458779785156249,-0.26336218261718747,10.304643945312499
11.3015718460083,0.07354364481686029,0.016520673835671518,-0.0030643185340358454,-0.5434837768554687,-0.29448680419921874,10.311826550292968
11.3214750289917,0.07434303226052183,0.020384379813368887,-0.003464012255866608,-0.55545478515625,-0.2753331909179687,10.297461340332031
11.341583490371704,0.07394333853869106,0.01851914244482533,-0.006528330789902454,-0.565031591796875,-0.3064578125,10.28549033203125
11.36143708229065,0.07514241970418334,0.02011791733214838,-0.006528330789902454,-0.5506663818359374,-0.2705447875976562,10.287884533691406
11.381378889083862,0.07940581940371148,0.018652373685435583,-0.005329249624410167,-0.565031591796875,-0.29448680419921874,10.309432348632813
11.40169644355774,0.07833996947882944,0.016787136316892024,-0.002797856052815337,-0.5722141967773438,-0.2537853759765625,10.28549033203125
11.421497821807861,0.07061255752343472,0.01971822361031762,-0.005329249624410167,-0.5602431884765625,-0.3016694091796875,10.32379755859375
11.441738605499268,0.0720781011701475,0.0191852986478766,-0.005329249624410167,-0.5865794067382812,-0.28730419921875,10.292672937011718
11.461483240127563,0.07807350699760894,0.015987748873230498,-0.005329249624410167,-0.5291185668945312,-0.2920926025390625,10.314220751953124
11.48152494430542,0.06914701387672191,0.022915773384963714,-0.005595712105630674,-0.5506663818359374,-0.2609679809570312,10.299855541992187
11.501548767089844,0.07394333853869106,0.018252679963604822,-0.00479632466196915,-0.5626373901367188,-0.2561795776367187,10.287884533691406
11.521482467651367,0.07580857590723461,0.01345635530163567,-0.002531393571594829,-0.5770026000976562,-0.2705447875976562,10.347739575195313
11.541764497756958,0.07167840744831674,0.01692036755750228,-0.0035972434964768626,-0.5770026000976562,-0.28730419921875,10.263942517089843
11.561588287353516,0.07634150086967564,0.02078407353519965,-0.0063950995492922,-0.55545478515625,-0.33039982910156246,10.273519323730468
11.581624031066895,0.07447626350113207,0.02131699849764067,-0.006528330789902454,-0.5674257934570313,-0.28490999755859375,10.319009155273436
11.601662158966064,0.0770076570727269,0.017186830038722786,-0.002264931090374321,-0.5817910034179687,-0.26815058593749996,10.398017810058594
11.621492862701416,0.07261102613258852,0.015588055151399738,-0.0074609494741742334,-0.5458779785156249,-0.2825157958984375,10.352527978515624
11.641462326049805,0.07554211342601411,0.017453292519943295,-0.003464012255866608,-0.5339069702148437,-0.24660277099609373,10.32379755859375
11.661460638046265,0.07887289444127048,0.019052067407266345,-0.004396630940138387,-0.5817910034179687,-0.32082302246093747,10.414777221679687
11.68146800994873,0.07274425737319877,0.02105053601642016,-0.0019984686091538122,-0.5746083984375,-0.24660277099609373,10.402806213378906
11.701571702957153,0.07927258816310122,0.020650842294589397,-0.0037304747370871167,-0.5817910034179687,-0.16280571289062498,10.302249743652343
11.721253871917725,0.07927258816310122,0.01851914244482533,-0.005329249624410167,-0.5410895751953124,-0.229843359375,10.335768566894531
11.741837978363037,0.07780704451638844,0.021583460978861175,-0.006661562030512709,-0.5410895751953124,-0.28490999755859375,10.295067138671874
11.761502027511597,0.07114548248587572,0.01958499236970736,-0.0029310872934255917,-0.5434837768554687,-0.277727392578125,10.357316381835936
11.781704187393188,0.07993874436615249,0.017586523760553547,-0.007061255752343471,-0.5722141967773438,-0.28490999755859375,10.32379755859375
11.801620960235596,0.07780704451638844,0.019984686091538122,-0.0063950995492922,-0.5770026000976562,-0.28012159423828126,10.290278735351562
11.821490049362183,0.07514241970418334,0.01705359879811253,-0.007860643196004996,-0.5770026000976562,-0.2825157958984375,10.338162768554687
11.841495990753174,0.0738101072980808,0.017852986241774057,-0.0075941807147844875,-0.5698199951171875,-0.17238251953125,10.319009155273436
11.861587285995483,0.07540888218540386,0.01958499236970736,-0.006261868308681946,-0.565031591796875,-0.30406361083984373,10.283096130371094
11.881512641906738,0.0720781011701475,0.01945176112909711,-0.0075941807147844875,-0.5267243652343749,-0.29448680419921874,10.330980163574218
11.901616334915161,0.0750091884635731,0.016653905076281773,-0.006261868308681946,-0.5602431884765625,-0.2537853759765625,10.40041201171875
11.922064065933228,0.07634150086967564,0.014921898948348467,-0.00159877488732305,-0.5458779785156249,-0.3064578125,10.347739575195313
11.941630125045776,0.07287748861380902,0.013056661579804908,-0.004663093421358896,-0.5482721801757812,-0.2705447875976562,10.292672937011718
11.961529731750488,0.07634150086967564,0.0073277182335639785,-0.009326186842717792,-0.5291185668945312,-0.2657563842773437,10.295067138671874
11.98154592514038,0.07780704451638844,0.01438897398590745,-0.006261868308681946,-0.5770026000976562,-0.16519991455078123,10.35492218017578
12.001729011535645,0.07794027575699868,0.02371516082862524,-0.0057289433462409285,-0.5458779785156249,-0.24181436767578124,10.342951171874999
12.021568059921265,0.07447626350113207,0.01705359879811253,-0.0057289433462409285,-0.55545478515625,-0.3064578125,10.271125122070313
12.041538000106812,0.07407656977930133,0.02131699849764067,-0.007194486992953725,-0.5291185668945312,-0.3016694091796875,10.297461340332031
12.061569452285767,0.07727411955394742,0.01532159267017923,-0.008526799399056265,-0.5506663818359374,-0.2609679809570312,10.268730920410155
12.081555366516113,0.07420980101991156,0.01505513018895872,-0.00479632466196915,-0.5530605834960938,-0.2753331909179687,10.304643945312499
12.101825952529907,0.07727411955394742,0.01945176112909711,-0.004396630940138387,-0.5458779785156249,-0.2537853759765625,10.36210478515625
12.121644973754883,0.0752756509447936,0.014788667707738212,-0.00479632466196915,-0.5698199951171875,-0.277727392578125,10.271125122070313
12.14154577255249,0.07460949474174233,0.016520673835671518,-0.008260336917835759,-0.5458779785156249,-0.2561795776367187,10.326191760253906
12.161415100097656,0.07820673823821919,0.02078407353519965,-0.005329249624410167,-0.5698199951171875,-0.26815058593749996,10.405200415039062
12.181779623031616,0.07420980101991156,0.015854517632620246,-0.007727411955394742,-0.5626373901367188,-0.2537853759765625,10.268730920410155
12.201472520828247,0.08047166932859352,0.018918836166656093,-0.007194486992953725,-0.5363011718749999,-0.28730419921875,10.28549033203125
12.221376895904541,0.07740735079455767,0.01985145485092787,-0.004529862180748642,-0.5674257934570313,-0.29448680419921874,10.371681591796875
12.241644382476807,0.07327718233563979,0.022516079663132953,-0.005329249624410167,-0.5746083984375,-0.28012159423828126,10.292672937011718
12.261817693710327,0.0747427259823526,0.01985145485092787,-0.0026646248122050836,-0.565031591796875,-0.2537853759765625,10.328585961914062
12.281517028808594,0.07061255752343472,0.020517611053979142,-0.008127105677225504,-0.5913678100585937,-0.25139117431640623,10.295067138671874
12.301464080810547,0.07900612568188072,0.017186830038722786,-0.006261868308681946,-0.5410895751953124,-0.2537853759765625,10.283096130371094
12.3213951587677,0.07567534466662437,0.020917304775809907,-0.005462480865020421,-0.5530605834960938,-0.296881005859375,10.314220751953124
12.341485738754272,0.0764747321102859,0.024914241994117528,-0.0063950995492922,-0.5578489868164063,-0.26336218261718747,10.307038146972655
12.361714363098145,0.0750091884635731,0.019984686091538122,-0.0073277182335639785,-0.584185205078125,-0.28969840087890625,10.333374365234375
12.381707906723022,0.07434303226052183,0.016520673835671518,-0.007194486992953725,-0.5889736083984375,-0.28969840087890625,10.321403356933594
12.401593208312988,0.0752756509447936,0.016120980113840753,-0.00479632466196915,-0.5722141967773438,-0.3136404174804687,10.352527978515624
12.421985149383545,0.07487595722296284,0.016254211354451008,-0.006261868308681946,-0.5434837768554687,-0.296881005859375,10.345345373535155
12.44147777557373,0.07634150086967564,0.017719755001163805,-0.005062787143189658,-0.5530605834960938,-0.26336218261718747,10.295067138671874
12.461589813232422,0.0752756509447936,0.015588055151399738,-0.0058621745868511835,-0.5961562133789062,-0.26336218261718747,10.314220751953124
12.481653690338135,0.07314395109502954,0.022382848422522698,-0.004130168458917879,-0.5434837768554687,-0.2753331909179687,10.369287390136718
12.501831531524658,0.07554211342601411,0.016520673835671518,-0.004529862180748642,-0.565031591796875,-0.2753331909179687,10.290278735351562
12.521486520767212,0.07261102613258852,0.01572128639200999,-0.00479632466196915,-0.5793968017578125,-0.277727392578125,10.261548315429687
12.541221380233765,0.07407656977930133,0.02078407353519965,-0.005995405827461438,-0.55545478515625,-0.26815058593749996,10.35492218017578
12.56126618385315,0.07460949474174233,0.019052067407266345,-0.00479632466196915,-0.5482721801757812,-0.28730419921875,10.268730920410155
12.581771850585938,0.0752756509447936,0.014921898948348467,-0.0005329249624410166,-0.5506663818359374,-0.28969840087890625,10.27830772705078
12.601640939712524,0.07460949474174233,0.019052067407266345,-0.0030643185340358454,-0.5434837768554687,-0.25139117431640623,10.335768566894531
12.621285200119019,0.07367687605747056,0.020517611053979142,-0.0035972434964768626,-0.5243301635742187,-0.2346317626953125,10.326191760253906
12.641263723373413,0.0752756509447936,0.017453292519943295,-0.004529862180748642,-0.5722141967773438,-0.44532150878906246,10.287884533691406
12.66136360168457,0.0747427259823526,0.014522205226517705,-0.00479632466196915,-0.5602431884765625,-0.2920926025390625,10.309432348632813
12.681373834609985,0.07634150086967564,0.017719755001163805,-0.0075941807147844875,-0.5746083984375,-0.24660277099609373,10.335768566894531
12.701544761657715,0.07407656977930133,0.01532159267017923,-0.003863705977697371,-0.5578489868164063,-0.2657563842773437,10.302249743652343
12.72130560874939,0.07913935692249098,0.017719755001163805,-0.0019984686091538122,-0.51714755859375,-0.277727392578125,10.292672937011718
12.741537809371948,0.07460949474174233,0.015588055151399738,-0.004929555902579405,-0.565031591796875,-0.3016694091796875,10.266336718749999
12.761286973953247,0.07794027575699868,0.01572128639200999,-0.0029310872934255917,-0.5434837768554687,-0.26815058593749996,10.309432348632813
12.781383275985718,0.0738101072980808,0.018252679963604822,-0.0037304747370871167,-0.5578489868164063,-0.2825157958984375,10.328585961914062
12.801540613174438,0.07873966320066021,0.015854517632620246,-0.005995405827461438,-0.5315127685546874,-0.2657563842773437,10.335768566894531
12.821383953094482,0.07607503838845513,0.016520673835671518,-0.005329249624410167,-0.55545478515625,-0.2705447875976562,10.129867224121092
12.841413021087646,0.0752756509447936,0.017453292519943295,-0.0063950995492922,-0.5674257934570313,-0.2753331909179687,10.383652600097655
12.861355304718018,0.07860643196004995,0.013989280264076687,-0.004130168458917879,-0.5434837768554687,-0.30406361083984373,10.328585961914062
12.881379127502441,0.07407656977930133,0.01971822361031762,-0.008926493120887028,-0.5386953735351562,-0.29448680419921874,10.311826550292968
12.901597023010254,0.07274425737319877,0.022915773384963714,-0.008793261880276773,-0.5985504150390625,-0.24899697265624998,10.292672937011718
12.921952486038208,0.0720781011701475,0.0191852986478766,-0.004929555902579405,-0.5506663818359374,-0.258573779296875,10.309432348632813
12.94201374053955,0.07847320071943971,0.016254211354451008,-0.006261868308681946,-0.55545478515625,-0.3136404174804687,10.271125122070313
12.961446523666382,0.07580857590723461,0.022915773384963714,-0.005062787143189658,-0.584185205078125,-0.2609679809570312,10.326191760253906
12.98136591911316,0.0747427259823526,0.018119448722994567,-0.009459418083328047,-0.565031591796875,-0.2657563842773437,10.309432348632813
13.001721858978271,0.0747427259823526,0.01971822361031762,-0.005329249624410167,-0.5602431884765625,-0.45010991210937495,10.364498986816406
13.02157473564148,0.07154517620770649,0.018918836166656093,-0.004929555902579405,-0.5602431884765625,-0.2920926025390625,10.271125122070313
13.041341304779053,0.07554211342601411,0.024514548272286763,-0.006261868308681946,-0.565031591796875,-0.2753331909179687,10.314220751953124
13.061545610427856,0.07794027575699868,0.01705359879811253,-0.0058621745868511835,-0.5746083984375,-0.2657563842773437,10.295067138671874
13.081615924835205,0.07660796335089615,0.017852986241774057,-0.006661562030512709,-0.5482721801757812,-0.2537853759765625,10.28549033203125
13.101982355117798,0.08047166932859352,0.016653905076281773,-0.0033307810152563544,-0.5626373901367188,-0.29927520751953124,10.254365710449218
13.121402978897095,0.07407656977930133,0.01185758041431262,-0.0073277182335639785,-0.5482721801757812,-0.29927520751953124,10.347739575195313
13.14169454574585,0.0738101072980808,0.02011791733214838,-0.005062787143189658,-0.5410895751953124,-0.29448680419921874,10.326191760253906
13.161250352859497,0.07434303226052183,0.019318529888486854,-0.0039969372183076245,-0.5865794067382812,-0.26815058593749996,10.328585961914062
13.18136978149414,0.07634150086967564,0.0191852986478766,-0.005462480865020421,-0.5410895751953124,-0.25139117431640623,10.283096130371094
13.201517105102539,0.07580857590723461,0.015454823910789483,-0.0026646248122050836,-0.5434837768554687,-0.33039982910156246,10.417171423339843
13.221490144729614,0.07314395109502954,0.01732006127933304,-0.008393568158446012,-0.5219359619140624,-0.28730419921875,10.290278735351562
13.241531610488892,0.07580857590723461,0.018385911204215073,-0.004396630940138387,-0.5339069702148437,-0.2561795776367187,10.283096130371094
13.26127314567566,0.080205206847373,0.016387442595061263,-0.005462480865020421,-0.5578489868164063,-0.2825157958984375,10.333374365234375
13.281231164932251,0.0764747321102859,0.014655436467127957,-0.004529862180748642,-0.5578489868164063,-0.296881005859375,10.302249743652343
13.301711797714233,0.07460949474174233,0.018918836166656093,-0.0057289433462409285,-0.565031591796875,-0.2825157958984375,10.364498986816406
13.321427822113037,0.07634150086967564,0.016520673835671518,-0.005595712105630674,-0.5698199951171875,-0.2753331909179687,10.311826550292968
13.341371774673462,0.0688805513955014,0.01985145485092787,-0.004130168458917879,-0.5578489868164063,-0.24181436767578124,10.335768566894531
13.36139965057373,0.07460949474174233,0.01851914244482533,-0.006528330789902454,-0.5363011718749999,-0.2753331909179687,10.340556970214843
13.381409406661987,0.07714088831333717,0.016787136316892024,-0.0029310872934255917,-0.5698199951171875,-0.26815058593749996,10.350133776855468
13.401608943939209,0.07487595722296284,0.01692036755750228,-0.006928024511733216,-0.5626373901367188,-0.2657563842773437,10.338162768554687
13.421538829803467,0.07514241970418334,0.018385911204215073,-0.002797856052815337,-0.565031591796875,-0.2537853759765625,10.350133776855468
13.441308736801147,0.07740735079455767,0.011324655451871604,-0.008393568158446012,-0.5267243652343749,-0.27293898925781246,10.27830772705078
13.461474418640137,0.07740735079455767,0.018119448722994567,-0.008526799399056265,-0.5530605834960938,-0.2561795776367187,10.280701928710936
13.481765031814575,0.07634150086967564,0.020251148572758632,-0.008793261880276773,-0.5889736083984375,-0.27293898925781246,10.280701928710936
13.501823902130127,0.0752756509447936,0.01532159267017923,-0.006128637068071691,-0.5219359619140624,-0.2537853759765625,10.31661495361328
13.521600246429443,0.07327718233563979,0.01532159267017923,-0.002797856052815337,-0.5578489868164063,-0.2705447875976562,10.287884533691406
13.541289329528809,0.07514241970418334,0.021983154700691936,-0.0063950995492922,-0.5674257934570313,-0.24899697265624998,10.328585961914062
13.561850786209106,0.07354364481686029,0.017986217482384312,-0.007993874436615249,-0.5482721801757812,-0.28730419921875,10.268730920410155
13.581530570983887,0.07141194496709623,0.010658499248820334,-0.0063950995492922,-0.5482721801757812,-0.28730419921875,10.266336718749999
13.601961135864258,0.07540888218540386,0.01438897398590745,-0.0030643185340358454,-0.5410895751953124,-0.2920926025390625,10.254365710449218
13.621708154678345,0.0767411945915064,0.013989280264076687,-0.007194486992953725,-0.5578489868164063,-0.30885201416015623,10.27830772705078
13.641705513000488,0.07540888218540386,0.01732006127933304,-0.008127105677225504,-0.5530605834960938,-0.16041151123046873,10.297461340332031
13.66141128540039,0.07620826962906538,0.021849923460081685,-0.0057289433462409285,-0.5410895751953124,-0.2346317626953125,10.383652600097655
13.681636333465576,0.07407656977930133,0.014921898948348467,-0.006661562030512709,-0.5793968017578125,-0.2825157958984375,10.295067138671874
13.701781034469604,0.07607503838845513,0.01958499236970736,-0.005062787143189658,-0.5458779785156249,-0.258573779296875,10.311826550292968
13.721520900726318,0.07767381327577817,0.02145022973825092,-0.005329249624410167,-0.5243301635742187,-0.28969840087890625,10.266336718749999
13.741528511047363,0.07807350699760894,0.017186830038722786,-0.003464012255866608,-0.5434837768554687,-0.29448680419921874,10.342951171874999
13.76121735572815,0.07727411955394742,0.01732006127933304,-0.006261868308681946,-0.5746083984375,-0.26336218261718747,10.338162768554687
13.781693935394287,0.07714088831333717,0.014788667707738212,-0.0074609494741742334,-0.5722141967773438,-0.2537853759765625,10.31661495361328
13.801659345626831,0.07354364481686029,0.023049004625573973,-0.006794793271122962,-0.5243301635742187,-0.2537853759765625,10.299855541992187
13.821578025817871,0.07607503838845513,0.013856049023466432,-0.0057289433462409285,-0.603338818359375,-0.27293898925781246,10.35492218017578
13.841547012329102,0.0767411945915064,0.022382848422522698,-0.006928024511733216,-0.5746083984375,-0.2825157958984375,10.328585961914062
13.861351251602173,0.07767381327577817,0.018785604926045835,-0.00866003063966652,-0.5889736083984375,-0.28969840087890625,10.299855541992187
13.881439208984375,0.07580857590723461,0.019318529888486854,-0.008526799399056265,-0.5458779785156249,-0.23223756103515625,10.357316381835936
13.901614904403687,0.07287748861380902,0.018385911204215073,-0.006661562030512709,-0.5674257934570313,-0.28969840087890625,10.330980163574218
13.921462535858154,0.07261102613258852,0.02105053601642016,-0.009059724361497283,-0.5889736083984375,-0.2825157958984375,10.342951171874999
13.941641330718994,0.07567534466662437,0.019318529888486854,-0.004929555902579405,-0.55545478515625,-0.2537853759765625,10.261548315429687
13.961671590805054,0.07634150086967564,0.017453292519943295,-0.0074609494741742334,-0.5530605834960938,-0.277727392578125,10.297461340332031
13.981863260269165,0.07447626350113207,0.015854517632620246,-0.003863705977697371,-0.5530605834960938,-0.27293898925781246,10.307038146972655
14.001840591430664,0.07420980101991156,0.020517611053979142,-0.0033307810152563544,-0.5458779785156249,-0.26336218261718747,10.369287390136718
14.021538972854614,0.07420980101991156,0.017986217482384312,-0.008260336917835759,-0.55545478515625,-0.26815058593749996,10.230423693847655
14.04127836227417,0.07247779489197827,0.019052067407266345,-0.009192955602107537,-0.565031591796875,-0.258573779296875,10.340556970214843
14.062040328979492,0.07847320071943971,0.018652373685435583,-0.006794793271122962,-0.5889736083984375,-0.25139117431640623,10.347739575195313
14.082482814788818,0.07660796335089615,0.018918836166656093,-0.00866003063966652,-0.5817910034179687,-0.2920926025390625,10.24718310546875
14.101884841918945,0.07460949474174233,0.018652373685435583,-0.006661562030512709,-0.55545478515625,-0.26336218261718747,10.347739575195313
14.121402025222778,0.07567534466662437,0.018918836166656093,-0.008526799399056265,-0.5793968017578125,-0.30885201416015623,10.326191760253906
14.141488313674927,0.07807350699760894,0.01732006127933304,-0.005329249624410167,-0.55545478515625,-0.25139117431640623,10.417171423339843
14.161309957504272,0.07327718233563979,0.01851914244482533,-0.008393568158446012,-0.55545478515625,-0.26815058593749996,10.340556970214843
14.181861162185669,0.07580857590723461,0.016120980113840753,-0.0057289433462409285,-0.5722141967773438,-0.26815058593749996,10.283096130371094
14.20225214958191,0.07487595722296284,0.0191852986478766,-0.003464012255866608,-0.5722141967773438,-0.26336218261718747,10.304643945312499
14.221782684326172,0.07460949474174233,0.01945176112909711,-0.006261868308681946,-0.55545478515625,-0.3064578125,10.335768566894531
14.241483211517334,0.07447626350113207,0.014522205226517705,-0.006528330789902454,-0.5722141967773438,-0.277727392578125,10.275913525390624
14.261400699615479,0.08113782553164478,0.020917304775809907,-0.004663093421358896,-0.5889736083984375,-0.24660277099609373,10.369287390136718
14.281612634658813,0.07167840744831674,0.017186830038722786,-0.005462480865020421,-0.6057330200195312,-0.277727392578125,10.292672937011718
14.301687955856323,0.07780704451638844,0.014655436467127957,-0.004396630940138387,-0.5722141967773438,-0.15562310791015624,10.261548315429687
14.321445226669312,0.0750091884635731,0.016787136316892024,-0.00479632466196915,-0.5698199951171875,-0.28012159423828126,10.290278735351562
14.341368198394775,0.0688805513955014,0.017453292519943295,-0.006128637068071691,-0.5219359619140624,-0.2442085693359375,10.232817895507813
14.361649990081787,0.07754058203516792,0.014122511504686942,-0.004263399699528133,-0.5602431884765625,-0.2753331909179687,10.290278735351562
14.381699323654175,0.07221133241075775,0.017186830038722786,-0.0026646248122050836,-0.5626373901367188,-0.27293898925781246,10.32379755859375
14.4016854763031,0.07754058203516792,0.018252679963604822,-0.005595712105630674,-0.5674257934570313,-0.28490999755859375,10.283096130371094
14.42166805267334,0.071811638688927,0.021716692219471426,-0.0037304747370871167,-0.5386953735351562,-0.24181436767578124,10.328585961914062
14.44141411781311,0.07887289444127048,0.01532159267017923,-0.0030643185340358454,-0.5817910034179687,-0.2705447875976562,10.295067138671874
14.461515188217163,0.07754058203516792,0.01945176112909711,-0.006528330789902454,-0.5386953735351562,-0.22744915771484372,10.297461340332031
14.48166561126709,0.07634150086967564,0.02105053601642016,-0.0031975497746461,-0.5458779785156249,-0.3016694091796875,10.338162768554687
14.501687288284302,0.07420980101991156,0.02078407353519965,-0.006794793271122962,-0.5386953735351562,-0.2442085693359375,10.256759912109374
14.52138900756836,0.07274425737319877,0.017186830038722786,-0.0057289433462409285,-0.5482721801757812,-0.2705447875976562,10.299855541992187
14.541421175003052,0.07727411955394742,0.01705359879811253,-0.003464012255866608,-0.5363011718749999,-0.2657563842773437,10.275913525390624
14.561378955841064,0.07567534466662437,0.02105053601642016,-0.009459418083328047,-0.565031591796875,-0.27293898925781246,10.27830772705078
14.58166217803955,0.07314395109502954,0.017852986241774057,-0.0039969372183076245,-0.565031591796875,-0.2753331909179687,10.283096130371094
14.601485967636108,0.07341041357625004,0.016787136316892024,-0.0029310872934255917,-0.5626373901367188,-0.28969840087890625,10.268730920410155
14.621399879455566,0.07434303226052183,0.02145022973825092,-0.0030643185340358454,-0.5889736083984375,-0.28012159423828126,10.350133776855468
14.641480922698975,0.0770076570727269,0.01851914244482533,-0.0035972434964768626,-0.5985504150390625,-0.2753331909179687,10.292672937011718
14.661491394042969,0.07714088831333717,0.017453292519943295,-0.00479632466196915,-0.5770026000976562,-0.2537853759765625,10.345345373535155
14.681691646575928,0.07434303226052183,0.01985145485092787,-0.00479632466196915,-0.5817910034179687,-0.2920926025390625,10.290278735351562
14.701738357543945,0.07341041357625004,0.01438897398590745,-0.00479632466196915,-0.5482721801757812,-0.24660277099609373,10.342951171874999
14.72151803970337,0.07567534466662437,0.020251148572758632,-0.007727411955394742,-0.5363011718749999,-0.28012159423828126,10.321403356933594
14.741422176361084,0.07780704451638844,0.016787136316892024,-0.002398162330984575,-0.5530605834960938,-0.258573779296875,10.304643945312499
14.76137900352478,0.07274425737319877,0.015588055151399738,-0.0006661562030512709,-0.5602431884765625,-0.2561795776367187,10.311826550292968
14.781437873840332,0.07967228188493199,0.016653905076281773,-0.006128637068071691,-0.5530605834960938,-0.2825157958984375,10.326191760253906
14.80140233039856,0.07714088831333717,0.02078407353519965,-0.008926493120887028,-0.5458779785156249,-0.28490999755859375,10.335768566894531
14.821496725082397,0.0764747321102859,0.016254211354451008,-0.002797856052815337,-0.5602431884765625,-0.239420166015625,10.321403356933594
14.841395139694214,0.07234456365136802,0.015588055151399738,-0.005329249624410167,-0.584185205078125,-0.28490999755859375,10.299855541992187
14.86142110824585,0.07714088831333717,0.02105053601642016,-0.0063950995492922,-0.5434837768554687,-0.3184288208007812,10.290278735351562
14.881399631500244,0.07820673823821919,0.02118376725703041,-0.005995405827461438,-0.5506663818359374,-0.22026655273437498,10.27830772705078
14.901616334915161,0.07460949474174233,0.01971822361031762,-0.006261868308681946,-0.55545478515625,-0.2705447875976562,10.321403356933594
14.92161226272583,0.07767381327577817,0.018918836166656093,-0.005995405827461438,-0.5434837768554687,-0.296881005859375,10.27830772705078
14.941279888153076,0.07594180714784488,0.020917304775809907,-0.0075941807147844875,-0.5578489868164063,-0.29927520751953124,10.381258398437499
14.961511373519897,0.07594180714784488,0.022382848422522698,-0.007194486992953725,-0.5530605834960938,-0.33758243408203126,10.390835205078124
14.981598377227783,0.0770076570727269,0.01692036755750228,-0.005329249624410167,-0.5434837768554687,-0.4477157104492187,10.333374365234375
15.0019371509552,0.0752756509447936,0.015454823910789483,-0.006661562030512709,-0.5865794067382812,-0.24181436767578124,10.309432348632813
15.021548986434937,0.07567534466662437,0.01705359879811253,-0.005329249624410167,-0.5267243652343749,-0.2825157958984375,10.319009155273436
15.041525840759277,0.07487595722296284,0.02011791733214838,-0.0035972434964768626,-0.5267243652343749,-0.2705447875976562,10.352527978515624
15.061380863189697,0.07567534466662437,0.018252679963604822,-0.009459418083328047,-0.5674257934570313,-0.29448680419921874,10.299855541992187
15.0813889503479,0.07634150086967564,0.017852986241774057,-0.006661562030512709,-0.55545478515625,-0.28969840087890625,10.309432348632813
15.101773500442505,0.07460949474174233,0.014255742745297196,-0.005196018383799912,-0.5482721801757812,-0.2657563842773437,10.251971508789062
15.121407270431519,0.07594180714784488,0.02131699849764067,-0.00985911180515881,-0.5602431884765625,-0.2753331909179687,10.395623608398436
15.141457319259644,0.07460949474174233,0.016520673835671518,-0.006794793271122962,-0.5578489868164063,-0.3016694091796875,10.335768566894531
15.161401987075806,0.07554211342601411,0.01732006127933304,-0.0074609494741742334,-0.5506663818359374,-0.29927520751953124,10.340556970214843
15.181452751159668,0.07620826962906538,0.019984686091538122,-0.0019984686091538122,-0.5482721801757812,-0.2609679809570312,10.32379755859375
15.20150899887085,0.07367687605747056,0.01851914244482533,-0.0031975497746461,-0.5626373901367188,-0.28490999755859375,10.299855541992187
15.22140097618103,0.07274425737319877,0.018252679963604822,-0.0057289433462409285,-0.5506663818359374,-0.29927520751953124,10.292672937011718
15.241432666778564,0.07940581940371148,0.02131699849764067,-0.0035972434964768626,-0.55545478515625,-0.258573779296875,10.314220751953124
15.2615225315094,0.07514241970418334,0.02131699849764067,-0.003863705977697371,-0.5889736083984375,-0.2753331909179687,10.386046801757812
15.281425476074219,0.07620826962906538,0.017586523760553547,-0.0033307810152563544,-0.565031591796875,-0.26815058593749996,10.263942517089843
15.301584005355835,0.07860643196004995,0.023848392069235495,-0.0073277182335639785,-0.5817910034179687,-0.22026655273437498,10.319009155273436
15.321377038955688,0.07514241970418334,0.019052067407266345,-0.004929555902579405,-0.5578489868164063,-0.296881005859375,10.335768566894531
15.341354608535767,0.07767381327577817,0.01732006127933304,-0.005995405827461438,-0.5961562133789062,-0.28969840087890625,10.271125122070313
15.361394166946411,0.07354364481686029,0.017719755001163805,-0.007194486992953725,-0.5626373901367188,-0.26336218261718747,10.280701928710936
15.38159990310669,0.07714088831333717,0.016787136316892024,-0.009725880564548555,-0.5530605834960938,-0.29448680419921874,10.319009155273436
15.40166711807251,0.07767381327577817,0.0191852986478766,-0.007860643196004996,-0.5506663818359374,-0.22744915771484372,10.256759912109374
15.421839475631714,0.0747427259823526,0.018652373685435583,-0.004929555902579405,-0.5363011718749999,-0.28012159423828126,10.28549033203125
15.441548109054565,0.07794027575699868,0.014255742745297196,-0.003863705977697371,-0.5578489868164063,-0.2705447875976562,10.309432348632813
15.461399555206299,0.07194486992953725,0.016787136316892024,-0.004929555902579405,-0.612915625,-0.28969840087890625,10.319009155273436
15.48136854171753,0.0750091884635731,0.01438897398590745,-0.004929555902579405,-0.5674257934570313,-0.2609679809570312,10.290278735351562
15.501838445663452,0.07754058203516792,0.018119448722994567,-0.004396630940138387,-0.5506663818359374,-0.28012159423828126,10.232817895507813
15.521782159805298,0.07660796335089615,0.021983154700691936,-0.009326186842717792,-0.5865794067382812,-0.2920926025390625,10.32379755859375
15.541412830352783,0.07314395109502954,0.02078407353519965,-0.006261868308681946,-0.5315127685546874,-0.2705447875976562,10.32379755859375
15.561476707458496,0.0752756509447936,0.016120980113840753,-0.005995405827461438,-0.5458779785156249,-0.29448680419921874,10.330980163574218
15.581659317016602,0.07394333853869106,0.012523736617363892,-0.009725880564548555,-0.5722141967773438,-0.3064578125,10.40041201171875
15.601596593856812,0.03437366007744557,0.017719755001163805,-0.00479632466196915,-0.5578489868164063,-0.24899697265624998,10.335768566894531
15.621589183807373,0.07567534466662437,0.016387442595061263,-0.0063950995492922,-0.5793968017578125,-0.30406361083984373,10.292672937011718
15.641446590423584,0.07394333853869106,0.01958499236970736,-0.0030643185340358454,-0.5434837768554687,-0.3016694091796875,10.295067138671874
15.66146993637085,0.0767411945915064,0.013856049023466432,-0.0074609494741742334,-0.5458779785156249,-0.239420166015625,10.319009155273436
15.68144965171814,0.07514241970418334,0.015188361429568975,-0.003464012255866608,-0.6009446166992187,-0.27293898925781246,10.340556970214843
15.70162558555603,0.07247779489197827,0.020917304775809907,-0.0037304747370871167,-0.5578489868164063,-0.24181436767578124,10.35492218017578
15.721707820892334,0.07087902000465522,0.01851914244482533,-0.006661562030512709,-0.5410895751953124,-0.2753331909179687,10.374075793457031
15.741392612457275,0.07607503838845513,0.019052067407266345,-0.0063950995492922,-0.5482721801757812,-0.24899697265624998,10.314220751953124
15.761321067810059,0.07567534466662437,0.01958499236970736,-0.005995405827461438,-0.5722141967773438,-0.4381389038085937,10.330980163574218
15.78144383430481,0.07687442583211665,0.01705359879811253,-0.0073277182335639785,-0.5291185668945312,-0.29927520751953124,10.321403356933594
15.801933288574219,0.07540888218540386,0.018119448722994567,-0.0075941807147844875,-0.5386953735351562,-0.277727392578125,10.340556970214843
15.821714401245117,0.07607503838845513,0.018785604926045835,-0.0010658499248820332,-0.5602431884765625,-0.2609679809570312,10.345345373535155
15.841439247131348,0.0764747321102859,0.023448698347404734,-0.0073277182335639785,-0.5482721801757812,-0.2657563842773437,10.129867224121092
15.861519813537598,0.07341041357625004,0.021983154700691936,-0.0030643185340358454,-0.5602431884765625,-0.26815058593749996,10.345345373535155
15.881421566009521,0.07714088831333717,0.013323124061025418,-0.0057289433462409285,-0.5626373901367188,-0.24660277099609373,10.290278735351562
15.901601791381836,0.08033843808798326,0.013189892820415163,-0.004130168458917879,-0.5506663818359374,-0.28969840087890625,10.350133776855468
15.921578645706177,0.0747427259823526,0.02584686067838931,-0.004929555902579405,-0.5961562133789062,-0.2561795776367187,10.297461340332031
15.941431522369385,0.07234456365136802,0.021583460978861175,-0.0033307810152563544,-0.59376201171875,-0.28490999755859375,10.283096130371094
15.961428880691528,0.07660796335089615,0.01532159267017923,-0.005329249624410167,-0.5339069702148437,-0.3064578125,10.319009155273436
15.981487274169922,0.07234456365136802,0.022782542144353463,-0.0037304747370871167,-0.55545478515625,-0.2609679809570312,10.307038146972655
16.001807928085327,0.0752756509447936,0.019052067407266345,-0.004929555902579405,-0.5793968017578125,-0.2920926025390625,10.287884533691406
16.021793365478516,0.07167840744831674,0.02011791733214838,-0.006528330789902454,-0.5530605834960938,-0.2705447875976562,10.319009155273436
16.041478157043457,0.0764747321102859,0.01945176112909711,-0.009059724361497283,-0.5793968017578125,-0.27293898925781246,10.328585961914062
16.061442613601685,0.07754058203516792,0.018785604926045835,-0.00479632466196915,-0.5363011718749999,-0.2705447875976562,10.347739575195313
16.08219623565674,0.07660796335089615,0.01532159267017923,-0.006528330789902454,-0.5267243652343749,-0.2705447875976562,10.342951171874999
16.101517915725708,0.07714088831333717,0.017852986241774057,-0.0039969372183076245,-0.565031591796875,-0.2753331909179687,10.290278735351562
16.121522188186646,0.07460949474174233,0.018785604926045835,-0.004396630940138387,-0.5722141967773438,-0.239420166015625,10.366893188476562
16.141611099243164,0.07953905064432175,0.01851914244482533,-0.0030643185340358454,-0.5410895751953124,-0.2825157958984375,10.328585961914062
16.161438703536987,0.07594180714784488,0.020384379813368887,-0.005196018383799912,-0.5602431884765625,-0.30885201416015623,10.311826550292968
16.181541442871094,0.07993874436615249,0.017719755001163805,-0.005062787143189658,-0.565031591796875,-0.28012159423828126,10.287884533691406
16.20148229598999,0.07594180714784488,0.018785604926045835,-0.010125574286379316,-0.5315127685546874,-0.277727392578125,10.359710583496094
16.22157073020935,0.0750091884635731,0.017719755001163805,-0.004130168458917879,-0.5578489868164063,-0.2920926025390625,10.31661495361328
16.24141764640808,0.07407656977930133,0.016387442595061263,-0.0057289433462409285,-0.5410895751953124,-0.2753331909179687,10.292672937011718
16.261373281478882,0.07327718233563979,0.013589586542245924,-0.005595712105630674,-0.5746083984375,-0.3136404174804687,10.321403356933594
16.281476259231567,0.0767411945915064,0.020384379813368887,-0.0073277182335639785,-0.5602431884765625,-0.29448680419921874,10.273519323730468
16.301585912704468,0.07833996947882944,0.019052067407266345,-0.0073277182335639785,-0.5770026000976562,-0.22505495605468748,10.263942517089843
16.32154941558838,0.07460949474174233,0.01572128639200999,-0.002398162330984575,-0.5363011718749999,-0.28490999755859375,10.321403356933594
16.341529607772827,0.07687442583211665,0.01985145485092787,-0.00479632466196915,-0.5770026000976562,-0.24899697265624998,10.259154113769531
16.361443519592285,0.07007963256099368,0.019318529888486854,-0.0063950995492922,-0.5578489868164063,-0.24899697265624998,10.333374365234375
16.381422519683838,0.07767381327577817,0.017986217482384312,-0.0058621745868511835,-0.5506663818359374,-0.2609679809570312,10.369287390136718
16.4016215801239,0.0747427259823526,0.015188361429568975,-0.0073277182335639785,-0.4908113403320312,-0.26815058593749996,10.287884533691406
16.421602964401245,0.07514241970418334,0.016653905076281773,-0.0035972434964768626,-0.5889736083984375,-0.28730419921875,10.290278735351562
16.44167971611023,0.0747427259823526,0.017986217482384312,-0.004396630940138387,-0.5434837768554687,-0.28490999755859375,10.369287390136718
16.46181321144104,0.07301071985441929,0.023581929588014985,-0.0095926493239383,-0.6057330200195312,-0.277727392578125,10.417171423339843
16.48180890083313,0.07767381327577817,0.015188361429568975,-0.009059724361497283,-0.5578489868164063,-0.33039982910156246,10.251971508789062
16.501660108566284,0.07687442583211665,0.017852986241774057,-0.004263399699528133,-0.5626373901367188,-0.2609679809570312,10.295067138671874
16.521719932556152,0.07794027575699868,0.020650842294589397,-0.009326186842717792,-0.5961562133789062,-0.277727392578125,10.302249743652343
16.541439294815063,0.07487595722296284,0.01971822361031762,-0.005995405827461438,-0.5386953735351562,-0.45010991210937495,10.27830772705078
16.562249422073364,0.07860643196004995,0.020384379813368887,-0.005462480865020421,-0.565031591796875,-0.2537853759765625,10.295067138671874
16.581573724746704,0.07860643196004995,0.01985145485092787,-0.005995405827461438,-0.5458779785156249,-0.2825157958984375,10.345345373535155
16.602380752563477,0.07727411955394742,0.019318529888486854,-0.0058621745868511835,-0.5506663818359374,-0.229843359375,10.273519323730468
16.621490955352783,0.07407656977930133,0.01438897398590745,-0.005995405827461438,-0.5434837768554687,-0.2825157958984375,10.292672937011718
16.641473531723022,0.07447626350113207,0.01985145485092787,-0.0074609494741742334,-0.5482721801757812,-0.28490999755859375,10.292672937011718
16.661439657211304,0.07141194496709623,0.01851914244482533,-0.0039969372183076245,-0.5363011718749999,-0.2705447875976562,10.311826550292968
16.681417226791382,0.07927258816310122,0.016520673835671518,-0.006661562030512709,-0.5506663818359374,-0.28730419921875,10.31661495361328
16.701830863952637,0.07261102613258852,0.017719755001163805,-0.005995405827461438,-0.5578489868164063,-0.26336218261718747,10.299855541992187
16.721835374832153,0.06954670759855268,0.018918836166656093,-0.008393568158446012,-0.565031591796875,-0.29448680419921874,10.297461340332031
16.741592407226562,0.07833996947882944,0.01851914244482533,-0.007860643196004996,-0.5626373901367188,-0.2920926025390625,10.340556970214843
16.762420654296875,0.07407656977930133,0.01971822361031762,-0.0039969372183076245,-0.5578489868164063,-0.28490999755859375,10.35492218017578
16.781628608703613,0.07301071985441929,0.01971822361031762,-0.007194486992953725,-0.5530605834960938,-0.26815058593749996,10.256759912109374
16.801722526550293,0.07620826962906538,0.017719755001163805,-0.005196018383799912,-0.6009446166992187,-0.28490999755859375,10.330980163574218
16.8215274810791,0.07234456365136802,0.018652373685435583,-0.006261868308681946,-0.5770026000976562,-0.2825157958984375,10.314220751953124
16.841305255889893,0.07833996947882944,0.018652373685435583,-0.006128637068071691,-0.6057330200195312,-0.30885201416015623,10.297461340332031
16.861409664154053,0.07807350699760894,0.014921898948348467,-0.003863705977697371,-0.55545478515625,-0.2753331909179687,10.340556970214843
16.881518125534058,0.07127871372648598,0.017986217482384312,-0.002531393571594829,-0.5817910034179687,-0.29448680419921874,10.304643945312499
16.90168023109436,0.07767381327577817,0.01705359879811253,-0.003464012255866608,-0.6057330200195312,-0.2657563842773437,10.412383020019531
16.92140769958496,0.0770076570727269,0.01692036755750228,-0.007727411955394742,-0.55545478515625,-0.28969840087890625,10.319009155273436
16.941425561904907,0.07634150086967564,0.019984686091538122,-0.0063950995492922,-0.584185205078125,-0.2657563842773437,10.35492218017578
16.961569786071777,0.07420980101991156,0.019052067407266345,-0.0057289433462409285,-0.5746083984375,-0.24899697265624998,10.283096130371094
16.981838941574097,0.07580857590723461,0.01372281778285618,-0.006661562030512709,-0.5363011718749999,-0.28490999755859375,10.302249743652343
17.001532554626465,0.07660796335089615,0.01851914244482533,-0.0039969372183076245,-0.5482721801757812,-0.24181436767578124,10.335768566894531
17.02182149887085,0.07487595722296284,0.0191852986478766,-0.006661562030512709,-0.565031591796875,-0.2537853759765625,10.314220751953124
17.04185724258423,0.0752756509447936,0.01705359879811253,-0.008393568158446012,-0.5434837768554687,-0.2657563842773437,10.338162768554687
17.06165599822998,0.07567534466662437,0.015588055151399738,-0.004663093421358896,-0.5602431884765625,-0.2825157958984375,10.31661495361328
17.08173656463623,0.07314395109502954,0.018385911204215073,-0.006928024511733216,-0.5339069702148437,-0.25139117431640623,10.335768566894531
17.101627349853516,0.07780704451638844,0.01958499236970736,-0.005595712105630674,-0.5985504150390625,-0.29927520751953124,10.333374365234375
17.12155294418335,0.07940581940371148,0.012523736617363892,-0.006928024511733216,-0.5410895751953124,-0.3232172241210937,10.304643945312499
17.141541242599487,0.0750091884635731,0.014122511504686942,-0.002531393571594829,-0.55545478515625,-0.3232172241210937,10.311826550292968
17.161789655685425,0.07820673823821919,0.01732006127933304,-0.006661562030512709,-0.55545478515625,-0.28490999755859375,10.297461340332031
17.18147110939026,0.07807350699760894,0.017852986241774057,-0.004130168458917879,-0.5530605834960938,-0.277727392578125,10.35492218017578
17.202032327651978,0.08193721297530632,0.017852986241774057,-0.004263399699528133,-0.603338818359375,-0.2561795776367187,10.292672937011718
17.221736669540405,0.0752756509447936,0.015854517632620246,-0.004929555902579405,-0.5770026000976562,-0.28490999755859375,10.311826550292968
17.241733074188232,0.07434303226052183,0.015188361429568975,-0.008793261880276773,-0.5602431884765625,-0.28730419921875,10.335768566894531
17.26155972480774,0.07714088831333717,0.01692036755750228,-0.005329249624410167,-0.5770026000976562,-0.2753331909179687,10.35492218017578
17.281505346298218,0.0764747321102859,0.017719755001163805,-0.0073277182335639785,-0.5386953735351562,-0.28969840087890625,10.304643945312499
17.30155372619629,0.07594180714784488,0.0191852986478766,-0.0019984686091538122,-0.5698199951171875,-0.258573779296875,10.333374365234375
17.321510314941406,0.07554211342601411,0.019052067407266345,-0.00479632466196915,-0.5722141967773438,-0.25139117431640623,10.297461340332031
17.34144926071167,0.07554211342601411,0.01851914244482533,-0.0073277182335639785,-0.5506663818359374,-0.24660277099609373,10.390835205078124
17.361497402191162,0.07514241970418334,0.02145022973825092,-0.0075941807147844875,-0.5865794067382812,-0.258573779296875,10.271125122070313
17.38140892982483,0.07887289444127048,0.022782542144353463,-0.004263399699528133,-0.5626373901367188,-0.24899697265624998,10.27830772705078
17.401866912841797,0.07794027575699868,0.018385911204215073,-0.006528330789902454,-0.5386953735351562,-0.3112462158203125,10.340556970214843
17.42146372795105,0.07354364481686029,0.015588055151399738,-0.003464012255866608,-0.5243301635742187,-0.28730419921875,10.273519323730468
17.441495180130005,0.0738101072980808,0.02078407353519965,-0.003863705977697371,-0.5506663818359374,-0.26336218261718747,10.376469995117187
17.46142888069153,0.07247779489197827,0.02078407353519965,-0.005062787143189658,-0.5482721801757812,-0.29927520751953124,10.309432348632813
17.48142695426941,0.07540888218540386,0.014122511504686942,-0.006661562030512709,-0.5770026000976562,-0.2609679809570312,10.311826550292968
17.50165581703186,0.07367687605747056,0.01945176112909711,-0.0075941807147844875,-0.5674257934570313,-0.2657563842773437,10.340556970214843
17.521584272384644,0.07714088831333717,0.019052067407266345,-0.004663093421358896,-0.5219359619140624,-0.2657563842773437,10.311826550292968
17.54148244857788,0.07687442583211665,0.023448698347404734,-0.0039969372183076245,-0.5578489868164063,-0.28969840087890625,10.319009155273436
17.56145167350769,0.07420980101991156,0.01438897398590745,-0.004663093421358896,-0.5674257934570313,-0.29448680419921874,10.287884533691406
17.581739902496338,0.07407656977930133,0.019052067407266345,-0.0074609494741742334,-0.5530605834960938,-0.277727392578125,10.321403356933594
17.60152268409729,0.0738101072980808,0.020384379813368887,-0.002797856052815337,-0.5530605834960938,-0.2705447875976562,10.338162768554687
17.621471643447876,0.07740735079455767,0.014655436467127957,-0.0074609494741742334,-0.5602431884765625,-0.28969840087890625,10.249577307128906
17.641475915908813,0.07727411955394742,0.016787136316892024,-0.001732006127933304,-0.5243301635742187,-0.2753331909179687,10.340556970214843
17.661460399627686,0.07407656977930133,0.024914241994117528,-0.008793261880276773,-0.5578489868164063,-0.239420166015625,10.304643945312499
17.68142604827881,0.07554211342601411,0.020384379813368887,-0.0058621745868511835,-0.5578489868164063,-0.28490999755859375,10.292672937011718
17.701617002487183,0.07420980101991156,0.01945176112909711,-0.005196018383799912,-0.5386953735351562,-0.2705447875976562,10.311826550292968
17.721479415893555,0.07301071985441929,0.01958499236970736,-0.008127105677225504,-0.6009446166992187,-0.277727392578125,10.251971508789062
17.741717100143433,0.07740735079455767,0.021583460978861175,-0.0073277182335639785,-0.5482721801757812,-0.26336218261718747,10.273519323730468
17.761484384536743,0.0814042880128653,0.014522205226517705,-0.006528330789902454,-0.5506663818359374,-0.28012159423828126,10.292672937011718
17.78146982192993,0.07487595722296284,0.018785604926045835,-0.005995405827461438,-0.5434837768554687,-0.239420166015625,10.366893188476562
17.80150079727173,0.07554211342601411,0.026113323159609816,-0.006661562030512709,-0.5913678100585937,-0.26815058593749996,10.340556970214843
17.821340799331665,0.07554211342601411,0.014122511504686942,-0.008127105677225504,-0.5530605834960938,-0.28012159423828126,10.328585961914062
17.84144377708435,0.07740735079455767,0.013323124061025418,-0.0057289433462409285,-0.565031591796875,-0.28012159423828126,10.271125122070313
17.861433267593384,0.0747427259823526,0.015987748873230498,-0.006928024511733216,-0.5913678100585937,-0.2825157958984375,10.36210478515625
17.88144826889038,0.0750091884635731,0.017719755001163805,-0.005995405827461438,-0.5530605834960938,-0.2537853759765625,10.314220751953124
17.901517868041992,0.07900612568188072,0.016120980113840753,-0.004263399699528133,-0.5626373901367188,-0.2537853759765625,10.287884533691406
17.921809196472168,0.07407656977930133,0.018918836166656093,-0.004263399699528133,-0.5506663818359374,-0.229843359375,10.28549033203125
17.941495418548584,0.07354364481686029,0.013856049023466432,-0.004130168458917879,-0.5363011718749999,-0.2920926025390625,10.321403356933594
17.96177101135254,0.07927258816310122,0.015854517632620246,-0.0039969372183076245,-0.5770026000976562,-0.3112462158203125,10.35492218017578
17.981799125671387,0.07727411955394742,0.020251148572758632,-0.0074609494741742334,-0.5722141967773438,-0.16280571289062498,10.314220751953124
18.001725912094116,0.07367687605747056,0.017852986241774057,-0.004130168458917879,-0.5434837768554687,-0.2753331909179687,10.297461340332031
18.021655082702637,0.071811638688927,0.02011791733214838,-0.00479632466196915,-0.5578489868164063,-0.26336218261718747,10.297461340332031
18.041316747665405,0.07314395109502954,0.01505513018895872,-0.004130168458917879,-0.5889736083984375,-0.28730419921875,10.338162768554687
18.06178855895996,0.07687442583211665,0.016520673835671518,-0.005329249624410167,-0.5626373901367188,-0.28012159423828126,10.330980163574218
18.08198380470276,0.07980551312554225,0.014921898948348467,-0.005196018383799912,-0.5506663818359374,-0.2705447875976562,10.287884533691406
18.1019389629364,0.06981317007977318,0.022249617181912446,-0.005462480865020421,-0.5339069702148437,-0.2753331909179687,10.352527978515624
18.121606588363647,0.07367687605747056,0.015454823910789483,-0.005462480865020421,-0.5961562133789062,-0.2753331909179687,10.35492218017578
18.141480922698975,0.07487595722296284,0.022915773384963714,-0.010392036767599824,-0.5626373901367188,-0.28012159423828126,10.340556970214843
18.16141390800476,0.0767411945915064,0.01692036755750228,-0.006928024511733216,-0.5602431884765625,-0.296881005859375,10.295067138671874
18.18146586418152,0.07420980101991156,0.01705359879811253,-0.004929555902579405,-0.565031591796875,-0.28490999755859375,10.31661495361328
18.201621055603027,0.07594180714784488,0.013323124061025418,-0.007194486992953725,-0.565031591796875,-0.25139117431640623,10.330980163574218
18.221585273742676,0.07567534466662437,0.0191852986478766,-0.006661562030512709,-0.565031591796875,-0.27293898925781246,10.321403356933594
18.24161148071289,0.0738101072980808,0.018119448722994567,-0.00479632466196915,-0.565031591796875,-0.45010991210937495,10.275913525390624
18.261468648910522,0.07354364481686029,0.01851914244482533,-0.004396630940138387,-0.5746083984375,-0.277727392578125,10.297461340332031
18.281543731689453,0.07727411955394742,0.017986217482384312,-0.006661562030512709,-0.5578489868164063,-0.27293898925781246,10.268730920410155
18.3016574382782,0.07447626350113207,0.017852986241774057,-0.005995405827461438,-0.5530605834960938,-0.2753331909179687,10.330980163574218
18.321641206741333,0.0747427259823526,0.023581929588014985,-0.008393568158446012,-0.5219359619140624,-0.2657563842773437,10.326191760253906
18.341537952423096,0.07460949474174233,0.01958499236970736,-0.0058621745868511835,-0.5363011718749999,-0.26336218261718747,10.376469995117187
18.361607551574707,0.07221133241075775,0.017186830038722786,-0.0073277182335639785,-0.5530605834960938,-0.29448680419921874,10.321403356933594
18.381606101989746,0.07327718233563979,0.015854517632620246,-0.004663093421358896,-0.55545478515625,-0.28012159423828126,10.259154113769531
18.40181040763855,0.07341041357625004,0.018652373685435583,-0.005062787143189658,-0.5674257934570313,-0.2537853759765625,10.311826550292968
18.4217312335968,0.07367687605747056,0.01958499236970736,-0.004130168458917879,-0.5626373901367188,-0.24181436767578124,10.333374365234375
18.441717863082886,0.07234456365136802,0.022782542144353463,-0.006261868308681946,-0.5985504150390625,-0.28490999755859375,10.307038146972655
18.46137571334839,0.07767381327577817,0.02118376725703041,-0.0029310872934255917,-0.5434837768554687,-0.3064578125,10.290278735351562
18.48179030418396,0.07687442583211665,0.02131699849764067,-0.006661562030512709,-0.5674257934570313,-0.2609679809570312,10.307038146972655
18.501678228378296,0.07580857590723461,0.017586523760553547,-0.0057289433462409285,-0.565031591796875,-0.29927520751953124,10.280701928710936
18.521579027175903,0.07141194496709623,0.018119448722994567,-0.004130168458917879,-0.5770026000976562,-0.296881005859375,10.297461340332031
18.541542053222656,0.0720781011701475,0.014788667707738212,-0.008127105677225504,-0.5410895751953124,-0.24181436767578124,10.31661495361328
18.561346769332886,0.07420980101991156,0.020917304775809907,-0.002398162330984575,-0.5458779785156249,-0.2920926025390625,10.302249743652343
18.581658601760864,0.07620826962906538,0.016653905076281773,-0.005196018383799912,-0.5506663818359374,-0.258573779296875,10.345345373535155
18.601632833480835,0.0770076570727269,0.016387442595061263,-0.006661562030512709,-0.5195417602539062,-0.277727392578125,10.299855541992187
18.621593236923218,0.07660796335089615,0.013589586542245924,-0.007727411955394742,-0.5386953735351562,-0.28969840087890625,10.295067138671874
18.64133310317993,0.0767411945915064,0.014655436467127957,-0.009326186842717792,-0.5698199951171875,-0.2561795776367187,10.297461340332031
18.66157364845276,0.0767411945915064,0.021583460978861175,-0.0019984686091538122,-0.565031591796875,-0.24660277099609373,10.347739575195313
18.681377410888672,0.07580857590723461,0.01732006127933304,-0.008926493120887028,-0.5339069702148437,-0.25139117431640623,10.290278735351562
18.701839685440063,0.07420980101991156,0.020251148572758632,-0.0035972434964768626,-0.584185205078125,-0.2561795776367187,10.283096130371094
18.721901178359985,0.07394333853869106,0.018385911204215073,-0.005196018383799912,-0.5434837768554687,-0.28730419921875,10.268730920410155
18.74190354347229,0.07394333853869106,0.01705359879811253,-0.004929555902579405,-0.584185205078125,-0.2825157958984375,10.338162768554687
18.76177215576172,0.0750091884635731,0.01971822361031762,-0.006794793271122962,-0.55545478515625,-0.2920926025390625,10.330980163574218
18.78179359436035,0.07434303226052183,0.01971822361031762,-0.007727411955394742,-0.5363011718749999,-0.29448680419921874,10.314220751953124
18.80182933807373,0.0752756509447936,0.02078407353519965,-0.006528330789902454,-0.5578489868164063,-0.2825157958984375,10.259154113769531
18.821490049362183,0.07194486992953725,0.015588055151399738,-0.006661562030512709,-0.5626373901367188,-0.25139117431640623,10.28549033203125
18.841540098190308,0.07594180714784488,0.02078407353519965,-0.005595712105630674,-0.5386953735351562,-0.29927520751953124,10.16338604736328
18.861499309539795,0.0747427259823526,0.01705359879811253,-0.007061255752343471,-0.5865794067382812,-0.28490999755859375,10.307038146972655
18.8816978931427,0.0747427259823526,0.016387442595061263,-0.0037304747370871167,-0.5746083984375,-0.296881005859375,10.31661495361328
18.901634693145752,0.07420980101991156,0.018119448722994567,-0.006128637068071691,-0.584185205078125,-0.2753331909179687,10.251971508789062
18.92155909538269,0.06967993883916293,0.020650842294589397,-0.004263399699528133,-0.584185205078125,-0.27293898925781246,10.256759912109374
18.94145631790161,0.07714088831333717,0.01705359879811253,-0.0058621745868511835,-0.5386953735351562,-0.29448680419921874,10.371681591796875
18.961544275283813,0.07434303226052183,0.01692036755750228,-0.005995405827461438,-0.5339069702148437,-0.258573779296875,10.275913525390624
18.98134708404541,0.0720781011701475,0.020384379813368887,-0.008926493120887028,-0.5363011718749999,-0.258573779296875,10.295067138671874
19.001856565475464,0.07767381327577817,0.018119448722994567,-0.006661562030512709,-0.5578489868164063,-0.32082302246093747,10.302249743652343
19.021554231643677,0.07607503838845513,0.02145022973825092,-0.007993874436615249,-0.5817910034179687,-0.26815058593749996,10.302249743652343
19.041585683822632,0.0752756509447936,0.017586523760553547,-0.004663093421358896,-0.5386953735351562,-0.2657563842773437,10.386046801757812
19.061626434326172,0.0750091884635731,0.014788667707738212,-0.003863705977697371,-0.5626373901367188,-0.26336218261718747,10.256759912109374
19.083089590072632,0.07554211342601411,0.02118376725703041,-0.0057289433462409285,-0.5482721801757812,-0.2537853759765625,10.309432348632813
19.101863145828247,0.07594180714784488,0.017719755001163805,-0.006661562030512709,-0.55545478515625,-0.2537853759765625,10.314220751953124
19.121548891067505,0.07540888218540386,0.02118376725703041,-0.005196018383799912,-0.5410895751953124,-0.26815058593749996,10.287884533691406
19.14120101928711,0.07607503838845513,0.014522205226517705,-0.003863705977697371,-0.5913678100585937,-0.30406361083984373,10.321403356933594
19.161768436431885,0.0747427259823526,0.01958499236970736,-0.0031975497746461,-0.5434837768554687,-0.2825157958984375,10.311826550292968
19.181559085845947,0.07114548248587572,0.020251148572758632,-0.010924961730040842,-0.5434837768554687,-0.24899697265624998,10.319009155273436
19.20164203643799,0.07820673823821919,0.01732006127933304,-0.006128637068071691,-0.718260498046875,-0.2753331909179687,10.307038146972655
19.221944570541382,0.07287748861380902,0.01705359879811253,-0.005462480865020421,-0.55545478515625,-0.277727392578125,10.330980163574218
19.24155831336975,0.07101225124526546,0.02131699849764067,-0.004529862180748642,-0.5482721801757812,-0.28012159423828126,10.307038146972655
19.261296272277832,0.07607503838845513,0.018252679963604822,-0.0058621745868511835,-0.5434837768554687,-0.28490999755859375,10.319009155273436
19.28189516067505,0.07367687605747056,0.0191852986478766,-0.007194486992953725,-0.5770026000976562,-0.29927520751953124,10.314220751953124
19.301608562469482,0.0750091884635731,0.020517611053979142,-0.006528330789902454,-0.5339069702148437,-0.258573779296875,10.27830772705078
19.321358919143677,0.07287748861380902,0.02105053601642016,-0.006928024511733216,-0.5865794067382812,-0.28730419921875,10.295067138671874
19.34133553504944,0.0747427259823526,0.02118376725703041,-0.0058621745868511835,-0.5530605834960938,-0.2609679809570312,10.28549033203125
19.361292362213135,0.07154517620770649,0.015854517632620246,-0.006794793271122962,-0.5482721801757812,-0.277727392578125,10.319009155273436
19.381535530090332,0.07580857590723461,0.015854517632620246,-0.004663093421358896,-0.5674257934570313,-0.2753331909179687,10.314220751953124
19.401671886444092,0.07221133241075775,0.01985145485092787,-0.005995405827461438,-0.5219359619140624,-0.2753331909179687,10.261548315429687
19.421508073806763,0.07580857590723461,0.01985145485092787,-0.004263399699528133,-0.5506663818359374,-0.296881005859375,10.31661495361328
19.4413321018219,0.07407656977930133,0.01692036755750228,-0.004529862180748642,-0.5315127685546874,-0.28969840087890625,10.297461340332031
19.461360692977905,0.07927258816310122,0.02145022973825092,-0.0037304747370871167,-0.5602431884765625,-0.25139117431640623,10.266336718749999
19.481292963027954,0.07314395109502954,0.016120980113840753,-0.001732006127933304,-0.5770026000976562,-0.28730419921875,10.330980163574218
19.50160503387451,0.07554211342601411,0.021716692219471426,-0.0033307810152563544,-0.565031591796875,-0.26815058593749996,10.27830772705078
19.52190113067627,0.07727411955394742,0.017586523760553547,-0.005995405827461438,-0.5482721801757812,-0.296881005859375,10.319009155273436
19.54127812385559,0.07540888218540386,0.018119448722994567,-0.008260336917835759,-0.5578489868164063,-0.32082302246093747,10.352527978515624
19.561273097991943,0.0747427259823526,0.021983154700691936,-0.0074609494741742334,-0.584185205078125,-0.28969840087890625,10.342951171874999
19.581953763961792,0.07247779489197827,0.016254211354451008,-0.004663093421358896,-0.5578489868164063,-0.28730419921875,10.35492218017578
19.601734161376953,0.0750091884635731,0.01971822361031762,-0.006794793271122962,-0.5363011718749999,-0.2920926025390625,10.302249743652343
19.62162446975708,0.07594180714784488,0.018252679963604822,-0.007727411955394742,-0.5434837768554687,-0.3016694091796875,10.330980163574218
19.64158034324646,0.07620826962906538,0.012257274136143382,-0.005329249624410167,-0.507570751953125,-0.2825157958984375,10.292672937011718
19.661516427993774,0.07540888218540386,0.02011791733214838,-0.006128637068071691,-0.5506663818359374,-0.2825157958984375,10.326191760253906
19.68170666694641,0.07727411955394742,0.014522205226517705,-0.003464012255866608,-0.5626373901367188,-0.28730419921875,10.299855541992187
19.701560020446777,0.07301071985441929,0.018785604926045835,-0.011058192970651094,-0.5746083984375,-0.30406361083984373,10.28549033203125
19.721872806549072,0.0770076570727269,0.01985145485092787,-0.0037304747370871167,-0.5482721801757812,-0.2705447875976562,10.299855541992187
19.741423845291138,0.07460949474174233,0.01945176112909711,-0.0073277182335639785,-0.5506663818359374,-0.229843359375,10.122684619140625
19.761293411254883,0.07554211342601411,0.015454823910789483,-0.0063950995492922,-0.5458779785156249,-0.24660277099609373,10.345345373535155
19.78140878677368,0.0764747321102859,0.022915773384963714,-0.0021316998497640663,-0.5339069702148437,-0.3064578125,10.319009155273436
19.80148673057556,0.080205206847373,0.019984686091538122,-0.007061255752343471,-0.59376201171875,-0.277727392578125,10.314220751953124
19.821587085723877,0.07540888218540386,0.020384379813368887,-0.00479632466196915,-0.5698199951171875,-0.3232172241210937,10.330980163574218
19.84140396118164,0.07540888218540386,0.015588055151399738,-0.010125574286379316,-0.5410895751953124,-0.29448680419921874,10.304643945312499
19.861327409744263,0.0764747321102859,0.016120980113840753,-0.0039969372183076245,-0.5530605834960938,-0.29927520751953124,10.297461340332031
19.881324291229248,0.07780704451638844,0.017852986241774057,-0.004929555902579405,-0.603338818359375,-0.30406361083984373,10.388441003417968
19.90173316001892,0.0720781011701475,0.01705359879811253,-0.00866003063966652,-0.6081272216796875,-0.258573779296875,10.292672937011718
19.921826601028442,0.07367687605747056,0.017719755001163805,-0.005595712105630674,-0.5722141967773438,-0.2920926025390625,10.235212097167969
19.941970825195312,0.0750091884635731,0.013989280264076687,-0.0030643185340358454,-0.5889736083984375,-0.2705447875976562,10.330980163574218
19.96130108833313,0.0764747321102859,0.015987748873230498,-0.00479632466196915,-0.5458779785156249,-0.29927520751953124,10.319009155273436
19.981372833251953,0.08060490056920376,0.018385911204215073,-0.006128637068071691,-0.584185205078125,-0.2825157958984375,10.330980163574218
20.001715660095215,0.07727411955394742,0.013323124061025418,-0.004929555902579405,-0.5506663818359374,-0.26815058593749996,10.307038146972655
20.021393060684204,0.06874732015489114,0.01572128639200999,-0.0031975497746461,-0.5267243652343749,-0.316034619140625,10.314220751953124
20.04144811630249,0.07847320071943971,0.015854517632620246,-0.0029310872934255917,-0.5722141967773438,-0.29927520751953124,10.27830772705078
20.06155014038086,0.07847320071943971,0.015454823910789483,-0.009326186842717792,-0.5985504150390625,-0.28012159423828126,10.357316381835936
20.082406520843506,0.07887289444127048,0.013856049023466432,-0.0074609494741742334,-0.5578489868164063,-0.26815058593749996,10.326191760253906
20.102171897888184,0.07727411955394742,0.021716692219471426,-0.008393568158446012,-0.5698199951171875,-0.24899697265624998,10.319009155273436
20.121984243392944,0.07367687605747056,0.016520673835671518,-0.0057289433462409285,-0.5147533569335937,-0.24660277099609373,10.290278735351562
20.141916036605835,0.08033843808798326,0.012656967857974145,-0.008393568158446012,-0.5698199951171875,-0.28730419921875,10.359710583496094
20.161515474319458,0.07594180714784488,0.020251148572758632,-0.004396630940138387,-0.5482721801757812,-0.258573779296875,10.376469995117187
20.181426286697388,0.0770076570727269,0.026379785640830326,-0.004130168458917879,-0.5243301635742187,-0.2561795776367187,10.261548315429687
20.201969861984253,0.07620826962906538,0.01945176112909711,-0.005595712105630674,-0.5817910034179687,-0.28012159423828126,10.342951171874999
20.22156286239624,0.07554211342601411,0.016387442595061263,-0.009059724361497283,-0.5746083984375,-0.26815058593749996,10.266336718749999
20.241374015808105,0.07221133241075775,0.020650842294589397,-0.005062787143189658,-0.59376201171875,-0.29448680419921874,10.263942517089843
20.26130509376526,0.071811638688927,0.01692036755750228,-0.0035972434964768626,-0.5817910034179687,-0.2705447875976562,10.256759912109374
20.281431198120117,0.07727411955394742,0.014255742745297196,-0.0074609494741742334,-0.55545478515625,-0.28730419921875,10.338162768554687
20.301669120788574,0.07301071985441929,0.018785604926045835,-0.006261868308681946,-0.565031591796875,-0.28490999755859375,10.369287390136718
20.321635961532593,0.07367687605747056,0.02011791733214838,-0.004929555902579405,-0.5913678100585937,-0.28969840087890625,10.321403356933594
20.341469049453735,0.07234456365136802,0.016787136316892024,-0.0057289433462409285,-0.5674257934570313,-0.24899697265624998,10.319009155273436
20.361382246017456,0.07354364481686029,0.01732006127933304,-0.009059724361497283,-0.5410895751953124,-0.2920926025390625,10.31661495361328
20.381569862365723,0.07727411955394742,0.017186830038722786,-0.008926493120887028,-0.6105214233398437,-0.26336218261718747,10.309432348632813
20.401918411254883,0.07287748861380902,0.017453292519943295,-0.006528330789902454,-0.55545478515625,-0.28012159423828126,10.314220751953124
20.42156958580017,0.07047932628282445,0.016520673835671518,-0.004396630940138387,-0.5482721801757812,-0.32561142578124996,10.31661495361328
20.441654682159424,0.0752756509447936,0.019984686091538122,-0.006128637068071691,-0.5506663818359374,-0.2753331909179687,10.342951171874999
20.461458683013916,0.07887289444127048,0.01732006127933304,-0.006661562030512709,-0.5339069702148437,-0.25139117431640623,10.333374365234375
20.48176670074463,0.07367687605747056,0.016520673835671518,-0.0037304747370871167,-0.5506663818359374,-0.2561795776367187,10.299855541992187
20.501792192459106,0.07687442583211665,0.014788667707738212,-0.004929555902579405,-0.5458779785156249,-0.28012159423828126,10.333374365234375
20.521360635757446,0.07927258816310122,0.01692036755750228,-0.001732006127933304,-0.5339069702148437,-0.27293898925781246,10.314220751953124
20.54148006439209,0.07514241970418334,0.021583460978861175,-0.004263399699528133,-0.5434837768554687,-0.258573779296875,10.261548315429687
20.56136131286621,0.07514241970418334,0.018252679963604822,-0.005329249624410167,-0.55545478515625,-0.28012159423828126,10.309432348632813
20.581859827041626,0.07127871372648598,0.01851914244482533,-0.0033307810152563544,-0.5578489868164063,-0.28969840087890625,10.271125122070313
20.601874351501465,0.07634150086967564,0.0191852986478766,-0.005196018383799912,-0.5458779785156249,-0.2705447875976562,10.321403356933594
20.621439218521118,0.07354364481686029,0.017453292519943295,-0.008793261880276773,-0.565031591796875,-0.28969840087890625,10.35492218017578
20.641457319259644,0.06834762643306039,0.015588055151399738,-0.008526799399056265,-0.5219359619140624,-0.2537853759765625,10.309432348632813
20.661622285842896,0.0747427259823526,0.022915773384963714,-0.004130168458917879,-0.5674257934570313,-0.3136404174804687,10.35492218017578
20.681713104248047,0.07301071985441929,0.01971822361031762,-0.006928024511733216,-0.5363011718749999,-0.258573779296875,10.371681591796875
20.701936721801758,0.07460949474174233,0.017852986241774057,-0.005062787143189658,-0.5363011718749999,-0.27293898925781246,10.261548315429687
20.72162413597107,0.0750091884635731,0.017586523760553547,-0.0075941807147844875,-0.565031591796875,-0.277727392578125,10.297461340332031
20.74207067489624,0.07314395109502954,0.01945176112909711,-0.004663093421358896,-0.5746083984375,-0.2825157958984375,10.395623608398436
20.76168727874756,0.07394333853869106,0.022915773384963714,-0.005462480865020421,-0.5315127685546874,-0.26815058593749996,10.24000050048828
20.781819581985474,0.07327718233563979,0.015588055151399738,-0.0075941807147844875,-0.5674257934570313,-0.2442085693359375,10.31661495361328
20.80198836326599,0.07540888218540386,0.020917304775809907,-0.005995405827461438,-0.5793968017578125,-0.29448680419921874,10.256759912109374
20.821420907974243,0.07807350699760894,0.01945176112909711,-0.0073277182335639785,-0.584185205078125,-0.29448680419921874,10.340556970214843
20.841679096221924,0.07194486992953725,0.016387442595061263,-0.00866003063966652,-0.55545478515625,-0.2705447875976562,10.287884533691406
20.861507415771484,0.07820673823821919,0.013856049023466432,-0.006928024511733216,-0.5961562133789062,-0.22744915771484372,10.283096130371094
20.8815176486969,0.07660796335089615,0.02131699849764067,-0.005062787143189658,-0.5889736083984375,-0.27293898925781246,10.266336718749999
20.901872396469116,0.07447626350113207,0.022382848422522698,-0.006261868308681946,-0.565031591796875,-0.2609679809570312,10.328585961914062
20.921749591827393,0.07420980101991156,0.021716692219471426,-0.005462480865020421,-0.5602431884765625,-0.2705447875976562,10.223241088867187
20.941421270370483,0.07194486992953725,0.021583460978861175,-0.002398162330984575,-0.565031591796875,-0.2825157958984375,10.342951171874999
20.96147084236145,0.07007963256099368,0.0191852986478766,-0.007194486992953725,-0.5698199951171875,-0.2657563842773437,10.340556970214843
20.981770038604736,0.0764747321102859,0.016254211354451008,-0.006928024511733216,-0.5674257934570313,-0.2537853759765625,10.330980163574218
21.00150728225708,0.07407656977930133,0.016254211354451008,-0.005995405827461438,-0.5147533569335937,-0.28012159423828126,10.321403356933594
21.021870374679565,0.07407656977930133,0.016787136316892024,-0.0074609494741742334,-0.5889736083984375,-0.26336218261718747,10.314220751953124
21.041526079177856,0.07913935692249098,0.016520673835671518,-0.006928024511733216,-0.5626373901367188,-0.2705447875976562,10.376469995117187
21.061435222625732,0.07287748861380902,0.02598009191899956,-0.00479632466196915,-0.5482721801757812,-0.2657563842773437,10.165780249023436
21.082401275634766,0.07634150086967564,0.01971822361031762,-0.006528330789902454,-0.5698199951171875,-0.258573779296875,10.338162768554687
21.1016047000885,0.07447626350113207,0.01705359879811253,-0.006928024511733216,-0.5961562133789062,-0.4429273071289062,10.32379755859375
21.121347188949585,0.07394333853869106,0.020917304775809907,-0.0057289433462409285,-0.5770026000976562,-0.2753331909179687,10.302249743652343
21.141826152801514,0.07247779489197827,0.016653905076281773,-0.004929555902579405,-0.5530605834960938,-0.29927520751953124,10.307038146972655
21.16150975227356,0.07953905064432175,0.013589586542245924,-0.007061255752343471,-0.5434837768554687,-0.24660277099609373,10.311826550292968
21.18163824081421,0.07354364481686029,0.013056661579804908,-0.007061255752343471,-0.5530605834960938,-0.27293898925781246,10.345345373535155
21.201725244522095,0.07301071985441929,0.020384379813368887,-0.005462480865020421,-0.5506663818359374,-0.3016694091796875,10.328585961914062
21.221559286117554,0.07927258816310122,0.020384379813368887,-0.0026646248122050836,-0.5410895751953124,-0.22744915771484372,10.342951171874999
21.241594552993774,0.07394333853869106,0.017186830038722786,-0.0026646248122050836,-0.55545478515625,-0.2753331909179687,10.275913525390624
21.261486530303955,0.07540888218540386,0.01958499236970736,-0.006794793271122962,-0.5746083984375,-0.277727392578125,10.319009155273436
21.281589031219482,0.07460949474174233,0.018252679963604822,-0.0033307810152563544,-0.5865794067382812,-0.2825157958984375,10.311826550292968
21.30191421508789,0.07767381327577817,0.016653905076281773,-0.006261868308681946,-0.5482721801757812,-0.28969840087890625,10.311826550292968
21.32164978981018,0.0750091884635731,0.02011791733214838,-0.006661562030512709,-0.5410895751953124,-0.2920926025390625,10.345345373535155
21.341509342193604,0.07354364481686029,0.02105053601642016,-0.004529862180748642,-0.5698199951171875,-0.3280056274414062,10.302249743652343
21.361632585525513,0.0738101072980808,0.019052067407266345,-0.008127105677225504,-0.55545478515625,-0.29448680419921874,10.357316381835936
21.381393909454346,0.07794027575699868,0.020384379813368887,-0.004929555902579405,-0.5530605834960938,-0.239420166015625,10.275913525390624
21.4018337726593,0.07540888218540386,0.017453292519943295,-0.005062787143189658,-0.55545478515625,-0.2753331909179687,10.299855541992187
21.421709775924683,0.07833996947882944,0.018652373685435583,-0.007727411955394742,-0.584185205078125,-0.2705447875976562,10.304643945312499
21.441673278808594,0.07194486992953725,0.014522205226517705,-0.007194486992953725,-0.5482721801757812,-0.28490999755859375,10.314220751953124
21.46157217025757,0.07061255752343472,0.01971822361031762,-0.0058621745868511835,-0.5363011718749999,-0.24660277099609373,10.350133776855468
21.48156428337097,0.07327718233563979,0.018252679963604822,-0.004529862180748642,-0.5410895751953124,-0.2753331909179687,10.319009155273436
21.501930475234985,0.07780704451638844,0.016120980113840753,-0.005196018383799912,-0.5793968017578125,-0.277727392578125,10.263942517089843
21.521401405334473,0.07567534466662437,0.0127901990985844,-0.005329249624410167,-0.5506663818359374,-0.258573779296875,10.347739575195313
21.541366577148438,0.08033843808798326,0.01705359879811253,-0.010658499248820334,-0.5315127685546874,-0.30406361083984373,10.292672937011718
21.561192750930786,0.0764747321102859,0.021849923460081685,-0.0037304747370871167,-0.5817910034179687,-0.23223756103515625,10.342951171874999
21.58211350440979,0.07420980101991156,0.01958499236970736,-0.0033307810152563544,-0.5458779785156249,-0.3064578125,10.390835205078124
21.60175085067749,0.07514241970418334,0.01692036755750228,-0.005462480865020421,-0.5386953735351562,-0.2537853759765625,10.338162768554687
21.621535301208496,0.07980551312554225,0.018252679963604822,-0.010125574286379316,-0.5243301635742187,-0.30406361083984373,10.347739575195313
21.641505002975464,0.07607503838845513,0.01705359879811253,-0.009725880564548555,-0.5674257934570313,-0.29448680419921874,10.287884533691406
21.661694765090942,0.07407656977930133,0.020517611053979142,-0.004929555902579405,-0.5386953735351562,-0.2537853759765625,10.259154113769531
21.681428909301758,0.0752756509447936,0.02078407353519965,-0.006661562030512709,-0.5506663818359374,-0.26336218261718747,10.266336718749999
21.701459407806396,0.071811638688927,0.018385911204215073,-0.0057289433462409285,-0.565031591796875,-0.2561795776367187,10.309432348632813
21.721322298049927,0.07234456365136802,0.017852986241774057,-0.0035972434964768626,-0.5817910034179687,-0.28012159423828126,10.412383020019531
21.74172878265381,0.07767381327577817,0.018652373685435583,-0.004663093421358896,-0.5722141967773438,-0.28969840087890625,10.263942517089843
21.761364459991455,0.07301071985441929,0.015854517632620246,-0.006261868308681946,-0.5410895751953124,-0.2537853759765625,10.304643945312499
21.78180766105652,0.07247779489197827,0.016787136316892024,-0.00159877488732305,-0.59376201171875,-0.26336218261718747,10.299855541992187
21.801697969436646,0.07420980101991156,0.0191852986478766,-0.009059724361497283,-0.59376201171875,-0.26815058593749996,10.311826550292968
21.82149863243103,0.07127871372648598,0.02105053601642016,-0.007860643196004996,-0.5434837768554687,-0.296881005859375,10.398017810058594
21.841328144073486,0.07860643196004995,0.015588055151399738,-0.005462480865020421,-0.5363011718749999,-0.32082302246093747,10.287884533691406
21.861786365509033,0.07740735079455767,0.018119448722994567,-0.004130168458917879,-0.5674257934570313,-0.2705447875976562,10.333374365234375
21.881498336791992,0.07341041357625004,0.02078407353519965,-0.0063950995492922,-0.5315127685546874,-0.24899697265624998,10.309432348632813
21.901768445968628,0.07407656977930133,0.018252679963604822,-0.0057289433462409285,-0.5315127685546874,-0.24660277099609373,10.273519323730468
21.921461582183838,0.07807350699760894,0.02011791733214838,-0.0035972434964768626,-0.5434837768554687,-0.2753331909179687,10.314220751953124
21.94139575958252,0.0747427259823526,0.021716692219471426,-0.004929555902579405,-0.5291185668945312,-0.28490999755859375,10.273519323730468
21.96138048171997,0.07487595722296284,0.020384379813368887,-0.005062787143189658,-0.5530605834960938,-0.30406361083984373,10.271125122070313
21.981404066085815,0.071811638688927,0.018385911204215073,-0.006661562030512709,-0.5267243652343749,-0.296881005859375,10.232817895507813
22.00174856185913,0.07127871372648598,0.01945176112909711,-0.005062787143189658,-0.5578489868164063,-0.28012159423828126,10.242394702148436
22.021601915359497,0.07407656977930133,0.018252679963604822,-0.004663093421358896,-0.5626373901367188,-0.258573779296875,10.283096130371094
22.041399002075195,0.07594180714784488,0.014522205226517705,-0.005329249624410167,-0.5961562133789062,-0.4285620971679687,10.350133776855468
22.061434984207153,0.07927258816310122,0.01958499236970736,-0.008393568158446012,-0.55545478515625,-0.24660277099609373,10.259154113769531
22.082485675811768,0.07261102613258852,0.017852986241774057,-0.004130168458917879,-0.5363011718749999,-0.3184288208007812,10.295067138671874
22.10151982307434,0.07714088831333717,0.016787136316892024,-0.008793261880276773,-0.5291185668945312,-0.26815058593749996,10.271125122070313
22.121530771255493,0.0720781011701475,0.0191852986478766,-0.007860643196004996,-0.5578489868164063,-0.2561795776367187,10.275913525390624
22.14166522026062,0.07714088831333717,0.014921898948348467,-0.007860643196004996,-0.5506663818359374,-0.28490999755859375,10.275913525390624
22.161718606948853,0.07967228188493199,0.014255742745297196,-0.0029310872934255917,-0.55545478515625,-0.2609679809570312,10.27830772705078
22.18160057067871,0.07460949474174233,0.01732006127933304,-0.006261868308681946,-0.5698199951171875,-0.2753331909179687,10.340556970214843
22.201728343963623,0.07487595722296284,0.013189892820415163,-0.005062787143189658,-0.5770026000976562,-0.26815058593749996,10.352527978515624
22.221515655517578,0.07794027575699868,0.017719755001163805,-0.006794793271122962,-0.5434837768554687,-0.26815058593749996,10.311826550292968
22.241799116134644,0.07660796335089615,0.018385911204215073,-0.003464012255866608,-0.5626373901367188,-0.296881005859375,10.172962854003906
22.261893033981323,0.07341041357625004,0.018918836166656093,-0.005062787143189658,-0.5698199951171875,-0.30406361083984373,10.326191760253906
22.281824827194214,0.07394333853869106,0.01532159267017923,-0.004396630940138387,-0.55545478515625,-0.30885201416015623,10.330980163574218
22.302022457122803,0.07620826962906538,0.018652373685435583,-0.009059724361497283,-0.5674257934570313,-0.36152445068359373,10.32379755859375
22.321933269500732,0.07514241970418334,0.015588055151399738,-0.0063950995492922,-0.5363011718749999,-0.28012159423828126,10.330980163574218
22.341828107833862,0.07754058203516792,0.015454823910789483,-0.0058621745868511835,-0.5291185668945312,-0.2705447875976562,10.28549033203125
22.361500024795532,0.0750091884635731,0.019984686091538122,-0.0033307810152563544,-0.5626373901367188,-0.26336218261718747,10.307038146972655
22.38150429725647,0.07820673823821919,0.01532159267017923,-0.0037304747370871167,-0.5578489868164063,-0.2825157958984375,10.328585961914062
22.401877403259277,0.07407656977930133,0.018785604926045835,-0.007860643196004996,-0.5315127685546874,-0.2537853759765625,10.251971508789062
22.42151951789856,0.07540888218540386,0.017586523760553547,-0.0037304747370871167,-0.5530605834960938,-0.26815058593749996,10.311826550292968
22.441447496414185,0.07447626350113207,0.017453292519943295,-0.002398162330984575,-0.5458779785156249,-0.2657563842773437,10.374075793457031
22.461479663848877,0.07607503838845513,0.02118376725703041,-0.004529862180748642,-0.5793968017578125,-0.27293898925781246,10.28549033203125
22.481521368026733,0.07354364481686029,0.022249617181912446,-0.004529862180748642,-0.5530605834960938,-0.2920926025390625,10.31661495361328
22.501795053482056,0.07394333853869106,0.017719755001163805,-0.006528330789902454,-0.5243301635742187,-0.2609679809570312,10.304643945312499
22.521728992462158,0.0750091884635731,0.019984686091538122,-0.0033307810152563544,-0.5530605834960938,-0.2825157958984375,10.326191760253906
22.541438817977905,0.07540888218540386,0.01985145485092787,-0.005462480865020421,-0.565031591796875,-0.2537853759765625,10.268730920410155
22.561375379562378,0.07514241970418334,0.020384379813368887,-0.0030643185340358454,-0.55545478515625,-0.2657563842773437,10.304643945312499
22.581831693649292,0.07607503838845513,0.016653905076281773,-0.0074609494741742334,-0.5602431884765625,-0.258573779296875,10.352527978515624
22.601784229278564,0.07607503838845513,0.011591117933092112,-0.0039969372183076245,-0.5961562133789062,-0.316034619140625,10.314220751953124
22.621468782424927,0.07594180714784488,0.01732006127933304,-0.007061255752343471,-0.5578489868164063,-0.2537853759765625,10.36210478515625
22.64147424697876,0.0747427259823526,0.02011791733214838,-0.0031975497746461,-0.5626373901367188,-0.2442085693359375,10.335768566894531
22.66115403175354,0.07327718233563979,0.023049004625573973,-0.005062787143189658,-0.5434837768554687,-0.2561795776367187,10.309432348632813
22.681482315063477,0.07341041357625004,0.020517611053979142,-0.004263399699528133,-0.5817910034179687,-0.2825157958984375,10.330980163574218
22.701608180999756,0.07247779489197827,0.015454823910789483,-0.005995405827461438,-0.5458779785156249,-0.277727392578125,10.280701928710936
22.721458435058594,0.07394333853869106,0.017586523760553547,-0.008393568158446012,-0.5434837768554687,-0.28490999755859375,10.230423693847655
22.741590976715088,0.07434303226052183,0.017852986241774057,-0.002264931090374321,-0.565031591796875,-0.258573779296875,10.333374365234375
22.761346578598022,0.0764747321102859,0.018918836166656093,-0.008127105677225504,-0.5578489868164063,-0.28969840087890625,10.326191760253906
22.781455278396606,0.07087902000465522,0.020384379813368887,-0.004929555902579405,-0.5458779785156249,-0.2753331909179687,10.314220751953124
22.801777124404907,0.07394333853869106,0.014921898948348467,-0.00479632466196915,-0.5482721801757812,-0.23223756103515625,10.271125122070313
22.821627378463745,0.0747427259823526,0.02131699849764067,-0.006528330789902454,-0.5530605834960938,-0.1580173095703125,10.290278735351562
22.841728925704956,0.07740735079455767,0.014255742745297196,-0.005595712105630674,-0.5698199951171875,-0.258573779296875,10.251971508789062
22.861327171325684,0.07434303226052183,0.016120980113840753,-0.007860643196004996,-0.565031591796875,-0.3016694091796875,10.340556970214843
22.8814480304718,0.07167840744831674,0.014655436467127957,-0.006661562030512709,-0.5219359619140624,-0.2609679809570312,10.32379755859375
22.901659965515137,0.07194486992953725,0.022249617181912446,-0.006261868308681946,-0.5291185668945312,-0.28012159423828126,10.321403356933594
22.92162775993347,0.0770076570727269,0.02145022973825092,-0.004929555902579405,-0.5410895751953124,-0.28969840087890625,10.321403356933594
22.94144606590271,0.07607503838845513,0.009192955602107537,-0.004130168458917879,-0.5267243652343749,-0.27293898925781246,10.283096130371094
22.96143651008606,0.07820673823821919,0.021716692219471426,-0.006794793271122962,-0.5746083984375,-0.24899697265624998,10.347739575195313
22.981409788131714,0.08180398173469605,0.015987748873230498,-0.002797856052815337,-0.5410895751953124,-0.30885201416015623,10.307038146972655
23.0019109249115,0.07807350699760894,0.018119448722994567,-0.00479632466196915,-0.5602431884765625,-0.2442085693359375,10.299855541992187
23.021483421325684,0.07514241970418334,0.01851914244482533,-0.002797856052815337,-0.5817910034179687,-0.2561795776367187,10.326191760253906
23.04134440422058,0.07514241970418334,0.01345635530163567,-0.008526799399056265,-0.5482721801757812,-0.30885201416015623,10.120290417480469
23.061784744262695,0.0770076570727269,0.01985145485092787,-0.005462480865020421,-0.5530605834960938,-0.30406361083984373,10.304643945312499
23.082547903060913,0.07554211342601411,0.01945176112909711,-0.004663093421358896,-0.5530605834960938,-0.277727392578125,10.352527978515624
23.101720571517944,0.07420980101991156,0.02011791733214838,-0.0058621745868511835,-0.5363011718749999,-0.258573779296875,10.333374365234375
23.12147283554077,0.07514241970418334,0.021849923460081685,-0.0035972434964768626,-0.6009446166992187,-0.2825157958984375,10.24000050048828
23.141531944274902,0.07820673823821919,0.014921898948348467,-0.003464012255866608,-0.5506663818359374,-0.2657563842773437,10.283096130371094
23.161466360092163,0.0770076570727269,0.018785604926045835,-0.0037304747370871167,-0.5482721801757812,-0.28012159423828126,10.340556970214843
23.182026624679565,0.07420980101991156,0.013056661579804908,-0.0037304747370871167,-0.5315127685546874,-0.30406361083984373,10.314220751953124
23.20183229446411,0.07714088831333717,0.01985145485092787,-0.005595712105630674,-0.5913678100585937,-0.2561795776367187,10.295067138671874
23.221659183502197,0.07354364481686029,0.016787136316892024,-0.002264931090374321,-0.5626373901367188,-0.25139117431640623,10.330980163574218
23.24150800704956,0.07434303226052183,0.019984686091538122,-0.00479632466196915,-0.5626373901367188,-0.26815058593749996,10.283096130371094
23.261480808258057,0.07794027575699868,0.020251148572758632,-0.0029310872934255917,-0.5219359619140624,-0.2609679809570312,10.292672937011718
23.281503677368164,0.07154517620770649,0.015588055151399738,-0.0063950995492922,-0.5770026000976562,-0.2442085693359375,10.31661495361328
23.301676273345947,0.08233690669713707,0.015454823910789483,-0.005329249624410167,-0.5506663818359374,-0.27293898925781246,10.151415039062499
23.321394681930542,0.07460949474174233,0.017453292519943295,-0.006128637068071691,-0.5506663818359374,-0.3016694091796875,10.297461340332031
23.34147572517395,0.071811638688927,0.01705359879811253,-0.004663093421358896,-0.5434837768554687,-0.258573779296875,10.31661495361328
23.361339569091797,0.07367687605747056,0.020650842294589397,-0.004396630940138387,-0.5674257934570313,-0.45489831542968745,10.36210478515625
23.38139247894287,0.07940581940371148,0.016120980113840753,-0.002797856052815337,-0.5817910034179687,-0.26336218261718747,10.268730920410155
23.401853799819946,0.07420980101991156,0.01705359879811253,-0.008526799399056265,-0.5410895751953124,-0.28012159423828126,10.27830772705078
23.421796321868896,0.07407656977930133,0.022516079663132953,-0.0057289433462409285,-0.5698199951171875,-0.296881005859375,10.311826550292968
23.441537618637085,0.07820673823821919,0.022782542144353463,-0.006528330789902454,-0.5482721801757812,-0.30406361083984373,10.295067138671874
23.461259841918945,0.07620826962906538,0.018119448722994567,-0.00479632466196915,-0.5865794067382812,-0.2753331909179687,10.1131078125
23.48139476776123,0.07487595722296284,0.015588055151399738,-0.008793261880276773,-0.55545478515625,-0.258573779296875,10.328585961914062
23.50169849395752,0.07274425737319877,0.01958499236970736,-0.002398162330984575,-0.5386953735351562,-0.2537853759765625,10.32379755859375
23.521472930908203,0.07247779489197827,0.017586523760553547,-0.005062787143189658,-0.5961562133789062,-0.28012159423828126,10.297461340332031
23.54157567024231,0.07554211342601411,0.01945176112909711,-0.008926493120887028,-0.5698199951171875,-0.27293898925781246,10.364498986816406
23.561523914337158,0.07540888218540386,0.01851914244482533,-0.0035972434964768626,-0.5746083984375,-0.24660277099609373,10.335768566894531
23.581540822982788,0.07580857590723461,0.017186830038722786,-0.006794793271122962,-0.5913678100585937,-0.2657563842773437,10.297461340332031
23.601821422576904,0.08007197560676275,0.018918836166656093,-0.00479632466196915,-0.5339069702148437,-0.25139117431640623,10.319009155273436
23.62140154838562,0.0747427259823526,0.015188361429568975,-0.006928024511733216,-0.5698199951171875,-0.27293898925781246,10.290278735351562
23.641502141952515,0.07594180714784488,0.01372281778285618,-0.0075941807147844875,-0.5770026000976562,-0.30406361083984373,10.319009155273436
23.661492109298706,0.07660796335089615,0.018652373685435583,-0.0074609494741742334,-0.5770026000976562,-0.2657563842773437,10.309432348632813
23.681501626968384,0.07540888218540386,0.023448698347404734,-0.0075941807147844875,-0.5578489868164063,-0.28969840087890625,10.328585961914062
23.70172667503357,0.07714088831333717,0.019052067407266345,-0.007194486992953725,-0.5315127685546874,-0.316034619140625,10.338162768554687
23.721505403518677,0.0750091884635731,0.020917304775809907,-0.0063950995492922,-0.5506663818359374,-0.24660277099609373,10.232817895507813
23.741602182388306,0.0752756509447936,0.016520673835671518,-0.006128637068071691,-0.5458779785156249,-0.26815058593749996,10.326191760253906
23.76132321357727,0.07287748861380902,0.017719755001163805,-0.005995405827461438,-0.5410895751953124,-0.258573779296875,10.319009155273436
23.781522035598755,0.07580857590723461,0.02424808579106626,-0.002531393571594829,-0.5195417602539062,-0.258573779296875,10.314220751953124
23.801560401916504,0.07567534466662437,0.01692036755750228,-0.008260336917835759,-0.5458779785156249,-0.30406361083984373,10.283096130371094
23.821388483047485,0.07514241970418334,0.018385911204215073,-0.006528330789902454,-0.5458779785156249,-0.27293898925781246,10.326191760253906
23.84149432182312,0.07460949474174233,0.020517611053979142,-0.004663093421358896,-0.5386953735351562,-0.24181436767578124,10.40041201171875
23.861422061920166,0.08007197560676275,0.01985145485092787,-0.006261868308681946,-0.5434837768554687,-0.28730419921875,10.280701928710936
23.88180947303772,0.07367687605747056,0.01958499236970736,-0.00479632466196915,-0.5865794067382812,-0.29448680419921874,10.333374365234375
23.901626110076904,0.07221133241075775,0.022116385941302188,-0.005196018383799912,-0.5315127685546874,-0.277727392578125,10.376469995117187
23.921640634536743,0.07740735079455767,0.01572128639200999,-0.0057289433462409285,-0.5506663818359374,-0.28490999755859375,10.338162768554687
23.941556215286255,0.07514241970418334,0.015454823910789483,-0.007993874436615249,-0.584185205078125,-0.28490999755859375,10.330980163574218
23.96136975288391,0.0767411945915064,0.017586523760553547,-0.006261868308681946,-0.5746083984375,-0.2657563842773437,10.158597644042969
23.98148798942566,0.07034609504221419,0.02145022973825092,-0.007993874436615249,-0.5889736083984375,-0.2657563842773437,10.330980163574218
24.001962423324585,0.0764747321102859,0.018252679963604822,-0.006128637068071691,-0.55545478515625,-0.2561795776367187,10.31661495361328
24.021632432937622,0.07567534466662437,0.02145022973825092,-0.002531393571594829,-0.5458779785156249,-0.296881005859375,10.32379755859375
24.041647911071777,0.0767411945915064,0.017453292519943295,-0.007860643196004996,-0.5674257934570313,-0.3016694091796875,10.268730920410155
24.061641216278076,0.0747427259823526,0.01851914244482533,-0.008926493120887028,-0.5410895751953124,-0.25139117431640623,10.273519323730468
24.081693172454834,0.07234456365136802,0.016120980113840753,-0.003464012255866608,-0.565031591796875,-0.28969840087890625,10.256759912109374
24.102311372756958,0.07194486992953725,0.015987748873230498,-0.0030643185340358454,-0.5195417602539062,-0.2920926025390625,10.307038146972655
24.12169861793518,0.07487595722296284,0.018785604926045835,-0.005062787143189658,-0.5410895751953124,-0.2753331909179687,10.307038146972655
24.141383171081543,0.07567534466662437,0.020251148572758632,-0.0057289433462409285,-0.5722141967773438,-0.29448680419921874,10.299855541992187
24.161449193954468,0.07261102613258852,0.022116385941302188,-0.006928024511733216,-0.5530605834960938,-0.27293898925781246,10.35492218017578
24.181609392166138,0.07167840744831674,0.018385911204215073,-0.0074609494741742334,-0.5817910034179687,-0.28012159423828126,10.280701928710936
24.201937675476074,0.07460949474174233,0.020650842294589397,-0.003464012255866608,-0.5817910034179687,-0.2920926025390625,10.283096130371094
24.22176480293274,0.07727411955394742,0.017719755001163805,-0.006661562030512709,-0.5434837768554687,-0.27293898925781246,10.268730920410155
24.241775512695312,0.07687442583211665,0.016520673835671518,-0.0074609494741742334,-0.5267243652343749,-0.30885201416015623,10.314220751953124
24.26143980026245,0.07780704451638844,0.020917304775809907,-0.0030643185340358454,-0.5147533569335937,-0.2753331909179687,10.27830772705078
24.281577110290527,0.07327718233563979,0.01985145485092787,0.0003996937218307625,-0.5578489868164063,-0.26815058593749996,10.290278735351562
24.301727294921875,0.07807350699760894,0.015188361429568975,-0.010258805526989571,-0.5746083984375,-0.30406361083984373,10.330980163574218
24.321292638778687,0.07261102613258852,0.016653905076281773,-0.008127105677225504,-0.5698199951171875,-0.3112462158203125,10.261548315429687
24.341305255889893,0.07341041357625004,0.020650842294589397,-0.004663093421358896,-0.51714755859375,-0.29448680419921874,10.275913525390624
24.361296892166138,0.07341041357625004,0.02371516082862524,-0.007860643196004996,-0.5458779785156249,-0.2825157958984375,10.386046801757812
24.38141655921936,0.07554211342601411,0.018652373685435583,-0.008393568158446012,-0.5626373901367188,-0.2609679809570312,10.366893188476562
24.401926279067993,0.07514241970418334,0.01438897398590745,-0.004663093421358896,-0.55545478515625,-0.25139117431640623,10.268730920410155
24.421743154525757,0.07727411955394742,0.02145022973825092,-0.005995405827461438,-0.5722141967773438,-0.2561795776367187,10.292672937011718
24.44148826599121,0.07554211342601411,0.023315467106794475,-0.003863705977697371,-0.55545478515625,-0.27293898925781246,10.335768566894531
24.461429357528687,0.07594180714784488,0.02011791733214838,-0.006128637068071691,-0.5363011718749999,-0.29448680419921874,10.266336718749999
24.481369733810425,0.07247779489197827,0.02078407353519965,-0.00985911180515881,-0.5865794067382812,-0.2705447875976562,10.350133776855468
24.50187110900879,0.07460949474174233,0.01705359879811253,-0.006128637068071691,-0.5817910034179687,-0.2537853759765625,10.290278735351562
24.521477222442627,0.0770076570727269,0.0191852986478766,-0.0073277182335639785,-0.5530605834960938,-0.30406361083984373,10.319009155273436
24.541538953781128,0.06967993883916293,0.015987748873230498,-0.0019984686091538122,-0.584185205078125,-0.26336218261718747,10.287884533691406
24.56142807006836,0.07420980101991156,0.018252679963604822,-0.0039969372183076245,-0.5698199951171875,-0.24660277099609373,10.287884533691406
24.581793785095215,0.0750091884635731,0.01958499236970736,-0.007993874436615249,-0.5482721801757812,-0.28969840087890625,10.295067138671874
24.601687908172607,0.07607503838845513,0.02398162330984575,-0.0039969372183076245,-0.5889736083984375,-0.2705447875976562,10.273519323730468
24.621544122695923,0.07420980101991156,0.013856049023466432,-0.004663093421358896,-0.5410895751953124,-0.2920926025390625,10.402806213378906
24.64126181602478,0.07567534466662437,0.022516079663132953,-0.0074609494741742334,-0.5578489868164063,-0.3112462158203125,10.292672937011718
24.66161060333252,0.071811638688927,0.014788667707738212,-0.005196018383799912,-0.59376201171875,-0.3016694091796875,10.321403356933594
24.681535959243774,0.07434303226052183,0.016787136316892024,-0.004929555902579405,-0.5195417602539062,-0.2657563842773437,10.307038146972655
24.701720237731934,0.07794027575699868,0.019318529888486854,-0.004396630940138387,-0.5386953735351562,-0.2753331909179687,10.287884533691406
24.72154688835144,0.07540888218540386,0.018652373685435583,-0.004929555902579405,-0.5626373901367188,-0.25139117431640623,10.31661495361328
24.741491079330444,0.07261102613258852,0.022249617181912446,-0.00479632466196915,-0.5458779785156249,-0.277727392578125,10.304643945312499
24.76172947883606,0.07034609504221419,0.018785604926045835,-0.004663093421358896,-0.5722141967773438,-0.2537853759765625,10.299855541992187
24.7816424369812,0.07740735079455767,0.016787136316892024,-0.0030643185340358454,-0.5410895751953124,-0.2537853759765625,10.271125122070313
24.801563024520874,0.0752756509447936,0.019052067407266345,-0.004263399699528133,-0.5602431884765625,-0.33518823242187495,10.287884533691406
24.821619987487793,0.07287748861380902,0.01705359879811253,-0.005062787143189658,-0.5458779785156249,-0.44532150878906246,10.297461340332031
24.841527700424194,0.07554211342601411,0.01985145485092787,-0.006794793271122962,-0.5961562133789062,-0.277727392578125,10.280701928710936
24.861586809158325,0.07460949474174233,0.018652373685435583,-0.004529862180748642,-0.5865794067382812,-0.26336218261718747,10.302249743652343
24.88157296180725,0.07341041357625004,0.019318529888486854,-0.006661562030512709,-0.5099649536132812,-0.2561795776367187,10.280701928710936
24.901891946792603,0.07447626350113207,0.017986217482384312,-0.002531393571594829,-0.5291185668945312,-0.2753331909179687,10.340556970214843
24.92158842086792,0.07727411955394742,0.020917304775809907,-0.0039969372183076245,-0.5363011718749999,-0.2825157958984375,10.273519323730468
24.94155240058899,0.07634150086967564,0.01945176112909711,-0.0063950995492922,-0.5578489868164063,-0.24660277099609373,10.287884533691406
24.961519241333008,0.07820673823821919,0.018652373685435583,-0.0058621745868511835,-0.5339069702148437,-0.2920926025390625,10.314220751953124
24.981600046157837,0.07247779489197827,0.01945176112909711,-0.005062787143189658,-0.5578489868164063,-0.26336218261718747,10.27830772705078
25.001816511154175,0.07367687605747056,0.018252679963604822,-0.006794793271122962,-0.59376201171875,-0.25139117431640623,10.328585961914062
25.021671533584595,0.07287748861380902,0.018918836166656093,-0.009459418083328047,-0.5722141967773438,-0.2537853759765625,10.319009155273436
25.041676998138428,0.07833996947882944,0.017453292519943295,-0.005462480865020421,-0.5626373901367188,-0.2657563842773437,10.32379755859375
25.061625480651855,0.07687442583211665,0.0191852986478766,-0.004130168458917879,-0.565031591796875,-0.2753331909179687,10.314220751953124
25.08269453048706,0.07301071985441929,0.021583460978861175,-0.009725880564548555,-0.5339069702148437,-0.28012159423828126,10.283096130371094
25.10212755203247,0.07327718233563979,0.016254211354451008,-0.002797856052815337,-0.5339069702148437,-0.22744915771484372,10.395623608398436
25.121535062789917,0.07074578876404496,0.017719755001163805,-0.006128637068071691,-0.5458779785156249,-0.2537853759765625,10.292672937011718
25.141278982162476,0.07634150086967564,0.022382848422522698,-0.004263399699528133,-0.5363011718749999,-0.26815058593749996,10.287884533691406
25.161500692367554,0.07967228188493199,0.01985145485092787,-0.004130168458917879,-0.5530605834960938,-0.30406361083984373,10.283096130371094
25.1814386844635,0.07540888218540386,0.019318529888486854,-0.0063950995492922,-0.5434837768554687,-0.277727392578125,10.290278735351562
25.20144271850586,0.07873966320066021,0.016254211354451008,-0.005329249624410167,-0.565031591796875,-0.24660277099609373,10.299855541992187
25.221499919891357,0.07420980101991156,0.020917304775809907,-0.006528330789902454,-0.5793968017578125,-0.26815058593749996,10.290278735351562
25.241733074188232,0.07714088831333717,0.019984686091538122,-0.008393568158446012,-0.5506663818359374,-0.23702596435546874,10.36210478515625
25.261590003967285,0.07407656977930133,0.022516079663132953,-0.006261868308681946,-0.5865794067382812,-0.2920926025390625,10.156203442382813
25.281543254852295,0.07807350699760894,0.01945176112909711,-0.00479632466196915,-0.5578489868164063,-0.28012159423828126,10.302249743652343
25.301894664764404,0.07607503838845513,0.017186830038722786,-0.0057289433462409285,-0.5602431884765625,-0.4477157104492187,10.251971508789062
25.32159686088562,0.07420980101991156,0.019984686091538122,-0.0073277182335639785,-0.5602431884765625,-0.2657563842773437,10.266336718749999
25.341399908065796,0.07820673823821919,0.020251148572758632,-0.006128637068071691,-0.565031591796875,-0.2920926025390625,10.268730920410155
25.361318349838257,0.07567534466662437,0.019984686091538122,-0.004663093421358896,-0.6105214233398437,-0.28012159423828126,10.304643945312499
25.381532907485962,0.07580857590723461,0.014788667707738212,-0.0018652373685435584,-0.5578489868164063,-0.239420166015625,10.311826550292968
25.401610136032104,0.0750091884635731,0.017986217482384312,-0.005196018383799912,-0.5482721801757812,-0.2609679809570312,10.292672937011718
25.42141032218933,0.071811638688927,0.01958499236970736,-0.006794793271122962,-0.5913678100585937,-0.27293898925781246,10.287884533691406
25.441227436065674,0.07567534466662437,0.016520673835671518,-0.004929555902579405,-0.5817910034179687,-0.277727392578125,10.32379755859375
25.463286638259888,0.07221133241075775,0.019052067407266345,-0.006928024511733216,-0.565031591796875,-0.28730419921875,10.311826550292968
25.481581926345825,0.07367687605747056,0.01705359879811253,-0.008793261880276773,-0.565031591796875,-0.3016694091796875,10.273519323730468
25.50171136856079,0.0816707504940858,0.01851914244482533,-0.006261868308681946,-0.5602431884765625,-0.30406361083984373,10.321403356933594
25.521397590637207,0.07327718233563979,0.0127901990985844,-0.009992343045769061,-0.5722141967773438,-0.28490999755859375,10.249577307128906
25.54138207435608,0.07354364481686029,0.017986217482384312,-0.004130168458917879,-0.5722141967773438,-0.26336218261718747,10.321403356933594
25.56208348274231,0.07487595722296284,0.01985145485092787,-0.0026646248122050836,-0.5506663818359374,-0.24899697265624998,10.251971508789062
25.58171248435974,0.07873966320066021,0.013989280264076687,-0.00479632466196915,-0.55545478515625,-0.2657563842773437,10.235212097167969
25.601921319961548,0.07447626350113207,0.016520673835671518,-0.0030643185340358454,-0.5722141967773438,-0.2920926025390625,10.275913525390624
25.62155055999756,0.07141194496709623,0.01705359879811253,-0.004529862180748642,-0.5267243652343749,-0.2657563842773437,10.307038146972655
25.64136505126953,0.07820673823821919,0.017586523760553547,-0.005062787143189658,-0.5434837768554687,-0.2609679809570312,10.287884533691406
25.66136121749878,0.0750091884635731,0.016520673835671518,-0.009326186842717792,-0.55545478515625,-0.30885201416015623,10.319009155273436
25.681575775146484,0.07754058203516792,0.020251148572758632,-0.002531393571594829,-0.5339069702148437,-0.2705447875976562,10.359710583496094
25.701642990112305,0.0738101072980808,0.02145022973825092,-0.004130168458917879,-0.5746083984375,-0.2705447875976562,10.307038146972655
25.721574783325195,0.07607503838845513,0.016387442595061263,-0.008127105677225504,-0.5267243652343749,-0.26336218261718747,10.319009155273436
25.741588592529297,0.07913935692249098,0.01945176112909711,-0.006794793271122962,-0.5746083984375,-0.29448680419921874,10.299855541992187
25.761602640151978,0.0750091884635731,0.018119448722994567,-0.008526799399056265,-0.5243301635742187,-0.26336218261718747,10.328585961914062
25.781280517578125,0.07767381327577817,0.014788667707738212,-0.007727411955394742,-0.5506663818359374,-0.28969840087890625,10.28549033203125
25.801681756973267,0.07567534466662437,0.021583460978861175,-0.005329249624410167,-0.55545478515625,-0.2537853759765625,10.261548315429687
25.821504592895508,0.07247779489197827,0.018652373685435583,-0.005462480865020421,-0.55545478515625,-0.28730419921875,10.31661495361328
25.84147572517395,0.07247779489197827,0.016787136316892024,-0.007061255752343471,-0.59376201171875,-0.3280056274414062,10.376469995117187
25.861652851104736,0.07341041357625004,0.01372281778285618,-0.006661562030512709,-0.5363011718749999,-0.16280571289062498,10.345345373535155
25.881654977798462,0.07833996947882944,0.017719755001163805,-0.004130168458917879,-0.5674257934570313,-0.296881005859375,10.299855541992187
25.902169227600098,0.07620826962906538,0.017852986241774057,-0.004929555902579405,-0.5770026000976562,-0.28969840087890625,10.388441003417968
25.921753644943237,0.07820673823821919,0.015188361429568975,-0.005062787143189658,-0.565031591796875,-0.24660277099609373,10.340556970214843
25.941822290420532,0.07460949474174233,0.021849923460081685,-0.0018652373685435584,-0.5147533569335937,-0.2825157958984375,10.290278735351562
25.961681365966797,0.07354364481686029,0.017852986241774057,-0.00479632466196915,-0.5793968017578125,-0.4381389038085937,10.302249743652343
25.98172354698181,0.07580857590723461,0.013856049023466432,-0.0075941807147844875,-0.5506663818359374,-0.30406361083984373,10.31661495361328
26.00240445137024,0.07873966320066021,0.018119448722994567,-0.005995405827461438,-0.5315127685546874,-0.28969840087890625,10.304643945312499
26.021888494491577,0.0747427259823526,0.017186830038722786,-0.03410719759622506,-0.5434837768554687,-0.33039982910156246,10.297461340332031
26.041805744171143,0.07460949474174233,0.017186830038722786,-0.006794793271122962,-0.5386953735351562,-0.27293898925781246,10.302249743652343
26.061887741088867,0.0752756509447936,0.016387442595061263,-0.007061255752343471,-0.59376201171875,-0.28969840087890625,10.295067138671874
26.081987857818604,0.0738101072980808,0.018785604926045835,-0.005329249624410167,-0.5746083984375,-0.3016694091796875,10.299855541992187
26.102345943450928,0.07114548248587572,0.013056661579804908,-0.0026646248122050836,-0.5434837768554687,-0.23223756103515625,10.319009155273436
26.121800899505615,0.07714088831333717,0.013856049023466432,-0.005462480865020421,-0.5626373901367188,-0.2825157958984375,10.266336718749999
26.141773223876953,0.0767411945915064,0.019052067407266345,-0.006128637068071691,-0.5698199951171875,-0.32082302246093747,10.326191760253906
26.161741018295288,0.07367687605747056,0.018252679963604822,-0.009192955602107537,-0.612915625,-0.34237083740234375,10.287884533691406
26.182127714157104,0.07660796335089615,0.016254211354451008,-0.0063950995492922,-0.5506663818359374,-0.30406361083984373,10.338162768554687
26.202089071273804,0.0750091884635731,0.017586523760553547,-0.0073277182335639785,-0.5817910034179687,-0.296881005859375,10.295067138671874
26.221800804138184,0.07554211342601411,0.016254211354451008,-0.006794793271122962,-0.5626373901367188,-0.258573779296875,10.263942517089843
26.241708278656006,0.07354364481686029,0.01532159267017923,-0.004130168458917879,-0.5530605834960938,-0.28012159423828126,10.36210478515625
26.26222801208496,0.07434303226052183,0.02011791733214838,-0.002264931090374321,-0.5315127685546874,-0.296881005859375,10.273519323730468
26.28191828727722,0.07580857590723461,0.017719755001163805,-0.0073277182335639785,-0.5626373901367188,-0.25139117431640623,10.244788903808594
26.30244779586792,0.07860643196004995,0.023581929588014985,-0.0075941807147844875,-0.565031591796875,-0.26336218261718747,10.283096130371094
26.32175374031067,0.0752756509447936,0.017852986241774057,-0.007194486992953725,-0.5602431884765625,-0.28969840087890625,10.412383020019531
26.341785192489624,0.07407656977930133,0.01505513018895872,-0.008926493120887028,-0.59376201171875,-0.30406361083984373,10.242394702148436
26.36200761795044,0.07727411955394742,0.017186830038722786,-0.006528330789902454,-0.5602431884765625,-0.27293898925781246,10.35492218017578
26.38230872154236,0.07314395109502954,0.014522205226517705,0.03384073511500456,-0.5578489868164063,-0.28490999755859375,10.345345373535155
26.402101516723633,0.07434303226052183,0.019984686091538122,-0.001732006127933304,-0.5410895751953124,-0.3280056274414062,10.290278735351562
26.42166042327881,0.0738101072980808,0.01732006127933304,-0.004929555902579405,-0.5458779785156249,-0.28730419921875,10.314220751953124
26.441697597503662,0.07367687605747056,0.0191852986478766,-0.008127105677225504,-0.5482721801757812,-0.23702596435546874,10.177751257324218
26.46199345588684,0.07301071985441929,0.02118376725703041,-0.0058621745868511835,-0.5458779785156249,-0.3064578125,10.290278735351562
26.482074975967407,0.07047932628282445,0.018652373685435583,-0.0063950995492922,-0.5482721801757812,-0.30885201416015623,10.292672937011718
26.50179386138916,0.07047932628282445,0.018918836166656093,-0.0031975497746461,-0.5746083984375,-0.28012159423828126,10.335768566894531
26.521718502044678,0.0720781011701475,0.021716692219471426,-0.006661562030512709,-0.55545478515625,-0.15562310791015624,10.295067138671874
26.54169201850891,0.07727411955394742,0.014655436467127957,-0.004396630940138387,-0.5698199951171875,-0.27293898925781246,10.235212097167969
26.56193995475769,0.07554211342601411,0.01732006127933304,-0.0037304747370871167,-0.5770026000976562,-0.33039982910156246,10.374075793457031
26.582270860671997,0.07274425737319877,0.01692036755750228,-0.008127105677225504,-0.5722141967773438,-0.29927520751953124,10.295067138671874
26.601929426193237,0.07740735079455767,0.014255742745297196,-0.006261868308681946,-0.5530605834960938,-0.27293898925781246,10.352527978515624
26.621994495391846,0.07540888218540386,0.020650842294589397,-0.004263399699528133,-0.5410895751953124,-0.2561795776367187,10.307038146972655
26.641794204711914,0.07567534466662437,0.018119448722994567,-0.005995405827461438,-0.5458779785156249,-0.23223756103515625,10.268730920410155
26.66209602355957,0.07274425737319877,0.014921898948348467,-0.004263399699528133,-0.5746083984375,-0.26815058593749996,10.275913525390624
26.682363033294678,0.07727411955394742,0.01945176112909711,-0.007860643196004996,-0.5123591552734374,-0.2657563842773437,10.280701928710936
26.702162504196167,0.07087902000465522,0.020251148572758632,-0.004396630940138387,-0.5434837768554687,-0.3016694091796875,10.311826550292968
26.721765995025635,0.07820673823821919,0.019984686091538122,-0.0039969372183076245,-0.5267243652343749,-0.2920926025390625,10.299855541992187
26.74192476272583,0.07261102613258852,0.01985145485092787,-0.004396630940138387,-0.5722141967773438,-0.29448680419921874,10.359710583496094
26.761756420135498,0.07767381327577817,0.015188361429568975,-0.0095926493239383,-0.5674257934570313,-0.26815058593749996,10.340556970214843
26.781831741333008,0.07420980101991156,0.014655436467127957,-0.004130168458917879,-0.603338818359375,-0.258573779296875,10.328585961914062
26.802093029022217,0.07540888218540386,0.01958499236970736,-0.002398162330984575,-0.565031591796875,-0.2920926025390625,10.268730920410155
26.82181143760681,0.07567534466662437,0.020650842294589397,-0.007061255752343471,-0.5482721801757812,-0.27293898925781246,10.275913525390624
26.84160304069519,0.07367687605747056,0.012390505376753637,-0.005995405827461438,-0.5219359619140624,-0.26815058593749996,10.307038146972655
26.861791849136353,0.07367687605747056,0.01505513018895872,-0.006928024511733216,-0.59376201171875,-0.2705447875976562,10.299855541992187
26.8818416595459,0.07567534466662437,0.020917304775809907,-0.00479632466196915,-0.55545478515625,-0.24181436767578124,10.292672937011718
26.90215563774109,0.0767411945915064,0.021983154700691936,-0.004929555902579405,-0.5363011718749999,-0.23223756103515625,10.307038146972655
26.922005891799927,0.07314395109502954,0.016520673835671518,-0.0003996937218307625,-0.5434837768554687,-0.28730419921875,10.333374365234375
26.941749572753906,0.07714088831333717,0.016254211354451008,-0.008393568158446012,-0.55545478515625,-0.239420166015625,10.27830772705078
26.961723566055298,0.0767411945915064,0.01372281778285618,-0.0037304747370871167,-0.5602431884765625,-0.2753331909179687,10.321403356933594
26.98185896873474,0.07847320071943971,0.017453292519943295,-0.005995405827461438,-0.5770026000976562,-0.3112462158203125,10.127473022460936
27.001956939697266,0.07420980101991156,0.018385911204215073,-0.004663093421358896,-0.565031591796875,-0.2753331909179687,10.283096130371094
27.02216100692749,0.0720781011701475,0.01985145485092787,-0.0075941807147844875,-0.5698199951171875,-0.26815058593749996,10.31661495361328
27.041736364364624,0.07660796335089615,0.014655436467127957,-0.004929555902579405,-0.51714755859375,-0.2753331909179687,10.275913525390624
27.06181502342224,0.07074578876404496,0.014522205226517705,-0.005595712105630674,-0.565031591796875,-0.2609679809570312,10.299855541992187
27.0823872089386,0.07767381327577817,0.018785604926045835,-0.009326186842717792,-0.5674257934570313,-0.2657563842773437,10.311826550292968
27.102298259735107,0.07514241970418334,0.020384379813368887,-0.008260336917835759,-0.5674257934570313,-0.2537853759765625,10.31661495361328
27.12183666229248,0.07900612568188072,0.01705359879811253,-0.00479632466196915,-0.5506663818359374,-0.2753331909179687,10.311826550292968
27.141833782196045,0.07687442583211665,0.016787136316892024,-0.0063950995492922,-0.55545478515625,-0.239420166015625,10.290278735351562
27.161794662475586,0.07873966320066021,0.017852986241774057,-0.004929555902579405,-0.5698199951171875,-0.26336218261718747,10.338162768554687
27.182287454605103,0.07714088831333717,0.021849923460081685,-0.0014655436467127959,-0.5530605834960938,-0.2537853759765625,10.27830772705078
27.20214033126831,0.07767381327577817,0.02105053601642016,-0.008393568158446012,-0.5386953735351562,-0.2561795776367187,10.32379755859375
27.221759557724,0.07754058203516792,0.016254211354451008,-0.007061255752343471,-0.5147533569335937,-0.2825157958984375,10.340556970214843
27.242090702056885,0.07487595722296284,0.0191852986478766,-0.00479632466196915,-0.5578489868164063,-0.29927520751953124,10.295067138671874
27.261709690093994,0.07660796335089615,0.018652373685435583,-0.005196018383799912,-0.5770026000976562,-0.28490999755859375,10.261548315429687
27.282407522201538,0.07407656977930133,0.018785604926045835,-0.007860643196004996,-0.584185205078125,-0.24181436767578124,10.345345373535155
27.302066326141357,0.07767381327577817,0.017986217482384312,-0.0058621745868511835,-0.5434837768554687,-0.30406361083984373,10.292672937011718
27.32170867919922,0.07740735079455767,0.018385911204215073,-0.004130168458917879,-0.5530605834960938,-0.28730419921875,10.271125122070313
27.341644525527954,0.07394333853869106,0.018385911204215073,-0.0039969372183076245,-0.5961562133789062,-0.239420166015625,10.275913525390624
27.36202597618103,0.0738101072980808,0.015854517632620246,-0.008793261880276773,-0.5267243652343749,-0.2537853759765625,10.165780249023436
27.3817617893219,0.07580857590723461,0.017453292519943295,-0.006794793271122962,-0.5698199951171875,-0.2825157958984375,10.342951171874999
27.402202606201172,0.07247779489197827,0.01945176112909711,-0.0021316998497640663,-0.5746083984375,-0.2609679809570312,10.314220751953124
27.421902418136597,0.07394333853869106,0.01732006127933304,-0.0021316998497640663,-0.5698199951171875,-0.26815058593749996,10.256759912109374
27.44175148010254,0.0752756509447936,0.013323124061025418,-0.005595712105630674,-0.5506663818359374,-0.2442085693359375,10.314220751953124
27.461738109588623,0.07327718233563979,0.02011791733214838,-0.005595712105630674,-0.5458779785156249,-0.2442085693359375,10.326191760253906
27.48174548149109,0.07580857590723461,0.017186830038722786,-0.007727411955394742,-0.5530605834960938,-0.277727392578125,10.299855541992187
27.501915454864502,0.07247779489197827,0.02118376725703041,-0.004663093421358896,-0.5219359619140624,-0.26815058593749996,10.287884533691406
27.521731853485107,0.0747427259823526,0.0191852986478766,-0.005196018383799912,-0.5434837768554687,-0.2657563842773437,10.292672937011718
27.541747093200684,0.07514241970418334,0.01985145485092787,-0.003863705977697371,-0.5674257934570313,-0.3112462158203125,10.266336718749999
27.56206226348877,0.07660796335089615,0.01732006127933304,-0.007727411955394742,-0.5578489868164063,-0.2609679809570312,10.287884533691406
27.581928491592407,0.07740735079455767,0.015854517632620246,-0.007061255752343471,-0.5674257934570313,-0.3064578125,10.319009155273436
27.602209329605103,0.0747427259823526,0.018918836166656093,-0.0003996937218307625,-0.5243301635742187,-0.277727392578125,10.151415039062499
27.621907949447632,0.06981317007977318,0.017852986241774057,-0.008793261880276773,-0.5482721801757812,-0.2753331909179687,10.290278735351562
27.64187979698181,0.07167840744831674,0.017453292519943295,-0.004663093421358896,-0.5410895751953124,-0.3016694091796875,10.299855541992187
27.66209101676941,0.07314395109502954,0.020384379813368887,-0.006661562030512709,-0.565031591796875,-0.2346317626953125,10.259154113769531
27.68191885948181,0.07540888218540386,0.020384379813368887,-0.004263399699528133,-0.5602431884765625,-0.2537853759765625,10.297461340332031
27.70184302330017,0.07567534466662437,0.018252679963604822,-0.004529862180748642,-0.5315127685546874,-0.316034619140625,10.328585961914062
27.721837520599365,0.0770076570727269,0.02105053601642016,-0.005329249624410167,-0.5530605834960938,-0.2609679809570312,10.328585961914062
27.741832494735718,0.07087902000465522,0.014921898948348467,-0.002398162330984575,-0.5770026000976562,-0.28969840087890625,10.338162768554687
27.761781454086304,0.07807350699760894,0.02078407353519965,-0.005462480865020421,-0.5243301635742187,-0.28969840087890625,10.333374365234375
27.781758308410645,0.07247779489197827,0.020384379813368887,-0.007993874436615249,-0.5602431884765625,-0.26336218261718747,10.357316381835936
27.801849126815796,0.07194486992953725,0.020251148572758632,-0.007194486992953725,-0.5793968017578125,-0.24899697265624998,10.304643945312499
27.82171058654785,0.07580857590723461,0.01958499236970736,-0.004130168458917879,-0.5602431884765625,-0.2609679809570312,10.328585961914062
27.841694355010986,0.07820673823821919,0.02011791733214838,-0.005595712105630674,-0.5482721801757812,-0.2825157958984375,10.307038146972655
27.862118005752563,0.07434303226052183,0.015588055151399738,-0.006261868308681946,-0.5602431884765625,-0.28012159423828126,10.328585961914062
27.88178253173828,0.07634150086967564,0.0191852986478766,-0.002797856052815337,-0.5530605834960938,-0.28012159423828126,10.263942517089843
27.90193510055542,0.07727411955394742,0.01945176112909711,-0.0058621745868511835,-0.5698199951171875,-0.28490999755859375,10.290278735351562
27.921857595443726,0.07554211342601411,0.021716692219471426,-0.00985911180515881,-0.49799394531249996,-0.277727392578125,10.268730920410155
27.94191884994507,0.07420980101991156,0.018385911204215073,-0.004263399699528133,-0.5865794067382812,-0.2705447875976562,10.338162768554687
27.961721897125244,0.07807350699760894,0.018252679963604822,-0.01052526800821008,-0.55545478515625,-0.28012159423828126,10.244788903808594
27.98194646835327,0.07767381327577817,0.01372281778285618,-0.004396630940138387,-0.5865794067382812,-0.2753331909179687,10.376469995117187
28.002192735671997,0.07407656977930133,0.023182235866184224,-0.004929555902579405,-0.5578489868164063,-0.2705447875976562,10.273519323730468
28.021926641464233,0.07807350699760894,0.01958499236970736,-0.006261868308681946,-0.5506663818359374,-0.3112462158203125,10.283096130371094
28.041961908340454,0.07660796335089615,0.014122511504686942,-0.0058621745868511835,-0.5793968017578125,-0.2753331909179687,10.376469995117187
28.06199073791504,0.07580857590723461,0.016653905076281773,-0.006794793271122962,-0.584185205078125,-0.2442085693359375,10.299855541992187
28.081913471221924,0.0767411945915064,0.015987748873230498,-0.004529862180748642,-0.5889736083984375,-0.2442085693359375,10.297461340332031
28.101975917816162,0.07887289444127048,0.018119448722994567,-0.0058621745868511835,-0.5410895751953124,-0.21068974609375,10.330980163574218
28.121891736984253,0.07301071985441929,0.022249617181912446,-0.004663093421358896,-0.5698199951171875,-0.258573779296875,10.326191760253906
28.141862154006958,0.07341041357625004,0.016120980113840753,-0.0033307810152563544,-0.5530605834960938,-0.24660277099609373,10.40041201171875
28.16179633140564,0.07767381327577817,0.014788667707738212,-0.002264931090374321,-0.5434837768554687,-0.25139117431640623,10.27830772705078
28.181917667388916,0.07567534466662437,0.02424808579106626,-0.010658499248820334,-0.565031591796875,-0.296881005859375,10.290278735351562
28.20256733894348,0.07687442583211665,0.018119448722994567,-0.005062787143189658,-0.565031591796875,-0.27293898925781246,10.292672937011718
28.221942901611328,0.07634150086967564,0.019052067407266345,-0.005196018383799912,-0.5770026000976562,-0.23223756103515625,10.287884533691406
28.241859197616577,0.07594180714784488,0.016120980113840753,-0.005062787143189658,-0.5674257934570313,-0.239420166015625,10.24000050048828
28.261789083480835,0.07061255752343472,0.015188361429568975,-0.005329249624410167,-0.5506663818359374,-0.24181436767578124,10.28549033203125
28.281648874282837,0.07394333853869106,0.022915773384963714,-0.0073277182335639785,-0.5578489868164063,-0.22505495605468748,10.330980163574218
28.30245852470398,0.0750091884635731,0.018918836166656093,-0.005462480865020421,-0.5458779785156249,-0.24660277099609373,10.311826550292968
28.321895599365234,0.07487595722296284,0.024514548272286763,-0.004263399699528133,-0.5410895751953124,-0.28490999755859375,10.275913525390624
28.341748476028442,0.08153751925347555,0.01851914244482533,-0.006128637068071691,-0.5482721801757812,-0.2561795776367187,10.283096130371094
28.3618803024292,0.07394333853869106,0.019052067407266345,-0.004663093421358896,-0.5961562133789062,-0.2537853759765625,10.299855541992187
28.382007360458374,0.07487595722296284,0.014921898948348467,-0.0014655436467127959,-0.5195417602539062,-0.2561795776367187,10.299855541992187
28.405030012130737,0.07327718233563979,0.02131699849764067,-0.006661562030512709,-0.5674257934570313,-0.277727392578125,10.153809240722655
28.42204785346985,0.07780704451638844,0.018119448722994567,-0.0073277182335639785,-0.5626373901367188,-0.28969840087890625,10.24000050048828
28.44209051132202,0.07580857590723461,0.022516079663132953,-0.005196018383799912,-0.5698199951171875,-0.277727392578125,10.340556970214843
28.462065935134888,0.0752756509447936,0.01692036755750228,-0.005462480865020421,-0.5698199951171875,-0.28969840087890625,10.273519323730468
28.482020139694214,0.07341041357625004,0.01945176112909711,-0.005196018383799912,-0.55545478515625,-0.25139117431640623,10.304643945312499
28.502323627471924,0.07554211342601411,0.020517611053979142,-0.0074609494741742334,-0.5698199951171875,-0.3016694091796875,10.271125122070313
28.521565437316895,0.0764747321102859,0.022116385941302188,-0.007860643196004996,-0.55545478515625,-0.2753331909179687,10.275913525390624
28.541807174682617,0.07900612568188072,0.020517611053979142,-0.003464012255866608,-0.5722141967773438,-0.2753331909179687,10.395623608398436
28.56237292289734,0.0770076570727269,0.01732006127933304,-0.007860643196004996,-0.5578489868164063,-0.2825157958984375,10.283096130371094
28.581889867782593,0.07314395109502954,0.017986217482384312,-0.0035972434964768626,-0.5578489868164063,-0.29448680419921874,10.345345373535155
28.601977348327637,0.07460949474174233,0.017852986241774057,-0.006261868308681946,-0.5482721801757812,-0.30885201416015623,10.302249743652343
28.621917009353638,0.07194486992953725,0.019984686091538122,-0.007194486992953725,-0.5746083984375,-0.27293898925781246,10.297461340332031
28.641815185546875,0.07554211342601411,0.01985145485092787,-0.006661562030512709,-0.55545478515625,-0.239420166015625,10.35492218017578
28.66179370880127,0.07194486992953725,0.019318529888486854,-0.007727411955394742,-0.5722141967773438,-0.2753331909179687,10.307038146972655
28.68180823326111,0.07993874436615249,0.014655436467127957,-0.0037304747370871167,-0.5410895751953124,-0.2753331909179687,10.326191760253906
28.70183491706848,0.07727411955394742,0.01985145485092787,-0.005595712105630674,-0.5530605834960938,-0.26336218261718747,10.297461340332031
28.721814155578613,0.07407656977930133,0.014655436467127957,-0.0073277182335639785,-0.5674257934570313,-0.26815058593749996,10.299855541992187
28.74186682701111,0.07247779489197827,0.019984686091538122,-0.007194486992953725,-0.5817910034179687,-0.258573779296875,10.271125122070313
28.761878967285156,0.07447626350113207,0.018918836166656093,-0.004396630940138387,-0.5434837768554687,-0.26815058593749996,10.328585961914062
28.781877040863037,0.07167840744831674,0.016254211354451008,-0.003464012255866608,-0.5602431884765625,-0.24899697265624998,10.302249743652343
28.801862955093384,0.07754058203516792,0.022782542144353463,-0.0074609494741742334,-0.5674257934570313,-0.2609679809570312,10.314220751953124
28.82187247276306,0.07327718233563979,0.023848392069235495,-0.006661562030512709,-0.565031591796875,-0.26815058593749996,10.283096130371094
28.841864347457886,0.08207044421591657,0.020650842294589397,-0.006261868308681946,-0.5865794067382812,-0.3112462158203125,10.307038146972655
28.861759424209595,0.07727411955394742,0.02131699849764067,-0.005995405827461438,-0.55545478515625,-0.2753331909179687,10.326191760253906
28.882386684417725,0.07687442583211665,0.01705359879811253,-0.006261868308681946,-0.5793968017578125,-0.2346317626953125,10.122684619140625
28.902512311935425,0.07634150086967564,0.018652373685435583,-0.004130168458917879,-0.5578489868164063,-0.24899697265624998,10.330980163574218
28.92187809944153,0.07194486992953725,0.01345635530163567,-0.0058621745868511835,-0.5578489868164063,-0.27293898925781246,10.304643945312499
28.941869258880615,0.0747427259823526,0.018918836166656093,-0.004263399699528133,-0.5315127685546874,-0.28969840087890625,10.376469995117187
28.96184492111206,0.07514241970418334,0.016787136316892024,-0.003863705977697371,-0.5770026000976562,-0.28730419921875,10.220846887207031
28.981868028640747,0.07714088831333717,0.023581929588014985,-0.004396630940138387,-0.5674257934570313,-0.29448680419921874,10.297461340332031
29.002073764801025,0.0738101072980808,0.01732006127933304,-0.005329249624410167,-0.5363011718749999,-0.28012159423828126,10.319009155273436
29.022361755371094,0.07634150086967564,0.01851914244482533,-0.0039969372183076245,-0.6057330200195312,-0.277727392578125,10.299855541992187
29.042076349258423,0.07860643196004995,0.01945176112909711,-0.004396630940138387,-0.5482721801757812,-0.258573779296875,10.27830772705078
29.061983585357666,0.08033843808798326,0.01572128639200999,-0.006661562030512709,-0.5674257934570313,-0.25139117431640623,10.333374365234375
29.082363605499268,0.07660796335089615,0.02424808579106626,-0.007061255752343471,-0.5195417602539062,-0.2705447875976562,10.302249743652343
29.10209631919861,0.0752756509447936,0.01705359879811253,-0.007993874436615249,-0.5626373901367188,-0.26336218261718747,10.309432348632813
29.121923446655273,0.0767411945915064,0.018385911204215073,-0.005595712105630674,-0.5793968017578125,-0.2705447875976562,10.335768566894531
29.14184069633484,0.07727411955394742,0.018385911204215073,-0.003464012255866608,-0.5602431884765625,-0.2825157958984375,10.283096130371094
29.162015199661255,0.0720781011701475,0.014788667707738212,-0.005196018383799912,-0.5482721801757812,-0.2442085693359375,10.280701928710936
29.181906938552856,0.0770076570727269,0.02105053601642016,-0.005329249624410167,-0.565031591796875,-0.3016694091796875,10.333374365234375
29.202042818069458,0.07913935692249098,0.0191852986478766,-0.006528330789902454,-0.5674257934570313,-0.3016694091796875,10.309432348632813
29.221868991851807,0.07487595722296284,0.017453292519943295,-0.0074609494741742334,-0.5985504150390625,-0.26336218261718747,10.223241088867187
29.241893529891968,0.07487595722296284,0.020384379813368887,-0.004929555902579405,-0.565031591796875,-0.2705447875976562,10.330980163574218
29.261953830718994,0.07301071985441929,0.01505513018895872,-0.007993874436615249,-0.5363011718749999,-0.2537853759765625,10.268730920410155
29.281870126724243,0.07341041357625004,0.017586523760553547,-0.0030643185340358454,-0.5434837768554687,-0.2537853759765625,10.32379755859375
29.301945209503174,0.07434303226052183,0.023182235866184224,-0.006261868308681946,-0.5434837768554687,-0.28969840087890625,10.297461340332031
29.322920083999634,0.07394333853869106,0.018119448722994567,-0.008260336917835759,-0.5363011718749999,-0.2442085693359375,10.340556970214843
29.342339992523193,0.07727411955394742,0.017186830038722786,-0.0073277182335639785,-0.5530605834960938,-0.3280056274414062,10.268730920410155
29.362346172332764,0.07727411955394742,0.016387442595061263,-0.007993874436615249,-0.5602431884765625,-0.2753331909179687,10.31661495361328
29.3819682598114,0.07447626350113207,0.020650842294589397,-0.004130168458917879,-0.5434837768554687,-0.239420166015625,10.357316381835936
29.40191102027893,0.07554211342601411,0.021983154700691936,-0.0026646248122050836,-0.5219359619140624,-0.2920926025390625,10.295067138671874
29.422048091888428,0.07634150086967564,0.020251148572758632,-0.002398162330984575,-0.59376201171875,-0.27293898925781246,10.273519323730468
29.441813230514526,0.071811638688927,0.023315467106794475,-0.005196018383799912,-0.5410895751953124,-0.2705447875976562,10.304643945312499
29.46223759651184,0.07314395109502954,0.018918836166656093,-0.004130168458917879,-0.565031591796875,-0.24181436767578124,10.28549033203125
29.481606483459473,0.07634150086967564,0.02011791733214838,-0.0019984686091538122,-0.5506663818359374,-0.2753331909179687,10.287884533691406
29.502047538757324,0.07580857590723461,0.018918836166656093,-0.0057289433462409285,-0.5961562133789062,-0.2920926025390625,10.280701928710936
29.521790027618408,0.07514241970418334,0.018252679963604822,-0.004396630940138387,-0.5793968017578125,-0.3064578125,10.376469995117187
29.541588306427002,0.07514241970418334,0.014255742745297196,-0.005329249624410167,-0.59376201171875,-0.316034619140625,10.31661495361328
29.562350034713745,0.07540888218540386,0.015188361429568975,-0.005196018383799912,-0.5698199951171875,-0.2657563842773437,10.273519323730468
29.581806659698486,0.07540888218540386,0.015188361429568975,-0.005462480865020421,-0.507570751953125,-0.2537853759765625,10.407594616699217
29.60203456878662,0.0747427259823526,0.015987748873230498,-0.006128637068071691,-0.5458779785156249,-0.29448680419921874,10.268730920410155
29.622179985046387,0.07967228188493199,0.01971822361031762,-0.002264931090374321,-0.59376201171875,-0.296881005859375,10.302249743652343
29.64201545715332,0.07620826962906538,0.01185758041431262,-0.0074609494741742334,-0.5434837768554687,-0.26815058593749996,10.32379755859375
29.661921977996826,0.07221133241075775,0.022915773384963714,-0.00985911180515881,-0.5746083984375,-0.2537853759765625,10.218452685546874
29.68171977996826,0.07407656977930133,0.016520673835671518,-0.0026646248122050836,-0.565031591796875,-0.2442085693359375,10.235212097167969
29.702450037002563,0.0720781011701475,0.025180704475338038,-0.005462480865020421,-0.5267243652343749,-0.28969840087890625,10.297461340332031
29.721839427947998,0.07594180714784488,0.016520673835671518,-0.006261868308681946,-0.584185205078125,-0.28969840087890625,10.290278735351562
29.741871118545532,0.07540888218540386,0.017186830038722786,-0.005329249624410167,-0.5530605834960938,-0.26815058593749996,10.31661495361328
29.762495040893555,0.07407656977930133,0.01851914244482533,-0.0031975497746461,-0.584185205078125,-0.3136404174804687,10.333374365234375
29.78165364265442,0.07514241970418334,0.020517611053979142,-0.005062787143189658,-0.584185205078125,-0.258573779296875,10.297461340332031
29.802051782608032,0.07540888218540386,0.022649310903743208,-0.004663093421358896,-0.5291185668945312,-0.2561795776367187,10.297461340332031
29.821680068969727,0.0738101072980808,0.01985145485092787,-0.007993874436615249,-0.5482721801757812,-0.28490999755859375,10.309432348632813
29.841885089874268,0.07567534466662437,0.018918836166656093,-0.006661562030512709,-0.5578489868164063,-0.2753331909179687,10.388441003417968
29.86193585395813,0.08047166932859352,0.016254211354451008,-0.004529862180748642,-0.5410895751953124,-0.2753331909179687,10.297461340332031
29.881680250167847,0.0752756509447936,0.017186830038722786,-0.004396630940138387,-0.5363011718749999,-0.277727392578125,10.295067138671874
29.901856184005737,0.07021286380160395,0.015854517632620246,-0.0075941807147844875,-0.5602431884765625,-0.24660277099609373,10.307038146972655
29.9218487739563,0.07420980101991156,0.017986217482384312,-0.007727411955394742,-0.5482721801757812,-0.277727392578125,10.31661495361328
29.941623210906982,0.07567534466662437,0.020384379813368887,-0.004929555902579405,-0.5602431884765625,-0.277727392578125,10.333374365234375
29.961894750595093,0.07301071985441929,0.014255742745297196,-0.006261868308681946,-0.5530605834960938,-0.28012159423828126,10.12507882080078
29.981932163238525,0.07754058203516792,0.02011791733214838,-0.004929555902579405,-0.5722141967773438,-0.24899697265624998,10.338162768554687
30.00186562538147,0.0767411945915064,0.020650842294589397,-0.005062787143189658,-0.5626373901367188,-0.28969840087890625,10.302249743652343
30.021857976913452,0.035705972483548114,0.01985145485092787,-0.0073277182335639785,-0.5722141967773438,-0.2609679809570312,10.235212097167969
30.041781425476074,0.0747427259823526,0.01532159267017923,-0.00479632466196915,-0.5434837768554687,-0.26336218261718747,10.297461340332031
30.06212306022644,0.07780704451638844,0.02011791733214838,-0.010258805526989571,-0.5889736083984375,-0.2920926025390625,10.28549033203125
30.082632064819336,0.0738101072980808,0.01958499236970736,-0.007727411955394742,-0.5482721801757812,-0.24660277099609373,10.309432348632813
30.101868867874146,0.07367687605747056,0.01958499236970736,-0.004663093421358896,-0.584185205078125,-0.2561795776367187,10.268730920410155
30.1220223903656,0.07620826962906538,0.022249617181912446,-0.0033307810152563544,-0.6081272216796875,-0.296881005859375,10.302249743652343
30.141982793807983,0.07447626350113207,0.020251148572758632,-0.0026646248122050836,-0.5793968017578125,-0.26815058593749996,10.266336718749999
30.161985158920288,0.0767411945915064,0.017586523760553547,-0.00479632466196915,-0.5722141967773438,-0.26336218261718747,10.321403356933594
30.18160581588745,0.07607503838845513,0.017986217482384312,-0.0039969372183076245,-0.5434837768554687,-0.2705447875976562,10.295067138671874
30.201992511749268,0.07514241970418334,0.021583460978861175,-0.006794793271122962,-0.5770026000976562,-0.29927520751953124,10.273519323730468
30.221877813339233,0.07714088831333717,0.020384379813368887,-0.0075941807147844875,-0.5147533569335937,-0.2705447875976562,10.275913525390624
30.241845846176147,0.07540888218540386,0.016387442595061263,-0.0058621745868511835,-0.5602431884765625,-0.24660277099609373,10.366893188476562
30.26181411743164,0.07247779489197827,0.01212404289553313,-0.007194486992953725,-0.5458779785156249,-0.26815058593749996,10.256759912109374
30.281782627105713,0.07554211342601411,0.013989280264076687,-0.004130168458917879,-0.5578489868164063,-0.27293898925781246,10.256759912109374
30.302112579345703,0.07487595722296284,0.017986217482384312,-0.0074609494741742334,-0.5698199951171875,-0.258573779296875,10.338162768554687
30.321868658065796,0.07354364481686029,0.018652373685435583,-0.006794793271122962,-0.5602431884765625,-0.30406361083984373,10.32379755859375
30.341815948486328,0.07434303226052183,0.010658499248820334,-0.0057289433462409285,-0.5626373901367188,-0.28730419921875,10.266336718749999
30.362000465393066,0.07327718233563979,0.01851914244482533,-0.0035972434964768626,-0.55545478515625,-0.29927520751953124,10.32379755859375
30.38217568397522,0.07740735079455767,0.022116385941302188,-0.004263399699528133,-0.5195417602539062,-0.2609679809570312,10.24000050048828
30.401899576187134,0.07980551312554225,0.018385911204215073,-0.003863705977697371,-0.5315127685546874,-0.3112462158203125,10.311826550292968
30.421753644943237,0.07660796335089615,0.010791730489430587,-0.009459418083328047,-0.5626373901367188,-0.29448680419921874,10.307038146972655
30.44187569618225,0.0750091884635731,0.018385911204215073,-0.009059724361497283,-0.5626373901367188,-0.2705447875976562,10.297461340332031
30.461891412734985,0.07807350699760894,0.01971822361031762,-0.005995405827461438,-0.5865794067382812,-0.3184288208007812,10.347739575195313
30.48184299468994,0.07287748861380902,0.016787136316892024,-0.004663093421358896,-0.5746083984375,-0.258573779296875,10.297461340332031
30.501882791519165,0.0764747321102859,0.02131699849764067,-0.0035972434964768626,-0.5578489868164063,-0.2705447875976562,10.292672937011718
30.521650075912476,0.07727411955394742,0.022782542144353463,-0.0031975497746461,-0.55545478515625,-0.2657563842773437,10.347739575195313
30.541642665863037,0.07634150086967564,0.016520673835671518,-0.007194486992953725,-0.5578489868164063,-0.2920926025390625,10.283096130371094
30.561769008636475,0.07460949474174233,0.019318529888486854,-0.004263399699528133,-0.5578489868164063,-0.23223756103515625,10.32379755859375
30.581950426101685,0.07634150086967564,0.016787136316892024,-0.005595712105630674,-0.5602431884765625,-0.32561142578124996,10.340556970214843
30.601884603500366,0.07594180714784488,0.01505513018895872,-0.004663093421358896,-0.5506663818359374,-0.29448680419921874,10.297461340332031
30.621597290039062,0.07727411955394742,0.02131699849764067,-0.006794793271122962,-0.5386953735351562,-0.28490999755859375,10.280701928710936
30.641724586486816,0.07714088831333717,0.016787136316892024,-0.005196018383799912,-0.5386953735351562,-0.28490999755859375,10.338162768554687
30.66165804862976,0.07247779489197827,0.01851914244482533,-0.002531393571594829,-0.5315127685546874,-0.28969840087890625,10.39322940673828
30.68172836303711,0.07900612568188072,0.01945176112909711,-0.008793261880276773,-0.5722141967773438,-0.258573779296875,10.309432348632813
30.702096462249756,0.07580857590723461,0.019318529888486854,-0.00479632466196915,-0.5674257934570313,-0.2753331909179687,10.36210478515625
30.72171902656555,0.07447626350113207,0.01438897398590745,-0.006661562030512709,-0.5578489868164063,-0.26815058593749996,10.345345373535155
30.74164342880249,0.07487595722296284,0.014921898948348467,-0.002531393571594829,-0.5386953735351562,-0.2753331909179687,10.309432348632813
30.76204538345337,0.0738101072980808,0.018652373685435583,-0.007860643196004996,-0.5961562133789062,-0.2705447875976562,10.254365710449218
30.78173828125,0.07660796335089615,0.023049004625573973,-0.002797856052815337,-0.5770026000976562,-0.296881005859375,10.307038146972655
30.80186700820923,0.07580857590723461,0.02078407353519965,-0.004663093421358896,-0.5865794067382812,-0.16041151123046873,10.249577307128906
30.821674346923828,0.07607503838845513,0.014255742745297196,-0.004929555902579405,-0.5147533569335937,-0.23702596435546874,10.292672937011718
30.841780185699463,0.07167840744831674,0.022782542144353463,-0.004263399699528133,-0.5578489868164063,-0.2705447875976562,10.299855541992187
30.8619441986084,0.07420980101991156,0.018652373685435583,-0.0039969372183076245,-0.5458779785156249,-0.2537853759765625,10.326191760253906
30.88196039199829,0.07860643196004995,0.022915773384963714,-0.00479632466196915,-0.5865794067382812,-0.23702596435546874,10.314220751953124
30.90250825881958,0.07594180714784488,0.023182235866184224,-0.0057289433462409285,-0.5434837768554687,-0.28490999755859375,10.328585961914062
30.92194700241089,0.0747427259823526,0.017986217482384312,-0.011324655451871604,-0.5458779785156249,-0.277727392578125,10.249577307128906
30.941956996917725,0.07780704451638844,0.015588055151399738,-0.004663093421358896,-0.5434837768554687,-0.2920926025390625,10.256759912109374
30.96185851097107,0.07754058203516792,0.0191852986478766,-0.005062787143189658,-0.5674257934570313,-0.30406361083984373,10.347739575195313
30.981852293014526,0.07447626350113207,0.02105053601642016,-0.007993874436615249,-0.5434837768554687,-0.2753331909179687,10.232817895507813
31.00195026397705,0.07620826962906538,0.01732006127933304,-0.007194486992953725,-0.5506663818359374,-0.296881005859375,10.409988818359375
31.02184557914734,0.07740735079455767,0.01971822361031762,-0.0037304747370871167,-0.5434837768554687,-0.258573779296875,10.275913525390624
31.041692972183228,0.07460949474174233,0.016653905076281773,-0.006794793271122962,-0.5865794067382812,-0.28969840087890625,10.328585961914062
31.06182360649109,0.0750091884635731,0.016653905076281773,-0.0063950995492922,-0.5578489868164063,-0.3112462158203125,10.273519323730468
31.08190107345581,0.07514241970418334,0.02118376725703041,-0.004929555902579405,-0.55545478515625,-0.2561795776367187,10.223241088867187
31.101985692977905,0.07127871372648598,0.016387442595061263,-0.006794793271122962,-0.5386953735351562,-0.24181436767578124,10.347739575195313
31.12186861038208,0.07301071985441929,0.01705359879811253,-0.004130168458917879,-0.5722141967773438,-0.2561795776367187,10.290278735351562
31.14173150062561,0.07301071985441929,0.02011791733214838,-0.005462480865020421,-0.5602431884765625,-0.29448680419921874,10.180145458984374
31.161840200424194,0.07794027575699868,0.023049004625573973,-0.005462480865020421,-0.5506663818359374,-0.277727392578125,10.321403356933594
31.181771993637085,0.07287748861380902,0.01572128639200999,-0.006261868308681946,-0.59376201171875,-0.2920926025390625,10.27830772705078
31.20224905014038,0.07847320071943971,0.01851914244482533,-0.008526799399056265,-0.5147533569335937,-0.2657563842773437,10.251971508789062
31.22196888923645,0.07540888218540386,0.018652373685435583,0.0006661562030512709,-0.6009446166992187,-0.3064578125,10.333374365234375
31.24175000190735,0.07167840744831674,0.01971822361031762,-0.002531393571594829,-0.5291185668945312,-0.27293898925781246,10.287884533691406
31.261823654174805,0.07820673823821919,0.017719755001163805,-0.003863705977697371,-0.5770026000976562,-0.26815058593749996,10.273519323730468
31.281673908233643,0.071811638688927,0.017719755001163805,-0.005062787143189658,-0.5698199951171875,-0.239420166015625,10.417171423339843
31.30218529701233,0.07287748861380902,0.018918836166656093,-0.005462480865020421,-0.6057330200195312,-0.24181436767578124,10.275913525390624
31.32197332382202,0.07540888218540386,0.015854517632620246,-0.004929555902579405,-0.5434837768554687,-0.2705447875976562,10.319009155273436
31.34200954437256,0.07447626350113207,0.015588055151399738,-0.006528330789902454,-0.5578489868164063,-0.28969840087890625,10.347739575195313
31.361939430236816,0.07274425737319877,0.020917304775809907,-0.0030643185340358454,-0.5817910034179687,-0.28969840087890625,10.24718310546875
31.382494688034058,0.071811638688927,0.018918836166656093,-0.0058621745868511835,-0.5410895751953124,-0.28969840087890625,10.297461340332031
31.40216898918152,0.07554211342601411,0.020384379813368887,-0.0063950995492922,-0.5865794067382812,-0.2920926025390625,10.283096130371094
31.421866416931152,0.07447626350113207,0.013856049023466432,-0.003863705977697371,-0.5386953735351562,-0.2705447875976562,10.28549033203125
31.441698789596558,0.07087902000465522,0.015854517632620246,-0.004929555902579405,-0.5602431884765625,-0.2561795776367187,10.321403356933594
31.46181321144104,0.07247779489197827,0.022382848422522698,-0.004263399699528133,-0.5865794067382812,-0.2753331909179687,10.333374365234375
31.481770992279053,0.07394333853869106,0.020251148572758632,-0.007061255752343471,-0.5602431884765625,-0.26336218261718747,10.271125122070313
31.502500772476196,0.07514241970418334,0.018652373685435583,-0.0057289433462409285,-0.5770026000976562,-0.2825157958984375,10.352527978515624
31.521723985671997,0.07727411955394742,0.01505513018895872,-0.006661562030512709,-0.5434837768554687,-0.28490999755859375,10.390835205078124
31.54163885116577,0.07794027575699868,0.017586523760553547,-0.0057289433462409285,-0.55545478515625,-0.26815058593749996,10.314220751953124
31.562131643295288,0.07367687605747056,0.018252679963604822,-0.005062787143189658,-0.5482721801757812,-0.2753331909179687,10.333374365234375
31.582074642181396,0.07420980101991156,0.015454823910789483,-0.004529862180748642,-0.5458779785156249,-0.28730419921875,10.266336718749999
31.602412223815918,0.07953905064432175,0.014122511504686942,-0.005329249624410167,-0.5530605834960938,-0.28730419921875,10.254365710449218
31.621980905532837,0.07767381327577817,0.017719755001163805,-0.00866003063966652,-0.5291185668945312,-0.2825157958984375,10.297461340332031
31.64205837249756,0.0752756509447936,0.019318529888486854,-0.005062787143189658,-0.55545478515625,-0.29448680419921874,10.271125122070313
31.66187310218811,0.07460949474174233,0.013589586542245924,-0.006794793271122962,-0.5506663818359374,-0.28969840087890625,10.333374365234375
31.682024002075195,0.0764747321102859,0.022516079663132953,-0.0039969372183076245,-0.5817910034179687,-0.277727392578125,10.295067138671874
31.702058792114258,0.07234456365136802,0.016120980113840753,-0.0026646248122050836,-0.5674257934570313,-0.2753331909179687,10.352527978515624
31.72181248664856,0.07767381327577817,0.014655436467127957,-0.005062787143189658,-0.5219359619140624,-0.42377369384765623,10.28549033203125
31.741983652114868,0.07167840744831674,0.01945176112909711,-0.008393568158446012,-0.5746083984375,-0.28012159423828126,10.304643945312499
31.761868953704834,0.07620826962906538,0.017453292519943295,-0.006261868308681946,-0.5674257934570313,-0.26336218261718747,10.273519323730468
31.781859159469604,0.07354364481686029,0.022915773384963714,-0.0037304747370871167,-0.5386953735351562,-0.2657563842773437,10.249577307128906
31.8020977973938,0.07487595722296284,0.016520673835671518,-0.0011990811654922875,-0.5506663818359374,-0.28730419921875,10.266336718749999
31.822123050689697,0.07727411955394742,0.016387442595061263,-0.004130168458917879,-0.6057330200195312,-0.277727392578125,10.268730920410155
31.841801404953003,0.08100459429103453,0.020517611053979142,-0.009326186842717792,-0.5363011718749999,-0.2657563842773437,10.314220751953124
31.86198329925537,0.07607503838845513,0.017186830038722786,-0.0035972434964768626,-0.5506663818359374,-0.2442085693359375,10.321403356933594
31.881664991378784,0.07287748861380902,0.019984686091538122,-0.003863705977697371,-0.5793968017578125,-0.296881005859375,10.326191760253906
31.90204954147339,0.07407656977930133,0.01985145485092787,-0.009192955602107537,-0.5961562133789062,-0.2705447875976562,10.292672937011718
31.921795129776,0.07407656977930133,0.021583460978861175,-0.0033307810152563544,-0.5530605834960938,-0.28490999755859375,10.292672937011718
31.942371129989624,0.07580857590723461,0.016254211354451008,-0.008926493120887028,-0.5458779785156249,-0.3016694091796875,10.352527978515624
31.962167263031006,0.07367687605747056,0.020517611053979142,-0.005995405827461438,-0.5315127685546874,-0.2537853759765625,10.283096130371094
31.981940746307373,0.07101225124526546,0.0191852986478766,-0.006928024511733216,-0.5698199951171875,-0.26815058593749996,10.333374365234375
32.00194191932678,0.07487595722296284,0.017453292519943295,-0.0063950995492922,-0.5578489868164063,-0.2825157958984375,10.24000050048828
32.02204370498657,0.07447626350113207,0.0191852986478766,-0.006794793271122962,-0.5770026000976562,-0.2657563842773437,10.412383020019531
32.04182553291321,0.07314395109502954,0.01692036755750228,-0.0037304747370871167,-0.5458779785156249,-0.28490999755859375,10.335768566894531
32.062007904052734,0.07540888218540386,0.017186830038722786,-0.007727411955394742,-0.55545478515625,-0.2609679809570312,10.326191760253906
32.08230996131897,0.07167840744831674,0.014522205226517705,-0.00479632466196915,-0.5482721801757812,-0.28012159423828126,10.335768566894531
32.10201668739319,0.07287748861380902,0.021849923460081685,-0.008260336917835759,-0.584185205078125,-0.258573779296875,10.261548315429687
32.1219208240509,0.07141194496709623,0.020517611053979142,-0.005329249624410167,-0.5578489868164063,-0.30406361083984373,10.350133776855468
32.141799211502075,0.06994640132038345,0.015854517632620246,-0.008127105677225504,-0.6105214233398437,-0.28490999755859375,10.304643945312499
32.161893367767334,0.07940581940371148,0.018652373685435583,-0.005595712105630674,-0.5889736083984375,-0.2825157958984375,10.309432348632813
32.18190908432007,0.07167840744831674,0.01532159267017923,-0.00479632466196915,-0.59376201171875,-0.2442085693359375,10.290278735351562
32.20205330848694,0.07540888218540386,0.017719755001163805,-0.004529862180748642,-0.5482721801757812,-0.26815058593749996,10.290278735351562
32.22176122665405,0.07794027575699868,0.016254211354451008,-0.007860643196004996,-0.5674257934570313,-0.2609679809570312,10.31661495361328
32.24188590049744,0.07354364481686029,0.020917304775809907,-0.004929555902579405,-0.5195417602539062,-0.2657563842773437,10.292672937011718
32.26190948486328,0.07127871372648598,0.014522205226517705,-0.0075941807147844875,-0.5315127685546874,-0.3184288208007812,10.345345373535155
32.28189754486084,0.07554211342601411,0.02145022973825092,-0.0074609494741742334,-0.5626373901367188,-0.24660277099609373,10.35492218017578
32.302178144454956,0.07847320071943971,0.020650842294589397,-0.00479632466196915,-0.5722141967773438,-0.28490999755859375,10.31661495361328
32.32189178466797,0.07993874436615249,0.014921898948348467,-0.005995405827461438,-0.5698199951171875,-0.28012159423828126,10.28549033203125
32.34205198287964,0.07860643196004995,0.016653905076281773,-0.006261868308681946,-0.7517793212890624,-0.28490999755859375,10.280701928710936
32.362003803253174,0.07767381327577817,0.01985145485092787,-0.005462480865020421,-0.5506663818359374,-0.26815058593749996,10.283096130371094
32.38204646110535,0.07514241970418334,0.020917304775809907,-0.010791730489430587,-0.5913678100585937,-0.2609679809570312,10.290278735351562
32.40236449241638,0.07687442583211665,0.01985145485092787,-0.006528330789902454,-0.5698199951171875,-0.239420166015625,10.249577307128906
32.42176032066345,0.07314395109502954,0.01692036755750228,-0.004396630940138387,-0.5817910034179687,-0.3016694091796875,10.297461340332031
32.44191551208496,0.0720781011701475,0.016520673835671518,-0.0018652373685435584,-0.5793968017578125,-0.2920926025390625,10.371681591796875
32.462053060531616,0.07580857590723461,0.01958499236970736,-0.0039969372183076245,-0.5698199951171875,-0.29927520751953124,10.28549033203125
32.48212027549744,0.07367687605747056,0.018385911204215073,-0.002398162330984575,-0.5770026000976562,-0.2753331909179687,10.280701928710936
32.502042293548584,0.07487595722296284,0.01945176112909711,-0.0075941807147844875,-0.5746083984375,-0.3064578125,10.357316381835936
32.52171492576599,0.07074578876404496,0.022249617181912446,-0.006528330789902454,-0.5410895751953124,-0.277727392578125,10.28549033203125
32.54177474975586,0.07740735079455767,0.014522205226517705,-0.004130168458917879,-0.55545478515625,-0.28490999755859375,10.335768566894531
32.56231737136841,0.07341041357625004,0.016520673835671518,-0.007194486992953725,-0.5913678100585937,-0.2657563842773437,10.290278735351562
32.581836462020874,0.0747427259823526,0.014122511504686942,-0.008926493120887028,-0.5746083984375,-0.28969840087890625,10.266336718749999
32.60183024406433,0.07460949474174233,0.015987748873230498,-0.005196018383799912,-0.5530605834960938,-0.28969840087890625,10.251971508789062
32.622079372406006,0.07141194496709623,0.01971822361031762,-0.004396630940138387,-0.565031591796875,-0.2825157958984375,10.302249743652343
32.64210915565491,0.0767411945915064,0.015987748873230498,-0.004929555902579405,-0.5410895751953124,-0.277727392578125,10.24718310546875
32.66199040412903,0.07607503838845513,0.018652373685435583,-0.007727411955394742,-0.55545478515625,-0.277727392578125,10.352527978515624
32.68202877044678,0.07261102613258852,0.015987748873230498,-0.003464012255866608,-0.5817910034179687,-0.2825157958984375,10.266336718749999
32.70307445526123,0.07993874436615249,0.01732006127933304,-0.0037304747370871167,-0.5482721801757812,-0.24899697265624998,10.27830772705078
32.72183632850647,0.07634150086967564,0.021983154700691936,-0.005595712105630674,-0.55545478515625,-0.33758243408203126,10.27830772705078
32.741840839385986,0.07860643196004995,0.015588055151399738,-0.006261868308681946,-0.6105214233398437,-0.27293898925781246,10.287884533691406
32.76180410385132,0.07287748861380902,0.017586523760553547,-0.004529862180748642,-0.5793968017578125,-0.239420166015625,10.319009155273436
32.78169536590576,0.0747427259823526,0.016787136316892024,-0.005995405827461438,-0.59376201171875,-0.316034619140625,10.273519323730468
32.80220055580139,0.07687442583211665,0.014921898948348467,-0.008793261880276773,-0.5817910034179687,-0.28730419921875,10.40041201171875
32.82171893119812,0.07780704451638844,0.016254211354451008,-0.005062787143189658,-0.5530605834960938,-0.30885201416015623,10.330980163574218
32.84170579910278,0.07447626350113207,0.020251148572758632,-0.00479632466196915,-0.5339069702148437,-0.29448680419921874,10.328585961914062
32.861831188201904,0.0767411945915064,0.014788667707738212,-0.004130168458917879,-0.5770026000976562,-0.3112462158203125,10.280701928710936
32.88367676734924,0.07274425737319877,0.01692036755750228,-0.004529862180748642,-0.5770026000976562,-0.30406361083984373,10.273519323730468
32.90227270126343,0.07794027575699868,0.012923430339194655,-0.002264931090374321,-0.5698199951171875,-0.27293898925781246,10.330980163574218
32.92234659194946,0.0747427259823526,0.017986217482384312,-0.004396630940138387,-0.5578489868164063,-0.2609679809570312,10.280701928710936
32.94184470176697,0.07727411955394742,0.012923430339194655,-0.0057289433462409285,-0.5363011718749999,-0.28730419921875,10.309432348632813
32.96226215362549,0.07540888218540386,0.017186830038722786,-0.005462480865020421,-0.5578489868164063,-0.30885201416015623,10.263942517089843
32.98167872428894,0.07754058203516792,0.01971822361031762,-0.0075941807147844875,-0.5985504150390625,-0.28969840087890625,10.304643945312499
33.00249147415161,0.07274425737319877,0.02011791733214838,-0.008526799399056265,-0.55545478515625,-0.26336218261718747,10.295067138671874
33.02170419692993,0.07754058203516792,0.01572128639200999,-0.006928024511733216,-0.5267243652343749,-0.28730419921875,10.381258398437499
33.041807889938354,0.07580857590723461,0.01958499236970736,-0.0057289433462409285,-0.5985504150390625,-0.28730419921875,10.302249743652343
33.06269836425781,0.07634150086967564,0.016254211354451008,-0.003863705977697371,-0.5386953735351562,-0.277727392578125,10.309432348632813
33.08225464820862,0.07900612568188072,0.014522205226517705,-0.004663093421358896,-0.5674257934570313,-0.2657563842773437,10.302249743652343
33.10207223892212,0.07887289444127048,0.018119448722994567,-0.005196018383799912,-0.5722141967773438,-0.26815058593749996,10.302249743652343
33.12202215194702,0.07460949474174233,0.01692036755750228,-0.003863705977697371,-0.5482721801757812,-0.2705447875976562,10.330980163574218
33.14187955856323,0.07567534466662437,0.01705359879811253,-0.0006661562030512709,-0.5913678100585937,-0.29448680419921874,10.333374365234375
33.16226029396057,0.07514241970418334,0.02078407353519965,-0.0057289433462409285,-0.5410895751953124,-0.28969840087890625,10.311826550292968
33.18180513381958,0.07487595722296284,0.016387442595061263,-0.005595712105630674,-0.5339069702148437,-0.28012159423828126,10.299855541992187
33.202248334884644,0.07660796335089615,0.017719755001163805,-0.004263399699528133,-0.565031591796875,-0.2561795776367187,10.319009155273436
33.221906423568726,0.07660796335089615,0.02105053601642016,-0.0037304747370871167,-0.5770026000976562,-0.2537853759765625,10.299855541992187
33.2420539855957,0.07101225124526546,0.016653905076281773,-0.005462480865020421,-0.5410895751953124,-0.2657563842773437,10.319009155273436
33.26179528236389,0.07407656977930133,0.017852986241774057,-0.005462480865020421,-0.5578489868164063,-0.28490999755859375,10.295067138671874
33.28194570541382,0.07314395109502954,0.015588055151399738,-0.005595712105630674,-0.5530605834960938,-0.2657563842773437,10.345345373535155
33.30263710021973,0.0747427259823526,0.018119448722994567,-0.0019984686091538122,-0.5602431884765625,-0.258573779296875,10.386046801757812
33.32192134857178,0.07394333853869106,0.019318529888486854,-0.004130168458917879,-0.55545478515625,-0.2920926025390625,10.405200415039062
33.34184765815735,0.08007197560676275,0.00985911180515881,-0.0058621745868511835,-0.5482721801757812,-0.27293898925781246,10.335768566894531
33.36195397377014,0.06954670759855268,0.019318529888486854,-0.008526799399056265,-0.5291185668945312,-0.28012159423828126,10.311826550292968
33.38182616233826,0.07620826962906538,0.02011791733214838,-0.008393568158446012,-0.5578489868164063,-0.277727392578125,10.314220751953124
33.40408658981323,0.07580857590723461,0.014921898948348467,-0.004929555902579405,-0.5458779785156249,-0.2825157958984375,10.357316381835936
33.42255616188049,0.07860643196004995,0.02011791733214838,-0.006928024511733216,-0.5410895751953124,-0.28012159423828126,10.28549033203125
33.44205641746521,0.0752756509447936,0.018119448722994567,-0.0063950995492922,-0.5291185668945312,-0.229843359375,10.347739575195313
33.4619255065918,0.07727411955394742,0.016787136316892024,-0.00479632466196915,-0.5578489868164063,-0.2825157958984375,10.287884533691406
33.48185873031616,0.07540888218540386,0.01958499236970736,-0.0039969372183076245,-0.5147533569335937,-0.2657563842773437,10.268730920410155
33.50231337547302,0.07754058203516792,0.022915773384963714,-0.0019984686091538122,-0.5339069702148437,-0.2609679809570312,10.242394702148436
33.521801233291626,0.07594180714784488,0.02145022973825092,-0.0074609494741742334,-0.5817910034179687,-0.26336218261718747,10.266336718749999
33.541839361190796,0.07287748861380902,0.01851914244482533,-0.006128637068071691,-0.565031591796875,-0.2609679809570312,10.218452685546874
33.56210660934448,0.07407656977930133,0.014788667707738212,-0.00866003063966652,-0.5746083984375,-0.26336218261718747,10.314220751953124
33.582011461257935,0.0738101072980808,0.020517611053979142,-0.005995405827461438,-0.5578489868164063,-0.2705447875976562,10.311826550292968
33.60202097892761,0.07540888218540386,0.022382848422522698,-0.004130168458917879,-0.47165772705078124,-0.28969840087890625,10.283096130371094
33.621865034103394,0.07807350699760894,0.017453292519943295,-0.00479632466196915,-0.59376201171875,-0.2609679809570312,10.287884533691406
33.64143109321594,0.07514241970418334,0.02105053601642016,-0.0057289433462409285,-0.5339069702148437,-0.29927520751953124,10.149020837402343
33.661359786987305,0.07274425737319877,0.02131699849764067,-0.0013323124061025418,-0.5243301635742187,-0.28012159423828126,10.342951171874999
33.68138384819031,0.07794027575699868,0.01985145485092787,-0.003863705977697371,-0.55545478515625,-0.28730419921875,10.31661495361328
33.701481103897095,0.07554211342601411,0.020517611053979142,-0.005062787143189658,-0.5746083984375,-0.27293898925781246,10.314220751953124
33.72134733200073,0.07394333853869106,0.01732006127933304,-0.0035972434964768626,-0.5506663818359374,-0.2920926025390625,10.268730920410155
33.741408348083496,0.0752756509447936,0.018385911204215073,-0.0074609494741742334,-0.5626373901367188,-0.296881005859375,10.321403356933594
33.76134967803955,0.07394333853869106,0.023049004625573973,-0.006261868308681946,-0.5793968017578125,-0.21308394775390624,10.350133776855468
33.78131890296936,0.0738101072980808,0.01705359879811253,-0.0035972434964768626,-0.5626373901367188,-0.26336218261718747,10.328585961914062
33.801570653915405,0.07434303226052183,0.016120980113840753,-0.007194486992953725,-0.5746083984375,-0.2920926025390625,10.309432348632813
33.821550607681274,0.07714088831333717,0.015987748873230498,-0.0030643185340358454,-0.5674257934570313,-0.28730419921875,10.342951171874999
33.84144926071167,0.07887289444127048,0.021983154700691936,-0.004529862180748642,-0.5339069702148437,-0.28730419921875,10.230423693847655
33.8617479801178,0.0767411945915064,0.017586523760553547,-0.007727411955394742,-0.55545478515625,-0.2609679809570312,10.340556970214843
33.88139486312866,0.07980551312554225,0.019318529888486854,-0.0063950995492922,-0.55545478515625,-0.28012159423828126,10.321403356933594
33.90166354179382,0.07887289444127048,0.01705359879811253,-0.001732006127933304,-0.5578489868164063,-0.29448680419921874,10.32379755859375
33.92159152030945,0.07554211342601411,0.018252679963604822,-0.008393568158446012,-0.5506663818359374,-0.3112462158203125,10.271125122070313
33.9416823387146,0.07554211342601411,0.01705359879811253,-0.0026646248122050836,-0.5746083984375,-0.26815058593749996,10.228029492187499
33.96137976646423,0.07367687605747056,0.01438897398590745,-0.008260336917835759,-0.584185205078125,-0.17238251953125,10.244788903808594
33.981194734573364,0.07860643196004995,0.014122511504686942,-0.006794793271122962,-0.5626373901367188,-0.24660277099609373,10.364498986816406
34.001694202423096,0.07287748861380902,0.0191852986478766,-0.0033307810152563544,-0.5626373901367188,-0.22744915771484372,10.412383020019531
34.021390199661255,0.0738101072980808,0.02398162330984575,-0.007993874436615249,-0.5363011718749999,-0.26336218261718747,10.376469995117187
34.04165744781494,0.07420980101991156,0.015987748873230498,-0.005196018383799912,-0.5458779785156249,-0.2920926025390625,10.297461340332031
34.061662435531616,0.07594180714784488,0.017986217482384312,-0.00866003063966652,-0.6009446166992187,-0.28969840087890625,10.235212097167969
34.08219122886658,0.06967993883916293,0.023049004625573973,-0.006528330789902454,-0.5530605834960938,-0.2609679809570312,10.328585961914062
34.10141444206238,0.07420980101991156,0.018785604926045835,-0.007860643196004996,-0.5985504150390625,-0.296881005859375,10.283096130371094
34.12139058113098,0.07301071985441929,0.022649310903743208,-0.004929555902579405,-0.5698199951171875,-0.29448680419921874,10.319009155273436
34.141449213027954,0.0767411945915064,0.019984686091538122,-0.0037304747370871167,-0.6009446166992187,-0.277727392578125,10.304643945312499
34.16145467758179,0.07580857590723461,0.02105053601642016,-0.006794793271122962,-0.5315127685546874,-0.2609679809570312,10.309432348632813
34.181647300720215,0.0764747321102859,0.020384379813368887,-0.0018652373685435584,-0.565031591796875,-0.2537853759765625,10.273519323730468
34.20174789428711,0.0747427259823526,0.01505513018895872,-0.006528330789902454,-0.5698199951171875,-0.2920926025390625,10.311826550292968
34.221646308898926,0.07567534466662437,0.015854517632620246,-0.004663093421358896,-0.5530605834960938,-0.27293898925781246,10.330980163574218
34.24162292480469,0.0738101072980808,0.01705359879811253,-0.010392036767599824,-0.5410895751953124,-0.26815058593749996,10.333374365234375
34.26168990135193,0.07034609504221419,0.018918836166656093,-0.007860643196004996,-0.5817910034179687,-0.27293898925781246,10.292672937011718
34.28121328353882,0.0750091884635731,0.013989280264076687,-0.008260336917835759,-0.51714755859375,-0.29927520751953124,10.299855541992187
34.3015832901001,0.07314395109502954,0.015188361429568975,-0.009459418083328047,-0.5099649536132812,-0.28012159423828126,10.31661495361328
34.321452379226685,0.07141194496709623,0.018385911204215073,-0.003464012255866608,-0.5770026000976562,-0.277727392578125,10.304643945312499
34.34155321121216,0.07367687605747056,0.015987748873230498,-0.008926493120887028,-0.5482721801757812,-0.3016694091796875,10.309432348632813
34.36137795448303,0.07913935692249098,0.02131699849764067,-0.0021316998497640663,-0.5770026000976562,-0.2705447875976562,10.297461340332031
34.38140535354614,0.07301071985441929,0.017586523760553547,-0.004130168458917879,-0.5889736083984375,-0.258573779296875,10.330980163574218
34.401410818099976,0.07447626350113207,0.021849923460081685,-0.006794793271122962,-0.5315127685546874,-0.277727392578125,10.287884533691406
34.4213707447052,0.07807350699760894,0.01572128639200999,-0.0058621745868511835,-0.5793968017578125,-0.28012159423828126,10.407594616699217
34.442015171051025,0.07794027575699868,0.027312404325102103,-0.006528330789902454,-0.5506663818359374,-0.2825157958984375,10.304643945312499
34.461458921432495,0.0750091884635731,0.01958499236970736,-0.006128637068071691,-0.5410895751953124,-0.25139117431640623,10.295067138671874
34.481250524520874,0.07554211342601411,0.02105053601642016,-0.006528330789902454,-0.5506663818359374,-0.24899697265624998,10.237606298828124
34.50203275680542,0.0752756509447936,0.02371516082862524,-0.006261868308681946,-0.5722141967773438,-0.27293898925781246,10.345345373535155
34.521608114242554,0.0747427259823526,0.02131699849764067,-0.007194486992953725,-0.5626373901367188,-0.296881005859375,10.319009155273436
34.541932344436646,0.07620826962906538,0.01692036755750228,-0.00159877488732305,-0.5698199951171875,-0.2753331909179687,10.28549033203125
34.56138777732849,0.07554211342601411,0.023182235866184224,-0.005329249624410167,-0.5889736083984375,-0.2561795776367187,10.28549033203125
34.58154106140137,0.07141194496709623,0.016787136316892024,-0.002398162330984575,-0.5817910034179687,-0.26336218261718747,10.311826550292968
34.60144877433777,0.07274425737319877,0.016120980113840753,-0.004663093421358896,-0.603338818359375,-0.28012159423828126,10.275913525390624
34.621405839920044,0.0764747321102859,0.022116385941302188,-0.005329249624410167,-0.55545478515625,-0.258573779296875,10.342951171874999
34.64148736000061,0.0770076570727269,0.015588055151399738,-0.004663093421358896,-0.5530605834960938,-0.2609679809570312,10.314220751953124
34.66176128387451,0.07301071985441929,0.0191852986478766,-0.0013323124061025418,-0.5458779785156249,-0.28012159423828126,10.342951171874999
34.681341886520386,0.07967228188493199,0.015854517632620246,-0.005062787143189658,-0.55545478515625,-0.28730419921875,10.297461340332031
34.70156979560852,0.07807350699760894,0.016787136316892024,-0.0026646248122050836,-0.5961562133789062,-0.24181436767578124,10.283096130371094
34.721322536468506,0.07194486992953725,0.014122511504686942,-0.0030643185340358454,-0.5722141967773438,-0.2753331909179687,10.287884533691406
34.741512298583984,0.07407656977930133,0.017586523760553547,-0.006261868308681946,-0.5386953735351562,-0.26336218261718747,10.335768566894531
34.761361837387085,0.07434303226052183,0.014788667707738212,-0.0035972434964768626,-0.5315127685546874,-0.26336218261718747,10.292672937011718
34.7817702293396,0.07833996947882944,0.01532159267017923,-0.005062787143189658,-0.565031591796875,-0.2561795776367187,10.275913525390624
34.80140972137451,0.07420980101991156,0.020917304775809907,-0.0058621745868511835,-0.5722141967773438,-0.24899697265624998,10.409988818359375
34.821391582489014,0.07460949474174233,0.01572128639200999,-0.00159877488732305,-0.5770026000976562,-0.24660277099609373,10.251971508789062
34.84153485298157,0.0767411945915064,0.020917304775809907,-0.0039969372183076245,-0.5698199951171875,-0.3184288208007812,10.302249743652343
34.86131310462952,0.07487595722296284,0.01732006127933304,-0.008393568158446012,-0.5602431884765625,-0.29927520751953124,10.386046801757812
34.881436586380005,0.07580857590723461,0.017986217482384312,-0.008526799399056265,-0.5267243652343749,-0.25139117431640623,10.338162768554687
34.90180444717407,0.08233690669713707,0.01438897398590745,-0.0037304747370871167,-0.5339069702148437,-0.229843359375,10.357316381835936
34.92178559303284,0.07540888218540386,0.018252679963604822,-0.005595712105630674,-0.584185205078125,-0.2705447875976562,10.223241088867187
34.94138979911804,0.07794027575699868,0.015188361429568975,-0.008393568158446012,-0.5315127685546874,-0.2705447875976562,10.213664282226562
34.961400508880615,0.08087136305042428,0.015854517632620246,-0.0035972434964768626,-0.6009446166992187,-0.2657563842773437,10.309432348632813
34.98161315917969,0.07714088831333717,0.015454823910789483,-0.0063950995492922,-0.55545478515625,-0.26336218261718747,10.338162768554687
35.00178003311157,0.07460949474174233,0.01985145485092787,-0.007061255752343471,-0.5506663818359374,-0.24899697265624998,10.261548315429687
35.021950006484985,0.07341041357625004,0.015454823910789483,-0.004929555902579405,-0.5626373901367188,-0.2753331909179687,10.35492218017578
35.04142498970032,0.07567534466662437,0.017852986241774057,-0.0006661562030512709,-0.5602431884765625,-0.28969840087890625,10.251971508789062
35.06208276748657,0.08007197560676275,0.017186830038722786,-0.006528330789902454,-0.5363011718749999,-0.2609679809570312,10.321403356933594
35.08261752128601,0.07580857590723461,0.020384379813368887,-0.0058621745868511835,-0.5913678100585937,-0.2657563842773437,10.254365710449218
35.101449728012085,0.07660796335089615,0.018652373685435583,-0.005462480865020421,-0.565031591796875,-0.28969840087890625,10.275913525390624
35.12175440788269,0.07141194496709623,0.01438897398590745,-0.006128637068071691,-0.584185205078125,-0.28730419921875,10.304643945312499
35.14141845703125,0.07594180714784488,0.015588055151399738,-0.0037304747370871167,-0.5506663818359374,-0.29927520751953124,10.328585961914062
35.1613986492157,0.07727411955394742,0.01505513018895872,-0.00479632466196915,-0.5626373901367188,-0.26336218261718747,10.32379755859375
35.18171048164368,0.07740735079455767,0.017186830038722786,-0.005329249624410167,-0.5722141967773438,-0.24181436767578124,10.287884533691406
35.201704263687134,0.0770076570727269,0.01971822361031762,-0.007993874436615249,-0.5315127685546874,-0.28490999755859375,10.280701928710936
35.22144174575806,0.07754058203516792,0.020917304775809907,-0.007194486992953725,-0.5602431884765625,-0.3112462158203125,10.297461340332031
35.24209475517273,0.07354364481686029,0.01572128639200999,-0.0021316998497640663,-0.5746083984375,-0.2920926025390625,10.261548315429687
35.26197075843811,0.0770076570727269,0.018119448722994567,-0.008127105677225504,-0.5626373901367188,-0.28012159423828126,10.307038146972655
35.281524419784546,0.07580857590723461,0.012523736617363892,-0.005595712105630674,-0.5243301635742187,-0.45489831542968745,10.309432348632813
35.301464557647705,0.0770076570727269,0.015588055151399738,-0.005196018383799912,-0.5386953735351562,-0.3136404174804687,10.280701928710936
35.3215868473053,0.07327718233563979,0.01692036755750228,-0.0074609494741742334,-0.5315127685546874,-0.28490999755859375,10.32379755859375
35.34185171127319,0.07833996947882944,0.022782542144353463,-0.0033307810152563544,-0.5602431884765625,-0.30885201416015623,10.328585961914062
35.36177659034729,0.07847320071943971,0.01971822361031762,-0.004529862180748642,-0.5243301635742187,-0.26815058593749996,10.273519323730468
35.381349325180054,0.07367687605747056,0.01692036755750228,-0.0058621745868511835,-0.5698199951171875,-0.28490999755859375,10.287884533691406
35.40160918235779,0.07487595722296284,0.015854517632620246,-0.0063950995492922,-0.55545478515625,-0.3064578125,10.32379755859375
35.42140746116638,0.07127871372648598,0.016520673835671518,-0.0075941807147844875,-0.5219359619140624,-0.3184288208007812,10.297461340332031
35.4414176940918,0.07540888218540386,0.017586523760553547,-0.0063950995492922,-0.59376201171875,-0.277727392578125,10.280701928710936
35.46135711669922,0.0752756509447936,0.01985145485092787,-0.008393568158446012,-0.5602431884765625,-0.2705447875976562,10.328585961914062
35.48188376426697,0.07394333853869106,0.016520673835671518,-0.004396630940138387,-0.5506663818359374,-0.32561142578124996,10.249577307128906
35.501731634140015,0.07301071985441929,0.02371516082862524,-0.004929555902579405,-0.5913678100585937,-0.2753331909179687,10.357316381835936
35.52143979072571,0.07354364481686029,0.01958499236970736,-0.004929555902579405,-0.59376201171875,-0.2705447875976562,10.345345373535155
35.541425466537476,0.0764747321102859,0.01971822361031762,-0.0031975497746461,-0.5889736083984375,-0.2561795776367187,10.304643945312499
35.561318159103394,0.07407656977930133,0.0191852986478766,-0.0073277182335639785,-0.5410895751953124,-0.23223756103515625,10.280701928710936
35.581438302993774,0.07314395109502954,0.01851914244482533,-0.004396630940138387,-0.5698199951171875,-0.28730419921875,10.283096130371094
35.601508140563965,0.07327718233563979,0.016387442595061263,-0.008393568158446012,-0.5698199951171875,-0.258573779296875,10.309432348632813
35.62126088142395,0.07314395109502954,0.017586523760553547,-0.003863705977697371,-0.5506663818359374,-0.26815058593749996,10.328585961914062
35.64157772064209,0.07341041357625004,0.016120980113840753,-0.005329249624410167,-0.5722141967773438,-0.2609679809570312,10.326191760253906
35.66144609451294,0.07354364481686029,0.013989280264076687,-0.004929555902579405,-0.55545478515625,-0.2705447875976562,10.275913525390624
35.68140363693237,0.07434303226052183,0.022382848422522698,-0.0037304747370871167,-0.5793968017578125,-0.28490999755859375,10.311826550292968
35.70173716545105,0.07514241970418334,0.019984686091538122,-0.004396630940138387,-0.603338818359375,-0.29927520751953124,10.32379755859375
35.721566915512085,0.07407656977930133,0.021716692219471426,-0.0033307810152563544,-0.5626373901367188,-0.2825157958984375,10.297461340332031
35.74150347709656,0.0752756509447936,0.016120980113840753,-0.005462480865020421,-0.5889736083984375,-0.28012159423828126,10.35492218017578
35.761428117752075,0.07301071985441929,0.024114854550456002,-0.0033307810152563544,-0.5267243652343749,-0.28730419921875,10.275913525390624
35.78146147727966,0.07913935692249098,0.023049004625573973,-0.0035972434964768626,-0.59376201171875,-0.28969840087890625,10.314220751953124
35.80130743980408,0.0750091884635731,0.01732006127933304,-0.01052526800821008,-0.5865794067382812,-0.2705447875976562,10.350133776855468
35.82127237319946,0.07567534466662437,0.022249617181912446,-0.004396630940138387,-0.5578489868164063,-0.29927520751953124,10.307038146972655
35.84144353866577,0.07354364481686029,0.016520673835671518,-0.007727411955394742,-0.5530605834960938,-0.3016694091796875,10.319009155273436
35.86172795295715,0.07167840744831674,0.022782542144353463,-0.004396630940138387,-0.5339069702148437,-0.26815058593749996,10.283096130371094
35.88160562515259,0.07833996947882944,0.017186830038722786,-0.007860643196004996,-0.612915625,-0.2705447875976562,10.290278735351562
35.901910066604614,0.07567534466662437,0.017453292519943295,-0.005329249624410167,-0.5506663818359374,-0.17477672119140625,10.259154113769531
35.92193937301636,0.0770076570727269,0.022249617181912446,-0.006261868308681946,-0.5195417602539062,-0.316034619140625,10.295067138671874
35.94157528877258,0.07314395109502954,0.018385911204215073,-0.004263399699528133,-0.5578489868164063,-0.28730419921875,10.309432348632813
35.961753129959106,0.07447626350113207,0.01958499236970736,-0.004396630940138387,-0.5770026000976562,-0.258573779296875,10.290278735351562
35.981377601623535,0.07447626350113207,0.01945176112909711,-0.011191424211261349,-0.5315127685546874,-0.2657563842773437,10.24000050048828
36.001753091812134,0.07234456365136802,0.019984686091538122,-0.004263399699528133,-0.5722141967773438,-0.2753331909179687,10.297461340332031
36.02139067649841,0.07780704451638844,0.02145022973825092,-0.0063950995492922,-0.5506663818359374,-0.28969840087890625,10.235212097167969
36.04144477844238,0.07634150086967564,0.022516079663132953,-0.006928024511733216,-0.5698199951171875,-0.2753331909179687,10.330980163574218
36.06155490875244,0.07234456365136802,0.01985145485092787,-0.0037304747370871167,-0.565031591796875,-0.258573779296875,10.263942517089843
36.082480907440186,0.07274425737319877,0.02011791733214838,-0.004529862180748642,-0.565031591796875,-0.2753331909179687,10.319009155273436
36.10170102119446,0.07301071985441929,0.016653905076281773,-0.005062787143189658,-0.5434837768554687,-0.24660277099609373,10.302249743652343
36.121389865875244,0.0720781011701475,0.016254211354451008,-0.0019984686091538122,-0.5913678100585937,-0.28969840087890625,10.232817895507813
36.14130401611328,0.07261102613258852,0.018385911204215073,-0.006528330789902454,-0.5458779785156249,-0.28490999755859375,10.251971508789062
36.16155242919922,0.07514241970418334,0.014255742745297196,-0.0033307810152563544,-0.55545478515625,-0.2705447875976562,10.283096130371094
36.18145775794983,0.0752756509447936,0.016254211354451008,-0.004929555902579405,-0.5578489868164063,-0.2825157958984375,10.302249743652343
36.20163369178772,0.07447626350113207,0.019984686091538122,-0.002531393571594829,-0.5746083984375,-0.258573779296875,10.295067138671874
36.2215301990509,0.07780704451638844,0.017453292519943295,-0.005062787143189658,-0.5746083984375,-0.2753331909179687,10.328585961914062
36.241591691970825,0.07514241970418334,0.014122511504686942,-0.007061255752343471,-0.6009446166992187,-0.2920926025390625,10.311826550292968
36.26141667366028,0.07927258816310122,0.01971822361031762,-0.004263399699528133,-0.5698199951171875,-0.28730419921875,10.319009155273436
36.281476736068726,0.07341041357625004,0.018385911204215073,-0.0073277182335639785,-0.5746083984375,-0.3064578125,10.290278735351562
36.30242848396301,0.07434303226052183,0.020251148572758632,-0.0058621745868511835,-0.5434837768554687,-0.2705447875976562,10.35492218017578
36.32161092758179,0.07687442583211665,0.01985145485092787,-0.006528330789902454,-0.5506663818359374,-0.28490999755859375,10.266336718749999
36.34153604507446,0.07367687605747056,0.018918836166656093,-0.005196018383799912,-0.5506663818359374,-0.21787235107421873,10.338162768554687
36.36147093772888,0.07807350699760894,0.017186830038722786,-0.006928024511733216,-0.5602431884765625,-0.29448680419921874,10.295067138671874
36.38129901885986,0.07274425737319877,0.01345635530163567,-0.004396630940138387,-0.5961562133789062,-0.258573779296875,10.156203442382813
36.401463985443115,0.07487595722296284,0.022116385941302188,-0.0057289433462409285,-0.5770026000976562,-0.28490999755859375,10.297461340332031
36.42164373397827,0.07660796335089615,0.02011791733214838,-0.007194486992953725,-0.5889736083984375,-0.2561795776367187,10.299855541992187
36.441550731658936,0.07327718233563979,0.01851914244482533,-0.0058621745868511835,-0.565031591796875,-0.28969840087890625,10.273519323730468
36.461448669433594,0.07114548248587572,0.02131699849764067,-0.005329249624410167,-0.5482721801757812,-0.3136404174804687,10.271125122070313
36.48150062561035,0.07487595722296284,0.016787136316892024,-0.0033307810152563544,-0.5770026000976562,-0.26336218261718747,10.307038146972655
36.50174331665039,0.07301071985441929,0.018785604926045835,-0.005062787143189658,-0.584185205078125,-0.2537853759765625,10.319009155273436
36.52159142494202,0.07234456365136802,0.016787136316892024,-0.0039969372183076245,-0.5722141967773438,-0.2753331909179687,10.261548315429687
36.541547536849976,0.07434303226052183,0.018119448722994567,-0.006128637068071691,-0.603338818359375,-0.2537853759765625,10.268730920410155
36.56148934364319,0.0750091884635731,0.01971822361031762,-0.005995405827461438,-0.5770026000976562,-0.28969840087890625,10.311826550292968
36.581666231155396,0.07301071985441929,0.02118376725703041,-0.004929555902579405,-0.5363011718749999,-0.2825157958984375,10.27830772705078
36.601765871047974,0.07447626350113207,0.013323124061025418,-0.0031975497746461,-0.5793968017578125,-0.25139117431640623,10.40041201171875
36.62138628959656,0.0747427259823526,0.01971822361031762,-0.0039969372183076245,-0.5410895751953124,-0.2537853759765625,10.307038146972655
36.64135932922363,0.0720781011701475,0.020517611053979142,-0.007061255752343471,-0.5746083984375,-0.3016694091796875,10.299855541992187
36.661728858947754,0.07634150086967564,0.019052067407266345,-0.008127105677225504,-0.5482721801757812,-0.258573779296875,10.304643945312499
36.68140268325806,0.0738101072980808,0.015454823910789483,-0.0037304747370871167,-0.5386953735351562,-0.24899697265624998,10.342951171874999
36.70139980316162,0.07660796335089615,0.022649310903743208,-0.006928024511733216,-0.5722141967773438,-0.2537853759765625,10.321403356933594
36.72144150733948,0.07434303226052183,0.0191852986478766,-0.004929555902579405,-0.565031591796875,-0.28490999755859375,10.290278735351562
36.74157190322876,0.07314395109502954,0.01705359879811253,-0.005196018383799912,-0.5363011718749999,-0.2705447875976562,10.347739575195313
36.76164197921753,0.0767411945915064,0.01572128639200999,-0.0058621745868511835,-0.5770026000976562,-0.26336218261718747,10.295067138671874
36.78162622451782,0.0747427259823526,0.02078407353519965,-0.004130168458917879,-0.5698199951171875,-0.28730419921875,10.283096130371094
36.80286455154419,0.07301071985441929,0.018252679963604822,-0.005196018383799912,-0.5339069702148437,-0.3016694091796875,10.263942517089843
36.82185173034668,0.07554211342601411,0.017186830038722786,-0.004929555902579405,-0.5410895751953124,-0.2537853759765625,10.283096130371094
36.84141302108765,0.07261102613258852,0.01958499236970736,-0.0074609494741742334,-0.5458779785156249,-0.3016694091796875,10.347739575195313
36.86135530471802,0.06901378263611166,0.017852986241774057,-0.008393568158446012,-0.5674257934570313,-0.28730419921875,10.273519323730468
36.88122034072876,0.07487595722296284,0.01572128639200999,-0.011058192970651094,-0.5482721801757812,-0.3016694091796875,10.271125122070313
36.901970863342285,0.0738101072980808,0.024781010753507273,-0.005462480865020421,-0.5602431884765625,-0.2753331909179687,10.120290417480469
36.921884298324585,0.07367687605747056,0.020650842294589397,-0.006794793271122962,-0.5530605834960938,-0.296881005859375,10.280701928710936
36.941532135009766,0.0767411945915064,0.01345635530163567,-0.009192955602107537,-0.5434837768554687,-0.26815058593749996,10.330980163574218
36.961262702941895,0.07767381327577817,0.020251148572758632,-0.005329249624410167,-0.5123591552734374,-0.2561795776367187,10.309432348632813
36.98138427734375,0.07487595722296284,0.01958499236970736,-0.0014655436467127959,-0.5817910034179687,-0.2753331909179687,10.295067138671874
37.0016884803772,0.07927258816310122,0.016387442595061263,-0.006528330789902454,-0.5530605834960938,-0.22026655273437498,10.338162768554687
37.021381855010986,0.0738101072980808,0.018652373685435583,-0.0063950995492922,-0.5602431884765625,-0.28012159423828126,10.32379755859375
37.04129719734192,0.07767381327577817,0.017719755001163805,-0.0074609494741742334,-0.5291185668945312,-0.2825157958984375,10.280701928710936
37.061676025390625,0.07261102613258852,0.018918836166656093,-0.005196018383799912,-0.5578489868164063,-0.2753331909179687,10.347739575195313
37.08268594741821,0.07540888218540386,0.022782542144353463,-0.006661562030512709,-0.565031591796875,-0.4525041137695312,10.347739575195313
37.10158729553223,0.07327718233563979,0.017186830038722786,-0.0058621745868511835,-0.5482721801757812,-0.296881005859375,10.287884533691406
37.12152910232544,0.07447626350113207,0.016653905076281773,-0.003863705977697371,-0.5482721801757812,-0.2609679809570312,10.32379755859375
37.14163017272949,0.07420980101991156,0.015454823910789483,-0.0037304747370871167,-0.5386953735351562,-0.2657563842773437,10.287884533691406
37.16179060935974,0.07394333853869106,0.0191852986478766,-0.0063950995492922,-0.5243301635742187,-0.28969840087890625,10.266336718749999
37.181341886520386,0.07394333853869106,0.012390505376753637,-0.0035972434964768626,-0.5746083984375,-0.2920926025390625,10.292672937011718
37.201478242874146,0.07767381327577817,0.015588055151399738,-0.004929555902579405,-0.5458779785156249,-0.24899697265624998,10.335768566894531
37.22142195701599,0.07900612568188072,0.01572128639200999,-0.007993874436615249,-0.5458779785156249,-0.2537853759765625,10.299855541992187
37.241375207901,0.07460949474174233,0.01851914244482533,-0.0033307810152563544,-0.565031591796875,-0.24660277099609373,10.345345373535155
37.261481046676636,0.07913935692249098,0.019052067407266345,-0.0058621745868511835,-0.5578489868164063,-0.277727392578125,10.244788903808594
37.28132772445679,0.07620826962906538,0.015588055151399738,-0.005062787143189658,-0.5746083984375,-0.28490999755859375,10.309432348632813
37.30145716667175,0.07460949474174233,0.01692036755750228,-0.008526799399056265,-0.5363011718749999,-0.28012159423828126,10.352527978515624
37.32140755653381,0.07460949474174233,0.018918836166656093,-0.0063950995492922,-0.5243301635742187,-0.29927520751953124,10.319009155273436
37.34169054031372,0.07460949474174233,0.01958499236970736,-0.006661562030512709,-0.5865794067382812,-0.2442085693359375,10.307038146972655
37.361445903778076,0.07301071985441929,0.022249617181912446,-0.006261868308681946,-0.565031591796875,-0.2920926025390625,10.350133776855468
37.38140320777893,0.07767381327577817,0.017453292519943295,-0.006661562030512709,-0.5195417602539062,-0.28490999755859375,10.330980163574218
37.401376724243164,0.0770076570727269,0.01851914244482533,-0.0057289433462409285,-0.5434837768554687,-0.2561795776367187,10.158597644042969
37.42136335372925,0.07314395109502954,0.013989280264076687,-0.006794793271122962,-0.5602431884765625,-0.26815058593749996,10.31661495361328
37.44188618659973,0.07607503838845513,0.017453292519943295,-0.006794793271122962,-0.49799394531249996,-0.29448680419921874,10.319009155273436
37.46159911155701,0.07341041357625004,0.015854517632620246,-0.006261868308681946,-0.5363011718749999,-0.277727392578125,10.297461340332031
37.48164653778076,0.0738101072980808,0.020384379813368887,-0.00479632466196915,-0.603338818359375,-0.2346317626953125,10.271125122070313
37.501453161239624,0.07794027575699868,0.01985145485092787,-0.005995405827461438,-0.5698199951171875,-0.277727392578125,10.319009155273436
37.523024559020996,0.07820673823821919,0.021716692219471426,-0.00479632466196915,-0.5578489868164063,-0.32082302246093747,10.338162768554687
37.5420036315918,0.07460949474174233,0.020384379813368887,-0.004529862180748642,-0.5147533569335937,-0.2753331909179687,10.319009155273436
37.561522245407104,0.07860643196004995,0.019318529888486854,-0.003863705977697371,-0.5626373901367188,-0.2657563842773437,10.28549033203125
37.582223892211914,0.07420980101991156,0.022382848422522698,-0.006528330789902454,-0.5506663818359374,-0.23223756103515625,10.326191760253906
37.60136437416077,0.07927258816310122,0.014788667707738212,-0.004396630940138387,-0.55545478515625,-0.43574470214843747,10.307038146972655
37.62212085723877,0.07767381327577817,0.02438131703167651,-0.0014655436467127959,-0.55545478515625,-0.2825157958984375,10.249577307128906
37.64159536361694,0.07847320071943971,0.017852986241774057,-0.005595712105630674,-0.5386953735351562,-0.27293898925781246,10.314220751953124
37.66133642196655,0.0764747321102859,0.017453292519943295,-0.0037304747370871167,-0.5674257934570313,-0.23223756103515625,10.297461340332031
37.68127417564392,0.07487595722296284,0.022915773384963714,-0.005595712105630674,-0.5386953735351562,-0.25139117431640623,10.309432348632813
37.70150399208069,0.07833996947882944,0.016120980113840753,-0.0073277182335639785,-0.5817910034179687,-0.28012159423828126,10.31661495361328
37.72215008735657,0.07247779489197827,0.021583460978861175,-0.005062787143189658,-0.584185205078125,-0.296881005859375,10.244788903808594
37.74190640449524,0.07394333853869106,0.022782542144353463,-0.006794793271122962,-0.5482721801757812,-0.2537853759765625,10.254365710449218
37.761756896972656,0.0767411945915064,0.020251148572758632,-0.00479632466196915,-0.55545478515625,-0.29448680419921874,10.141838232421874
37.78170132637024,0.0747427259823526,0.0191852986478766,-0.0075941807147844875,-0.5506663818359374,-0.2657563842773437,10.151415039062499
37.802064657211304,0.07727411955394742,0.018785604926045835,-0.0074609494741742334,-0.5746083984375,-0.239420166015625,10.311826550292968
37.82182955741882,0.07314395109502954,0.02105053601642016,-0.0039969372183076245,-0.5578489868164063,-0.277727392578125,10.271125122070313
37.84161996841431,0.0747427259823526,0.02105053601642016,-0.004663093421358896,-0.5793968017578125,-0.258573779296875,10.311826550292968
37.86182355880737,0.07833996947882944,0.017586523760553547,-0.00479632466196915,-0.5793968017578125,-0.30406361083984373,10.27830772705078
37.8815975189209,0.07367687605747056,0.017453292519943295,-0.005062787143189658,-0.5698199951171875,-0.2561795776367187,10.24718310546875
37.901540756225586,0.07420980101991156,0.020650842294589397,-0.009326186842717792,-0.55545478515625,-0.2561795776367187,10.283096130371094
37.92158389091492,0.07367687605747056,0.019052067407266345,-0.0033307810152563544,-0.5506663818359374,-0.26815058593749996,10.340556970214843
37.941532373428345,0.07540888218540386,0.016787136316892024,-0.00866003063966652,-0.5602431884765625,-0.2753331909179687,10.235212097167969
37.96150994300842,0.07607503838845513,0.013989280264076687,-0.006128637068071691,-0.565031591796875,-0.28012159423828126,10.275913525390624
37.98137307167053,0.07727411955394742,0.01958499236970736,-0.0063950995492922,-0.5793968017578125,-0.45010991210937495,10.263942517089843
38.00194191932678,0.07514241970418334,0.017852986241774057,-0.0035972434964768626,-0.5602431884765625,-0.24899697265624998,10.28549033203125
38.02139186859131,0.07341041357625004,0.016120980113840753,-0.002264931090374321,-0.55545478515625,-0.2920926025390625,10.314220751953124
38.04160666465759,0.07261102613258852,0.022116385941302188,-0.0031975497746461,-0.565031591796875,-0.26336218261718747,10.280701928710936
38.06172013282776,0.0764747321102859,0.014522205226517705,-0.00479632466196915,-0.5530605834960938,-0.28730419921875,10.268730920410155
38.082696199417114,0.0738101072980808,0.016254211354451008,-0.006794793271122962,-0.5602431884765625,-0.2442085693359375,10.263942517089843
38.10172986984253,0.07314395109502954,0.016387442595061263,-0.004929555902579405,-0.59376201171875,-0.27293898925781246,10.292672937011718
38.1215717792511,0.071811638688927,0.020384379813368887,-0.0073277182335639785,-0.5410895751953124,-0.29927520751953124,10.299855541992187
38.14174938201904,0.0750091884635731,0.01732006127933304,-0.005462480865020421,-0.5722141967773438,-0.2825157958984375,10.249577307128906
38.161638021469116,0.07594180714784488,0.022382848422522698,-0.0029310872934255917,-0.5674257934570313,-0.2657563842773437,10.319009155273436
38.18171572685242,0.07594180714784488,0.01945176112909711,-0.004396630940138387,-0.565031591796875,-0.2561795776367187,10.304643945312499
38.201637983322144,0.07687442583211665,0.015854517632620246,-0.0058621745868511835,-0.5626373901367188,-0.2561795776367187,10.302249743652343
38.221633434295654,0.07261102613258852,0.017186830038722786,-0.006261868308681946,-0.584185205078125,-0.258573779296875,10.321403356933594
38.2416877746582,0.07580857590723461,0.016254211354451008,-0.0057289433462409285,-0.5339069702148437,-0.3232172241210937,10.261548315429687
38.26157784461975,0.07354364481686029,0.01945176112909711,-0.006928024511733216,-0.5386953735351562,-0.27293898925781246,10.302249743652343
38.281574964523315,0.07447626350113207,0.021716692219471426,-0.008127105677225504,-0.5219359619140624,-0.2705447875976562,10.297461340332031
38.30134177207947,0.07407656977930133,0.02145022973825092,-0.0057289433462409285,-0.584185205078125,-0.2705447875976562,10.340556970214843
38.32139801979065,0.07167840744831674,0.018119448722994567,-0.004396630940138387,-0.5363011718749999,-0.2442085693359375,10.352527978515624
38.341641902923584,0.07314395109502954,0.0191852986478766,-0.007194486992953725,-0.5434837768554687,-0.258573779296875,10.263942517089843
38.3615620136261,0.0747427259823526,0.01958499236970736,-0.008926493120887028,-0.5674257934570313,-0.26336218261718747,10.292672937011718
38.38143444061279,0.07154517620770649,0.02118376725703041,-0.004396630940138387,-0.55545478515625,-0.24899697265624998,10.275913525390624
38.40183138847351,0.07354364481686029,0.01945176112909711,-0.003464012255866608,-0.5722141967773438,-0.3136404174804687,10.369287390136718
38.42190980911255,0.07514241970418334,0.01732006127933304,-0.004130168458917879,-0.55545478515625,-0.28730419921875,10.235212097167969
38.441556215286255,0.07754058203516792,0.01958499236970736,-0.0039969372183076245,-0.5674257934570313,-0.2561795776367187,10.309432348632813
38.461644887924194,0.07794027575699868,0.0127901990985844,-0.0013323124061025418,-0.55545478515625,-0.2825157958984375,10.311826550292968
38.48158526420593,0.07447626350113207,0.014655436467127957,-0.008526799399056265,-0.5817910034179687,-0.2920926025390625,10.366893188476562
38.50159811973572,0.07860643196004995,0.018785604926045835,-0.0031975497746461,-0.5434837768554687,-0.26815058593749996,10.307038146972655
38.521352767944336,0.07514241970418334,0.02371516082862524,-0.00479632466196915,-0.5698199951171875,-0.26336218261718747,10.273519323730468
38.54177904129028,0.0738101072980808,0.01732006127933304,-0.007727411955394742,-0.5770026000976562,-0.28012159423828126,10.297461340332031
38.56165051460266,0.07860643196004995,0.017186830038722786,-0.006794793271122962,-0.5315127685546874,-0.26815058593749996,10.32379755859375
38.58137655258179,0.07540888218540386,0.017852986241774057,-0.005995405827461438,-0.5602431884765625,-0.29448680419921874,10.32379755859375
38.602020025253296,0.07394333853869106,0.01532159267017923,-0.006661562030512709,-0.5722141967773438,-0.4381389038085937,10.31661495361328
38.62158727645874,0.07301071985441929,0.020650842294589397,-0.001732006127933304,-0.5674257934570313,-0.26815058593749996,10.292672937011718
38.6414532661438,0.07660796335089615,0.018252679963604822,-0.007993874436615249,-0.5434837768554687,-0.2705447875976562,10.27830772705078
38.66146516799927,0.06954670759855268,0.020251148572758632,-0.0021316998497640663,-0.59376201171875,-0.2920926025390625,10.287884533691406
38.68145251274109,0.07807350699760894,0.020650842294589397,-0.004929555902579405,-0.5363011718749999,-0.30406361083984373,10.299855541992187
38.701456785202026,0.07820673823821919,0.020917304775809907,-0.006528330789902454,-0.5410895751953124,-0.2825157958984375,10.319009155273436
38.72179579734802,0.0764747321102859,0.016520673835671518,-0.006794793271122962,-0.5578489868164063,-0.3016694091796875,10.292672937011718
38.74169993400574,0.07820673823821919,0.020650842294589397,-0.004929555902579405,-0.5410895751953124,-0.29448680419921874,10.347739575195313
38.76140356063843,0.07394333853869106,0.017453292519943295,-0.0029310872934255917,-0.5315127685546874,-0.28730419921875,10.230423693847655
38.78152132034302,0.07780704451638844,0.015588055151399738,-0.004130168458917879,-0.5626373901367188,-0.28969840087890625,10.326191760253906
38.80162000656128,0.07634150086967564,0.01572128639200999,-0.008393568158446012,-0.5674257934570313,-0.28730419921875,10.302249743652343
38.821982860565186,0.07687442583211665,0.01732006127933304,-0.00479632466196915,-0.5602431884765625,-0.258573779296875,10.287884533691406
38.841774463653564,0.07154517620770649,0.017586523760553547,-0.006661562030512709,-0.5530605834960938,-0.28969840087890625,10.304643945312499
38.8613600730896,0.0747427259823526,0.020251148572758632,-0.004130168458917879,-0.5267243652343749,-0.26815058593749996,10.287884533691406
38.88184714317322,0.07833996947882944,0.015454823910789483,-0.006128637068071691,-0.5506663818359374,-0.28969840087890625,10.335768566894531
38.9019250869751,0.07660796335089615,0.015854517632620246,-0.005196018383799912,-0.5386953735351562,-0.2705447875976562,10.340556970214843
38.92193841934204,0.0720781011701475,0.017852986241774057,-0.008127105677225504,-0.5458779785156249,-0.27293898925781246,10.127473022460936
38.94153928756714,0.0747427259823526,0.013856049023466432,-0.005329249624410167,-0.55545478515625,-0.2705447875976562,10.283096130371094
38.961597204208374,0.0747427259823526,0.016787136316892024,-0.0018652373685435584,-0.5458779785156249,-0.28012159423828126,10.297461340332031
38.981675148010254,0.07567534466662437,0.01705359879811253,-0.008393568158446012,-0.5386953735351562,-0.28969840087890625,10.299855541992187
39.00160598754883,0.07847320071943971,0.01971822361031762,-0.003863705977697371,-0.5889736083984375,-0.2561795776367187,10.27830772705078
39.02148747444153,0.07367687605747056,0.018785604926045835,-0.0095926493239383,-0.5722141967773438,-0.45489831542968745,10.299855541992187
39.041470527648926,0.07487595722296284,0.016787136316892024,-0.007194486992953725,-0.5363011718749999,-0.2609679809570312,10.256759912109374
39.06136441230774,0.07074578876404496,0.01851914244482533,-0.008926493120887028,-0.5506663818359374,-0.28012159423828126,10.280701928710936
39.082436084747314,0.07447626350113207,0.016387442595061263,-0.005062787143189658,-0.5578489868164063,-0.30885201416015623,10.295067138671874
39.10138964653015,0.07354364481686029,0.02011791733214838,-0.006128637068071691,-0.5195417602539062,-0.30885201416015623,10.129867224121092
39.122098445892334,0.07354364481686029,0.011591117933092112,-0.005196018383799912,-0.584185205078125,-0.277727392578125,10.309432348632813
39.14211964607239,0.07607503838845513,0.016653905076281773,-0.003863705977697371,-0.5626373901367188,-0.2920926025390625,10.259154113769531
39.161502838134766,0.07767381327577817,0.015987748873230498,-0.005595712105630674,-0.5698199951171875,-0.26336218261718747,10.395623608398436
39.18147897720337,0.07554211342601411,0.021983154700691936,-0.009059724361497283,-0.584185205078125,-0.2753331909179687,10.36210478515625
39.20199537277222,0.07221133241075775,0.02011791733214838,-0.006928024511733216,-0.5434837768554687,-0.2442085693359375,10.378864196777343
39.2218701839447,0.07327718233563979,0.017852986241774057,-0.0026646248122050836,-0.5363011718749999,-0.26815058593749996,10.297461340332031
39.24225854873657,0.07314395109502954,0.017986217482384312,-0.003863705977697371,-0.5267243652343749,-0.29448680419921874,10.290278735351562
39.26178860664368,0.07341041357625004,0.015454823910789483,-0.005196018383799912,-0.5482721801757812,-0.277727392578125,10.328585961914062
39.281723737716675,0.07820673823821919,0.016120980113840753,-0.005196018383799912,-0.584185205078125,-0.277727392578125,10.275913525390624
39.30167484283447,0.07634150086967564,0.019052067407266345,-0.004529862180748642,-0.5386953735351562,-0.2753331909179687,10.24718310546875
39.321791887283325,0.07194486992953725,0.021583460978861175,-0.006128637068071691,-0.5482721801757812,-0.277727392578125,10.347739575195313
39.34194207191467,0.07407656977930133,0.02118376725703041,-0.00866003063966652,-0.5817910034179687,-0.2753331909179687,10.321403356933594
39.36129379272461,0.07687442583211665,0.017852986241774057,-0.0073277182335639785,-0.603338818359375,-0.2920926025390625,10.295067138671874
39.381457805633545,0.07154517620770649,0.019318529888486854,-0.0063950995492922,-0.55545478515625,-0.3112462158203125,10.302249743652343
39.40159893035889,0.07780704451638844,0.02131699849764067,-0.006128637068071691,-0.5267243652343749,-0.239420166015625,10.302249743652343
39.42198181152344,0.0764747321102859,0.01732006127933304,-0.008526799399056265,-0.5817910034179687,-0.2657563842773437,10.299855541992187
39.441733598709106,0.07274425737319877,0.016653905076281773,-0.009326186842717792,-0.6081272216796875,-0.2705447875976562,10.31661495361328
39.46183228492737,0.07940581940371148,0.01692036755750228,-0.006128637068071691,-0.5291185668945312,-0.28012159423828126,10.299855541992187
39.48182702064514,0.0752756509447936,0.018119448722994567,-0.0037304747370871167,-0.5961562133789062,-0.2825157958984375,10.292672937011718
39.50163793563843,0.07567534466662437,0.014522205226517705,-0.006528330789902454,-0.5746083984375,-0.28012159423828126,10.299855541992187
39.52150225639343,0.07141194496709623,0.017186830038722786,-0.006661562030512709,-0.565031591796875,-0.29927520751953124,10.32379755859375
39.54141068458557,0.0750091884635731,0.015188361429568975,-0.0031975497746461,-0.5817910034179687,-0.277727392578125,10.326191760253906
39.56162118911743,0.07341041357625004,0.022649310903743208,-0.005995405827461438,-0.5817910034179687,-0.296881005859375,10.309432348632813
39.58195090293884,0.07660796335089615,0.01505513018895872,-0.0037304747370871167,-0.5530605834960938,-0.2537853759765625,10.287884533691406
39.60164189338684,0.07074578876404496,0.02078407353519965,-0.0095926493239383,-0.5674257934570313,-0.23702596435546874,10.299855541992187
39.6216402053833,0.07460949474174233,0.018119448722994567,-0.0057289433462409285,-0.5434837768554687,-0.2537853759765625,10.271125122070313
39.64205718040466,0.07580857590723461,0.016653905076281773,-0.001732006127933304,-0.5602431884765625,-0.2442085693359375,10.268730920410155
39.66193723678589,0.07247779489197827,0.020251148572758632,-0.0030643185340358454,-0.5458779785156249,-0.2753331909179687,10.350133776855468
39.6819121837616,0.07327718233563979,0.018119448722994567,-0.005329249624410167,-0.565031591796875,-0.2442085693359375,10.273519323730468
39.7014582157135,0.07727411955394742,0.018918836166656093,-0.003464012255866608,-0.5674257934570313,-0.2753331909179687,10.335768566894531
39.72187662124634,0.07754058203516792,0.018918836166656093,-0.008127105677225504,-0.5243301635742187,-0.25139117431640623,10.273519323730468
39.74187421798706,0.07514241970418334,0.01985145485092787,-0.005196018383799912,-0.5722141967773438,-0.2537853759765625,10.273519323730468
39.76157999038696,0.07247779489197827,0.018918836166656093,-0.004929555902579405,-0.5793968017578125,-0.3064578125,10.290278735351562
39.78152394294739,0.06994640132038345,0.01851914244482533,-0.004396630940138387,-0.5386953735351562,-0.27293898925781246,10.28549033203125
39.802061796188354,0.07540888218540386,0.016254211354451008,-0.005595712105630674,-0.59376201171875,-0.2920926025390625,10.342951171874999
39.82152080535889,0.07847320071943971,0.020650842294589397,-0.0063950995492922,-0.5363011718749999,-0.2657563842773437,10.295067138671874
39.84200048446655,0.07354364481686029,0.018385911204215073,-0.006528330789902454,-0.5817910034179687,-0.24181436767578124,10.259154113769531
39.861451864242554,0.07034609504221419,0.019318529888486854,-0.005462480865020421,-0.5195417602539062,-0.2753331909179687,10.335768566894531
39.8815221786499,0.07487595722296284,0.016520673835671518,-0.0029310872934255917,-0.5602431884765625,-0.258573779296875,10.292672937011718
39.901551485061646,0.07127871372648598,0.017719755001163805,-0.006128637068071691,-0.5770026000976562,-0.296881005859375,10.295067138671874
39.92174482345581,0.0767411945915064,0.01505513018895872,-0.004529862180748642,-0.5722141967773438,-0.29927520751953124,10.31661495361328
39.94151735305786,0.07754058203516792,0.02078407353519965,-0.0063950995492922,-0.5674257934570313,-0.2753331909179687,10.297461340332031
39.96134829521179,0.07554211342601411,0.016787136316892024,-0.0019984686091538122,-0.5386953735351562,-0.30406361083984373,10.302249743652343
39.981350898742676,0.07620826962906538,0.016653905076281773,-0.005062787143189658,-0.565031591796875,-0.32082302246093747,10.273519323730468
40.00151443481445,0.07487595722296284,0.018252679963604822,-0.008926493120887028,-0.5291185668945312,-0.2705447875976562,10.311826550292968
40.021432876586914,0.0738101072980808,0.01438897398590745,-0.008260336917835759,-0.5267243652343749,-0.30885201416015623,10.273519323730468
40.04172110557556,0.07580857590723461,0.016520673835671518,-0.0035972434964768626,-0.5746083984375,-0.2825157958984375,10.335768566894531
40.06137299537659,0.07354364481686029,0.017986217482384312,-0.0029310872934255917,-0.5817910034179687,-0.2825157958984375,10.268730920410155
40.08178377151489,0.07394333853869106,0.020517611053979142,-0.0037304747370871167,-0.5674257934570313,-0.26815058593749996,10.127473022460936
40.10144257545471,0.07767381327577817,0.017986217482384312,-0.0058621745868511835,-0.5626373901367188,-0.2609679809570312,10.249577307128906
40.121471881866455,0.07447626350113207,0.01985145485092787,-0.005462480865020421,-0.565031591796875,-0.26336218261718747,10.27830772705078
40.14149475097656,0.07487595722296284,0.014921898948348467,-0.006928024511733216,-0.55545478515625,-0.2561795776367187,10.283096130371094
40.161473989486694,0.07367687605747056,0.016787136316892024,-0.009059724361497283,-0.5434837768554687,-0.2705447875976562,10.342951171874999
40.1813108921051,0.07274425737319877,0.018785604926045835,-0.005995405827461438,-0.5985504150390625,-0.2753331909179687,10.251971508789062
40.20148015022278,0.07540888218540386,0.019052067407266345,-0.0033307810152563544,-0.5770026000976562,-0.26815058593749996,10.271125122070313
40.22124123573303,0.07420980101991156,0.015188361429568975,-0.0063950995492922,-0.5291185668945312,-0.27293898925781246,10.24000050048828
40.24177932739258,0.07554211342601411,0.019052067407266345,-0.009459418083328047,-0.5698199951171875,-0.2657563842773437,10.39322940673828
40.26138615608215,0.07301071985441929,0.022782542144353463,-0.0037304747370871167,-0.565031591796875,-0.277727392578125,10.290278735351562
40.281373023986816,0.07460949474174233,0.014921898948348467,-0.005462480865020421,-0.5458779785156249,-0.2825157958984375,10.345345373535155
40.30138158798218,0.0752756509447936,0.016787136316892024,-0.007727411955394742,-0.5530605834960938,-0.26336218261718747,10.299855541992187
40.32173013687134,0.07607503838845513,0.02131699849764067,-0.005329249624410167,-0.5315127685546874,-0.43574470214843747,10.297461340332031
40.34170961380005,0.0750091884635731,0.022516079663132953,-0.005462480865020421,-0.5458779785156249,-0.258573779296875,10.31661495361328
40.36182928085327,0.07287748861380902,0.02131699849764067,-0.008926493120887028,-0.55545478515625,-0.2705447875976562,10.295067138671874
40.38168931007385,0.07767381327577817,0.01532159267017923,-0.006794793271122962,-0.5793968017578125,-0.27293898925781246,10.283096130371094
40.40148377418518,0.07754058203516792,0.016120980113840753,-0.005462480865020421,-0.5267243652343749,-0.2561795776367187,10.405200415039062
40.421433448791504,0.0770076570727269,0.016120980113840753,-0.004529862180748642,-0.5602431884765625,-0.28969840087890625,10.333374365234375
40.44155406951904,0.07660796335089615,0.02438131703167651,-0.008260336917835759,-0.5410895751953124,-0.2825157958984375,10.342951171874999
40.46158266067505,0.07554211342601411,0.015188361429568975,-0.006261868308681946,-0.5363011718749999,-0.26815058593749996,10.24718310546875
40.48138427734375,0.07487595722296284,0.016520673835671518,-0.005196018383799912,-0.5674257934570313,-0.28969840087890625,10.280701928710936
40.501490116119385,0.07554211342601411,0.02118376725703041,-0.0031975497746461,-0.5793968017578125,-0.28730419921875,10.304643945312499
40.52149677276611,0.07007963256099368,0.022649310903743208,-0.0029310872934255917,-0.5243301635742187,-0.2753331909179687,10.405200415039062
40.541680097579956,0.07660796335089615,0.01705359879811253,-0.007061255752343471,-0.5602431884765625,-0.24899697265624998,10.328585961914062
40.56153869628906,0.07420980101991156,0.021983154700691936,-0.004929555902579405,-0.5458779785156249,-0.28730419921875,10.309432348632813
40.58163404464722,0.07394333853869106,0.01572128639200999,-0.0013323124061025418,-0.5674257934570313,-0.29448680419921874,10.287884533691406
40.602044343948364,0.07447626350113207,0.017586523760553547,-0.009326186842717792,-0.5602431884765625,-0.29448680419921874,10.409988818359375
40.62153387069702,0.07101225124526546,0.01705359879811253,-0.005995405827461438,-0.5602431884765625,-0.2609679809570312,10.254365710449218
40.641589879989624,0.07194486992953725,0.015588055151399738,-0.009459418083328047,-0.5746083984375,-0.2657563842773437,10.321403356933594
40.661277532577515,0.07634150086967564,0.02424808579106626,-0.006528330789902454,-0.5243301635742187,-0.2561795776367187,10.28549033203125
40.68152165412903,0.07407656977930133,0.015854517632620246,-0.004663093421358896,-0.5793968017578125,-0.2657563842773437,10.326191760253906
40.70159840583801,0.0770076570727269,0.017453292519943295,-0.007061255752343471,-0.5961562133789062,-0.28730419921875,10.235212097167969
40.721641302108765,0.07301071985441929,0.018119448722994567,-0.004529862180748642,-0.5267243652343749,-0.4572925170898437,10.376469995117187
40.74223017692566,0.07540888218540386,0.017719755001163805,-0.004929555902579405,-0.5913678100585937,-0.24181436767578124,10.314220751953124
40.76155686378479,0.07660796335089615,0.020251148572758632,-0.002398162330984575,-0.5793968017578125,-0.2442085693359375,10.335768566894531
40.781341791152954,0.07554211342601411,0.016787136316892024,-0.0073277182335639785,-0.5339069702148437,-0.27293898925781246,10.371681591796875
40.801605463027954,0.0750091884635731,0.01692036755750228,-0.007061255752343471,-0.5434837768554687,-0.28969840087890625,10.347739575195313
40.82138228416443,0.07567534466662437,0.016653905076281773,-0.009059724361497283,-0.565031591796875,-0.24899697265624998,10.283096130371094
40.84145188331604,0.07487595722296284,0.01732006127933304,-0.004529862180748642,-0.5674257934570313,-0.27293898925781246,10.263942517089843
40.86172032356262,0.0770076570727269,0.017986217482384312,-0.004929555902579405,-0.5434837768554687,-0.258573779296875,10.342951171874999
40.881447315216064,0.0750091884635731,0.019052067407266345,-0.005329249624410167,-0.5626373901367188,-0.28012159423828126,10.297461340332031
40.901957750320435,0.07660796335089615,0.014522205226517705,-0.004529862180748642,-0.5985504150390625,-0.2753331909179687,10.330980163574218
40.92181420326233,0.0720781011701475,0.01971822361031762,-0.0073277182335639785,-0.5363011718749999,-0.2753331909179687,10.32379755859375
40.941776752471924,0.07407656977930133,0.016254211354451008,-0.004263399699528133,-0.5458779785156249,-0.29927520751953124,10.292672937011718
40.96156692504883,0.07554211342601411,0.019984686091538122,-0.006261868308681946,-0.565031591796875,-0.277727392578125,10.35492218017578
40.98156762123108,0.07460949474174233,0.017586523760553547,-0.008127105677225504,-0.5291185668945312,-0.21787235107421873,10.32379755859375
41.00155973434448,0.0720781011701475,0.01958499236970736,-0.0033307810152563544,-0.584185205078125,-0.258573779296875,10.342951171874999
41.02138924598694,0.07247779489197827,0.01572128639200999,-0.00479632466196915,-0.5530605834960938,-0.296881005859375,10.302249743652343
41.0416738986969,0.07274425737319877,0.016254211354451008,-0.004529862180748642,-0.5793968017578125,-0.258573779296875,10.302249743652343
41.06160354614258,0.07660796335089615,0.022382848422522698,-0.004663093421358896,-0.6009446166992187,-0.28012159423828126,10.28549033203125
41.08218193054199,0.07327718233563979,0.016520673835671518,-0.0063950995492922,-0.5626373901367188,-0.2657563842773437,10.321403356933594
41.101492404937744,0.07807350699760894,0.012523736617363892,-0.008127105677225504,-0.5674257934570313,-0.29927520751953124,10.290278735351562
41.12160301208496,0.07234456365136802,0.021716692219471426,-0.001732006127933304,-0.5339069702148437,-0.2537853759765625,10.309432348632813
41.141592025756836,0.07127871372648598,0.019318529888486854,-0.005595712105630674,-0.5626373901367188,-0.26336218261718747,10.357316381835936
41.16137623786926,0.07660796335089615,0.016653905076281773,-0.006928024511733216,-0.55545478515625,-0.2825157958984375,10.259154113769531
41.181400299072266,0.0770076570727269,0.013856049023466432,-0.006794793271122962,-0.5626373901367188,-0.27293898925781246,10.340556970214843
41.201417446136475,0.07807350699760894,0.020384379813368887,-0.0075941807147844875,-0.5722141967773438,-0.296881005859375,10.326191760253906
41.22142791748047,0.07554211342601411,0.018385911204215073,-0.006528330789902454,-0.5793968017578125,-0.296881005859375,10.347739575195313
41.24160385131836,0.07514241970418334,0.017186830038722786,-0.007993874436615249,-0.565031591796875,-0.2920926025390625,10.299855541992187
41.26144289970398,0.07807350699760894,0.02371516082862524,-0.0058621745868511835,-0.565031591796875,-0.277727392578125,10.249577307128906
41.28151226043701,0.07407656977930133,0.019052067407266345,-0.001732006127933304,-0.5410895751953124,-0.27293898925781246,10.292672937011718
41.301429748535156,0.07554211342601411,0.015987748873230498,-0.0033307810152563544,-0.5195417602539062,-0.277727392578125,10.335768566894531
41.321404218673706,0.07314395109502954,0.01345635530163567,-0.005595712105630674,-0.5339069702148437,-0.29448680419921874,10.333374365234375
41.341456174850464,0.0770076570727269,0.019052067407266345,-0.004130168458917879,-0.5458779785156249,-0.29448680419921874,10.297461340332031
41.36124038696289,0.07341041357625004,0.01851914244482533,-0.0033307810152563544,-0.584185205078125,-0.2561795776367187,10.287884533691406
41.38131046295166,0.07301071985441929,0.01705359879811253,-0.003464012255866608,-0.584185205078125,-0.229843359375,10.271125122070313
41.40139937400818,0.07514241970418334,0.020517611053979142,-0.005595712105630674,-0.5410895751953124,-0.2561795776367187,10.328585961914062
41.42148494720459,0.07660796335089615,0.018119448722994567,-0.009992343045769061,-0.5195417602539062,-0.26336218261718747,10.345345373535155
41.44142436981201,0.07594180714784488,0.014122511504686942,-0.004663093421358896,-0.59376201171875,-0.27293898925781246,10.309432348632813
41.46139192581177,0.07754058203516792,0.017852986241774057,-0.005995405827461438,-0.5315127685546874,-0.26815058593749996,10.273519323730468
41.48137545585632,0.07301071985441929,0.017986217482384312,-0.00985911180515881,-0.5434837768554687,-0.26336218261718747,10.330980163574218
41.501380443573,0.07167840744831674,0.018119448722994567,-0.007860643196004996,-0.5770026000976562,-0.26815058593749996,10.283096130371094
41.52151012420654,0.07567534466662437,0.01732006127933304,-0.007194486992953725,-0.5985504150390625,-0.2657563842773437,10.297461340332031
41.5415301322937,0.06901378263611166,0.017453292519943295,-0.005196018383799912,-0.5506663818359374,-0.28730419921875,10.326191760253906
41.5613899230957,0.080205206847373,0.020251148572758632,-0.0073277182335639785,-0.584185205078125,-0.28012159423828126,10.273519323730468
41.58132219314575,0.07607503838845513,0.017186830038722786,-0.007860643196004996,-0.6009446166992187,-0.26815058593749996,10.32379755859375
41.60159111022949,0.07767381327577817,0.017453292519943295,-0.0005329249624410166,-0.5123591552734374,-0.24660277099609373,10.314220751953124
41.62221693992615,0.07167840744831674,0.01971822361031762,-0.003464012255866608,-0.565031591796875,-0.29448680419921874,10.311826550292968
41.641637563705444,0.080205206847373,0.017186830038722786,-0.007194486992953725,-0.5722141967773438,-0.28969840087890625,10.228029492187499
41.66150712966919,0.07847320071943971,0.0191852986478766,-0.002797856052815337,-0.59376201171875,-0.2705447875976562,10.314220751953124
41.68180179595947,0.0750091884635731,0.019318529888486854,-0.006794793271122962,-0.55545478515625,-0.3016694091796875,10.280701928710936
41.70203757286072,0.07514241970418334,0.02131699849764067,-0.005462480865020421,-0.565031591796875,-0.2657563842773437,10.295067138671874
41.72163939476013,0.06821439519245012,0.019052067407266345,-0.005595712105630674,-0.5913678100585937,-0.2537853759765625,10.275913525390624
41.74205732345581,0.07261102613258852,0.018652373685435583,-0.007194486992953725,-0.5530605834960938,-0.2705447875976562,10.350133776855468
41.76145887374878,0.07847320071943971,0.019052067407266345,-0.005196018383799912,-0.5434837768554687,-0.3016694091796875,10.266336718749999
41.78158259391785,0.07887289444127048,0.019318529888486854,-0.0057289433462409285,-0.5219359619140624,-0.24660277099609373,10.28549033203125
41.801535844802856,0.07141194496709623,0.017186830038722786,-0.003863705977697371,-0.5003881469726562,-0.23702596435546874,10.347739575195313
41.82168173789978,0.07420980101991156,0.020384379813368887,-0.007727411955394742,-0.5674257934570313,-0.28730419921875,10.259154113769531
41.84130311012268,0.0747427259823526,0.01572128639200999,-0.008793261880276773,-0.5770026000976562,-0.28490999755859375,10.273519323730468
41.86148476600647,0.07354364481686029,0.01692036755750228,-0.0075941807147844875,-0.5506663818359374,-0.2705447875976562,10.251971508789062
41.881898641586304,0.07687442583211665,0.015588055151399738,-0.005462480865020421,-0.5267243652343749,-0.277727392578125,10.321403356933594
41.90162014961243,0.0752756509447936,0.014921898948348467,-0.009192955602107537,-0.5530605834960938,-0.29927520751953124,10.32379755859375
41.92175364494324,0.0764747321102859,0.021849923460081685,-0.008793261880276773,-0.5482721801757812,-0.28490999755859375,10.359710583496094
41.9417040348053,0.07620826962906538,0.022915773384963714,-0.0057289433462409285,-0.5363011718749999,-0.2657563842773437,10.292672937011718
41.961636543273926,0.07540888218540386,0.017453292519943295,-0.006128637068071691,-0.5410895751953124,-0.258573779296875,10.326191760253906
41.981813192367554,0.07261102613258852,0.021983154700691936,-0.007061255752343471,-0.5315127685546874,-0.23702596435546874,10.295067138671874
42.00186800956726,0.07594180714784488,0.02011791733214838,-0.0037304747370871167,-0.5458779785156249,-0.29448680419921874,10.28549033203125
42.02198314666748,0.07953905064432175,0.014921898948348467,-0.005196018383799912,-0.5530605834960938,-0.2753331909179687,10.330980163574218
42.041536808013916,0.07287748861380902,0.020917304775809907,-0.006661562030512709,-0.5722141967773438,-0.2753331909179687,10.28549033203125
42.06187057495117,0.0747427259823526,0.021716692219471426,-0.004929555902579405,-0.5410895751953124,-0.2657563842773437,10.287884533691406
42.082563400268555,0.07820673823821919,0.022249617181912446,-0.006528330789902454,-0.5578489868164063,-0.2609679809570312,10.338162768554687
42.10164427757263,0.071811638688927,0.018252679963604822,-0.00479632466196915,-0.5578489868164063,-0.2825157958984375,10.309432348632813
42.12156629562378,0.0750091884635731,0.017453292519943295,-0.0095926493239383,-0.5961562133789062,-0.25139117431640623,10.340556970214843
42.141552686691284,0.07567534466662437,0.018785604926045835,-0.007727411955394742,-0.5386953735351562,-0.26815058593749996,10.345345373535155
42.16175413131714,0.07460949474174233,0.019984686091538122,-0.0074609494741742334,-0.55545478515625,-0.26336218261718747,10.330980163574218
42.18173360824585,0.0764747321102859,0.01945176112909711,-0.004529862180748642,-0.5434837768554687,-0.28490999755859375,10.328585961914062
42.202125787734985,0.07034609504221419,0.014788667707738212,-0.005595712105630674,-0.5793968017578125,-0.26815058593749996,10.335768566894531
42.22182559967041,0.07447626350113207,0.01971822361031762,-0.004130168458917879,-0.5434837768554687,-0.296881005859375,10.309432348632813
42.24174356460571,0.07620826962906538,0.016120980113840753,-0.002264931090374321,-0.5770026000976562,-0.27293898925781246,10.342951171874999
42.26155996322632,0.07141194496709623,0.022116385941302188,-0.005196018383799912,-0.5530605834960938,-0.27293898925781246,10.314220751953124
42.28149700164795,0.07487595722296284,0.02131699849764067,-0.007993874436615249,-0.5889736083984375,-0.2920926025390625,10.225635290527343
42.30132865905762,0.07594180714784488,0.017586523760553547,-0.0026646248122050836,-0.5410895751953124,-0.29448680419921874,10.386046801757812
42.321871519088745,0.07567534466662437,0.011724349173702367,-0.008260336917835759,-0.5865794067382812,-0.277727392578125,10.287884533691406
42.34159302711487,0.07607503838845513,0.015987748873230498,-0.004396630940138387,-0.5386953735351562,-0.2825157958984375,10.290278735351562
42.36150598526001,0.07460949474174233,0.016254211354451008,-0.006528330789902454,-0.584185205078125,-0.30885201416015623,10.275913525390624
42.38150501251221,0.07234456365136802,0.020251148572758632,-0.006261868308681946,-0.5889736083984375,-0.2705447875976562,10.345345373535155
42.402079582214355,0.07873966320066021,0.016254211354451008,-0.0031975497746461,-0.5602431884765625,-0.2753331909179687,10.330980163574218
42.42161297798157,0.0764747321102859,0.017852986241774057,-0.004663093421358896,-0.6057330200195312,-0.23702596435546874,10.292672937011718
42.44155144691467,0.07940581940371148,0.018652373685435583,-0.005462480865020421,-0.5339069702148437,-0.3136404174804687,10.335768566894531
42.461824893951416,0.07727411955394742,0.016520673835671518,-0.005062787143189658,-0.5434837768554687,-0.26336218261718747,10.28549033203125
42.48149871826172,0.07514241970418334,0.020251148572758632,-0.003464012255866608,-0.5363011718749999,-0.28490999755859375,10.304643945312499
42.50148129463196,0.08180398173469605,0.015454823910789483,-0.008127105677225504,-0.5315127685546874,-0.28012159423828126,10.27830772705078
42.521718978881836,0.07580857590723461,0.019052067407266345,-0.004396630940138387,-0.5698199951171875,-0.2753331909179687,10.307038146972655
42.541544675827026,0.07247779489197827,0.017586523760553547,-0.006128637068071691,-0.5626373901367188,-0.28490999755859375,10.287884533691406
42.561832904815674,0.07754058203516792,0.015454823910789483,-0.004529862180748642,-0.5722141967773438,-0.2825157958984375,10.326191760253906
42.581536531448364,0.07780704451638844,0.018918836166656093,-0.006528330789902454,-0.5291185668945312,-0.2825157958984375,10.302249743652343
42.601773262023926,0.07727411955394742,0.02131699849764067,-0.007860643196004996,-0.5602431884765625,-0.2753331909179687,10.333374365234375
42.621641397476196,0.0738101072980808,0.01851914244482533,-0.0033307810152563544,-0.565031591796875,-0.296881005859375,10.220846887207031
42.64178800582886,0.07740735079455767,0.018785604926045835,-0.0039969372183076245,-0.5602431884765625,-0.2825157958984375,10.314220751953124
42.66155815124512,0.07087902000465522,0.02011791733214838,-0.004130168458917879,-0.5770026000976562,-0.28969840087890625,10.275913525390624
42.6813063621521,0.07607503838845513,0.01732006127933304,-0.00866003063966652,-0.5889736083984375,-0.21787235107421873,10.290278735351562
42.70148587226868,0.07727411955394742,0.0191852986478766,-0.007061255752343471,-0.5770026000976562,-0.2657563842773437,10.31661495361328
42.721522092819214,0.07540888218540386,0.019984686091538122,-0.005995405827461438,-0.5219359619140624,-0.258573779296875,10.32379755859375
42.74150466918945,0.0767411945915064,0.017586523760553547,-0.005329249624410167,-0.5770026000976562,-0.27293898925781246,10.302249743652343
42.76147985458374,0.0752756509447936,0.017186830038722786,-0.007061255752343471,-0.5458779785156249,-0.28490999755859375,10.307038146972655
42.78145670890808,0.07061255752343472,0.015454823910789483,-0.00479632466196915,-0.5267243652343749,-0.2705447875976562,10.242394702148436
42.80150032043457,0.0764747321102859,0.010392036767599824,-0.008393568158446012,-0.5602431884765625,-0.3064578125,10.244788903808594
42.82137370109558,0.07607503838845513,0.016653905076281773,-0.0035972434964768626,-0.5674257934570313,-0.1580173095703125,10.335768566894531
42.841516971588135,0.07447626350113207,0.017586523760553547,-0.007061255752343471,-0.5722141967773438,-0.25139117431640623,10.280701928710936
42.86135125160217,0.0750091884635731,0.02011791733214838,-0.001732006127933304,-0.5410895751953124,-0.296881005859375,10.273519323730468
42.88150668144226,0.07354364481686029,0.01505513018895872,-0.0075941807147844875,-0.5602431884765625,-0.2609679809570312,10.369287390136718
42.90149903297424,0.07447626350113207,0.015854517632620246,-0.006128637068071691,-0.5746083984375,-0.28969840087890625,10.319009155273436
42.921550989151,0.07740735079455767,0.018652373685435583,-0.004929555902579405,-0.5698199951171875,-0.29927520751953124,10.271125122070313
42.941540002822876,0.07061255752343472,0.016787136316892024,-0.004396630940138387,-0.5770026000976562,-0.28490999755859375,10.314220751953124
42.961543560028076,0.07660796335089615,0.016787136316892024,-0.004263399699528133,-0.5674257934570313,-0.28490999755859375,10.333374365234375
42.98158574104309,0.08007197560676275,0.017586523760553547,-0.0035972434964768626,-0.5722141967773438,-0.27293898925781246,10.263942517089843
43.00162935256958,0.0747427259823526,0.017586523760553547,-0.002264931090374321,-0.5434837768554687,-0.28969840087890625,10.266336718749999
43.02166032791138,0.07327718233563979,0.01705359879811253,-0.008260336917835759,-0.5482721801757812,-0.30885201416015623,10.357316381835936
43.04160189628601,0.0750091884635731,0.016653905076281773,-0.005462480865020421,-0.5506663818359374,-0.29927520751953124,10.275913525390624
43.06170725822449,0.07034609504221419,0.02078407353519965,-0.004130168458917879,-0.5410895751953124,-0.29448680419921874,10.271125122070313
43.08318734169006,0.0752756509447936,0.018385911204215073,-0.0030643185340358454,-0.5434837768554687,-0.45968671875,10.333374365234375
43.10170936584473,0.07447626350113207,0.02078407353519965,-0.006928024511733216,-0.5386953735351562,-0.28490999755859375,10.338162768554687
43.12219715118408,0.07540888218540386,0.015854517632620246,-0.004396630940138387,-0.5506663818359374,-0.2561795776367187,10.261548315429687
43.141544818878174,0.07634150086967564,0.02118376725703041,-0.007993874436615249,-0.5961562133789062,-0.27293898925781246,10.359710583496094
43.16180777549744,0.07780704451638844,0.022649310903743208,-0.008926493120887028,-0.59376201171875,-0.2920926025390625,10.28549033203125
43.18175745010376,0.07780704451638844,0.018385911204215073,-0.009059724361497283,-0.5458779785156249,-0.2705447875976562,10.251971508789062
43.20193076133728,0.0750091884635731,0.023448698347404734,-0.005462480865020421,-0.5386953735351562,-0.28012159423828126,10.287884533691406
43.22188186645508,0.0767411945915064,0.017186830038722786,-0.006794793271122962,-0.565031591796875,-0.2657563842773437,10.328585961914062
43.24159216880798,0.07607503838845513,0.01732006127933304,-0.004130168458917879,-0.5985504150390625,-0.2537853759765625,10.309432348632813
43.261536836624146,0.07247779489197827,0.01692036755750228,-0.0013323124061025418,-0.5770026000976562,-0.26815058593749996,10.369287390136718
43.28151345252991,0.07327718233563979,0.022249617181912446,-0.004130168458917879,-0.5339069702148437,-0.27293898925781246,10.311826550292968
43.30163621902466,0.07447626350113207,0.021849923460081685,-0.006661562030512709,-0.5482721801757812,-0.27293898925781246,10.326191760253906
43.32164001464844,0.07314395109502954,0.019318529888486854,-0.0058621745868511835,-0.565031591796875,-0.3016694091796875,10.314220751953124
43.34147930145264,0.07487595722296284,0.018652373685435583,-0.005196018383799912,-0.55545478515625,-0.24181436767578124,10.283096130371094
43.361555099487305,0.0752756509447936,0.0191852986478766,-0.003464012255866608,-0.5458779785156249,-0.26815058593749996,10.32379755859375
43.38144063949585,0.0747427259823526,0.017186830038722786,-0.0039969372183076245,-0.55545478515625,-0.2825157958984375,10.319009155273436
43.40201377868652,0.07754058203516792,0.018119448722994567,-0.0073277182335639785,-0.5410895751953124,-0.277727392578125,10.328585961914062
43.42159461975098,0.07354364481686029,0.01971822361031762,-0.0063950995492922,-0.565031591796875,-0.30885201416015623,10.32379755859375
43.44144344329834,0.07261102613258852,0.017852986241774057,-0.004929555902579405,-0.5315127685546874,-0.23223756103515625,10.302249743652343
43.46154713630676,0.07127871372648598,0.018918836166656093,-0.007194486992953725,-0.5530605834960938,-0.45968671875,10.307038146972655
43.481356382369995,0.07767381327577817,0.011324655451871604,-0.001732006127933304,-0.5722141967773438,-0.277727392578125,10.342951171874999
43.501574993133545,0.07714088831333717,0.020517611053979142,-0.004663093421358896,-0.5674257934570313,-0.2537853759765625,10.378864196777343
43.52146244049072,0.07420980101991156,0.018252679963604822,-0.005062787143189658,-0.5817910034179687,-0.28490999755859375,10.319009155273436
43.54157018661499,0.07780704451638844,0.015987748873230498,-0.004263399699528133,-0.5913678100585937,-0.26336218261718747,10.342951171874999
43.56141471862793,0.0767411945915064,0.022382848422522698,-0.0029310872934255917,-0.5698199951171875,-0.2609679809570312,10.307038146972655
43.5814995765686,0.07234456365136802,0.018385911204215073,-0.005062787143189658,-0.5147533569335937,-0.28969840087890625,10.259154113769531
43.60168933868408,0.07607503838845513,0.0191852986478766,-0.0018652373685435584,-0.5219359619140624,-0.2609679809570312,10.271125122070313
43.62169694900513,0.07114548248587572,0.017186830038722786,-0.000799387443661525,-0.5674257934570313,-0.22744915771484372,10.28549033203125
43.64155578613281,0.07287748861380902,0.020251148572758632,-0.0074609494741742334,-0.5889736083984375,-0.3016694091796875,10.405200415039062
43.661906003952026,0.07554211342601411,0.022915773384963714,-0.0057289433462409285,-0.584185205078125,-0.2920926025390625,10.273519323730468
43.68164300918579,0.07554211342601411,0.014921898948348467,-0.003863705977697371,-0.5602431884765625,-0.2753331909179687,10.280701928710936
43.701716899871826,0.07820673823821919,0.02105053601642016,-0.006661562030512709,-0.5530605834960938,-0.3136404174804687,10.376469995117187
43.72157883644104,0.07540888218540386,0.017719755001163805,-0.005329249624410167,-0.5363011718749999,-0.26336218261718747,10.292672937011718
43.74154591560364,0.07634150086967564,0.01945176112909711,-0.005196018383799912,-0.5817910034179687,-0.25139117431640623,10.266336718749999
43.76154685020447,0.07873966320066021,0.016120980113840753,-0.006661562030512709,-0.5698199951171875,-0.22026655273437498,10.347739575195313
43.78159785270691,0.0764747321102859,0.01372281778285618,-0.00479632466196915,-0.5602431884765625,-0.2753331909179687,10.333374365234375
43.802735805511475,0.07141194496709623,0.017186830038722786,-0.0030643185340358454,-0.584185205078125,-0.27293898925781246,10.311826550292968
43.8216028213501,0.0738101072980808,0.014788667707738212,-0.006661562030512709,-0.55545478515625,-0.28012159423828126,10.335768566894531
43.84152555465698,0.07554211342601411,0.015588055151399738,-0.00479632466196915,-0.5626373901367188,-0.258573779296875,10.268730920410155
43.86128044128418,0.0750091884635731,0.020917304775809907,-0.008393568158446012,-0.5530605834960938,-0.2561795776367187,10.321403356933594
43.881489276885986,0.0750091884635731,0.0191852986478766,-0.006261868308681946,-0.5482721801757812,-0.2705447875976562,10.297461340332031
43.901660203933716,0.07341041357625004,0.014921898948348467,-0.0006661562030512709,-0.565031591796875,-0.29448680419921874,10.314220751953124
43.92160940170288,0.07460949474174233,0.014788667707738212,-0.004396630940138387,-0.5674257934570313,-0.2753331909179687,10.314220751953124
43.94156551361084,0.07687442583211665,0.012257274136143382,-0.005995405827461438,-0.5410895751953124,-0.2920926025390625,10.326191760253906
43.96155071258545,0.07567534466662437,0.01971822361031762,-0.006928024511733216,-0.5602431884765625,-0.2537853759765625,10.290278735351562
43.98141169548035,0.07154517620770649,0.018119448722994567,-0.004130168458917879,-0.5626373901367188,-0.258573779296875,10.328585961914062
44.00218105316162,0.07540888218540386,0.022116385941302188,-0.005462480865020421,-0.5722141967773438,-0.29927520751953124,10.328585961914062
44.02182364463806,0.0738101072980808,0.02118376725703041,-0.005062787143189658,-0.565031591796875,-0.2753331909179687,10.280701928710936
44.04154348373413,0.07354364481686029,0.018918836166656093,-0.012523736617363892,-0.5626373901367188,-0.28490999755859375,10.335768566894531
44.06173062324524,0.07740735079455767,0.01505513018895872,-0.0075941807147844875,-0.565031591796875,-0.28490999755859375,10.350133776855468
44.08244323730469,0.0738101072980808,0.018652373685435583,-0.008260336917835759,-0.5674257934570313,-0.25139117431640623,10.292672937011718
44.10165500640869,0.07354364481686029,0.01532159267017923,-0.007860643196004996,-0.5458779785156249,-0.28012159423828126,10.254365710449218
44.121893644332886,0.080205206847373,0.017719755001163805,-0.005462480865020421,-0.5770026000976562,-0.28012159423828126,10.263942517089843
44.1415913105011,0.0747427259823526,0.015588055151399738,-0.004663093421358896,-0.5386953735351562,-0.2657563842773437,10.307038146972655
44.161534547805786,0.07247779489197827,0.016120980113840753,-0.00985911180515881,-0.5578489868164063,-0.3016694091796875,10.333374365234375
44.1815927028656,0.0747427259823526,0.013589586542245924,-0.0074609494741742334,-0.5602431884765625,-0.2346317626953125,10.297461340332031
44.20167803764343,0.0770076570727269,0.017986217482384312,-0.0057289433462409285,-0.5506663818359374,-0.28490999755859375,10.314220751953124
44.22162079811096,0.0738101072980808,0.0191852986478766,-0.004529862180748642,-0.5602431884765625,-0.2609679809570312,10.275913525390624
44.24139738082886,0.0738101072980808,0.024114854550456002,-0.007993874436615249,-0.5602431884765625,-0.3232172241210937,10.311826550292968
44.261494159698486,0.07514241970418334,0.015188361429568975,-0.003863705977697371,-0.5458779785156249,-0.3016694091796875,10.366893188476562
44.281436920166016,0.0688805513955014,0.017586523760553547,-0.005196018383799912,-0.5985504150390625,-0.2609679809570312,10.319009155273436
44.301565408706665,0.0720781011701475,0.016520673835671518,-0.0033307810152563544,-0.5530605834960938,-0.27293898925781246,10.417171423339843
44.32161521911621,0.07367687605747056,0.01532159267017923,-0.005595712105630674,-0.5506663818359374,-0.24899697265624998,10.32379755859375
44.34174728393555,0.07234456365136802,0.019052067407266345,-0.006661562030512709,-0.5291185668945312,-0.28490999755859375,10.295067138671874
44.361534118652344,0.071811638688927,0.019318529888486854,-0.0031975497746461,-0.5291185668945312,-0.2920926025390625,10.271125122070313
44.381786823272705,0.07460949474174233,0.01985145485092787,-0.0075941807147844875,-0.55545478515625,-0.2920926025390625,10.228029492187499
44.401952505111694,0.07420980101991156,0.017586523760553547,-0.006794793271122962,-0.5410895751953124,-0.229843359375,10.266336718749999
44.421985149383545,0.07420980101991156,0.020517611053979142,-0.0039969372183076245,-0.565031591796875,-0.316034619140625,10.350133776855468
44.44160866737366,0.0752756509447936,0.019052067407266345,-0.005196018383799912,-0.5434837768554687,-0.2537853759765625,10.120290417480469
44.46140670776367,0.07341041357625004,0.019984686091538122,-0.006928024511733216,-0.5602431884765625,-0.3016694091796875,10.319009155273436
44.48155879974365,0.08100459429103453,0.017453292519943295,-0.0058621745868511835,-0.5458779785156249,-0.28490999755859375,10.287884533691406
44.501434326171875,0.07847320071943971,0.024114854550456002,-0.004529862180748642,-0.5578489868164063,-0.2753331909179687,10.35492218017578
44.52165627479553,0.07487595722296284,0.015854517632620246,-0.0021316998497640663,-0.55545478515625,-0.258573779296875,10.357316381835936
44.54167032241821,0.07594180714784488,0.015454823910789483,-0.0095926493239383,-0.565031591796875,-0.2920926025390625,10.330980163574218
44.56157350540161,0.07274425737319877,0.01985145485092787,-0.006528330789902454,-0.5698199951171875,-0.28730419921875,10.414777221679687
44.58160400390625,0.07127871372648598,0.01505513018895872,-0.0075941807147844875,-0.5746083984375,-0.28490999755859375,10.299855541992187
44.60174250602722,0.07420980101991156,0.018119448722994567,-0.006128637068071691,-0.5746083984375,-0.24181436767578124,10.290278735351562
44.62192177772522,0.0752756509447936,0.019318529888486854,-0.0037304747370871167,-0.55545478515625,-0.29927520751953124,10.268730920410155
44.64163899421692,0.0747427259823526,0.016653905076281773,-0.006261868308681946,-0.5770026000976562,-0.28490999755859375,10.342951171874999
44.66154623031616,0.07314395109502954,0.021983154700691936,-0.002797856052815337,-0.5602431884765625,-0.25139117431640623,10.249577307128906
44.68197011947632,0.0720781011701475,0.023448698347404734,-0.0074609494741742334,-0.5674257934570313,-0.28969840087890625,10.31661495361328
44.70162057876587,0.07087902000465522,0.021583460978861175,-0.004396630940138387,-0.5674257934570313,-0.2753331909179687,10.28549033203125
44.721734285354614,0.07594180714784488,0.018785604926045835,-0.009725880564548555,-0.5698199951171875,-0.26336218261718747,10.309432348632813
44.74164819717407,0.07714088831333717,0.017986217482384312,-0.0075941807147844875,-0.5722141967773438,-0.27293898925781246,10.321403356933594
44.761640787124634,0.071811638688927,0.017586523760553547,-0.00479632466196915,-0.584185205078125,-0.229843359375,10.304643945312499
44.781535148620605,0.07727411955394742,0.023315467106794475,-0.002797856052815337,-0.5578489868164063,-0.2561795776367187,10.32379755859375
44.801719427108765,0.07620826962906538,0.018652373685435583,-0.0057289433462409285,-0.5578489868164063,-0.2609679809570312,10.340556970214843
44.821688413619995,0.07833996947882944,0.01705359879811253,-0.0039969372183076245,-0.5746083984375,-0.2753331909179687,10.295067138671874
44.84166431427002,0.0688805513955014,0.018652373685435583,-0.0033307810152563544,-0.5386953735351562,-0.23702596435546874,10.266336718749999
44.86149024963379,0.0750091884635731,0.016787136316892024,-0.0075941807147844875,-0.5626373901367188,-0.3016694091796875,10.32379755859375
44.8815062046051,0.07780704451638844,0.018385911204215073,-0.0058621745868511835,-0.5722141967773438,-0.26815058593749996,10.283096130371094
44.9015953540802,0.07820673823821919,0.020517611053979142,-0.010658499248820334,-0.565031591796875,-0.2561795776367187,10.244788903808594
44.92196488380432,0.07460949474174233,0.018918836166656093,-0.006928024511733216,-0.5386953735351562,-0.2609679809570312,10.347739575195313
44.941752910614014,0.07314395109502954,0.01705359879811253,-0.004929555902579405,-0.5530605834960938,-0.2920926025390625,10.412383020019531
44.961419105529785,0.07234456365136802,0.02464777951289702,-0.0009326186842717792,-0.5123591552734374,-0.2920926025390625,10.297461340332031
44.9815149307251,0.07314395109502954,0.015854517632620246,-0.009725880564548555,-0.5363011718749999,-0.24181436767578124,10.299855541992187
45.001572370529175,0.07447626350113207,0.016387442595061263,-0.007194486992953725,-0.5578489868164063,-0.2753331909179687,10.295067138671874
45.021512031555176,0.0752756509447936,0.014655436467127957,-0.001732006127933304,-0.5817910034179687,-0.2705447875976562,10.27830772705078
45.04140615463257,0.0720781011701475,0.019052067407266345,-0.00479632466196915,-0.5506663818359374,-0.2705447875976562,10.27830772705078
45.06149697303772,0.0767411945915064,0.019984686091538122,-0.005062787143189658,-0.5889736083984375,-0.29448680419921874,10.302249743652343
45.08234000205994,0.07341041357625004,0.017186830038722786,-0.0035972434964768626,-0.5602431884765625,-0.28730419921875,10.342951171874999
45.101738691329956,0.0738101072980808,0.0191852986478766,-0.006128637068071691,-0.5722141967773438,-0.28730419921875,10.24718310546875
45.12170743942261,0.0747427259823526,0.01732006127933304,-0.00866003063966652,-0.5410895751953124,-0.2609679809570312,10.299855541992187
45.14159035682678,0.0720781011701475,0.02078407353519965,-0.006261868308681946,-0.5434837768554687,-0.2705447875976562,10.326191760253906
45.1615514755249,0.07447626350113207,0.017986217482384312,-0.003863705977697371,-0.5386953735351562,-0.2537853759765625,10.352527978515624
45.18143057823181,0.07301071985441929,0.015987748873230498,-0.0033307810152563544,-0.584185205078125,-0.28969840087890625,10.280701928710936
45.20202374458313,0.07460949474174233,0.021983154700691936,-0.007194486992953725,-0.5147533569335937,-0.28730419921875,10.304643945312499
45.22172737121582,0.07487595722296284,0.011990811654922875,-0.004929555902579405,-0.5434837768554687,-0.2825157958984375,10.287884533691406
45.241872787475586,0.0738101072980808,0.019984686091538122,-0.005329249624410167,-0.565031591796875,-0.27293898925781246,10.27830772705078
45.261497497558594,0.07114548248587572,0.023448698347404734,-0.0058621745868511835,-0.5434837768554687,-0.2705447875976562,10.381258398437499
45.281410694122314,0.07740735079455767,0.019318529888486854,-0.006261868308681946,-0.55545478515625,-0.29927520751953124,10.330980163574218
45.30144453048706,0.07660796335089615,0.015188361429568975,-0.0057289433462409285,-0.5482721801757812,-0.28012159423828126,10.295067138671874
45.32163691520691,0.07487595722296284,0.019318529888486854,-0.0058621745868511835,-0.5889736083984375,-0.2561795776367187,10.342951171874999
45.341612815856934,0.07301071985441929,0.014655436467127957,-0.005462480865020421,-0.5674257934570313,-0.2609679809570312,10.338162768554687
45.36138343811035,0.07447626350113207,0.017852986241774057,-0.006661562030512709,-0.5482721801757812,-0.2705447875976562,10.342951171874999
45.381372690200806,0.07434303226052183,0.02438131703167651,-0.00866003063966652,-0.5339069702148437,-0.2753331909179687,10.283096130371094
45.40240287780762,0.07354364481686029,0.02078407353519965,-0.0057289433462409285,-0.5410895751953124,-0.296881005859375,10.319009155273436
45.42176008224487,0.07567534466662437,0.020917304775809907,-0.009459418083328047,-0.5602431884765625,-0.28012159423828126,10.307038146972655
45.441641330718994,0.07354364481686029,0.017586523760553547,-0.004263399699528133,-0.5722141967773438,-0.28012159423828126,10.359710583496094
45.461601972579956,0.07247779489197827,0.021583460978861175,-0.006661562030512709,-0.55545478515625,-0.258573779296875,10.340556970214843
45.481603145599365,0.07794027575699868,0.02078407353519965,-0.0074609494741742334,-0.59376201171875,-0.258573779296875,10.333374365234375
45.50172805786133,0.08047166932859352,0.020517611053979142,-0.005462480865020421,-0.5410895751953124,-0.2753331909179687,10.297461340332031
45.52167081832886,0.07394333853869106,0.021716692219471426,-0.0063950995492922,-0.5913678100585937,-0.28969840087890625,10.275913525390624
45.54134654998779,0.0738101072980808,0.0191852986478766,-0.009326186842717792,-0.5506663818359374,-0.2346317626953125,10.283096130371094
45.561315059661865,0.0752756509447936,0.016520673835671518,-0.007194486992953725,-0.5195417602539062,-0.24660277099609373,10.307038146972655
45.58143973350525,0.07794027575699868,0.023182235866184224,-0.004929555902579405,-0.565031591796875,-0.2609679809570312,10.311826550292968
45.60131621360779,0.07634150086967564,0.018652373685435583,-0.0029310872934255917,-0.5530605834960938,-0.3184288208007812,10.254365710449218
45.62153077125549,0.0750091884635731,0.023848392069235495,-0.005462480865020421,-0.5770026000976562,-0.2561795776367187,10.340556970214843
45.641669511795044,0.07554211342601411,0.020917304775809907,-0.00479632466196915,-0.5530605834960938,-0.27293898925781246,10.314220751953124
45.66184043884277,0.07194486992953725,0.01572128639200999,-0.005196018383799912,-0.59376201171875,-0.2609679809570312,10.287884533691406
45.68148589134216,0.07540888218540386,0.022382848422522698,-0.004263399699528133,-0.5195417602539062,-0.29927520751953124,10.326191760253906
45.70178508758545,0.07341041357625004,0.01945176112909711,-0.004529862180748642,-0.5434837768554687,-0.27293898925781246,10.295067138671874
45.721709966659546,0.07354364481686029,0.02131699849764067,-0.0063950995492922,-0.5722141967773438,-0.3184288208007812,10.302249743652343
45.74164390563965,0.07447626350113207,0.018385911204215073,-0.005462480865020421,-0.5434837768554687,-0.30406361083984373,10.290278735351562
45.76135492324829,0.07887289444127048,0.01971822361031762,-0.008127105677225504,-0.5674257934570313,-0.27293898925781246,10.297461340332031
45.78194260597229,0.0720781011701475,0.01505513018895872,-0.006261868308681946,-0.5003881469726562,-0.277727392578125,10.287884533691406
45.801576137542725,0.07554211342601411,0.018785604926045835,-0.005329249624410167,-0.5339069702148437,-0.26336218261718747,10.273519323730468
45.821861267089844,0.07567534466662437,0.016520673835671518,-0.006794793271122962,-0.5698199951171875,-0.2705447875976562,10.28549033203125
45.84166717529297,0.07460949474174233,0.017719755001163805,-0.006661562030512709,-0.5506663818359374,-0.25139117431640623,10.287884533691406
45.86154079437256,0.07514241970418334,0.013056661579804908,-0.009326186842717792,-0.5147533569335937,-0.2825157958984375,10.28549033203125
45.88180375099182,0.07714088831333717,0.01372281778285618,-0.004130168458917879,-0.5482721801757812,-0.3016694091796875,10.321403356933594
45.901684284210205,0.0738101072980808,0.018785604926045835,-0.0037304747370871167,-0.5770026000976562,-0.296881005859375,10.273519323730468
45.9217472076416,0.07447626350113207,0.020251148572758632,-0.008793261880276773,-0.6009446166992187,-0.28012159423828126,10.249577307128906
45.94192457199097,0.07514241970418334,0.020251148572758632,-0.006928024511733216,-0.5315127685546874,-0.2920926025390625,10.297461340332031
45.96146583557129,0.0767411945915064,0.017986217482384312,-0.0058621745868511835,-0.5434837768554687,-0.26336218261718747,10.328585961914062
45.981691122055054,0.07727411955394742,0.015188361429568975,-0.00866003063966652,-0.5746083984375,-0.2657563842773437,10.338162768554687
46.00162744522095,0.07634150086967564,0.021983154700691936,-0.009326186842717792,-0.565031591796875,-0.28969840087890625,10.254365710449218
46.02168416976929,0.07341041357625004,0.02011791733214838,-0.0063950995492922,-0.5410895751953124,-0.2442085693359375,10.268730920410155
46.041688680648804,0.07460949474174233,0.018785604926045835,-0.003464012255866608,-0.5434837768554687,-0.28730419921875,10.295067138671874
46.0615496635437,0.07261102613258852,0.015188361429568975,-0.003464012255866608,-0.5410895751953124,-0.26815058593749996,10.321403356933594
46.081794023513794,0.07221133241075775,0.01692036755750228,-0.007993874436615249,-0.5434837768554687,-0.2537853759765625,10.28549033203125
46.101693630218506,0.07407656977930133,0.017186830038722786,-0.0074609494741742334,-0.5339069702148437,-0.277727392578125,10.31661495361328
46.12193584442139,0.0770076570727269,0.017453292519943295,-0.007993874436615249,-0.5674257934570313,-0.2825157958984375,10.273519323730468
46.141669511795044,0.07301071985441929,0.013856049023466432,-0.008260336917835759,-0.5386953735351562,-0.28012159423828126,10.330980163574218
46.161505937576294,0.07434303226052183,0.013856049023466432,-0.007993874436615249,-0.5434837768554687,-0.3016694091796875,10.311826550292968
46.18120050430298,0.07727411955394742,0.01705359879811253,-0.0033307810152563544,-0.5506663818359374,-0.27293898925781246,10.321403356933594
46.20186638832092,0.07167840744831674,0.024114854550456002,-0.0075941807147844875,-0.5530605834960938,-0.26336218261718747,10.275913525390624
46.221734046936035,0.07887289444127048,0.016653905076281773,-0.0026646248122050836,-0.5458779785156249,-0.2657563842773437,10.299855541992187
46.24138259887695,0.07820673823821919,0.013856049023466432,-0.004396630940138387,-0.5530605834960938,-0.258573779296875,10.275913525390624
46.2612681388855,0.07354364481686029,0.01692036755750228,-0.004529862180748642,-0.5674257934570313,-0.28490999755859375,10.319009155273436
46.28149056434631,0.07794027575699868,0.02011791733214838,-0.003464012255866608,-0.5434837768554687,-0.25139117431640623,10.261548315429687
46.301613569259644,0.07261102613258852,0.016653905076281773,-0.00479632466196915,-0.55545478515625,-0.26815058593749996,10.338162768554687
46.32153940200806,0.07993874436615249,0.01532159267017923,-0.003863705977697371,-0.5410895751953124,-0.2705447875976562,10.283096130371094
46.341816425323486,0.07540888218540386,0.020384379813368887,-0.007194486992953725,-0.5243301635742187,-0.28012159423828126,10.333374365234375
46.3615460395813,0.07634150086967564,0.01971822361031762,-0.0075941807147844875,-0.5770026000976562,-0.22744915771484372,10.311826550292968
46.38139486312866,0.07341041357625004,0.021583460978861175,-0.005462480865020421,-0.5434837768554687,-0.28490999755859375,10.304643945312499
46.40155601501465,0.07727411955394742,0.01732006127933304,-0.006261868308681946,-0.5698199951171875,-0.29927520751953124,10.338162768554687
46.42166757583618,0.0747427259823526,0.017986217482384312,-0.006928024511733216,-0.5482721801757812,-0.26815058593749996,10.292672937011718
46.44158577919006,0.0767411945915064,0.018918836166656093,-0.005462480865020421,-0.5506663818359374,-0.3184288208007812,10.259154113769531
46.46132206916809,0.07860643196004995,0.01732006127933304,-0.0037304747370871167,-0.5770026000976562,-0.29448680419921874,10.290278735351562
46.48157024383545,0.0770076570727269,0.02105053601642016,-0.006261868308681946,-0.5793968017578125,-0.28012159423828126,10.340556970214843
46.501463174819946,0.07434303226052183,0.017586523760553547,-0.005196018383799912,-0.5770026000976562,-0.29448680419921874,10.28549033203125
46.52176904678345,0.07714088831333717,0.01851914244482533,-0.0009326186842717792,-0.5434837768554687,-0.23223756103515625,10.338162768554687
46.54182744026184,0.08060490056920376,0.01438897398590745,-0.0075941807147844875,-0.5363011718749999,-0.3112462158203125,10.345345373535155
46.5615553855896,0.0750091884635731,0.019052067407266345,-0.005595712105630674,-0.5674257934570313,-0.2561795776367187,10.280701928710936
46.58202314376831,0.07434303226052183,0.01692036755750228,-0.0039969372183076245,-0.5698199951171875,-0.258573779296875,10.31661495361328
46.60157108306885,0.07540888218540386,0.01945176112909711,-0.006261868308681946,-0.51714755859375,-0.2561795776367187,10.280701928710936
46.621591091156006,0.07540888218540386,0.023182235866184224,-0.007061255752343471,-0.5817910034179687,-0.2657563842773437,10.309432348632813
46.6415581703186,0.07567534466662437,0.02011791733214838,-0.004663093421358896,-0.5410895751953124,-0.28012159423828126,10.283096130371094
46.66138505935669,0.07447626350113207,0.016120980113840753,-0.0031975497746461,-0.5410895751953124,-0.29927520751953124,10.407594616699217
46.68154978752136,0.07514241970418334,0.014921898948348467,-0.0074609494741742334,-0.5626373901367188,-0.3064578125,10.299855541992187
46.70166087150574,0.07594180714784488,0.014788667707738212,-0.006261868308681946,-0.5339069702148437,-0.26815058593749996,10.24000050048828
46.72189664840698,0.07554211342601411,0.017586523760553547,-0.006794793271122962,-0.5793968017578125,-0.2705447875976562,10.237606298828124
46.741772174835205,0.07314395109502954,0.017453292519943295,-0.005462480865020421,-0.5770026000976562,-0.2753331909179687,10.333374365234375
46.761494874954224,0.07247779489197827,0.017186830038722786,-0.0031975497746461,-0.5530605834960938,-0.26815058593749996,10.292672937011718
46.78127384185791,0.0720781011701475,0.012923430339194655,-0.0074609494741742334,-0.55545478515625,-0.258573779296875,10.280701928710936
46.801698207855225,0.07301071985441929,0.018385911204215073,-0.0073277182335639785,-0.5482721801757812,-0.2657563842773437,10.280701928710936
46.821582555770874,0.07367687605747056,0.018785604926045835,-0.010392036767599824,-0.5458779785156249,-0.2753331909179687,10.261548315429687
46.84135603904724,0.0767411945915064,0.017852986241774057,-0.0035972434964768626,-0.5363011718749999,-0.24181436767578124,10.326191760253906
46.86144185066223,0.07554211342601411,0.01345635530163567,-0.0014655436467127959,-0.5578489868164063,-0.2753331909179687,10.263942517089843
46.881550312042236,0.07580857590723461,0.01572128639200999,-0.003464012255866608,-0.5770026000976562,-0.2825157958984375,10.256759912109374
46.90158295631409,0.07314395109502954,0.02424808579106626,-0.007194486992953725,-0.5770026000976562,-0.2442085693359375,10.295067138671874
46.921666860580444,0.07367687605747056,0.016387442595061263,-0.003863705977697371,-0.5482721801757812,-0.28730419921875,10.254365710449218
46.94148516654968,0.07247779489197827,0.020650842294589397,-0.0075941807147844875,-0.5698199951171875,-0.29927520751953124,10.292672937011718
46.961458683013916,0.07261102613258852,0.017852986241774057,-0.005062787143189658,-0.5267243652343749,-0.26815058593749996,10.347739575195313
46.981443881988525,0.07221133241075775,0.01985145485092787,-0.004263399699528133,-0.5458779785156249,-0.26815058593749996,10.268730920410155
47.00153589248657,0.0752756509447936,0.018385911204215073,-0.003464012255866608,-0.5363011718749999,-0.2705447875976562,10.268730920410155
47.02150774002075,0.07580857590723461,0.015588055151399738,-0.007061255752343471,-0.5482721801757812,-0.258573779296875,10.251971508789062
47.04156994819641,0.07341041357625004,0.018119448722994567,-0.0039969372183076245,-0.5793968017578125,-0.28490999755859375,10.117896215820313
47.06173539161682,0.07314395109502954,0.01572128639200999,-0.0035972434964768626,-0.5602431884765625,-0.258573779296875,10.254365710449218
47.08219289779663,0.07434303226052183,0.023448698347404734,-0.007727411955394742,-0.5458779785156249,-0.28012159423828126,10.228029492187499
47.10150337219238,0.07394333853869106,0.017186830038722786,-0.0033307810152563544,-0.5674257934570313,-0.25139117431640623,10.304643945312499
47.1217155456543,0.07301071985441929,0.015454823910789483,-0.006261868308681946,-0.5506663818359374,-0.2705447875976562,10.251971508789062
47.141438722610474,0.07540888218540386,0.015854517632620246,-0.00479632466196915,-0.5674257934570313,-0.258573779296875,10.321403356933594
47.161696910858154,0.07394333853869106,0.016254211354451008,-0.003863705977697371,-0.5363011718749999,-0.28730419921875,10.314220751953124
47.18173837661743,0.07780704451638844,0.019984686091538122,-0.0058621745868511835,-0.5793968017578125,-0.2609679809570312,10.1131078125
47.20184254646301,0.07594180714784488,0.018918836166656093,-0.005462480865020421,-0.5722141967773438,-0.28730419921875,10.333374365234375
47.22197699546814,0.0767411945915064,0.018385911204215073,-0.0057289433462409285,-0.5817910034179687,-0.2825157958984375,10.266336718749999
47.24157977104187,0.0767411945915064,0.020384379813368887,-0.003464012255866608,-0.5410895751953124,-0.26815058593749996,10.345345373535155
47.26132845878601,0.07607503838845513,0.018785604926045835,-0.006261868308681946,-0.5578489868164063,-0.258573779296875,10.251971508789062
47.281399726867676,0.07114548248587572,0.017453292519943295,-0.0039969372183076245,-0.5770026000976562,-0.2920926025390625,10.275913525390624
47.30157828330994,0.07247779489197827,0.020251148572758632,-0.006128637068071691,-0.5746083984375,-0.26815058593749996,10.115502014160155
47.32161521911621,0.07594180714784488,0.01985145485092787,-0.0058621745868511835,-0.5626373901367188,-0.2609679809570312,10.357316381835936
47.34148383140564,0.0770076570727269,0.020917304775809907,-0.008260336917835759,-0.5746083984375,-0.28012159423828126,10.271125122070313
47.36167359352112,0.0750091884635731,0.016387442595061263,-0.006661562030512709,-0.5434837768554687,-0.2561795776367187,10.321403356933594
47.381465435028076,0.0750091884635731,0.019318529888486854,-0.0063950995492922,-0.5530605834960938,-0.45010991210937495,10.311826550292968
47.40220284461975,0.07354364481686029,0.0191852986478766,-0.004263399699528133,-0.5913678100585937,-0.2657563842773437,10.304643945312499
47.42150545120239,0.07807350699760894,0.020517611053979142,-0.002797856052815337,-0.584185205078125,-0.29448680419921874,10.314220751953124
47.44151735305786,0.07554211342601411,0.014921898948348467,-0.007727411955394742,-0.55545478515625,-0.26336218261718747,10.342951171874999
47.46148133277893,0.07327718233563979,0.020251148572758632,-0.005595712105630674,-0.5410895751953124,-0.28012159423828126,10.299855541992187
47.481608152389526,0.0764747321102859,0.020251148572758632,-0.004929555902579405,-0.5578489868164063,-0.29448680419921874,10.352527978515624
47.5014386177063,0.0747427259823526,0.017586523760553547,-0.006528330789902454,-0.5291185668945312,-0.30406361083984373,10.283096130371094
47.521639585494995,0.07833996947882944,0.013189892820415163,-0.004663093421358896,-0.5219359619140624,-0.2753331909179687,10.287884533691406
47.54144501686096,0.07460949474174233,0.018385911204215073,-0.008260336917835759,-0.584185205078125,-0.29448680419921874,10.283096130371094
47.56141424179077,0.07727411955394742,0.018119448722994567,-0.0058621745868511835,-0.5434837768554687,-0.28490999755859375,10.290278735351562
47.581533432006836,0.0747427259823526,0.021849923460081685,-0.0063950995492922,-0.5793968017578125,-0.28490999755859375,10.220846887207031
47.60143184661865,0.07394333853869106,0.020650842294589397,-0.0039969372183076245,-0.565031591796875,-0.258573779296875,10.31661495361328
47.62152719497681,0.07367687605747056,0.02131699849764067,-0.004263399699528133,-0.5817910034179687,-0.22744915771484372,10.32379755859375
47.64171767234802,0.06941347635794241,0.015987748873230498,-0.007061255752343471,-0.565031591796875,-0.27293898925781246,10.319009155273436
47.661421060562134,0.07634150086967564,0.016787136316892024,-0.0019984686091538122,-0.5602431884765625,-0.29448680419921874,10.242394702148436
47.68150448799133,0.07394333853869106,0.016387442595061263,-0.001732006127933304,-0.565031591796875,-0.24660277099609373,10.28549033203125
47.70147395133972,0.0738101072980808,0.018119448722994567,-0.006128637068071691,-0.5195417602539062,-0.26815058593749996,10.28549033203125
47.72180390357971,0.07287748861380902,0.017852986241774057,-0.006261868308681946,-0.5506663818359374,-0.258573779296875,10.309432348632813
47.74182081222534,0.08033843808798326,0.020917304775809907,-0.006794793271122962,-0.5578489868164063,-0.27293898925781246,10.287884533691406
47.76188564300537,0.07407656977930133,0.011058192970651094,-0.0010658499248820332,-0.5099649536132812,-0.16519991455078123,10.328585961914062
47.7819402217865,0.0750091884635731,0.020251148572758632,-0.007860643196004996,-0.5339069702148437,-0.3016694091796875,10.280701928710936
47.801772594451904,0.07540888218540386,0.0127901990985844,-0.006528330789902454,-0.5219359619140624,-0.2705447875976562,10.32379755859375
47.82178449630737,0.07620826962906538,0.020917304775809907,-0.009192955602107537,-0.5458779785156249,-0.296881005859375,10.357316381835936
47.841527700424194,0.07514241970418334,0.020650842294589397,-0.005196018383799912,-0.5913678100585937,-0.24899697265624998,10.292672937011718
47.86140584945679,0.07487595722296284,0.02145022973825092,-0.006661562030512709,-0.5722141967773438,-0.2705447875976562,10.280701928710936
47.881436824798584,0.07607503838845513,0.018385911204215073,-0.005595712105630674,-0.5315127685546874,-0.277727392578125,10.263942517089843
47.90161204338074,0.07634150086967564,0.015588055151399738,-0.007993874436615249,-0.5793968017578125,-0.28969840087890625,10.311826550292968
47.92193102836609,0.07447626350113207,0.01505513018895872,-0.005995405827461438,-0.5602431884765625,-0.28490999755859375,10.273519323730468
47.94161057472229,0.07540888218540386,0.019984686091538122,-0.006928024511733216,-0.5698199951171875,-0.2705447875976562,10.319009155273436
47.961432456970215,0.07074578876404496,0.01958499236970736,-0.0031975497746461,-0.5458779785156249,-0.28969840087890625,10.307038146972655
47.98174428939819,0.07607503838845513,0.016120980113840753,-0.0019984686091538122,-0.5913678100585937,-0.3136404174804687,10.283096130371094
48.00172019004822,0.07660796335089615,0.015454823910789483,-0.005595712105630674,-0.5793968017578125,-0.2705447875976562,10.307038146972655
48.02157497406006,0.07594180714784488,0.0191852986478766,-0.002797856052815337,-0.5243301635742187,-0.26336218261718747,10.333374365234375
48.04150342941284,0.07420980101991156,0.01958499236970736,-0.0002664624812205083,-0.55545478515625,-0.30406361083984373,10.273519323730468
48.061522245407104,0.07394333853869106,0.013589586542245924,-0.0058621745868511835,-0.584185205078125,-0.258573779296875,10.280701928710936
48.081897020339966,0.07234456365136802,0.014122511504686942,-0.0037304747370871167,-0.5626373901367188,-0.2561795776367187,10.321403356933594
48.10158586502075,0.07780704451638844,0.018652373685435583,-0.0058621745868511835,-0.565031591796875,-0.2825157958984375,10.280701928710936
48.121516942977905,0.07367687605747056,0.017852986241774057,-0.006794793271122962,-0.5530605834960938,-0.2609679809570312,10.31661495361328
48.141440868377686,0.08047166932859352,0.015588055151399738,-0.005462480865020421,-0.5626373901367188,-0.24660277099609373,10.326191760253906
48.161441802978516,0.07634150086967564,0.01572128639200999,-0.006794793271122962,-0.565031591796875,-0.2657563842773437,10.295067138671874
48.181456089019775,0.071811638688927,0.021849923460081685,-0.0029310872934255917,-0.5889736083984375,-0.28730419921875,10.273519323730468
48.201525926589966,0.0747427259823526,0.02118376725703041,-0.010791730489430587,-0.5482721801757812,-0.26336218261718747,10.263942517089843
48.221503019332886,0.07514241970418334,0.01851914244482533,-0.004263399699528133,-0.5506663818359374,-0.25139117431640623,10.256759912109374
48.24179434776306,0.0747427259823526,0.0191852986478766,-0.004929555902579405,-0.55545478515625,-0.2920926025390625,10.290278735351562
48.26148462295532,0.07141194496709623,0.018785604926045835,-0.007727411955394742,-0.5458779785156249,-0.27293898925781246,10.283096130371094
48.2816321849823,0.07540888218540386,0.016254211354451008,-0.0063950995492922,-0.5363011718749999,-0.25139117431640623,10.256759912109374
48.30159306526184,0.0750091884635731,0.016120980113840753,-0.008127105677225504,-0.5386953735351562,-0.26815058593749996,10.259154113769531
48.32157373428345,0.0752756509447936,0.018652373685435583,-0.0057289433462409285,-0.5722141967773438,-0.2561795776367187,10.328585961914062
48.34159564971924,0.0752756509447936,0.017186830038722786,-0.005329249624410167,-0.5530605834960938,-0.239420166015625,10.330980163574218
48.3616898059845,0.07820673823821919,0.018119448722994567,-0.006928024511733216,-0.5865794067382812,-0.2825157958984375,10.414777221679687
48.381481409072876,0.07740735079455767,0.013189892820415163,-0.0033307810152563544,-0.5770026000976562,-0.28490999755859375,10.271125122070313
48.40145134925842,0.07114548248587572,0.016120980113840753,-0.0063950995492922,-0.5674257934570313,-0.24660277099609373,10.340556970214843
48.42180919647217,0.07420980101991156,0.015854517632620246,-0.0037304747370871167,-0.5674257934570313,-0.2609679809570312,10.314220751953124
48.44147062301636,0.0764747321102859,0.020384379813368887,-0.003464012255866608,-0.5674257934570313,-0.2825157958984375,10.326191760253906
48.46188688278198,0.07687442583211665,0.017986217482384312,-0.009326186842717792,-0.5410895751953124,-0.277727392578125,10.321403356933594
48.481467723846436,0.07873966320066021,0.01692036755750228,-0.004130168458917879,-0.5243301635742187,-0.28730419921875,10.295067138671874
48.50200319290161,0.0752756509447936,0.02011791733214838,-0.007860643196004996,-0.5458779785156249,-0.258573779296875,10.333374365234375
48.52163076400757,0.07487595722296284,0.016653905076281773,-0.007860643196004996,-0.5626373901367188,-0.2657563842773437,10.328585961914062
48.54143023490906,0.07540888218540386,0.015188361429568975,-0.007194486992953725,-0.5674257934570313,-0.2920926025390625,10.256759912109374
48.56143808364868,0.07114548248587572,0.01851914244482533,-0.006528330789902454,-0.5482721801757812,-0.2825157958984375,10.261548315429687
48.58162236213684,0.07727411955394742,0.019318529888486854,-0.0073277182335639785,-0.5434837768554687,-0.24181436767578124,10.299855541992187
48.6018009185791,0.07873966320066021,0.023848392069235495,-0.003464012255866608,-0.55545478515625,-0.258573779296875,10.273519323730468
48.62150311470032,0.07420980101991156,0.021583460978861175,-0.0075941807147844875,-0.5746083984375,-0.2657563842773437,10.35492218017578
48.64145255088806,0.07660796335089615,0.017453292519943295,-0.005196018383799912,-0.5195417602539062,-0.2825157958984375,10.352527978515624
48.661316871643066,0.07434303226052183,0.017453292519943295,-0.0058621745868511835,-0.55545478515625,-0.2609679809570312,10.304643945312499
48.681700468063354,0.07420980101991156,0.01372281778285618,-0.007727411955394742,-0.5410895751953124,-0.2825157958984375,10.299855541992187
48.70159196853638,0.07607503838845513,0.015188361429568975,-0.003464012255866608,-0.565031591796875,-0.25139117431640623,10.271125122070313
48.72140884399414,0.07167840744831674,0.015588055151399738,-0.0073277182335639785,-0.5482721801757812,-0.26815058593749996,10.302249743652343
48.741448163986206,0.07420980101991156,0.015454823910789483,-0.002264931090374321,-0.5339069702148437,-0.28012159423828126,10.319009155273436
48.761452436447144,0.0738101072980808,0.017852986241774057,-0.005595712105630674,-0.5291185668945312,-0.2609679809570312,10.292672937011718
48.78184151649475,0.07634150086967564,0.020517611053979142,-0.004663093421358896,-0.5722141967773438,-0.258573779296875,10.31661495361328
48.80162596702576,0.07420980101991156,0.016520673835671518,-0.006928024511733216,-0.5746083984375,-0.29927520751953124,10.350133776855468
48.82151746749878,0.07620826962906538,0.01851914244482533,-0.006794793271122962,-0.565031591796875,-0.316034619140625,10.330980163574218
48.84152340888977,0.07580857590723461,0.018119448722994567,-0.0011990811654922875,-0.5626373901367188,-0.29448680419921874,10.249577307128906
48.86143922805786,0.071811638688927,0.020517611053979142,-0.0031975497746461,-0.5746083984375,-0.2753331909179687,10.311826550292968
48.88138222694397,0.07261102613258852,0.017586523760553547,-0.005329249624410167,-0.5363011718749999,-0.2657563842773437,10.273519323730468
48.901500940322876,0.07714088831333717,0.01945176112909711,-0.007061255752343471,-0.5506663818359374,-0.2657563842773437,10.271125122070313
48.921618700027466,0.07594180714784488,0.015188361429568975,-0.0073277182335639785,-0.5602431884765625,-0.22505495605468748,10.417171423339843
48.94150185585022,0.07620826962906538,0.018119448722994567,-0.006261868308681946,-0.5674257934570313,-0.26815058593749996,10.326191760253906
48.96147131919861,0.0738101072980808,0.01851914244482533,-0.0037304747370871167,-0.5386953735351562,-0.28490999755859375,10.266336718749999
48.981382608413696,0.07314395109502954,0.012390505376753637,-0.00479632466196915,-0.565031591796875,-0.28969840087890625,10.275913525390624
49.00176763534546,0.0764747321102859,0.018119448722994567,-0.003464012255866608,-0.51714755859375,-0.26336218261718747,10.28549033203125
49.02166199684143,0.0747427259823526,0.02438131703167651,-0.003863705977697371,-0.5410895751953124,-0.2825157958984375,10.333374365234375
49.04149317741394,0.07407656977930133,0.014655436467127957,-0.005595712105630674,-0.584185205078125,-0.26815058593749996,10.275913525390624
49.06148982048035,0.0738101072980808,0.014255742745297196,-0.005595712105630674,-0.59376201171875,-0.16280571289062498,10.275913525390624
49.08198523521423,0.07287748861380902,0.0191852986478766,-0.004130168458917879,-0.5458779785156249,-0.28730419921875,10.340556970214843
49.1014039516449,0.07407656977930133,0.01732006127933304,-0.0074609494741742334,-0.5530605834960938,-0.29448680419921874,10.225635290527343
49.12166690826416,0.0752756509447936,0.01958499236970736,-0.005462480865020421,-0.5698199951171875,-0.32082302246093747,10.242394702148436
49.14150643348694,0.07567534466662437,0.01945176112909711,-0.006928024511733216,-0.5410895751953124,-0.2609679809570312,10.261548315429687
49.16148376464844,0.0770076570727269,0.02078407353519965,-0.0063950995492922,-0.5530605834960938,-0.27293898925781246,10.371681591796875
49.18130421638489,0.07287748861380902,0.014255742745297196,-0.005329249624410167,-0.5195417602539062,-0.26336218261718747,10.271125122070313
49.20148539543152,0.07567534466662437,0.013989280264076687,-0.004929555902579405,-0.5746083984375,-0.28012159423828126,10.271125122070313
49.22165822982788,0.07807350699760894,0.02118376725703041,-0.004529862180748642,-0.5770026000976562,-0.28490999755859375,10.283096130371094
49.24151277542114,0.071811638688927,0.016653905076281773,-0.004396630940138387,-0.5817910034179687,-0.3280056274414062,10.311826550292968
49.26141810417175,0.07540888218540386,0.021983154700691936,-0.006261868308681946,-0.55545478515625,-0.25139117431640623,10.280701928710936
49.28140711784363,0.07221133241075775,0.017986217482384312,-0.007194486992953725,-0.5722141967773438,-0.29448680419921874,10.27830772705078
49.301411628723145,0.07434303226052183,0.01732006127933304,-0.007727411955394742,-0.5195417602539062,-0.28012159423828126,10.32379755859375
49.321489334106445,0.0764747321102859,0.018385911204215073,-0.007860643196004996,-0.5746083984375,-0.2705447875976562,10.275913525390624
49.34152340888977,0.07247779489197827,0.018652373685435583,-0.005995405827461438,-0.5530605834960938,-0.28969840087890625,10.280701928710936
49.361469745635986,0.07660796335089615,0.018385911204215073,-0.006794793271122962,-0.5602431884765625,-0.28969840087890625,10.314220751953124
49.381481885910034,0.07913935692249098,0.02078407353519965,-0.0075941807147844875,-0.5458779785156249,-0.24899697265624998,10.287884533691406
49.40198493003845,0.07620826962906538,0.017586523760553547,-0.0031975497746461,-0.5506663818359374,-0.239420166015625,10.328585961914062
49.421550273895264,0.07594180714784488,0.015854517632620246,-0.007727411955394742,-0.5698199951171875,-0.277727392578125,10.295067138671874
49.44150638580322,0.0747427259823526,0.014921898948348467,-0.0058621745868511835,-0.5698199951171875,-0.3064578125,10.287884533691406
49.46146774291992,0.07341041357625004,0.01985145485092787,-0.004396630940138387,-0.51714755859375,-0.30885201416015623,10.304643945312499
49.48147487640381,0.0738101072980808,0.017719755001163805,-0.006528330789902454,-0.5458779785156249,-0.2753331909179687,10.28549033203125
49.50146150588989,0.0752756509447936,0.016520673835671518,-0.0039969372183076245,-0.5889736083984375,-0.258573779296875,10.263942517089843
49.52142143249512,0.07447626350113207,0.017586523760553547,-0.006794793271122962,-0.5363011718749999,-0.24660277099609373,10.295067138671874
49.54147982597351,0.07714088831333717,0.022915773384963714,-0.006128637068071691,-0.55545478515625,-0.2920926025390625,10.314220751953124
49.56149768829346,0.0750091884635731,0.0127901990985844,-0.0031975497746461,-0.5674257934570313,-0.2753331909179687,10.333374365234375
49.58151865005493,0.07580857590723461,0.0191852986478766,-0.008926493120887028,-0.5913678100585937,-0.2609679809570312,10.232817895507813
49.60131072998047,0.07034609504221419,0.02145022973825092,-0.0058621745868511835,-0.5434837768554687,-0.30406361083984373,10.314220751953124
49.62144064903259,0.07420980101991156,0.019984686091538122,-0.006128637068071691,-0.5458779785156249,-0.26815058593749996,10.175357055664062
49.64151930809021,0.07873966320066021,0.0191852986478766,-0.004529862180748642,-0.5626373901367188,-0.34715924072265625,10.16338604736328
49.6614294052124,0.0752756509447936,0.01971822361031762,-0.008793261880276773,-0.5363011718749999,-0.26336218261718747,10.311826550292968
49.681418657302856,0.07447626350113207,0.018119448722994567,-0.00985911180515881,-0.55545478515625,-0.29927520751953124,10.24000050048828
49.701547622680664,0.07314395109502954,0.017453292519943295,-0.008127105677225504,-0.5626373901367188,-0.26815058593749996,10.24718310546875
49.721511363983154,0.07620826962906538,0.01971822361031762,-0.0095926493239383,-0.5602431884765625,-0.29927520751953124,10.295067138671874
49.74147629737854,0.07580857590723461,0.01851914244482533,-0.0009326186842717792,-0.5506663818359374,-0.28969840087890625,10.287884533691406
49.7617027759552,0.07407656977930133,0.01945176112909711,-0.0075941807147844875,-0.5817910034179687,-0.28012159423828126,10.304643945312499
49.781559228897095,0.07154517620770649,0.01692036755750228,-0.005196018383799912,-0.59376201171875,-0.239420166015625,10.333374365234375
49.80195450782776,0.06928024511733216,0.02011791733214838,-0.008127105677225504,-0.5674257934570313,-0.28969840087890625,10.345345373535155
49.82169008255005,0.07607503838845513,0.01851914244482533,-0.004263399699528133,-0.5506663818359374,-0.24660277099609373,10.376469995117187
49.84166717529297,0.07687442583211665,0.018785604926045835,-0.003464012255866608,-0.5674257934570313,-0.2657563842773437,10.273519323730468
49.86165475845337,0.0750091884635731,0.019052067407266345,-0.004130168458917879,-0.5865794067382812,-0.2753331909179687,10.326191760253906
49.8816499710083,0.07194486992953725,0.020251148572758632,-0.007194486992953725,-0.5746083984375,-0.2920926025390625,10.268730920410155
49.902090549468994,0.07327718233563979,0.016120980113840753,-0.004663093421358896,-0.5506663818359374,-0.277727392578125,10.39322940673828
49.92166829109192,0.07754058203516792,0.013189892820415163,-0.007194486992953725,-0.5530605834960938,-0.2561795776367187,10.32379755859375
49.94189524650574,0.07580857590723461,0.020917304775809907,-0.0057289433462409285,-0.5602431884765625,-0.2561795776367187,10.27830772705078
49.96163296699524,0.07341041357625004,0.022116385941302188,-0.008127105677225504,-0.5530605834960938,-0.229843359375,10.299855541992187
49.98165464401245,0.0752756509447936,0.02438131703167651,-0.0037304747370871167,-0.5410895751953124,-0.2442085693359375,10.295067138671874
50.001713275909424,0.07407656977930133,0.015854517632620246,-0.002264931090374321,-0.5722141967773438,-0.258573779296875,10.31661495361328
50.02169942855835,0.07554211342601411,0.017453292519943295,-0.0057289433462409285,-0.5865794067382812,-0.26815058593749996,10.309432348632813
50.04155230522156,0.07167840744831674,0.020517611053979142,-0.006928024511733216,-0.5698199951171875,-0.2657563842773437,10.314220751953124
50.061941385269165,0.07540888218540386,0.016254211354451008,-0.005062787143189658,-0.5458779785156249,-0.2561795776367187,10.280701928710936
50.081599950790405,0.07607503838845513,0.01851914244482533,-0.00479632466196915,-0.5458779785156249,-0.22744915771484372,10.345345373535155
50.101340770721436,0.07341041357625004,0.0191852986478766,-0.005462480865020421,-0.5722141967773438,-0.27293898925781246,10.290278735351562
50.121668338775635,0.07767381327577817,0.017852986241774057,-0.005329249624410167,-0.5530605834960938,-0.26336218261718747,10.268730920410155
50.14189004898071,0.07274425737319877,0.02118376725703041,-0.005196018383799912,-0.59376201171875,-0.24899697265624998,10.32379755859375
50.16143250465393,0.07714088831333717,0.017453292519943295,-0.005995405827461438,-0.5913678100585937,-0.258573779296875,10.292672937011718
50.1814227104187,0.07634150086967564,0.01945176112909711,-0.005329249624410167,-0.5291185668945312,-0.2825157958984375,10.129867224121092
50.20172739028931,0.07314395109502954,0.016387442595061263,-0.004929555902579405,-0.5626373901367188,-0.24181436767578124,10.297461340332031
50.221577167510986,0.0752756509447936,0.018119448722994567,-0.0011990811654922875,-0.5674257934570313,-0.2920926025390625,10.297461340332031
50.24136805534363,0.07394333853869106,0.022382848422522698,-0.005062787143189658,-0.55545478515625,-0.2537853759765625,10.31661495361328
50.26150727272034,0.07407656977930133,0.018385911204215073,-0.004396630940138387,-0.5865794067382812,-0.26336218261718747,10.244788903808594
50.2814724445343,0.07860643196004995,0.016653905076281773,-0.006128637068071691,-0.5793968017578125,-0.29927520751953124,10.321403356933594
50.30150008201599,0.0750091884635731,0.02118376725703041,-0.004929555902579405,-0.5578489868164063,-0.24181436767578124,10.280701928710936
50.321452617645264,0.07367687605747056,0.020384379813368887,-0.0073277182335639785,-0.5674257934570313,-0.27293898925781246,10.287884533691406
50.34146976470947,0.07314395109502954,0.017986217482384312,-0.005329249624410167,-0.5722141967773438,-0.3016694091796875,10.304643945312499
50.36186647415161,0.07953905064432175,0.017586523760553547,-0.007860643196004996,-0.5602431884765625,-0.23702596435546874,10.295067138671874
50.38165831565857,0.07887289444127048,0.01732006127933304,-0.0011990811654922875,-0.5770026000976562,-0.29927520751953124,10.273519323730468
50.40164375305176,0.07620826962906538,0.02118376725703041,-0.005329249624410167,-0.5722141967773438,-0.258573779296875,10.311826550292968
50.42189025878906,0.07900612568188072,0.016653905076281773,-0.006128637068071691,-0.5746083984375,-0.2657563842773437,10.295067138671874
50.44154143333435,0.07314395109502954,0.01958499236970736,-0.0030643185340358454,-0.5458779785156249,-0.2753331909179687,10.386046801757812
50.46166467666626,0.07540888218540386,0.019052067407266345,-0.005595712105630674,-0.5602431884765625,-0.2657563842773437,10.395623608398436
50.48153018951416,0.07061255752343472,0.017186830038722786,-0.0075941807147844875,-0.6057330200195312,-0.27293898925781246,10.359710583496094
50.501542806625366,0.07367687605747056,0.024781010753507273,-0.0075941807147844875,-0.5315127685546874,-0.29927520751953124,10.39322940673828
50.521562814712524,0.0747427259823526,0.017719755001163805,-0.009326186842717792,-0.5482721801757812,-0.2442085693359375,10.27830772705078
50.541712522506714,0.07434303226052183,0.019318529888486854,-0.0037304747370871167,-0.5913678100585937,-0.28969840087890625,10.283096130371094
50.56150817871094,0.0720781011701475,0.017852986241774057,-0.005462480865020421,-0.5626373901367188,-0.296881005859375,10.371681591796875
50.58154916763306,0.07514241970418334,0.017586523760553547,-0.003863705977697371,-0.5434837768554687,-0.2537853759765625,10.283096130371094
50.60140585899353,0.07660796335089615,0.019984686091538122,-0.008393568158446012,-0.5578489868164063,-0.28730419921875,10.297461340332031
50.621331214904785,0.07394333853869106,0.013056661579804908,-0.006528330789902454,-0.5410895751953124,-0.26336218261718747,10.297461340332031
50.641525745391846,0.07141194496709623,0.02145022973825092,-0.004663093421358896,-0.5410895751953124,-0.24660277099609373,10.280701928710936
50.661444664001465,0.07767381327577817,0.020650842294589397,-0.006794793271122962,-0.55545478515625,-0.296881005859375,10.249577307128906
50.68152475357056,0.07607503838845513,0.01345635530163567,-0.006528330789902454,-0.5985504150390625,-0.28012159423828126,10.352527978515624
50.701882123947144,0.0750091884635731,0.024781010753507273,-0.006528330789902454,-0.5578489868164063,-0.28490999755859375,10.292672937011718
50.721893072128296,0.07807350699760894,0.015588055151399738,-0.006128637068071691,-0.5626373901367188,-0.2705447875976562,10.309432348632813
50.74167227745056,0.07234456365136802,0.01851914244482533,-0.004663093421358896,-0.5267243652343749,-0.26336218261718747,10.309432348632813
50.761550188064575,0.07194486992953725,0.01705359879811253,-0.006128637068071691,-0.5219359619140624,-0.24181436767578124,10.249577307128906
50.78144955635071,0.071811638688927,0.019052067407266345,-0.005995405827461438,-0.59376201171875,-0.2705447875976562,10.292672937011718
50.8016414642334,0.0752756509447936,0.015588055151399738,-0.002264931090374321,-0.6081272216796875,-0.2705447875976562,10.273519323730468
50.82195448875427,0.07620826962906538,0.017586523760553547,-0.007727411955394742,-0.5386953735351562,-0.24660277099609373,10.24718310546875
50.84163427352905,0.0752756509447936,0.023315467106794475,-0.007061255752343471,-0.5626373901367188,-0.296881005859375,10.307038146972655
50.86144781112671,0.07314395109502954,0.017986217482384312,-0.0031975497746461,-0.5865794067382812,-0.2825157958984375,10.271125122070313
50.88169074058533,0.07354364481686029,0.017852986241774057,-0.006261868308681946,-0.5602431884765625,-0.2442085693359375,10.27830772705078
50.90162396430969,0.07660796335089615,0.021983154700691936,-0.008526799399056265,-0.5770026000976562,-0.2705447875976562,10.261548315429687
50.92155194282532,0.07194486992953725,0.019318529888486854,-0.008260336917835759,-0.5674257934570313,-0.2561795776367187,10.299855541992187
50.94158458709717,0.07780704451638844,0.01505513018895872,-0.009992343045769061,-0.5985504150390625,-0.277727392578125,10.297461340332031
50.961408615112305,0.07447626350113207,0.018785604926045835,-0.007727411955394742,-0.6009446166992187,-0.22266075439453123,10.297461340332031
50.98137664794922,0.0747427259823526,0.0191852986478766,-0.006528330789902454,-0.5434837768554687,-0.24660277099609373,10.271125122070313
51.00150728225708,0.07833996947882944,0.015987748873230498,-0.00479632466196915,-0.5722141967773438,-0.3112462158203125,10.36210478515625
51.02155518531799,0.07860643196004995,0.018918836166656093,-0.008926493120887028,-0.5674257934570313,-0.25139117431640623,10.309432348632813
51.04136657714844,0.07447626350113207,0.016254211354451008,-0.006128637068071691,-0.5291185668945312,-0.28730419921875,10.309432348632813
51.06162643432617,0.07660796335089615,0.01372281778285618,-0.00159877488732305,-0.5602431884765625,-0.2609679809570312,10.204087475585936
51.081443071365356,0.07567534466662437,0.019318529888486854,-0.006661562030512709,-0.5410895751953124,-0.27293898925781246,10.31661495361328
51.10158324241638,0.0770076570727269,0.015454823910789483,-0.009192955602107537,-0.5674257934570313,-0.239420166015625,10.319009155273436
51.121593713760376,0.07434303226052183,0.01532159267017923,-0.005062787143189658,-0.5482721801757812,-0.28490999755859375,10.309432348632813
51.14156913757324,0.07301071985441929,0.01705359879811253,-0.0057289433462409285,-0.55545478515625,-0.2561795776367187,10.347739575195313
51.161858797073364,0.07314395109502954,0.020251148572758632,-0.005062787143189658,-0.5506663818359374,-0.2657563842773437,10.32379755859375
51.181331157684326,0.0738101072980808,0.020650842294589397,-0.004130168458917879,-0.5770026000976562,-0.23702596435546874,10.307038146972655
51.20158839225769,0.07580857590723461,0.014921898948348467,-0.006261868308681946,-0.5602431884765625,-0.2705447875976562,10.309432348632813
51.221699237823486,0.07341041357625004,0.016254211354451008,-0.0058621745868511835,-0.5363011718749999,-0.26336218261718747,10.115502014160155
51.24170899391174,0.07580857590723461,0.016653905076281773,-0.002264931090374321,-0.5482721801757812,-0.2657563842773437,10.295067138671874
51.26158046722412,0.07594180714784488,0.02011791733214838,-0.0057289433462409285,-0.5315127685546874,-0.29927520751953124,10.139444030761718
51.28146171569824,0.07780704451638844,0.02131699849764067,-0.002264931090374321,-0.5674257934570313,-0.27293898925781246,10.352527978515624
51.30147314071655,0.07820673823821919,0.01692036755750228,-0.0063950995492922,-0.5434837768554687,-0.26815058593749996,10.342951171874999
51.321791648864746,0.07234456365136802,0.019052067407266345,-0.007061255752343471,-0.5674257934570313,-0.2657563842773437,10.328585961914062
51.341822147369385,0.07354364481686029,0.01732006127933304,-0.004663093421358896,-0.5291185668945312,-0.2753331909179687,10.309432348632813
51.3617057800293,0.07620826962906538,0.018252679963604822,-0.007194486992953725,-0.5434837768554687,-0.2825157958984375,10.333374365234375
51.38159251213074,0.07607503838845513,0.019984686091538122,-0.005595712105630674,-0.5530605834960938,-0.3136404174804687,10.309432348632813
51.40173578262329,0.07660796335089615,0.018785604926045835,-0.004130168458917879,-0.5530605834960938,-0.29448680419921874,10.27830772705078
51.42211723327637,0.07407656977930133,0.016254211354451008,-0.0063950995492922,-0.5602431884765625,-0.28969840087890625,10.268730920410155
51.441426038742065,0.07580857590723461,0.016387442595061263,-0.00013323124061025415,-0.565031591796875,-0.277727392578125,10.287884533691406
51.46140170097351,0.07660796335089615,0.022382848422522698,-0.006794793271122962,-0.5458779785156249,-0.2705447875976562,10.275913525390624
51.481441020965576,0.0767411945915064,0.022382848422522698,-0.005462480865020421,-0.55545478515625,-0.27293898925781246,10.290278735351562
51.501429319381714,0.0747427259823526,0.016653905076281773,-0.0063950995492922,-0.5123591552734374,-0.29927520751953124,10.254365710449218
51.521902322769165,0.07714088831333717,0.013589586542245924,-0.005462480865020421,-0.5530605834960938,-0.29448680419921874,10.35492218017578
51.5414662361145,0.07194486992953725,0.02105053601642016,-0.002531393571594829,-0.5722141967773438,-0.2609679809570312,10.335768566894531
51.56153964996338,0.07767381327577817,0.016653905076281773,-0.008127105677225504,-0.5099649536132812,-0.29927520751953124,10.345345373535155
51.581684589385986,0.07287748861380902,0.01572128639200999,-0.011990811654922875,-0.5698199951171875,-0.2537853759765625,10.299855541992187
51.60159182548523,0.0750091884635731,0.019052067407266345,-0.0037304747370871167,-0.5746083984375,-0.3064578125,10.280701928710936
51.62200951576233,0.07447626350113207,0.019052067407266345,-0.006128637068071691,-0.5865794067382812,-0.27293898925781246,10.307038146972655
51.641472578048706,0.07434303226052183,0.01532159267017923,-0.0035972434964768626,-0.5746083984375,-0.28012159423828126,10.292672937011718
51.66152548789978,0.07887289444127048,0.01971822361031762,-0.002264931090374321,-0.5770026000976562,-0.2920926025390625,10.287884533691406
51.681477546691895,0.07580857590723461,0.012390505376753637,-0.005062787143189658,-0.5770026000976562,-0.23702596435546874,10.328585961914062
51.701502323150635,0.0720781011701475,0.023581929588014985,-0.0031975497746461,-0.5674257934570313,-0.2825157958984375,10.328585961914062
51.72397041320801,0.07287748861380902,0.019052067407266345,-0.005462480865020421,-0.5889736083984375,-0.29448680419921874,10.287884533691406
51.74184846878052,0.0752756509447936,0.01732006127933304,-0.006928024511733216,-0.5674257934570313,-0.229843359375,10.268730920410155
51.761738300323486,0.07127871372648598,0.023315467106794475,-0.005995405827461438,-0.5674257934570313,-0.2609679809570312,10.259154113769531
51.781766414642334,0.07607503838845513,0.020917304775809907,-0.005995405827461438,-0.6057330200195312,-0.2920926025390625,10.338162768554687
51.80152368545532,0.07287748861380902,0.018918836166656093,-0.005595712105630674,-0.5482721801757812,-0.28730419921875,10.242394702148436
51.82163643836975,0.071811638688927,0.020517611053979142,-0.005329249624410167,-0.5434837768554687,-0.28012159423828126,10.321403356933594
51.841503620147705,0.07687442583211665,0.013056661579804908,-0.004396630940138387,-0.584185205078125,-0.2657563842773437,10.290278735351562
51.861799001693726,0.0747427259823526,0.018652373685435583,-0.006528330789902454,-0.5458779785156249,-0.22744915771484372,10.213664282226562
51.88176441192627,0.07767381327577817,0.020517611053979142,-0.006794793271122962,-0.5578489868164063,-0.28490999755859375,10.283096130371094
51.901731729507446,0.07567534466662437,0.01692036755750228,-0.0031975497746461,-0.5602431884765625,-0.23223756103515625,10.352527978515624
51.92174196243286,0.07287748861380902,0.015588055151399738,-0.006661562030512709,-0.5434837768554687,-0.2537853759765625,10.129867224121092
51.941683292388916,0.07714088831333717,0.013056661579804908,-0.005062787143189658,-0.5219359619140624,-0.28012159423828126,10.24000050048828
51.96174097061157,0.07367687605747056,0.0191852986478766,-0.008260336917835759,-0.5291185668945312,-0.3184288208007812,10.297461340332031
51.98166584968567,0.07314395109502954,0.015987748873230498,-0.004263399699528133,-0.5386953735351562,-0.30885201416015623,10.24000050048828
52.00181579589844,0.0752756509447936,0.01692036755750228,-0.005329249624410167,-0.584185205078125,-0.2537853759765625,10.27830772705078
52.02175521850586,0.07447626350113207,0.016387442595061263,-0.0075941807147844875,-0.5434837768554687,-0.2537853759765625,10.290278735351562
52.04163932800293,0.07287748861380902,0.01438897398590745,-0.005595712105630674,-0.5913678100585937,-0.25139117431640623,10.295067138671874
52.06151032447815,0.0720781011701475,0.021849923460081685,-0.004263399699528133,-0.5506663818359374,-0.24660277099609373,10.31661495361328
52.08199691772461,0.08033843808798326,0.023182235866184224,-0.005595712105630674,-0.5722141967773438,-0.23223756103515625,10.251971508789062
52.10176730155945,0.0767411945915064,0.01705359879811253,-0.006928024511733216,-0.5123591552734374,-0.3064578125,10.357316381835936
52.12174606323242,0.07634150086967564,0.0127901990985844,-0.008260336917835759,-0.5626373901367188,-0.26815058593749996,10.24718310546875
52.14172387123108,0.07514241970418334,0.021983154700691936,-0.0002664624812205083,-0.5410895751953124,-0.30885201416015623,10.271125122070313
52.16146636009216,0.07301071985441929,0.017453292519943295,-0.004929555902579405,-0.5626373901367188,-0.2537853759765625,10.28549033203125
52.181490898132324,0.07447626350113207,0.018652373685435583,-0.007061255752343471,-0.5219359619140624,-0.258573779296875,10.120290417480469
52.20159602165222,0.0767411945915064,0.01732006127933304,-0.007194486992953725,-0.5339069702148437,-0.2705447875976562,10.268730920410155
52.221792697906494,0.0747427259823526,0.02131699849764067,-0.005462480865020421,-0.5770026000976562,-0.296881005859375,10.271125122070313
52.24174666404724,0.06994640132038345,0.015188361429568975,-0.006928024511733216,-0.5626373901367188,-0.2920926025390625,10.297461340332031
52.26147174835205,0.0750091884635731,0.015854517632620246,-0.0029310872934255917,-0.5482721801757812,-0.4381389038085937,10.314220751953124
52.28153419494629,0.07727411955394742,0.020384379813368887,-0.000799387443661525,-0.5770026000976562,-0.26336218261718747,10.295067138671874
52.30151915550232,0.07367687605747056,0.017186830038722786,-0.006261868308681946,-0.565031591796875,-0.2753331909179687,10.280701928710936
52.3217396736145,0.07407656977930133,0.01985145485092787,-0.0033307810152563544,-0.5482721801757812,-0.3016694091796875,10.295067138671874
52.34174180030823,0.07247779489197827,0.016653905076281773,-0.005329249624410167,-0.5722141967773438,-0.2825157958984375,10.352527978515624
52.36177587509155,0.07754058203516792,0.021716692219471426,-0.0095926493239383,-0.5746083984375,-0.28490999755859375,10.297461340332031
52.3813042640686,0.06994640132038345,0.018785604926045835,-0.0063950995492922,-0.565031591796875,-0.277727392578125,10.230423693847655
52.4013466835022,0.07234456365136802,0.017719755001163805,-0.0074609494741742334,-0.5434837768554687,-0.29448680419921874,10.263942517089843
52.42161583900452,0.0752756509447936,0.013323124061025418,-0.006928024511733216,-0.5674257934570313,-0.2920926025390625,10.314220751953124
52.44136905670166,0.07341041357625004,0.02131699849764067,-0.0058621745868511835,-0.5363011718749999,-0.28730419921875,10.371681591796875
52.46134805679321,0.07021286380160395,0.016254211354451008,-0.006928024511733216,-0.59376201171875,-0.28490999755859375,10.340556970214843
52.481911182403564,0.07447626350113207,0.02011791733214838,-0.0057289433462409285,-0.5722141967773438,-0.26336218261718747,10.326191760253906
52.501781940460205,0.07540888218540386,0.016787136316892024,-0.0057289433462409285,-0.5746083984375,-0.258573779296875,10.299855541992187
52.52167510986328,0.07580857590723461,0.016787136316892024,-0.005995405827461438,-0.5626373901367188,-0.28490999755859375,10.352527978515624
52.54160523414612,0.07394333853869106,0.022116385941302188,-0.007860643196004996,-0.5602431884765625,-0.27293898925781246,10.297461340332031
52.561501026153564,0.07420980101991156,0.014655436467127957,-0.007061255752343471,-0.5602431884765625,-0.239420166015625,10.309432348632813
52.58159136772156,0.07420980101991156,0.01971822361031762,-0.0057289433462409285,-0.5674257934570313,-0.277727392578125,10.31661495361328
52.60139989852905,0.06994640132038345,0.016787136316892024,-0.00479632466196915,-0.5291185668945312,-0.24181436767578124,10.280701928710936
52.62165689468384,0.07807350699760894,0.017186830038722786,-0.0021316998497640663,-0.5865794067382812,-0.29448680419921874,10.302249743652343
52.64161658287048,0.07154517620770649,0.01732006127933304,-0.00479632466196915,-0.5267243652343749,-0.24660277099609373,10.335768566894531
52.66187405586243,0.07714088831333717,0.018252679963604822,-0.003863705977697371,-0.5243301635742187,-0.30406361083984373,10.307038146972655
52.68135619163513,0.07887289444127048,0.016387442595061263,-0.003464012255866608,-0.5889736083984375,-0.2705447875976562,10.359710583496094
52.70147180557251,0.07794027575699868,0.018918836166656093,-0.0057289433462409285,-0.5482721801757812,-0.277727392578125,10.295067138671874
52.72173023223877,0.07314395109502954,0.019052067407266345,-0.010791730489430587,-0.5722141967773438,-0.2609679809570312,10.28549033203125
52.74167060852051,0.07460949474174233,0.016120980113840753,-0.006661562030512709,-0.5913678100585937,-0.2705447875976562,10.297461340332031
52.76157021522522,0.07314395109502954,0.015454823910789483,-0.00866003063966652,-0.5315127685546874,-0.29927520751953124,10.333374365234375
52.781503200531006,0.07540888218540386,0.016120980113840753,-0.007993874436615249,-0.5530605834960938,-0.2657563842773437,10.283096130371094
52.801347732543945,0.07327718233563979,0.018385911204215073,-0.0037304747370871167,-0.5770026000976562,-0.2705447875976562,10.307038146972655
52.82164931297302,0.07514241970418334,0.01958499236970736,-0.004130168458917879,-0.5770026000976562,-0.24899697265624998,10.290278735351562
52.841389894485474,0.07460949474174233,0.019984686091538122,-0.006661562030512709,-0.5602431884765625,-0.26336218261718747,10.273519323730468
52.86162042617798,0.07287748861380902,0.017852986241774057,-0.008526799399056265,-0.5602431884765625,-0.2657563842773437,10.311826550292968
52.88184976577759,0.08047166932859352,0.016787136316892024,-0.005329249624410167,-0.5578489868164063,-0.24899697265624998,10.311826550292968
52.90160036087036,0.07394333853869106,0.020650842294589397,-0.006528330789902454,-0.5434837768554687,-0.258573779296875,10.28549033203125
52.92179250717163,0.07234456365136802,0.018652373685435583,-0.009059724361497283,-0.5817910034179687,-0.22026655273437498,10.330980163574218
52.941720962524414,0.07620826962906538,0.01851914244482533,-0.0073277182335639785,-0.5626373901367188,-0.26815058593749996,10.297461340332031
52.96189475059509,0.0747427259823526,0.02105053601642016,-0.009992343045769061,-0.5698199951171875,-0.2561795776367187,10.275913525390624
52.98150277137756,0.0720781011701475,0.016254211354451008,-0.004263399699528133,-0.5410895751953124,-0.2561795776367187,10.304643945312499
53.00151610374451,0.07807350699760894,0.022915773384963714,-0.006128637068071691,-0.5410895751953124,-0.27293898925781246,10.31661495361328
53.0215630531311,0.07554211342601411,0.017852986241774057,-0.003863705977697371,-0.5434837768554687,-0.28730419921875,10.287884533691406
53.04162049293518,0.07714088831333717,0.017719755001163805,-0.004130168458917879,-0.5339069702148437,-0.24660277099609373,10.266336718749999
53.06169819831848,0.07740735079455767,0.013856049023466432,-0.006528330789902454,-0.5602431884765625,-0.28490999755859375,10.307038146972655
53.08167552947998,0.07514241970418334,0.018785604926045835,-0.0026646248122050836,-0.5578489868164063,-0.2561795776367187,10.407594616699217
53.101653814315796,0.07327718233563979,0.023182235866184224,-0.0075941807147844875,-0.5865794067382812,-0.2609679809570312,10.35492218017578
53.12181520462036,0.07820673823821919,0.016387442595061263,-0.004529862180748642,-0.5291185668945312,-0.27293898925781246,10.28549033203125
53.14170455932617,0.07807350699760894,0.009992343045769061,-0.005196018383799912,-0.5674257934570313,-0.27293898925781246,10.292672937011718
53.16174674034119,0.07287748861380902,0.02078407353519965,-0.010125574286379316,-0.5506663818359374,-0.28012159423828126,10.273519323730468
53.181623458862305,0.07061255752343472,0.02145022973825092,-0.0074609494741742334,-0.5243301635742187,-0.258573779296875,10.283096130371094
53.20140552520752,0.07660796335089615,0.018119448722994567,-0.0019984686091538122,-0.5458779785156249,-0.2657563842773437,10.350133776855468
53.22175049781799,0.07634150086967564,0.017586523760553547,-0.007993874436615249,-0.5889736083984375,-0.2537853759765625,10.280701928710936
53.241562604904175,0.07314395109502954,0.01851914244482533,-0.005995405827461438,-0.5985504150390625,-0.277727392578125,10.35492218017578
53.261619567871094,0.080205206847373,0.023049004625573973,-0.00866003063966652,-0.5793968017578125,-0.2154781494140625,10.330980163574218
53.28149604797363,0.07913935692249098,0.018652373685435583,-0.006128637068071691,-0.5961562133789062,-0.2825157958984375,10.295067138671874
53.30140209197998,0.07261102613258852,0.016387442595061263,-0.0030643185340358454,-0.5506663818359374,-0.27293898925781246,10.31661495361328
53.32157063484192,0.0750091884635731,0.01971822361031762,-0.0039969372183076245,-0.5363011718749999,-0.26815058593749996,10.347739575195313
53.34153723716736,0.07127871372648598,0.01985145485092787,-0.006128637068071691,-0.5602431884765625,-0.30406361083984373,10.304643945312499
53.36139130592346,0.07314395109502954,0.0191852986478766,-0.004130168458917879,-0.5123591552734374,-0.2705447875976562,10.263942517089843
53.38164973258972,0.07953905064432175,0.020251148572758632,0.0010658499248820332,-0.5219359619140624,-0.229843359375,10.357316381835936
53.401589155197144,0.07594180714784488,0.018652373685435583,-0.009992343045769061,-0.5339069702148437,-0.28730419921875,10.271125122070313
53.421438455581665,0.07567534466662437,0.01532159267017923,-0.004396630940138387,-0.5746083984375,-0.296881005859375,10.304643945312499
53.44153380393982,0.0750091884635731,0.020650842294589397,-0.004663093421358896,-0.5770026000976562,-0.26336218261718747,10.335768566894531
53.461386919021606,0.07087902000465522,0.01505513018895872,-0.00866003063966652,-0.5339069702148437,-0.26815058593749996,10.309432348632813
53.48163962364197,0.07274425737319877,0.017852986241774057,-0.0033307810152563544,-0.5243301635742187,-0.2561795776367187,10.304643945312499
53.501664876937866,0.07221133241075775,0.02118376725703041,-0.006794793271122962,-0.5722141967773438,-0.26815058593749996,10.302249743652343
53.52231812477112,0.07554211342601411,0.021849923460081685,-0.004529862180748642,-0.5626373901367188,-0.27293898925781246,10.249577307128906
53.541696071624756,0.07634150086967564,0.01532159267017923,-0.006128637068071691,-0.5386953735351562,-0.28730419921875,10.31661495361328
53.5618097782135,0.07221133241075775,0.02105053601642016,-0.0074609494741742334,-0.5578489868164063,-0.28012159423828126,10.287884533691406
53.58157420158386,0.07314395109502954,0.01705359879811253,-0.007727411955394742,-0.5985504150390625,-0.26336218261718747,10.287884533691406
53.601349115371704,0.07341041357625004,0.017719755001163805,-0.0033307810152563544,-0.5506663818359374,-0.27293898925781246,10.302249743652343
53.6218626499176,0.0752756509447936,0.018119448722994567,-0.004529862180748642,-0.5746083984375,-0.28730419921875,10.304643945312499
53.64142465591431,0.0750091884635731,0.016787136316892024,-0.005062787143189658,-0.565031591796875,-0.277727392578125,10.275913525390624
53.66139340400696,0.07714088831333717,0.015987748873230498,-0.006794793271122962,-0.5746083984375,-0.2753331909179687,10.326191760253906
53.68143630027771,0.07740735079455767,0.021983154700691936,-0.0058621745868511835,-0.5626373901367188,-0.2609679809570312,10.299855541992187
53.70140027999878,0.07354364481686029,0.023448698347404734,-0.005462480865020421,-0.5386953735351562,-0.26815058593749996,10.266336718749999
53.72173476219177,0.07394333853869106,0.02011791733214838,-0.002797856052815337,-0.5578489868164063,-0.33039982910156246,10.24718310546875
53.741708278656006,0.07314395109502954,0.01532159267017923,-0.005595712105630674,-0.55545478515625,-0.26336218261718747,10.333374365234375
53.76140284538269,0.07740735079455767,0.016387442595061263,-0.00479632466196915,-0.5793968017578125,-0.2705447875976562,10.156203442382813
53.781418561935425,0.07807350699760894,0.01705359879811253,-0.00479632466196915,-0.5674257934570313,-0.28490999755859375,10.328585961914062
53.801488399505615,0.07540888218540386,0.016254211354451008,-0.005595712105630674,-0.5530605834960938,-0.316034619140625,10.287884533691406
53.82184410095215,0.07447626350113207,0.020517611053979142,-0.005462480865020421,-0.5674257934570313,-0.30406361083984373,10.309432348632813
53.84142208099365,0.07367687605747056,0.018918836166656093,-0.004663093421358896,-0.5793968017578125,-0.28730419921875,10.335768566894531
53.86141872406006,0.07354364481686029,0.017719755001163805,-0.005196018383799912,-0.5386953735351562,-0.25139117431640623,10.333374365234375
53.881402015686035,0.07354364481686029,0.018652373685435583,-0.004396630940138387,-0.5530605834960938,-0.2753331909179687,10.251971508789062
53.90371656417847,0.07554211342601411,0.019318529888486854,-0.006794793271122962,-0.5602431884765625,-0.24899697265624998,10.309432348632813
53.92188882827759,0.0767411945915064,0.01732006127933304,-0.004396630940138387,-0.5506663818359374,-0.2657563842773437,10.31661495361328
53.94170260429382,0.07780704451638844,0.016254211354451008,-0.009059724361497283,-0.5746083984375,-0.2657563842773437,10.326191760253906
53.961429595947266,0.07820673823821919,0.022649310903743208,-0.0074609494741742334,-0.5722141967773438,-0.2753331909179687,10.32379755859375
53.98129844665527,0.07127871372648598,0.014788667707738212,-0.0073277182335639785,-0.5482721801757812,-0.28490999755859375,10.311826550292968
54.00150442123413,0.07620826962906538,0.022516079663132953,-0.006661562030512709,-0.5530605834960938,-0.29448680419921874,10.357316381835936
54.0214729309082,0.07714088831333717,0.01985145485092787,-0.0057289433462409285,-0.5219359619140624,-0.2825157958984375,10.268730920410155
54.04155945777893,0.07460949474174233,0.017719755001163805,-0.006528330789902454,-0.5363011718749999,-0.2825157958984375,10.292672937011718
54.06144881248474,0.080205206847373,0.019052067407266345,-0.004263399699528133,-0.6057330200195312,-0.28012159423828126,10.35492218017578
54.08233404159546,0.08087136305042428,0.016787136316892024,-0.003863705977697371,-0.565031591796875,-0.30406361083984373,10.259154113769531
54.101536989212036,0.07620826962906538,0.01732006127933304,-0.007860643196004996,-0.5578489868164063,-0.28969840087890625,10.366893188476562
54.12167263031006,0.07687442583211665,0.016653905076281773,-0.008127105677225504,-0.5889736083984375,-0.277727392578125,10.28549033203125
54.14154076576233,0.07634150086967564,0.01732006127933304,-0.0037304747370871167,-0.5482721801757812,-0.29927520751953124,10.366893188476562
54.161537408828735,0.07447626350113207,0.016653905076281773,-0.004663093421358896,-0.5482721801757812,-0.27293898925781246,10.149020837402343
54.181429386138916,0.07714088831333717,0.01945176112909711,-0.003464012255866608,-0.5458779785156249,-0.26815058593749996,10.254365710449218
54.20152950286865,0.03424042883683532,0.015588055151399738,-0.0063950995492922,-0.5698199951171875,-0.277727392578125,10.330980163574218
54.221697092056274,0.0747427259823526,0.02131699849764067,-0.005595712105630674,-0.5722141967773438,-0.28490999755859375,10.335768566894531
54.24176549911499,0.07420980101991156,0.022649310903743208,-0.004263399699528133,-0.584185205078125,-0.258573779296875,10.319009155273436
54.26149344444275,0.07607503838845513,0.023049004625573973,-0.004396630940138387,-0.5698199951171875,-0.27293898925781246,10.31661495361328
54.28135275840759,0.07341041357625004,0.022249617181912446,-0.005196018383799912,-0.5434837768554687,-0.3016694091796875,10.309432348632813
54.30135416984558,0.06941347635794241,0.01958499236970736,-0.008926493120887028,-0.5698199951171875,-0.2705447875976562,10.309432348632813
54.32186555862427,0.07687442583211665,0.018385911204215073,-0.005995405827461438,-0.55545478515625,-0.27293898925781246,10.40041201171875
54.34180498123169,0.07820673823821919,0.01692036755750228,-0.009326186842717792,-0.5770026000976562,-0.44532150878906246,10.28549033203125
54.36164164543152,0.07420980101991156,0.021849923460081685,-0.004396630940138387,-0.5506663818359374,-0.2657563842773437,10.266336718749999
54.38148522377014,0.07607503838845513,0.025447166956558548,-0.008926493120887028,-0.565031591796875,-0.2657563842773437,10.359710583496094
54.40158271789551,0.071811638688927,0.014655436467127957,-0.005062787143189658,-0.5506663818359374,-0.277727392578125,10.366893188476562
54.421873569488525,0.07434303226052183,0.017719755001163805,-0.002264931090374321,-0.5530605834960938,-0.2346317626953125,10.292672937011718
54.441565990448,0.07114548248587572,0.01958499236970736,-0.0063950995492922,-0.5339069702148437,-0.25139117431640623,10.32379755859375
54.461437702178955,0.0770076570727269,0.02011791733214838,-0.006261868308681946,-0.55545478515625,-0.29448680419921874,10.237606298828124
54.48141407966614,0.07727411955394742,0.017986217482384312,-0.006128637068071691,-0.5770026000976562,-0.26815058593749996,10.28549033203125
54.50141930580139,0.07434303226052183,0.01732006127933304,-0.010125574286379316,-0.5626373901367188,-0.2609679809570312,10.326191760253906
54.52146124839783,0.07447626350113207,0.015854517632620246,-0.005062787143189658,-0.5722141967773438,-0.2753331909179687,10.275913525390624
54.541460275650024,0.07860643196004995,0.019318529888486854,-0.008127105677225504,-0.5722141967773438,-0.2657563842773437,10.309432348632813
54.56145930290222,0.07567534466662437,0.013056661579804908,-0.003863705977697371,-0.5770026000976562,-0.23223756103515625,10.266336718749999
54.58166170120239,0.07301071985441929,0.014921898948348467,-0.0075941807147844875,-0.5722141967773438,-0.2753331909179687,10.292672937011718
54.60143160820007,0.06941347635794241,0.01851914244482533,-0.005595712105630674,-0.5315127685546874,-0.2657563842773437,10.271125122070313
54.6216824054718,0.07620826962906538,0.017986217482384312,-0.005595712105630674,-0.5339069702148437,-0.28730419921875,10.273519323730468
54.641467809677124,0.07221133241075775,0.017453292519943295,-0.008260336917835759,-0.5746083984375,-0.24181436767578124,10.244788903808594
54.66150712966919,0.07634150086967564,0.020251148572758632,-0.008793261880276773,-0.5410895751953124,-0.24899697265624998,10.302249743652343
54.68142557144165,0.07580857590723461,0.01532159267017923,-0.004929555902579405,-0.565031591796875,-0.25139117431640623,10.1131078125
54.701367139816284,0.07687442583211665,0.015987748873230498,-0.004396630940138387,-0.5506663818359374,-0.2657563842773437,10.32379755859375
54.72146201133728,0.07314395109502954,0.019984686091538122,-0.006661562030512709,-0.6057330200195312,-0.29448680419921874,10.268730920410155
54.74134588241577,0.07634150086967564,0.020251148572758632,-0.0039969372183076245,-0.5602431884765625,-0.28969840087890625,10.251971508789062
54.761451721191406,0.08007197560676275,0.014788667707738212,-0.0057289433462409285,-0.5339069702148437,-0.29927520751953124,10.302249743652343
54.78144812583923,0.07034609504221419,0.02398162330984575,-0.005062787143189658,-0.5722141967773438,-0.296881005859375,10.266336718749999
54.80144929885864,0.07714088831333717,0.018652373685435583,-0.0029310872934255917,-0.5482721801757812,-0.30406361083984373,10.319009155273436
54.82135009765625,0.07314395109502954,0.015188361429568975,-0.006128637068071691,-0.5817910034179687,-0.21308394775390624,10.268730920410155
54.84146165847778,0.07420980101991156,0.01532159267017923,-0.007727411955394742,-0.5434837768554687,-0.2561795776367187,10.1131078125
54.86145377159119,0.0764747321102859,0.020650842294589397,-0.005595712105630674,-0.5195417602539062,-0.26336218261718747,10.292672937011718
54.88145065307617,0.07434303226052183,0.01971822361031762,-0.003863705977697371,-0.5530605834960938,-0.2657563842773437,10.261548315429687
54.9014356136322,0.07554211342601411,0.016520673835671518,-0.0035972434964768626,-0.5339069702148437,-0.2705447875976562,10.311826550292968
54.92207741737366,0.07620826962906538,0.01971822361031762,-0.0057289433462409285,-0.5793968017578125,-0.277727392578125,10.352527978515624
54.94178247451782,0.07460949474174233,0.018918836166656093,-0.005995405827461438,-0.5458779785156249,-0.2346317626953125,10.407594616699217
54.96149134635925,0.07514241970418334,0.018385911204215073,-0.004130168458917879,-0.5434837768554687,-0.28012159423828126,10.32379755859375
54.98137307167053,0.07607503838845513,0.020251148572758632,-0.007993874436615249,-0.5817910034179687,-0.258573779296875,10.414777221679687
55.001277923583984,0.07447626350113207,0.014655436467127957,-0.005196018383799912,-0.5530605834960938,-0.24660277099609373,10.297461340332031
55.021484375,0.07580857590723461,0.020917304775809907,-0.006128637068071691,-0.5267243652343749,-0.28490999755859375,10.319009155273436
55.041568756103516,0.07767381327577817,0.01705359879811253,-0.004529862180748642,-0.5889736083984375,-0.3112462158203125,10.295067138671874
55.06153082847595,0.07687442583211665,0.01692036755750228,-0.0030643185340358454,-0.5674257934570313,-0.27293898925781246,10.31661495361328
55.081703901290894,0.0752756509447936,0.02118376725703041,-0.00159877488732305,-0.5458779785156249,-0.3280056274414062,10.297461340332031
55.10135197639465,0.0770076570727269,0.016520673835671518,-0.0073277182335639785,-0.5770026000976562,-0.258573779296875,10.314220751953124
55.12176275253296,0.07460949474174233,0.023581929588014985,-0.003464012255866608,-0.5674257934570313,-0.2609679809570312,10.297461340332031
55.14172840118408,0.0764747321102859,0.016653905076281773,-0.00479632466196915,-0.5458779785156249,-0.43574470214843747,10.268730920410155
55.161341428756714,0.07274425737319877,0.020917304775809907,-0.0057289433462409285,-0.5363011718749999,-0.24899697265624998,10.266336718749999
55.181474685668945,0.0764747321102859,0.020251148572758632,-0.004663093421358896,-0.5674257934570313,-0.3112462158203125,10.275913525390624
55.20148539543152,0.07634150086967564,0.022915773384963714,-0.0057289433462409285,-0.5291185668945312,-0.2753331909179687,10.31661495361328
55.221505880355835,0.07407656977930133,0.015588055151399738,-0.0074609494741742334,-0.5458779785156249,-0.258573779296875,10.311826550292968
55.241573333740234,0.07873966320066021,0.020517611053979142,-0.005595712105630674,-0.5339069702148437,-0.2657563842773437,10.304643945312499
55.261285066604614,0.07607503838845513,0.018918836166656093,-0.00866003063966652,-0.5315127685546874,-0.30885201416015623,10.319009155273436
55.28145933151245,0.07567534466662437,0.01985145485092787,-0.00479632466196915,-0.5434837768554687,-0.28730419921875,10.235212097167969
55.301459550857544,0.07993874436615249,0.018385911204215073,-0.006261868308681946,-0.55545478515625,-0.29927520751953124,10.335768566894531
55.32190489768982,0.0747427259823526,0.016787136316892024,-0.0075941807147844875,-0.5410895751953124,-0.28012159423828126,10.321403356933594
55.34195375442505,0.0720781011701475,0.01851914244482533,-0.007860643196004996,-0.5722141967773438,-0.24899697265624998,10.32379755859375
55.36143112182617,0.07367687605747056,0.020650842294589397,-0.008127105677225504,-0.5530605834960938,-0.26815058593749996,10.230423693847655
55.38189220428467,0.07460949474174233,0.013323124061025418,-0.005595712105630674,-0.5746083984375,-0.27293898925781246,10.263942517089843
55.401845932006836,0.0767411945915064,0.017453292519943295,-0.0063950995492922,-0.5291185668945312,-0.354341845703125,10.263942517089843
55.421815395355225,0.07687442583211665,0.017986217482384312,-0.0074609494741742334,-0.5770026000976562,-0.277727392578125,10.314220751953124
55.441620111465454,0.07873966320066021,0.024914241994117528,-0.0030643185340358454,-0.5458779785156249,-0.2609679809570312,10.299855541992187
55.46185278892517,0.07487595722296284,0.016653905076281773,-0.005062787143189658,-0.5291185668945312,-0.2920926025390625,10.275913525390624
55.48145842552185,0.07607503838845513,0.018918836166656093,-0.007727411955394742,-0.5458779785156249,-0.27293898925781246,10.256759912109374
55.501704692840576,0.07580857590723461,0.02011791733214838,-0.003464012255866608,-0.55545478515625,-0.2561795776367187,10.141838232421874
55.521483421325684,0.07354364481686029,0.017586523760553547,-0.0037304747370871167,-0.5315127685546874,-0.258573779296875,10.335768566894531
55.541759729385376,0.08113782553164478,0.018652373685435583,-0.00479632466196915,-0.5482721801757812,-0.24660277099609373,10.340556970214843
55.561747789382935,0.07074578876404496,0.014921898948348467,-0.0029310872934255917,-0.5482721801757812,-0.3064578125,10.304643945312499
55.58188343048096,0.07154517620770649,0.019318529888486854,-0.005462480865020421,-0.5698199951171875,-0.27293898925781246,10.28549033203125
55.60168123245239,0.07714088831333717,0.015188361429568975,-0.0031975497746461,-0.5458779785156249,-0.28490999755859375,10.304643945312499
55.6217155456543,0.07327718233563979,0.017586523760553547,-0.00159877488732305,-0.5793968017578125,-0.26336218261718747,10.271125122070313
55.6417818069458,0.07354364481686029,0.01732006127933304,-0.006128637068071691,-0.5674257934570313,-0.28969840087890625,10.309432348632813
55.66158318519592,0.07714088831333717,0.022915773384963714,-0.0029310872934255917,-0.55545478515625,-0.2657563842773437,10.347739575195313
55.681599140167236,0.07660796335089615,0.01372281778285618,-0.006261868308681946,-0.5602431884765625,-0.24181436767578124,10.242394702148436
55.7017822265625,0.07727411955394742,0.018119448722994567,-0.0073277182335639785,-0.5410895751953124,-0.28012159423828126,10.295067138671874
55.72188949584961,0.07354364481686029,0.01971822361031762,-0.004529862180748642,-0.5626373901367188,-0.277727392578125,10.295067138671874
55.74165725708008,0.07847320071943971,0.0191852986478766,-0.004263399699528133,-0.55545478515625,-0.3184288208007812,10.292672937011718
55.76144814491272,0.07807350699760894,0.017852986241774057,-0.008926493120887028,-0.5770026000976562,-0.3327940307617187,10.299855541992187
55.781519174575806,0.07607503838845513,0.01851914244482533,-0.008793261880276773,-0.5530605834960938,-0.28730419921875,10.290278735351562
55.80149984359741,0.07634150086967564,0.018385911204215073,-0.003863705977697371,-0.5602431884765625,-0.2920926025390625,10.309432348632813
55.82181787490845,0.06941347635794241,0.018785604926045835,-0.0011990811654922875,-0.5913678100585937,-0.24899697265624998,10.309432348632813
55.84182596206665,0.07354364481686029,0.013989280264076687,-0.0013323124061025418,-0.5817910034179687,-0.2920926025390625,10.280701928710936
55.86134743690491,0.07620826962906538,0.020517611053979142,-0.005062787143189658,-0.5913678100585937,-0.26336218261718747,10.292672937011718
55.88144588470459,0.0752756509447936,0.021849923460081685,-0.007194486992953725,-0.5458779785156249,-0.29927520751953124,10.40041201171875
55.90143632888794,0.07607503838845513,0.016653905076281773,-0.005196018383799912,-0.5530605834960938,-0.2561795776367187,10.338162768554687
55.921523571014404,0.08073813180981403,0.014788667707738212,-0.004529862180748642,-0.5722141967773438,-0.277727392578125,10.328585961914062
55.94206404685974,0.07607503838845513,0.01985145485092787,-0.007860643196004996,-0.5267243652343749,-0.2825157958984375,10.287884533691406
55.961641788482666,0.0770076570727269,0.014255742745297196,-0.0074609494741742334,-0.5578489868164063,-0.2561795776367187,10.254365710449218
55.98166847229004,0.07074578876404496,0.02105053601642016,-0.005595712105630674,-0.5985504150390625,-0.28012159423828126,10.35492218017578
56.00172162055969,0.07620826962906538,0.016787136316892024,-0.00479632466196915,-0.5793968017578125,-0.2825157958984375,10.340556970214843
56.02182102203369,0.07327718233563979,0.01705359879811253,-0.007194486992953725,-0.5458779785156249,-0.28012159423828126,10.304643945312499
56.04179358482361,0.07327718233563979,0.0191852986478766,-0.004396630940138387,-0.5602431884765625,-0.24660277099609373,10.28549033203125
56.06160831451416,0.07714088831333717,0.022782542144353463,-0.005995405827461438,-0.5434837768554687,-0.277727392578125,10.309432348632813
56.08253836631775,0.07341041357625004,0.01945176112909711,-0.008260336917835759,-0.5602431884765625,-0.26336218261718747,10.271125122070313
56.10167098045349,0.07394333853869106,0.01705359879811253,-0.005595712105630674,-0.5339069702148437,-0.2705447875976562,10.304643945312499
56.12188696861267,0.07660796335089615,0.016787136316892024,-0.004529862180748642,-0.5219359619140624,-0.27293898925781246,10.405200415039062
56.142001152038574,0.07780704451638844,0.021983154700691936,-0.005595712105630674,-0.5793968017578125,-0.2825157958984375,10.395623608398436
56.16148638725281,0.07394333853869106,0.016120980113840753,-0.0073277182335639785,-0.5410895751953124,-0.2825157958984375,10.309432348632813
56.18153190612793,0.07794027575699868,0.020251148572758632,-0.004130168458917879,-0.5602431884765625,-0.2753331909179687,10.31661495361328
56.20160698890686,0.07047932628282445,0.01705359879811253,-0.005595712105630674,-0.5530605834960938,-0.24899697265624998,10.366893188476562
56.22160363197327,0.07447626350113207,0.018252679963604822,-0.005462480865020421,-0.5363011718749999,-0.28012159423828126,10.244788903808594
56.241854429244995,0.0764747321102859,0.0191852986478766,-0.0005329249624410166,-0.565031591796875,-0.2920926025390625,10.218452685546874
56.261815309524536,0.07247779489197827,0.01971822361031762,-0.0026646248122050836,-0.5458779785156249,-0.2657563842773437,10.314220751953124
56.28148889541626,0.0738101072980808,0.021583460978861175,-0.006794793271122962,-0.5458779785156249,-0.2561795776367187,10.283096130371094
56.30149841308594,0.07487595722296284,0.011058192970651094,-0.0030643185340358454,-0.565031591796875,-0.2609679809570312,10.330980163574218
56.32194185256958,0.0752756509447936,0.016120980113840753,-0.0026646248122050836,-0.5339069702148437,-0.24660277099609373,10.295067138671874
56.342148303985596,0.07660796335089615,0.01572128639200999,-0.0039969372183076245,-0.5602431884765625,-0.2825157958984375,10.311826550292968
56.36186766624451,0.080205206847373,0.022249617181912446,-0.0058621745868511835,-0.5578489868164063,-0.2753331909179687,10.350133776855468
56.381561279296875,0.07487595722296284,0.01692036755750228,-0.005462480865020421,-0.5578489868164063,-0.2825157958984375,10.230423693847655
56.40193843841553,0.07341041357625004,0.015588055151399738,-0.009192955602107537,-0.5817910034179687,-0.28730419921875,10.273519323730468
56.42192792892456,0.07234456365136802,0.016120980113840753,-0.0057289433462409285,-0.5482721801757812,-0.27293898925781246,10.311826550292968
56.441548109054565,0.07061255752343472,0.022782542144353463,-0.004663093421358896,-0.565031591796875,-0.2753331909179687,10.268730920410155
56.46152591705322,0.07794027575699868,0.018385911204215073,-0.006261868308681946,-0.5578489868164063,-0.45010991210937495,10.32379755859375
56.48149299621582,0.0752756509447936,0.01971822361031762,-0.005329249624410167,-0.5698199951171875,-0.2705447875976562,10.364498986816406
56.50151467323303,0.07554211342601411,0.02118376725703041,-0.006128637068071691,-0.5793968017578125,-0.28490999755859375,10.307038146972655
56.52160596847534,0.07514241970418334,0.019984686091538122,-0.005062787143189658,-0.5626373901367188,-0.258573779296875,10.268730920410155
56.541653871536255,0.07367687605747056,0.016254211354451008,-0.006528330789902454,-0.5746083984375,-0.26336218261718747,10.259154113769531
56.56155037879944,0.07714088831333717,0.019318529888486854,-0.006261868308681946,-0.5817910034179687,-0.28969840087890625,10.321403356933594
56.58152961730957,0.0750091884635731,0.02078407353519965,-0.003863705977697371,-0.5410895751953124,-0.2825157958984375,10.242394702148436
56.60129904747009,0.07487595722296284,0.018785604926045835,-0.007860643196004996,-0.5626373901367188,-0.2920926025390625,10.292672937011718
56.62154936790466,0.07980551312554225,0.01572128639200999,-0.00479632466196915,-0.5363011718749999,-0.2825157958984375,10.228029492187499
56.641642332077026,0.07247779489197827,0.018785604926045835,-0.005595712105630674,-0.565031591796875,-0.2825157958984375,10.319009155273436
56.66138458251953,0.07940581940371148,0.018252679963604822,-0.008926493120887028,-0.5746083984375,-0.296881005859375,10.347739575195313
56.6814751625061,0.07221133241075775,0.020384379813368887,-0.006928024511733216,-0.5027823486328125,-0.30406361083984373,10.338162768554687
56.70135545730591,0.0770076570727269,0.017852986241774057,-0.0063950995492922,-0.5889736083984375,-0.30406361083984373,10.271125122070313
56.721566677093506,0.07554211342601411,0.018652373685435583,-0.005196018383799912,-0.5434837768554687,-0.30406361083984373,10.328585961914062
56.74174189567566,0.07860643196004995,0.017586523760553547,-0.004929555902579405,-0.5578489868164063,-0.24181436767578124,10.292672937011718
56.761515378952026,0.07953905064432175,0.017186830038722786,-0.0057289433462409285,-0.5578489868164063,-0.2705447875976562,10.261548315429687
56.78152370452881,0.07447626350113207,0.02078407353519965,-0.0058621745868511835,-0.5626373901367188,-0.28490999755859375,10.321403356933594
56.801393032073975,0.07554211342601411,0.017986217482384312,-0.005595712105630674,-0.51714755859375,-0.26815058593749996,10.307038146972655
56.82157373428345,0.07420980101991156,0.024781010753507273,-0.004663093421358896,-0.584185205078125,-0.28012159423828126,10.28549033203125
56.841657638549805,0.07487595722296284,0.018385911204215073,-0.002264931090374321,-0.59376201171875,-0.2561795776367187,10.345345373535155
56.86152935028076,0.07594180714784488,0.021716692219471426,-0.005595712105630674,-0.5578489868164063,-0.22505495605468748,10.314220751953124
56.88150715827942,0.07194486992953725,0.018785604926045835,-0.0075941807147844875,-0.5458779785156249,-0.2657563842773437,10.302249743652343
56.901543855667114,0.07660796335089615,0.022116385941302188,-0.006928024511733216,-0.5698199951171875,-0.26336218261718747,10.369287390136718
56.921626567840576,0.07620826962906538,0.01945176112909711,-0.0075941807147844875,-0.584185205078125,-0.32082302246093747,10.311826550292968
56.941561460494995,0.07580857590723461,0.018385911204215073,-0.004263399699528133,-0.5434837768554687,-0.2561795776367187,10.309432348632813
56.96152448654175,0.07354364481686029,0.018785604926045835,-0.005995405827461438,-0.5602431884765625,-0.27293898925781246,10.307038146972655
56.98205208778381,0.07407656977930133,0.024114854550456002,-0.005995405827461438,-0.5530605834960938,-0.258573779296875,10.251971508789062
57.001463174819946,0.0770076570727269,0.020384379813368887,-0.005995405827461438,-0.5458779785156249,-0.28730419921875,10.299855541992187
57.021573543548584,0.07354364481686029,0.023315467106794475,-0.002531393571594829,-0.5865794067382812,-0.24181436767578124,10.307038146972655
57.041552782058716,0.07554211342601411,0.0191852986478766,-0.0031975497746461,-0.565031591796875,-0.296881005859375,10.287884533691406
57.06154537200928,0.07114548248587572,0.016787136316892024,-0.006928024511733216,-0.5602431884765625,-0.296881005859375,10.280701928710936
57.08237409591675,0.07327718233563979,0.019984686091538122,-0.0033307810152563544,-0.5722141967773438,-0.24181436767578124,10.292672937011718
57.10153341293335,0.07634150086967564,0.01692036755750228,-0.0037304747370871167,-0.5458779785156249,-0.28730419921875,10.27830772705078
57.12165808677673,0.07314395109502954,0.01692036755750228,-0.003863705977697371,-0.5865794067382812,-0.26815058593749996,10.297461340332031
57.14195942878723,0.07754058203516792,0.017586523760553547,-0.003863705977697371,-0.5434837768554687,-0.28969840087890625,10.263942517089843
57.16166305541992,0.07394333853869106,0.02131699849764067,-0.009459418083328047,-0.5722141967773438,-0.26336218261718747,10.307038146972655
57.181329011917114,0.07354364481686029,0.017986217482384312,-0.000799387443661525,-0.5386953735351562,-0.3016694091796875,10.311826550292968
57.20153212547302,0.07354364481686029,0.018652373685435583,-0.010125574286379316,-0.5698199951171875,-0.26815058593749996,10.295067138671874
57.221638441085815,0.07301071985441929,0.01438897398590745,-0.006261868308681946,-0.5578489868164063,-0.3064578125,10.275913525390624
57.24205231666565,0.07394333853869106,0.022116385941302188,-0.006928024511733216,-0.5698199951171875,-0.2705447875976562,10.319009155273436
57.2621374130249,0.07847320071943971,0.016787136316892024,-0.0035972434964768626,-0.5578489868164063,-0.24899697265624998,10.273519323730468
57.283483028411865,0.08060490056920376,0.013589586542245924,-0.007061255752343471,-0.5506663818359374,-0.16998831787109375,10.292672937011718
57.30153846740723,0.07394333853869106,0.02371516082862524,-0.004130168458917879,-0.55545478515625,-0.2561795776367187,10.326191760253906
57.32202434539795,0.07407656977930133,0.022516079663132953,-0.004130168458917879,-0.5410895751953124,-0.296881005859375,10.405200415039062
57.34180927276611,0.07167840744831674,0.019052067407266345,-0.008127105677225504,-0.5793968017578125,-0.28730419921875,10.292672937011718
57.36138868331909,0.0750091884635731,0.022382848422522698,-0.007061255752343471,-0.5865794067382812,-0.28730419921875,10.319009155273436
57.381290674209595,0.0750091884635731,0.02078407353519965,-0.0075941807147844875,-0.5674257934570313,-0.28730419921875,10.292672937011718
57.401402950286865,0.07580857590723461,0.013589586542245924,-0.0063950995492922,-0.55545478515625,-0.2825157958984375,10.251971508789062
57.4220404624939,0.07447626350113207,0.01705359879811253,-0.007194486992953725,-0.5530605834960938,-0.26336218261718747,10.297461340332031
57.44235348701477,0.07514241970418334,0.018652373685435583,-0.006261868308681946,-0.5602431884765625,-0.30406361083984373,10.263942517089843
57.461708307266235,0.07514241970418334,0.01438897398590745,-0.0035972434964768626,-0.5698199951171875,-0.28012159423828126,10.290278735351562
57.48156499862671,0.07127871372648598,0.01985145485092787,-0.006528330789902454,-0.5698199951171875,-0.28969840087890625,10.283096130371094
57.50147032737732,0.07167840744831674,0.019052067407266345,-0.005995405827461438,-0.5219359619140624,-0.29448680419921874,10.297461340332031
57.521718978881836,0.07660796335089615,0.023448698347404734,-0.009059724361497283,-0.5482721801757812,-0.28969840087890625,10.32379755859375
57.54208183288574,0.07274425737319877,0.014655436467127957,-0.005196018383799912,-0.5434837768554687,-0.2825157958984375,10.32379755859375
57.56146597862244,0.07580857590723461,0.01572128639200999,-0.0019984686091538122,-0.5458779785156249,-0.28969840087890625,10.275913525390624
57.58165144920349,0.07660796335089615,0.02371516082862524,-0.006528330789902454,-0.5722141967773438,-0.277727392578125,10.206481677246094
57.601386070251465,0.07221133241075775,0.022382848422522698,-0.004663093421358896,-0.5889736083984375,-0.28012159423828126,10.287884533691406
57.62158465385437,0.07327718233563979,0.02424808579106626,-0.003863705977697371,-0.5578489868164063,-0.2609679809570312,10.295067138671874
57.64181184768677,0.07660796335089615,0.013323124061025418,-0.0057289433462409285,-0.5458779785156249,-0.32561142578124996,10.266336718749999
57.6617910861969,0.07447626350113207,0.01851914244482533,-0.007993874436615249,-0.603338818359375,-0.2753331909179687,10.340556970214843
57.68185353279114,0.07780704451638844,0.021716692219471426,-0.0073277182335639785,-0.5578489868164063,-0.2442085693359375,10.309432348632813
57.70147776603699,0.07261102613258852,0.015588055151399738,-0.0019984686091538122,-0.55545478515625,-0.229843359375,10.295067138671874
57.72160196304321,0.0767411945915064,0.017986217482384312,-0.006528330789902454,-0.5410895751953124,-0.2920926025390625,10.290278735351562
57.74168539047241,0.07794027575699868,0.020917304775809907,-0.0039969372183076245,-0.5051765502929687,-0.239420166015625,10.307038146972655
57.761550188064575,0.07287748861380902,0.022382848422522698,-0.006928024511733216,-0.5458779785156249,-0.25139117431640623,10.299855541992187
57.781588077545166,0.07394333853869106,0.02011791733214838,-0.006928024511733216,-0.5530605834960938,-0.28012159423828126,10.307038146972655
57.80148386955261,0.071811638688927,0.01851914244482533,-0.007194486992953725,-0.5482721801757812,-0.2442085693359375,10.275913525390624
57.82140755653381,0.07434303226052183,0.015588055151399738,-0.0073277182335639785,-0.5243301635742187,-0.26336218261718747,10.311826550292968
57.84279012680054,0.07301071985441929,0.018385911204215073,-0.0073277182335639785,-0.5626373901367188,-0.26815058593749996,10.290278735351562
57.86162304878235,0.07860643196004995,0.015854517632620246,-0.0074609494741742334,-0.565031591796875,-0.23702596435546874,10.273519323730468
57.881458044052124,0.07101225124526546,0.015588055151399738,-0.008793261880276773,-0.507570751953125,-0.29927520751953124,10.28549033203125
57.90175747871399,0.0747427259823526,0.0191852986478766,-0.0026646248122050836,-0.5698199951171875,-0.22744915771484372,10.290278735351562
57.92176938056946,0.0770076570727269,0.015854517632620246,-0.007194486992953725,-0.5626373901367188,-0.2537853759765625,10.314220751953124
57.941993713378906,0.07314395109502954,0.02011791733214838,-0.00479632466196915,-0.5410895751953124,-0.2825157958984375,10.27830772705078
57.96162557601929,0.0752756509447936,0.01572128639200999,-0.004663093421358896,-0.5626373901367188,-0.30885201416015623,10.297461340332031
57.98141145706177,0.0738101072980808,0.016653905076281773,-0.0031975497746461,-0.5722141967773438,-0.258573779296875,10.32379755859375
58.00182509422302,0.07354364481686029,0.01945176112909711,-0.004529862180748642,-0.5578489868164063,-0.28490999755859375,10.251971508789062
58.021751403808594,0.07460949474174233,0.016387442595061263,-0.0033307810152563544,-0.5746083984375,-0.2537853759765625,10.271125122070313
58.04198431968689,0.07074578876404496,0.025047473234727783,-0.005462480865020421,-0.5578489868164063,-0.2825157958984375,10.321403356933594
58.061896085739136,0.07087902000465522,0.019318529888486854,-0.0031975497746461,-0.5602431884765625,-0.28012159423828126,10.237606298828124
58.08261203765869,0.0752756509447936,0.018918836166656093,-0.004130168458917879,-0.5602431884765625,-0.25139117431640623,10.287884533691406
58.101763010025024,0.07247779489197827,0.012923430339194655,-0.007061255752343471,-0.5674257934570313,-0.3016694091796875,10.263942517089843
58.121978998184204,0.07554211342601411,0.01732006127933304,-0.004130168458917879,-0.5458779785156249,-0.2825157958984375,10.259154113769531
58.14173650741577,0.07287748861380902,0.015454823910789483,-0.004396630940138387,-0.5889736083984375,-0.2705447875976562,10.364498986816406
58.161675214767456,0.07860643196004995,0.019052067407266345,-0.00479632466196915,-0.565031591796875,-0.26815058593749996,10.302249743652343
58.18151354789734,0.07687442583211665,0.02105053601642016,-0.009725880564548555,-0.565031591796875,-0.24899697265624998,10.292672937011718
58.20137643814087,0.07234456365136802,0.018785604926045835,-0.007727411955394742,-0.5674257934570313,-0.2825157958984375,10.388441003417968
58.22188687324524,0.07087902000465522,0.020384379813368887,-0.006261868308681946,-0.55545478515625,-0.2442085693359375,10.27830772705078
58.241976261138916,0.07407656977930133,0.02078407353519965,-0.004130168458917879,-0.5674257934570313,-0.28012159423828126,10.27830772705078
58.261916637420654,0.07274425737319877,0.016120980113840753,-0.0057289433462409285,-0.5626373901367188,-0.23702596435546874,10.295067138671874
58.28180956840515,0.07354364481686029,0.01945176112909711,-0.004130168458917879,-0.5674257934570313,-0.30885201416015623,10.307038146972655
58.30177664756775,0.07221133241075775,0.01945176112909711,-0.007194486992953725,-0.5889736083984375,-0.29448680419921874,10.350133776855468
58.32160544395447,0.07141194496709623,0.018785604926045835,-0.0014655436467127959,-0.55545478515625,-0.29448680419921874,10.347739575195313
58.34176301956177,0.07341041357625004,0.019318529888486854,-0.003863705977697371,-0.5817910034179687,-0.2705447875976562,10.297461340332031
58.361661434173584,0.07234456365136802,0.016120980113840753,-0.0018652373685435584,-0.5458779785156249,-0.24899697265624998,10.275913525390624
58.38138675689697,0.07607503838845513,0.01732006127933304,-0.007860643196004996,-0.5674257934570313,-0.2537853759765625,10.297461340332031
58.40155291557312,0.07194486992953725,0.015854517632620246,-0.0037304747370871167,-0.5746083984375,-0.27293898925781246,10.117896215820313
58.42195463180542,0.07367687605747056,0.020917304775809907,-0.0039969372183076245,-0.5626373901367188,-0.3064578125,10.297461340332031
58.44199347496033,0.07594180714784488,0.014921898948348467,-0.002797856052815337,-0.5530605834960938,-0.2920926025390625,10.273519323730468
58.461660385131836,0.07314395109502954,0.018252679963604822,-0.008926493120887028,-0.55545478515625,-0.296881005859375,10.280701928710936
58.4813027381897,0.07234456365136802,0.020384379813368887,-0.006794793271122962,-0.5291185668945312,-0.4572925170898437,10.290278735351562
58.5013062953949,0.07327718233563979,0.021716692219471426,-0.003464012255866608,-0.5219359619140624,-0.3064578125,10.32379755859375
58.52175426483154,0.07447626350113207,0.017586523760553547,-0.004929555902579405,-0.5602431884765625,-0.24181436767578124,10.32379755859375
58.54170894622803,0.07434303226052183,0.018918836166656093,-0.009192955602107537,-0.5578489868164063,-0.28012159423828126,10.347739575195313
58.56163501739502,0.07900612568188072,0.018252679963604822,-0.004929555902579405,-0.5434837768554687,-0.2825157958984375,10.254365710449218
58.581504344940186,0.07900612568188072,0.019318529888486854,-0.007061255752343471,-0.5410895751953124,-0.239420166015625,10.338162768554687
58.6013605594635,0.07447626350113207,0.018385911204215073,-0.004130168458917879,-0.565031591796875,-0.2657563842773437,10.249577307128906
58.62193202972412,0.07247779489197827,0.01958499236970736,-0.0095926493239383,-0.565031591796875,-0.277727392578125,10.307038146972655
58.641472578048706,0.071811638688927,0.021583460978861175,-0.002531393571594829,-0.5482721801757812,-0.26336218261718747,10.254365710449218
58.66136932373047,0.0747427259823526,0.016653905076281773,-0.0063950995492922,-0.5889736083984375,-0.25139117431640623,10.297461340332031
58.681421518325806,0.07367687605747056,0.01851914244482533,-0.002531393571594829,-0.5722141967773438,-0.3064578125,10.35492218017578
58.70165205001831,0.07407656977930133,0.018119448722994567,-0.004130168458917879,-0.5434837768554687,-0.3112462158203125,10.304643945312499
58.72176218032837,0.0770076570727269,0.01945176112909711,-0.007194486992953725,-0.5578489868164063,-0.29927520751953124,10.376469995117187
58.74183416366577,0.07847320071943971,0.015987748873230498,-0.0035972434964768626,-0.5674257934570313,-0.28730419921875,10.297461340332031
58.7619788646698,0.07860643196004995,0.018385911204215073,-0.011058192970651094,-0.5506663818359374,-0.21308394775390624,10.28549033203125
58.78144145011902,0.0770076570727269,0.01732006127933304,-0.006128637068071691,-0.5578489868164063,-0.30406361083984373,10.297461340332031
58.80128479003906,0.07847320071943971,0.01958499236970736,-0.00479632466196915,-0.5434837768554687,-0.277727392578125,10.299855541992187
58.822004556655884,0.07953905064432175,0.019318529888486854,-0.005062787143189658,-0.5315127685546874,-0.2753331909179687,10.333374365234375
58.841578245162964,0.07594180714784488,0.01851914244482533,-0.004263399699528133,-0.5339069702148437,-0.28969840087890625,10.326191760253906
58.861408710479736,0.07194486992953725,0.018652373685435583,-0.005995405827461438,-0.5315127685546874,-0.2609679809570312,10.311826550292968
58.881420373916626,0.07154517620770649,0.01945176112909711,-0.002398162330984575,-0.5746083984375,-0.2346317626953125,10.256759912109374
58.90150284767151,0.07287748861380902,0.020517611053979142,-0.008260336917835759,-0.5746083984375,-0.277727392578125,10.333374365234375
58.92168927192688,0.07460949474174233,0.019052067407266345,-0.003863705977697371,-0.5722141967773438,-0.27293898925781246,10.31661495361328
58.94188332557678,0.07620826962906538,0.019984686091538122,-0.003863705977697371,-0.55545478515625,-0.2537853759765625,10.330980163574218
58.961503744125366,0.07820673823821919,0.021983154700691936,-0.008127105677225504,-0.565031591796875,-0.28012159423828126,10.319009155273436
58.98169541358948,0.07687442583211665,0.016387442595061263,-0.0002664624812205083,-0.5674257934570313,-0.29448680419921874,10.32379755859375
59.00178551673889,0.07394333853869106,0.018385911204215073,-0.007727411955394742,-0.5889736083984375,-0.2609679809570312,10.295067138671874
59.02223253250122,0.0747427259823526,0.02145022973825092,-0.006261868308681946,-0.5267243652343749,-0.3064578125,10.184933862304687
59.041972637176514,0.07727411955394742,0.012523736617363892,-0.004130168458917879,-0.5482721801757812,-0.27293898925781246,10.242394702148436
59.06187963485718,0.07447626350113207,0.01345635530163567,-0.009459418083328047,-0.5051765502929687,-0.2657563842773437,10.292672937011718
59.08246374130249,0.07714088831333717,0.017852986241774057,-0.0039969372183076245,-0.5674257934570313,-0.2609679809570312,10.259154113769531
59.101574659347534,0.07554211342601411,0.01958499236970736,-0.009992343045769061,-0.5315127685546874,-0.296881005859375,10.271125122070313
59.121891021728516,0.07727411955394742,0.017186830038722786,-0.004130168458917879,-0.5817910034179687,-0.24899697265624998,10.335768566894531
59.142032861709595,0.07261102613258852,0.0191852986478766,-0.004663093421358896,-0.5530605834960938,-0.30406361083984373,10.259154113769531
59.161904096603394,0.0752756509447936,0.015188361429568975,-0.007860643196004996,-0.5746083984375,-0.258573779296875,10.335768566894531
59.181769609451294,0.07554211342601411,0.017986217482384312,-0.0075941807147844875,-0.5530605834960938,-0.296881005859375,10.230423693847655
59.20160961151123,0.07420980101991156,0.01945176112909711,-0.004130168458917879,-0.5602431884765625,-0.25139117431640623,10.280701928710936
59.221646308898926,0.07554211342601411,0.02131699849764067,-0.004263399699528133,-0.5602431884765625,-0.3136404174804687,10.268730920410155
59.24160313606262,0.07487595722296284,0.017719755001163805,-0.008260336917835759,-0.5434837768554687,-0.2561795776367187,10.259154113769531
59.261688232421875,0.0747427259823526,0.018785604926045835,-0.0073277182335639785,-0.5315127685546874,-0.32561142578124996,10.290278735351562
59.281285762786865,0.07687442583211665,0.015454823910789483,-0.006261868308681946,-0.5458779785156249,-0.2825157958984375,10.338162768554687
59.30123996734619,0.0752756509447936,0.017719755001163805,-0.005329249624410167,-0.5243301635742187,-0.28969840087890625,10.256759912109374
59.32175254821777,0.07101225124526546,0.016520673835671518,-0.007727411955394742,-0.5770026000976562,-0.2753331909179687,10.266336718749999
59.34187150001526,0.0738101072980808,0.0191852986478766,-0.006661562030512709,-0.5602431884765625,-0.2561795776367187,10.275913525390624
59.361459255218506,0.07367687605747056,0.022915773384963714,-0.003863705977697371,-0.5530605834960938,-0.30406361083984373,10.266336718749999
59.38156867027283,0.07221133241075775,0.020917304775809907,-0.006528330789902454,-0.5363011718749999,-0.22505495605468748,10.297461340332031
59.40155291557312,0.07301071985441929,0.018385911204215073,-0.006794793271122962,-0.584185205078125,-0.2609679809570312,10.295067138671874
59.42153477668762,0.07607503838845513,0.015188361429568975,-0.0057289433462409285,-0.5530605834960938,-0.24899697265624998,10.295067138671874
59.44159197807312,0.07127871372648598,0.019984686091538122,-0.004663093421358896,-0.565031591796875,-0.3016694091796875,10.220846887207031
59.46158003807068,0.0750091884635731,0.016387442595061263,-0.007727411955394742,-0.5722141967773438,-0.2561795776367187,10.311826550292968
59.481417179107666,0.07261102613258852,0.01851914244482533,-0.0058621745868511835,-0.584185205078125,-0.26815058593749996,10.309432348632813
59.501269817352295,0.0747427259823526,0.02118376725703041,-0.0031975497746461,-0.5578489868164063,-0.28012159423828126,10.314220751953124
59.52151083946228,0.07301071985441929,0.024514548272286763,-0.002531393571594829,-0.5482721801757812,-0.26336218261718747,10.263942517089843
59.54161524772644,0.07567534466662437,0.017852986241774057,-0.007860643196004996,-0.5626373901367188,-0.2825157958984375,10.268730920410155
59.56158971786499,0.07221133241075775,0.018652373685435583,-0.008393568158446012,-0.5770026000976562,-0.29448680419921874,10.299855541992187
59.58169722557068,0.07167840744831674,0.021849923460081685,-0.004529862180748642,-0.5339069702148437,-0.258573779296875,10.314220751953124
59.60148644447327,0.0767411945915064,0.016120980113840753,-0.0037304747370871167,-0.5530605834960938,-0.2825157958984375,10.304643945312499
59.6215283870697,0.07714088831333717,0.015454823910789483,-0.0035972434964768626,-0.5434837768554687,-0.32082302246093747,10.328585961914062
59.64163517951965,0.07354364481686029,0.0191852986478766,-0.0073277182335639785,-0.5410895751953124,-0.277727392578125,10.309432348632813
59.66145658493042,0.07420980101991156,0.015987748873230498,-0.00866003063966652,-0.5602431884765625,-0.2537853759765625,10.299855541992187
59.68147110939026,0.07620826962906538,0.02011791733214838,-0.0058621745868511835,-0.565031591796875,-0.2825157958984375,10.297461340332031
59.70161032676697,0.07114548248587572,0.01851914244482533,-0.0039969372183076245,-0.5889736083984375,-0.28490999755859375,10.263942517089843
59.72163105010986,0.07660796335089615,0.013989280264076687,-0.004263399699528133,-0.5602431884765625,-0.2753331909179687,10.357316381835936
59.741899728775024,0.07514241970418334,0.02118376725703041,-0.004130168458917879,-0.5386953735351562,-0.28012159423828126,10.283096130371094
59.76151752471924,0.07261102613258852,0.015854517632620246,-0.004396630940138387,-0.5458779785156249,-0.2705447875976562,10.338162768554687
59.781633615493774,0.0738101072980808,0.015454823910789483,-0.0058621745868511835,-0.5458779785156249,-0.26815058593749996,10.302249743652343
59.80144000053406,0.07687442583211665,0.02145022973825092,-0.00479632466196915,-0.5267243652343749,-0.2537853759765625,10.297461340332031
59.821516275405884,0.07274425737319877,0.015454823910789483,-0.007194486992953725,-0.565031591796875,-0.2825157958984375,10.256759912109374
59.841678857803345,0.07194486992953725,0.015854517632620246,-0.007727411955394742,-0.5410895751953124,-0.28730419921875,10.273519323730468
59.86148715019226,0.07487595722296284,0.016787136316892024,-0.00479632466196915,-0.5410895751953124,-0.2561795776367187,10.31661495361328
59.881410360336304,0.07847320071943971,0.020517611053979142,-0.0057289433462409285,-0.5291185668945312,-0.2059013427734375,10.330980163574218
59.90146231651306,0.07580857590723461,0.020517611053979142,-0.0074609494741742334,-0.565031591796875,-0.2753331909179687,10.254365710449218
59.92157793045044,0.07580857590723461,0.02624655440022007,-0.005995405827461438,-0.5027823486328125,-0.2657563842773437,10.216058483886718
59.94180393218994,0.07514241970418334,0.022382848422522698,-0.005595712105630674,-0.5386953735351562,-0.29448680419921874,10.297461340332031
59.96150517463684,0.0750091884635731,0.018918836166656093,-0.0063950995492922,-0.5291185668945312,-0.3016694091796875,10.261548315429687
59.98139929771423,0.06874732015489114,0.019318529888486854,-0.006528330789902454,-0.5434837768554687,-0.26336218261718747,10.328585961914062
60.001360177993774,0.07434303226052183,0.013189892820415163,-0.006528330789902454,-0.59376201171875,-0.28969840087890625,10.326191760253906
60.021852016448975,0.07354364481686029,0.012923430339194655,-0.003464012255866608,-0.5434837768554687,-0.26815058593749996,10.342951171874999
60.04206085205078,0.07754058203516792,0.02118376725703041,-0.004529862180748642,-0.5195417602539062,-0.2609679809570312,10.27830772705078
60.06175637245178,0.07727411955394742,0.019984686091538122,-0.005062787143189658,-0.5578489868164063,-0.28969840087890625,10.280701928710936
60.08197236061096,0.0750091884635731,0.023049004625573973,-0.006928024511733216,-0.5363011718749999,-0.30885201416015623,10.283096130371094
60.10159397125244,0.07660796335089615,0.02011791733214838,-0.0033307810152563544,-0.5793968017578125,-0.26336218261718747,10.297461340332031
60.12184548377991,0.08113782553164478,0.01505513018895872,-0.004396630940138387,-0.5530605834960938,-0.2537853759765625,10.295067138671874
60.14176297187805,0.07487595722296284,0.018119448722994567,-0.005329249624410167,-0.5434837768554687,-0.296881005859375,10.299855541992187
60.161402225494385,0.07607503838845513,0.019052067407266345,-0.006661562030512709,-0.5817910034179687,-0.2609679809570312,10.204087475585936
60.181458473205566,0.07287748861380902,0.02011791733214838,-0.005196018383799912,-0.5746083984375,-0.29927520751953124,10.319009155273436
60.20161581039429,0.0770076570727269,0.015987748873230498,-0.0075941807147844875,-0.565031591796875,-0.28969840087890625,10.268730920410155
60.22157335281372,0.07634150086967564,0.018252679963604822,-0.006661562030512709,-0.5099649536132812,-0.28012159423828126,10.311826550292968
60.24188184738159,0.0764747321102859,0.016653905076281773,-0.00479632466196915,-0.5315127685546874,-0.239420166015625,10.297461340332031
60.261502265930176,0.07327718233563979,0.02011791733214838,-0.005995405827461438,-0.5770026000976562,-0.24660277099609373,10.290278735351562
60.28132367134094,0.0750091884635731,0.01705359879811253,-0.00479632466196915,-0.5386953735351562,-0.22505495605468748,10.268730920410155
60.30150580406189,0.07487595722296284,0.015854517632620246,0.0002664624812205083,-0.5698199951171875,-0.2753331909179687,10.275913525390624
60.321537494659424,0.07873966320066021,0.01958499236970736,-0.004929555902579405,-0.5865794067382812,-0.28969840087890625,10.335768566894531
60.34155321121216,0.07620826962906538,0.01971822361031762,-0.007860643196004996,-0.5698199951171875,-0.2825157958984375,10.280701928710936
60.36147665977478,0.07727411955394742,0.01372281778285618,0.03370750387439431,-0.5578489868164063,-0.29448680419921874,10.297461340332031
60.381340742111206,0.07567534466662437,0.01732006127933304,-0.009725880564548555,-0.46686932373046874,-0.277727392578125,10.333374365234375
60.40139627456665,0.07514241970418334,0.020917304775809907,-0.004130168458917879,-0.5363011718749999,-0.26336218261718747,10.319009155273436
60.421732902526855,0.08060490056920376,0.018652373685435583,-0.0063950995492922,-0.5865794067382812,-0.2705447875976562,10.328585961914062
60.44162631034851,0.07394333853869106,0.018252679963604822,-0.004396630940138387,-0.5793968017578125,-0.27293898925781246,10.307038146972655
60.461395502090454,0.07487595722296284,0.019984686091538122,-0.006528330789902454,-0.55545478515625,-0.430956298828125,10.319009155273436
60.48130202293396,0.07261102613258852,0.018119448722994567,-0.010392036767599824,-0.5722141967773438,-0.30406361083984373,10.297461340332031
60.501421213150024,0.07314395109502954,0.018785604926045835,-0.006261868308681946,-0.5913678100585937,-0.26815058593749996,10.364498986816406
60.521557569503784,0.07301071985441929,0.018252679963604822,-0.008260336917835759,-0.584185205078125,-0.2705447875976562,10.280701928710936
60.54155611991882,0.07327718233563979,0.016520673835671518,-0.004263399699528133,-0.565031591796875,-0.2561795776367187,10.333374365234375
60.56150007247925,0.07341041357625004,0.015854517632620246,-0.0011990811654922875,-0.5506663818359374,-0.2657563842773437,10.299855541992187
60.5816593170166,0.07660796335089615,0.01705359879811253,-0.005595712105630674,-0.5482721801757812,-0.3064578125,10.256759912109374
60.601402282714844,0.07367687605747056,0.023049004625573973,-0.006794793271122962,-0.5698199951171875,-0.25139117431640623,10.295067138671874
60.621686697006226,0.07514241970418334,0.01732006127933304,-0.0039969372183076245,-0.5626373901367188,-0.32082302246093747,10.342951171874999
60.6416757106781,0.07620826962906538,0.019052067407266345,-0.0029310872934255917,-0.5530605834960938,-0.27293898925781246,10.31661495361328
60.66134834289551,0.07807350699760894,0.02145022973825092,-0.0057289433462409285,-0.5770026000976562,-0.24899697265624998,10.139444030761718
60.681373596191406,0.07540888218540386,0.022782542144353463,-0.011058192970651094,-0.5410895751953124,-0.28730419921875,10.299855541992187
60.70179605484009,0.07394333853869106,0.01572128639200999,-0.002797856052815337,-0.5626373901367188,-0.28969840087890625,10.326191760253906
60.72144532203674,0.0738101072980808,0.018119448722994567,-0.003464012255866608,-0.5410895751953124,-0.296881005859375,10.330980163574218
60.7416307926178,0.07434303226052183,0.01732006127933304,-0.0030643185340358454,-0.5602431884765625,-0.2657563842773437,10.266336718749999
60.76136231422424,0.0750091884635731,0.017986217482384312,-0.006794793271122962,-0.5506663818359374,-0.28012159423828126,10.307038146972655
60.781349182128906,0.07860643196004995,0.020251148572758632,-0.004263399699528133,-0.5674257934570313,-0.258573779296875,10.345345373535155
60.80139517784119,0.07660796335089615,0.019984686091538122,-0.00479632466196915,-0.5817910034179687,-0.2609679809570312,10.254365710449218
60.821815490722656,0.07407656977930133,0.016120980113840753,-0.00866003063966652,-0.55545478515625,-0.26815058593749996,10.32379755859375
60.84145474433899,0.07873966320066021,0.0191852986478766,-0.004396630940138387,-0.5602431884765625,-0.2537853759765625,10.273519323730468
60.86129093170166,0.07780704451638844,0.015987748873230498,-0.0057289433462409285,-0.5770026000976562,-0.2825157958984375,10.297461340332031
60.88134288787842,0.07447626350113207,0.01851914244482533,-0.002531393571594829,-0.5482721801757812,-0.3016694091796875,10.314220751953124
60.90144610404968,0.07620826962906538,0.017453292519943295,-0.00985911180515881,-0.5578489868164063,-0.28730419921875,10.304643945312499
60.92164158821106,0.07194486992953725,0.018785604926045835,-0.009192955602107537,-0.565031591796875,-0.2657563842773437,10.283096130371094
60.94164800643921,0.07221133241075775,0.01958499236970736,-0.005595712105630674,-0.5530605834960938,-0.25139117431640623,10.307038146972655
60.961389780044556,0.07514241970418334,0.021583460978861175,-0.006794793271122962,-0.5722141967773438,-0.277727392578125,10.244788903808594
60.98127579689026,0.0764747321102859,0.015987748873230498,-0.005329249624410167,-0.565031591796875,-0.296881005859375,10.32379755859375
61.00140643119812,0.07114548248587572,0.015987748873230498,-0.002398162330984575,-0.5698199951171875,-0.28969840087890625,10.31661495361328
61.021387577056885,0.07780704451638844,0.021983154700691936,-0.005062787143189658,-0.5506663818359374,-0.2825157958984375,10.271125122070313
61.04158020019531,0.07660796335089615,0.013056661579804908,-0.005595712105630674,-0.5674257934570313,-0.30885201416015623,10.16338604736328
61.061365604400635,0.0752756509447936,0.01705359879811253,-0.005462480865020421,-0.5195417602539062,-0.27293898925781246,10.319009155273436
61.08227610588074,0.07740735079455767,0.01985145485092787,-0.008393568158446012,-0.5722141967773438,-0.33039982910156246,10.402806213378906
61.10141086578369,0.07794027575699868,0.01345635530163567,-0.007194486992953725,-0.565031591796875,-0.2753331909179687,10.307038146972655
61.12183976173401,0.07740735079455767,0.018918836166656093,-0.0033307810152563544,-0.5434837768554687,-0.28490999755859375,10.295067138671874
61.141716718673706,0.07047932628282445,0.022249617181912446,-0.0058621745868511835,-0.55545478515625,-0.277727392578125,10.357316381835936
61.16160249710083,0.0738101072980808,0.01732006127933304,-0.012523736617363892,-0.5746083984375,-0.258573779296875,10.333374365234375
61.18147826194763,0.07287748861380902,0.025447166956558548,-0.004396630940138387,-0.5698199951171875,-0.28490999755859375,10.27830772705078
61.20144987106323,0.06967993883916293,0.017586523760553547,-0.003863705977697371,-0.565031591796875,-0.3016694091796875,10.27830772705078
61.22159552574158,0.07927258816310122,0.01985145485092787,-0.0058621745868511835,-0.55545478515625,-0.4525041137695312,10.299855541992187
61.24167037010193,0.07514241970418334,0.01732006127933304,-0.006261868308681946,-0.5339069702148437,-0.296881005859375,10.357316381835936
61.2614061832428,0.07420980101991156,0.02078407353519965,-0.0057289433462409285,-0.55545478515625,-0.26336218261718747,10.319009155273436
61.28135108947754,0.07074578876404496,0.013856049023466432,-0.0058621745868511835,-0.584185205078125,-0.2657563842773437,10.319009155273436
61.30141043663025,0.0747427259823526,0.017186830038722786,-0.004663093421358896,-0.5602431884765625,-0.27293898925781246,10.314220751953124
61.32156038284302,0.0720781011701475,0.016520673835671518,-0.0021316998497640663,-0.5195417602539062,-0.2920926025390625,10.326191760253906
61.341710329055786,0.07114548248587572,0.016254211354451008,-0.0075941807147844875,-0.5746083984375,-0.24899697265624998,10.321403356933594
61.36137914657593,0.0747427259823526,0.017719755001163805,-0.007061255752343471,-0.5698199951171875,-0.27293898925781246,10.297461340332031
61.38155436515808,0.07794027575699868,0.016387442595061263,-0.005462480865020421,-0.5339069702148437,-0.22505495605468748,10.297461340332031
61.40136432647705,0.07634150086967564,0.012923430339194655,-0.009059724361497283,-0.5291185668945312,-0.29927520751953124,10.268730920410155
61.421438694000244,0.07554211342601411,0.01851914244482533,-0.004663093421358896,-0.5770026000976562,-0.28012159423828126,10.338162768554687
61.441349506378174,0.07860643196004995,0.016520673835671518,-0.006528330789902454,-0.5626373901367188,-0.29448680419921874,10.40041201171875
61.46129369735718,0.07607503838845513,0.020517611053979142,-0.005196018383799912,-0.5267243652343749,-0.24899697265624998,10.307038146972655
61.48135185241699,0.07487595722296284,0.02691271060327134,-0.0075941807147844875,-0.5434837768554687,-0.2753331909179687,10.352527978515624
61.50136590003967,0.07540888218540386,0.01971822361031762,-0.007061255752343471,-0.584185205078125,-0.2657563842773437,10.268730920410155
61.52166986465454,0.07287748861380902,0.016653905076281773,-0.004529862180748642,-0.5602431884765625,-0.26336218261718747,10.39322940673828
61.54155874252319,0.0738101072980808,0.016520673835671518,-0.008127105677225504,-0.5267243652343749,-0.2825157958984375,10.35492218017578
61.56126284599304,0.07780704451638844,0.01958499236970736,-0.0063950995492922,-0.5458779785156249,-0.2753331909179687,10.290278735351562
61.58156394958496,0.07754058203516792,0.014788667707738212,-0.004663093421358896,-0.5386953735351562,-0.2705447875976562,10.326191760253906
61.60141658782959,0.07887289444127048,0.016653905076281773,-0.004130168458917879,-0.5770026000976562,-0.24660277099609373,10.350133776855468
61.62141394615173,0.07687442583211665,0.016520673835671518,-0.008127105677225504,-0.55545478515625,-0.28969840087890625,10.302249743652343
61.64138889312744,0.0738101072980808,0.01438897398590745,-0.007993874436615249,-0.5506663818359374,-0.26336218261718747,10.350133776855468
61.66131949424744,0.0770076570727269,0.01851914244482533,-0.0063950995492922,-0.5602431884765625,-0.2609679809570312,10.357316381835936
61.681315422058105,0.07274425737319877,0.018252679963604822,-0.007727411955394742,-0.5578489868164063,-0.26815058593749996,10.309432348632813
61.70133662223816,0.07420980101991156,0.024114854550456002,-0.0019984686091538122,-0.5722141967773438,-0.30406361083984373,10.307038146972655
61.72201681137085,0.07660796335089615,0.022382848422522698,-0.0033307810152563544,-0.5746083984375,-0.2825157958984375,10.134655627441406
61.74157357215881,0.07447626350113207,0.01705359879811253,-0.004396630940138387,-0.5793968017578125,-0.2705447875976562,10.261548315429687
61.76170897483826,0.07434303226052183,0.01692036755750228,-0.0074609494741742334,-0.6009446166992187,-0.29448680419921874,10.302249743652343
61.78140211105347,0.07767381327577817,0.01705359879811253,-0.006661562030512709,-0.55545478515625,-0.2154781494140625,10.326191760253906
61.80142784118652,0.07927258816310122,0.017586523760553547,-0.007194486992953725,-0.5626373901367188,-0.2753331909179687,10.328585961914062
61.821614265441895,0.0738101072980808,0.01345635530163567,-0.0058621745868511835,-0.5865794067382812,-0.32082302246093747,10.249577307128906
61.84146189689636,0.07780704451638844,0.0191852986478766,-0.004130168458917879,-0.5674257934570313,-0.29448680419921874,10.12507882080078
61.86140561103821,0.07460949474174233,0.02105053601642016,-0.0075941807147844875,-0.5578489868164063,-0.2537853759765625,10.304643945312499
61.88135075569153,0.0750091884635731,0.016120980113840753,-0.0031975497746461,-0.565031591796875,-0.2657563842773437,10.326191760253906
61.90149784088135,0.07074578876404496,0.018918836166656093,-0.0030643185340358454,-0.5626373901367188,-0.28969840087890625,10.266336718749999
61.922000885009766,0.07420980101991156,0.013856049023466432,-0.007194486992953725,-0.5410895751953124,-0.2753331909179687,10.256759912109374
61.94156193733215,0.0747427259823526,0.017453292519943295,-0.0031975497746461,-0.5291185668945312,-0.25139117431640623,10.290278735351562
61.96138620376587,0.07820673823821919,0.01705359879811253,-0.004396630940138387,-0.5195417602539062,-0.26815058593749996,10.321403356933594
61.98138737678528,0.07860643196004995,0.013589586542245924,-0.004929555902579405,-0.5793968017578125,-0.3232172241210937,10.342951171874999
62.00152564048767,0.07514241970418334,0.019318529888486854,-0.008393568158446012,-0.5626373901367188,-0.2920926025390625,10.314220751953124
62.022143840789795,0.07660796335089615,0.014655436467127957,-0.0031975497746461,-0.5243301635742187,-0.2753331909179687,10.283096130371094
62.04188537597656,0.07447626350113207,0.01945176112909711,-0.002797856052815337,-0.5506663818359374,-0.2609679809570312,10.273519323730468
62.061957597732544,0.07407656977930133,0.021849923460081685,-0.002531393571594829,-0.5363011718749999,-0.29448680419921874,10.27830772705078
62.08238887786865,0.07314395109502954,0.015854517632620246,-0.005462480865020421,-0.5674257934570313,-0.28490999755859375,10.27830772705078
62.102022886276245,0.07540888218540386,0.01705359879811253,-0.004130168458917879,-0.5985504150390625,-0.25139117431640623,10.230423693847655
62.12210822105408,0.07487595722296284,0.020384379813368887,-0.004130168458917879,-0.5506663818359374,-0.44532150878906246,10.242394702148436
62.141645431518555,0.07714088831333717,0.021983154700691936,-0.00985911180515881,-0.565031591796875,-0.28490999755859375,10.31661495361328
62.16153311729431,0.07514241970418334,0.017186830038722786,-0.007860643196004996,-0.507570751953125,-0.28969840087890625,10.275913525390624
62.18156862258911,0.07154517620770649,0.02011791733214838,-0.007061255752343471,-0.5458779785156249,-0.2825157958984375,10.251971508789062
62.201695919036865,0.07567534466662437,0.017453292519943295,-0.006261868308681946,-0.5602431884765625,-0.2657563842773437,10.350133776855468
62.2218234539032,0.07141194496709623,0.021983154700691936,-0.0075941807147844875,-0.5770026000976562,-0.26336218261718747,10.144232434082031
62.24146914482117,0.07900612568188072,0.015188361429568975,-0.004929555902579405,-0.565031591796875,-0.28730419921875,10.314220751953124
62.26139283180237,0.07567534466662437,0.013856049023466432,-0.0037304747370871167,-0.5482721801757812,-0.2346317626953125,10.297461340332031
62.281383991241455,0.0747427259823526,0.019318529888486854,-0.0039969372183076245,-0.565031591796875,-0.2657563842773437,10.299855541992187
62.301382064819336,0.07407656977930133,0.021983154700691936,-0.004929555902579405,-0.5363011718749999,-0.2537853759765625,10.309432348632813
62.32165288925171,0.07274425737319877,0.015454823910789483,-0.008526799399056265,-0.5386953735351562,-0.28730419921875,10.314220751953124
62.34157180786133,0.0764747321102859,0.016787136316892024,-0.007061255752343471,-0.5147533569335937,-0.2561795776367187,10.275913525390624
62.36157011985779,0.07221133241075775,0.020917304775809907,-0.006528330789902454,-0.5195417602539062,-0.28490999755859375,10.127473022460936
62.381624698638916,0.06967993883916293,0.019318529888486854,-0.0057289433462409285,-0.565031591796875,-0.28490999755859375,10.302249743652343
62.401575565338135,0.07407656977930133,0.019318529888486854,-0.005595712105630674,-0.5530605834960938,-0.25139117431640623,10.302249743652343
62.421645402908325,0.07127871372648598,0.018652373685435583,-0.006261868308681946,-0.5315127685546874,-0.2825157958984375,10.27830772705078
62.4416766166687,0.0750091884635731,0.01505513018895872,-0.005462480865020421,-0.5458779785156249,-0.2825157958984375,10.328585961914062
62.464577198028564,0.07514241970418334,0.020517611053979142,-0.005462480865020421,-0.5530605834960938,-0.2442085693359375,10.340556970214843
62.48142075538635,0.07341041357625004,0.020251148572758632,-0.002264931090374321,-0.5434837768554687,-0.277727392578125,10.307038146972655
62.501434564590454,0.07594180714784488,0.018918836166656093,-0.007061255752343471,-0.5602431884765625,-0.2825157958984375,10.405200415039062
62.521525144577026,0.07314395109502954,0.018918836166656093,-0.0057289433462409285,-0.584185205078125,-0.2609679809570312,10.342951171874999
62.54163193702698,0.0750091884635731,0.01971822361031762,-0.004396630940138387,-0.5722141967773438,-0.24660277099609373,10.261548315429687
62.561522006988525,0.07634150086967564,0.017186830038722786,-0.005196018383799912,-0.5817910034179687,-0.2537853759765625,10.299855541992187
62.5815749168396,0.07540888218540386,0.017586523760553547,-0.0026646248122050836,-0.5793968017578125,-0.24899697265624998,10.292672937011718
62.60150861740112,0.07287748861380902,0.01705359879811253,-0.002531393571594829,-0.6105214233398437,-0.30406361083984373,10.290278735351562
62.62161827087402,0.07420980101991156,0.0191852986478766,-0.008260336917835759,-0.55545478515625,-0.25139117431640623,10.295067138671874
62.64148163795471,0.07367687605747056,0.01732006127933304,-0.002531393571594829,-0.5386953735351562,-0.27293898925781246,10.342951171874999
62.661401987075806,0.07367687605747056,0.02011791733214838,-0.0035972434964768626,-0.565031591796875,-0.2537853759765625,10.302249743652343
62.681443214416504,0.07540888218540386,0.018652373685435583,-0.004263399699528133,-0.5530605834960938,-0.28969840087890625,10.307038146972655
62.70161008834839,0.07514241970418334,0.01505513018895872,-0.009459418083328047,-0.5770026000976562,-0.2825157958984375,10.297461340332031
62.72154450416565,0.07714088831333717,0.015454823910789483,-0.0039969372183076245,-0.5793968017578125,-0.27293898925781246,10.330980163574218
62.74152636528015,0.0770076570727269,0.021983154700691936,-0.007993874436615249,-0.5530605834960938,-0.27293898925781246,10.309432348632813
62.76226305961609,0.07807350699760894,0.018119448722994567,-0.007860643196004996,-0.5674257934570313,-0.2705447875976562,10.28549033203125
62.781428813934326,0.07740735079455767,0.016120980113840753,-0.005995405827461438,-0.565031591796875,-0.239420166015625,10.321403356933594
62.801780700683594,0.07247779489197827,0.017586523760553547,-0.007061255752343471,-0.5602431884765625,-0.2753331909179687,10.350133776855468
62.82146859169006,0.0738101072980808,0.017586523760553547,-0.008526799399056265,-0.55545478515625,-0.2657563842773437,10.307038146972655
62.841577768325806,0.07314395109502954,0.018652373685435583,-0.00479632466196915,-0.5386953735351562,-0.2705447875976562,10.383652600097655
62.86126708984375,0.07660796335089615,0.01732006127933304,-0.0026646248122050836,-0.55545478515625,-0.2920926025390625,10.321403356933594
62.88156604766846,0.07620826962906538,0.016387442595061263,-0.0057289433462409285,-0.584185205078125,-0.277727392578125,10.309432348632813
62.90142822265625,0.0764747321102859,0.022249617181912446,-0.004263399699528133,-0.5626373901367188,-0.2753331909179687,10.290278735351562
62.92180109024048,0.07634150086967564,0.019052067407266345,-0.006528330789902454,-0.5530605834960938,-0.28730419921875,10.345345373535155
62.94128632545471,0.07287748861380902,0.019318529888486854,-0.004396630940138387,-0.5482721801757812,-0.24899697265624998,10.283096130371094
62.96177840232849,0.07127871372648598,0.014522205226517705,-0.0013323124061025418,-0.5578489868164063,-0.28012159423828126,10.338162768554687
62.981438398361206,0.07807350699760894,0.01705359879811253,-0.007993874436615249,-0.5698199951171875,-0.27293898925781246,10.304643945312499
63.00149989128113,0.07447626350113207,0.017852986241774057,-0.005062787143189658,-0.5578489868164063,-0.26336218261718747,10.309432348632813
63.021547079086304,0.07420980101991156,0.021583460978861175,-0.0029310872934255917,-0.5123591552734374,-0.28730419921875,10.304643945312499
63.04175162315369,0.0770076570727269,0.017986217482384312,-0.006128637068071691,-0.5410895751953124,-0.2825157958984375,10.287884533691406
63.06159496307373,0.07194486992953725,0.017852986241774057,-0.007194486992953725,-0.612915625,-0.28490999755859375,10.259154113769531
63.08193635940552,0.07434303226052183,0.017719755001163805,-0.0058621745868511835,-0.5722141967773438,-0.29448680419921874,10.311826550292968
63.10170912742615,0.06848085767367064,0.02131699849764067,-0.0074609494741742334,-0.5123591552734374,-0.24181436767578124,10.280701928710936
63.12210035324097,0.07447626350113207,0.02131699849764067,-0.0063950995492922,-0.565031591796875,-0.3016694091796875,10.304643945312499
63.14173865318298,0.0752756509447936,0.01572128639200999,-0.004929555902579405,-0.5913678100585937,-0.28012159423828126,10.309432348632813
63.16140127182007,0.0770076570727269,0.019984686091538122,-0.004529862180748642,-0.51714755859375,-0.2753331909179687,10.357316381835936
63.18144774436951,0.07993874436615249,0.02464777951289702,-0.005995405827461438,-0.5410895751953124,-0.29927520751953124,10.374075793457031
63.20243787765503,0.0770076570727269,0.016254211354451008,-0.0021316998497640663,-0.5434837768554687,-0.258573779296875,10.311826550292968
63.22161841392517,0.07714088831333717,0.016120980113840753,-0.0063950995492922,-0.5698199951171875,-0.28490999755859375,10.263942517089843
63.24200701713562,0.07847320071943971,0.020251148572758632,-0.006261868308681946,-0.55545478515625,-0.26815058593749996,10.28549033203125
63.261666774749756,0.071811638688927,0.018385911204215073,-0.004929555902579405,-0.5410895751953124,-0.28969840087890625,10.287884533691406
63.28160619735718,0.07514241970418334,0.016787136316892024,-0.005595712105630674,-0.5482721801757812,-0.25139117431640623,10.335768566894531
63.30148720741272,0.08007197560676275,0.017852986241774057,-0.006528330789902454,-0.5339069702148437,-0.2705447875976562,10.32379755859375
63.32152462005615,0.07594180714784488,0.023182235866184224,-0.005062787143189658,-0.55545478515625,-0.25139117431640623,10.326191760253906
63.3417534828186,0.07154517620770649,0.017719755001163805,-0.007194486992953725,-0.5722141967773438,-0.1580173095703125,10.359710583496094
63.36137652397156,0.07940581940371148,0.017586523760553547,-0.005995405827461438,-0.565031591796875,-0.28730419921875,10.256759912109374
63.38158345222473,0.0752756509447936,0.02118376725703041,-0.0030643185340358454,-0.5602431884765625,-0.2561795776367187,10.263942517089843
63.40151047706604,0.07940581940371148,0.016653905076281773,-0.0037304747370871167,-0.5458779785156249,-0.27293898925781246,10.290278735351562
63.42194700241089,0.07167840744831674,0.022382848422522698,-0.006128637068071691,-0.5530605834960938,-0.2753331909179687,10.292672937011718
63.44155240058899,0.07447626350113207,0.017186830038722786,-0.005462480865020421,-0.51714755859375,-0.277727392578125,10.251971508789062
63.4614417552948,0.0752756509447936,0.014788667707738212,-0.006528330789902454,-0.5698199951171875,-0.316034619140625,10.304643945312499
63.481468200683594,0.07820673823821919,0.015987748873230498,-0.006928024511733216,-0.5722141967773438,-0.2825157958984375,10.311826550292968
63.50212597846985,0.07594180714784488,0.015987748873230498,-0.006928024511733216,-0.5363011718749999,-0.2920926025390625,10.32379755859375
63.52162957191467,0.07554211342601411,0.01851914244482533,-0.0013323124061025418,-0.5722141967773438,-0.27293898925781246,10.369287390136718
63.54158353805542,0.07594180714784488,0.019984686091538122,-0.005329249624410167,-0.5051765502929687,-0.28012159423828126,10.414777221679687
63.56169104576111,0.07607503838845513,0.014122511504686942,-0.007860643196004996,-0.5315127685546874,-0.23702596435546874,10.333374365234375
63.581664085388184,0.0738101072980808,0.01851914244482533,-0.0058621745868511835,-0.5602431884765625,-0.2753331909179687,10.299855541992187
63.60146117210388,0.07594180714784488,0.020517611053979142,-0.006928024511733216,-0.5363011718749999,-0.28012159423828126,10.295067138671874
63.621577739715576,0.07780704451638844,0.021716692219471426,-0.007860643196004996,-0.5315127685546874,-0.2705447875976562,10.290278735351562
63.64167356491089,0.07607503838845513,0.016653905076281773,-0.005196018383799912,-0.5291185668945312,-0.22744915771484372,10.275913525390624
63.6615207195282,0.07687442583211665,0.01705359879811253,-0.006261868308681946,-0.5746083984375,-0.277727392578125,10.330980163574218
63.681748390197754,0.07460949474174233,0.01572128639200999,-0.005329249624410167,-0.5482721801757812,-0.27293898925781246,10.273519323730468
63.70149636268616,0.07327718233563979,0.01572128639200999,-0.005462480865020421,-0.5291185668945312,-0.28490999755859375,10.414777221679687
63.72167420387268,0.07687442583211665,0.022249617181912446,-0.0063950995492922,-0.565031591796875,-0.2609679809570312,10.292672937011718
63.74159479141235,0.0764747321102859,0.016120980113840753,-0.005995405827461438,-0.5770026000976562,-0.258573779296875,10.228029492187499
63.761433601379395,0.07407656977930133,0.01945176112909711,-0.004529862180748642,-0.5770026000976562,-0.277727392578125,10.32379755859375
63.7816104888916,0.07540888218540386,0.01532159267017923,-0.005995405827461438,-0.5602431884765625,-0.26336218261718747,10.304643945312499
63.80149745941162,0.07514241970418334,0.016653905076281773,-0.005595712105630674,-0.5817910034179687,-0.258573779296875,10.297461340332031
63.82159185409546,0.07447626350113207,0.020517611053979142,-0.008793261880276773,-0.5434837768554687,-0.2561795776367187,10.31661495361328
63.84155201911926,0.07114548248587572,0.017852986241774057,-0.008260336917835759,-0.5674257934570313,-0.2705447875976562,10.158597644042969
63.86136269569397,0.07487595722296284,0.015987748873230498,-0.004263399699528133,-0.5267243652343749,-0.26336218261718747,10.345345373535155
63.881407499313354,0.07394333853869106,0.017586523760553547,-0.004263399699528133,-0.5722141967773438,-0.28730419921875,10.304643945312499
63.901304960250854,0.08113782553164478,0.018785604926045835,-0.00479632466196915,-0.5434837768554687,-0.28730419921875,10.27830772705078
63.92158007621765,0.07554211342601411,0.014655436467127957,-0.005062787143189658,-0.5339069702148437,-0.29927520751953124,10.256759912109374
63.94203209877014,0.07114548248587572,0.018918836166656093,-0.0031975497746461,-0.5817910034179687,-0.258573779296875,10.414777221679687
63.96169853210449,0.07221133241075775,0.021849923460081685,-0.005995405827461438,-0.5698199951171875,-0.29448680419921874,10.309432348632813
63.98175859451294,0.07727411955394742,0.021583460978861175,-0.006794793271122962,-0.55545478515625,-0.2825157958984375,10.309432348632813
64.00168561935425,0.07394333853869106,0.012923430339194655,-0.0074609494741742334,-0.5458779785156249,-0.258573779296875,10.338162768554687
64.02183675765991,0.07301071985441929,0.017186830038722786,-0.005595712105630674,-0.5793968017578125,-0.2705447875976562,10.307038146972655
64.04177212715149,0.07780704451638844,0.021716692219471426,-0.0074609494741742334,-0.5315127685546874,-0.2705447875976562,10.330980163574218
64.06165552139282,0.07727411955394742,0.01945176112909711,-0.0035972434964768626,-0.55545478515625,-0.2657563842773437,10.292672937011718
64.08148384094238,0.07554211342601411,0.02145022973825092,-0.00866003063966652,-0.5339069702148437,-0.27293898925781246,10.295067138671874
64.1015419960022,0.07740735079455767,0.017852986241774057,-0.006794793271122962,-0.5913678100585937,-0.28730419921875,10.309432348632813
64.12165570259094,0.07860643196004995,0.019318529888486854,-0.0031975497746461,-0.6009446166992187,-0.26336218261718747,10.261548315429687
64.14184021949768,0.07487595722296284,0.018252679963604822,-0.005995405827461438,-0.5626373901367188,-0.29927520751953124,10.32379755859375
64.1615662574768,0.07327718233563979,0.018119448722994567,-0.007194486992953725,-0.5506663818359374,-0.4429273071289062,10.330980163574218
64.18148159980774,0.07860643196004995,0.01705359879811253,-0.0033307810152563544,-0.5746083984375,-0.28730419921875,10.342951171874999
64.2014172077179,0.07740735079455767,0.014522205226517705,-0.008793261880276773,-0.5626373901367188,-0.26336218261718747,10.311826550292968
64.22172212600708,0.07247779489197827,0.019318529888486854,-0.006128637068071691,-0.5506663818359374,-0.28490999755859375,10.319009155273436
64.24165844917297,0.07394333853869106,0.02105053601642016,-0.006261868308681946,-0.565031591796875,-0.28730419921875,10.345345373535155
64.26160955429077,0.0752756509447936,0.017453292519943295,-0.00479632466196915,-0.5793968017578125,-0.2442085693359375,10.357316381835936
64.28142762184143,0.07540888218540386,0.018119448722994567,-0.006794793271122962,-0.5291185668945312,-0.258573779296875,10.244788903808594
64.3015730381012,0.07154517620770649,0.01572128639200999,-0.005995405827461438,-0.5243301635742187,-0.2561795776367187,10.292672937011718
64.3217453956604,0.0752756509447936,0.020517611053979142,-0.009459418083328047,-0.5722141967773438,-0.277727392578125,10.321403356933594
64.34178352355957,0.07314395109502954,0.01732006127933304,-0.003863705977697371,-0.5674257934570313,-0.22505495605468748,10.287884533691406
64.36165237426758,0.07354364481686029,0.01212404289553313,-0.0033307810152563544,-0.5817910034179687,-0.2657563842773437,10.304643945312499
64.3817253112793,0.07567534466662437,0.022382848422522698,-0.0033307810152563544,-0.5458779785156249,-0.28969840087890625,10.290278735351562
64.40174221992493,0.07420980101991156,0.016520673835671518,-0.001732006127933304,-0.5746083984375,-0.26815058593749996,10.333374365234375
64.42169690132141,0.07087902000465522,0.020517611053979142,-0.0039969372183076245,-0.5458779785156249,-0.3064578125,10.280701928710936
64.44163799285889,0.07407656977930133,0.01692036755750228,-0.003863705977697371,-0.55545478515625,-0.2442085693359375,10.261548315429687
64.46128392219543,0.0764747321102859,0.013323124061025418,-0.004130168458917879,-0.565031591796875,-0.2657563842773437,10.307038146972655
64.48155331611633,0.07234456365136802,0.015188361429568975,-0.003464012255866608,-0.5698199951171875,-0.2537853759765625,10.345345373535155
64.50144839286804,0.07407656977930133,0.017186830038722786,-0.0031975497746461,-0.5434837768554687,-0.2609679809570312,10.32379755859375
64.52164244651794,0.07394333853869106,0.020251148572758632,-0.004929555902579405,-0.5434837768554687,-0.2705447875976562,10.311826550292968
64.54158329963684,0.07221133241075775,0.01958499236970736,-0.0029310872934255917,-0.5674257934570313,-0.2657563842773437,10.311826550292968
64.56141233444214,0.07114548248587572,0.01971822361031762,-0.006261868308681946,-0.584185205078125,-0.27293898925781246,10.271125122070313
64.58180356025696,0.07580857590723461,0.020251148572758632,-0.0006661562030512709,-0.5506663818359374,-0.2561795776367187,10.254365710449218
64.60169386863708,0.07420980101991156,0.02011791733214838,-0.009725880564548555,-0.55545478515625,-0.2442085693359375,10.417171423339843
64.62200546264648,0.07714088831333717,0.017186830038722786,-0.009059724361497283,-0.5674257934570313,-0.2825157958984375,10.290278735351562
64.6421287059784,0.0764747321102859,0.017186830038722786,-0.0057289433462409285,-0.5674257934570313,-0.2753331909179687,10.311826550292968
64.66135740280151,0.0770076570727269,0.01985145485092787,-0.006928024511733216,-0.55545478515625,-0.2753331909179687,10.283096130371094
64.68150591850281,0.07407656977930133,0.016520673835671518,-0.007727411955394742,-0.5530605834960938,-0.2705447875976562,10.32379755859375
64.70159220695496,0.07341041357625004,0.0191852986478766,-0.002264931090374321,-0.5793968017578125,-0.277727392578125,10.330980163574218
64.7217652797699,0.07687442583211665,0.021583460978861175,-0.006661562030512709,-0.5410895751953124,-0.2920926025390625,10.352527978515624
64.7416775226593,0.07514241970418334,0.014655436467127957,-0.008127105677225504,-0.5434837768554687,-0.28730419921875,10.39322940673828
64.7614266872406,0.0738101072980808,0.019052067407266345,-0.004529862180748642,-0.5817910034179687,-0.2561795776367187,10.299855541992187
64.7814576625824,0.07221133241075775,0.018918836166656093,-0.0018652373685435584,-0.5051765502929687,-0.27293898925781246,10.359710583496094
64.80159783363342,0.07434303226052183,0.017586523760553547,-0.009192955602107537,-0.5291185668945312,-0.28730419921875,10.302249743652343
64.82157969474792,0.07687442583211665,0.01438897398590745,-0.0033307810152563544,-0.5363011718749999,-0.26336218261718747,10.311826550292968
64.84165596961975,0.07940581940371148,0.01958499236970736,-0.007061255752343471,-0.5363011718749999,-0.2825157958984375,10.340556970214843
64.86140012741089,0.07580857590723461,0.017852986241774057,-0.007993874436615249,-0.5889736083984375,-0.316034619140625,10.342951171874999
64.88144159317017,0.07794027575699868,0.022915773384963714,-0.004663093421358896,-0.5506663818359374,-0.2537853759765625,10.333374365234375
64.90137982368469,0.0764747321102859,0.01705359879811253,-0.007727411955394742,-0.5530605834960938,-0.2657563842773437,10.31661495361328
64.92174363136292,0.07247779489197827,0.020917304775809907,-0.005995405827461438,-0.5195417602539062,-0.3016694091796875,10.31661495361328
64.94167280197144,0.07554211342601411,0.018652373685435583,-0.006661562030512709,-0.5865794067382812,-0.2537853759765625,10.295067138671874
64.96140193939209,0.07554211342601411,0.024514548272286763,-0.006128637068071691,-0.5578489868164063,-0.2920926025390625,10.275913525390624
64.9813871383667,0.07434303226052183,0.018652373685435583,-0.0030643185340358454,-0.5530605834960938,-0.28012159423828126,10.333374365234375
65.00142908096313,0.0750091884635731,0.016387442595061263,-0.00479632466196915,-0.5602431884765625,-0.2920926025390625,10.405200415039062
65.02155900001526,0.07460949474174233,0.02398162330984575,-0.005062787143189658,-0.5530605834960938,-0.258573779296875,10.374075793457031
65.04173231124878,0.06994640132038345,0.021849923460081685,-0.0063950995492922,-0.5458779785156249,-0.3016694091796875,10.319009155273436
65.06183886528015,0.07607503838845513,0.025180704475338038,-0.006794793271122962,-0.5123591552734374,-0.27293898925781246,10.27830772705078
65.08237791061401,0.07514241970418334,0.016120980113840753,-0.007194486992953725,-0.5698199951171875,-0.26336218261718747,10.275913525390624
65.10155415534973,0.07141194496709623,0.019318529888486854,-0.0019984686091538122,-0.5386953735351562,-0.24899697265624998,10.266336718749999
65.12166976928711,0.07594180714784488,0.020251148572758632,-0.008393568158446012,-0.5698199951171875,-0.29448680419921874,10.283096130371094
65.14161467552185,0.07247779489197827,0.018918836166656093,-0.007061255752343471,-0.55545478515625,-0.2346317626953125,10.350133776855468
65.16173148155212,0.07900612568188072,0.023448698347404734,-0.007860643196004996,-0.5746083984375,-0.277727392578125,10.280701928710936
65.18159937858582,0.06914701387672191,0.018918836166656093,-0.007061255752343471,-0.5410895751953124,-0.26336218261718747,10.287884533691406
65.20157051086426,0.07101225124526546,0.015987748873230498,-0.004663093421358896,-0.5482721801757812,-0.15562310791015624,10.297461340332031
65.22172045707703,0.07487595722296284,0.018119448722994567,-0.006528330789902454,-0.5913678100585937,-0.28012159423828126,10.378864196777343
65.24155473709106,0.07620826962906538,0.016520673835671518,-0.004529862180748642,-0.5410895751953124,-0.24660277099609373,10.117896215820313
65.26151967048645,0.07767381327577817,0.022249617181912446,-0.010125574286379316,-0.5482721801757812,-0.296881005859375,10.314220751953124
65.28143668174744,0.0688805513955014,0.014655436467127957,-0.005329249624410167,-0.5698199951171875,-0.277727392578125,10.122684619140625
65.3014178276062,0.07820673823821919,0.01851914244482533,-0.0029310872934255917,-0.5506663818359374,-0.28969840087890625,10.295067138671874
65.32184481620789,0.07554211342601411,0.019052067407266345,-0.004130168458917879,-0.5578489868164063,-0.2753331909179687,10.280701928710936
65.34173655509949,0.0764747321102859,0.015188361429568975,-0.0033307810152563544,-0.5410895751953124,-0.28969840087890625,10.326191760253906
65.36185073852539,0.07367687605747056,0.017186830038722786,-0.005329249624410167,-0.55545478515625,-0.26336218261718747,10.283096130371094
65.38160276412964,0.07407656977930133,0.013589586542245924,-0.008393568158446012,-0.5602431884765625,-0.24660277099609373,10.326191760253906
65.4015052318573,0.07154517620770649,0.02011791733214838,-0.008526799399056265,-0.5578489868164063,-0.277727392578125,10.319009155273436
65.42165493965149,0.07540888218540386,0.01985145485092787,-0.004663093421358896,-0.5482721801757812,-0.28490999755859375,10.290278735351562
65.44180202484131,0.07540888218540386,0.01572128639200999,-0.0058621745868511835,-0.5746083984375,-0.29448680419921874,10.335768566894531
65.46169400215149,0.07714088831333717,0.02438131703167651,-0.005462480865020421,-0.5243301635742187,-0.2657563842773437,10.307038146972655
65.48151087760925,0.07594180714784488,0.018385911204215073,-0.0014655436467127959,-0.5626373901367188,-0.2825157958984375,10.24000050048828
65.50165677070618,0.07754058203516792,0.01505513018895872,-0.0063950995492922,-0.5339069702148437,-0.26336218261718747,10.31661495361328
65.5216965675354,0.07434303226052183,0.017719755001163805,-0.00866003063966652,-0.5865794067382812,-0.2825157958984375,10.309432348632813
65.54170727729797,0.07567534466662437,0.012257274136143382,-0.003863705977697371,-0.5793968017578125,-0.30885201416015623,10.266336718749999
65.56156516075134,0.07420980101991156,0.019318529888486854,-0.003464012255866608,-0.5530605834960938,-0.296881005859375,10.330980163574218
65.58169078826904,0.07420980101991156,0.01985145485092787,-0.0058621745868511835,-0.5195417602539062,-0.2753331909179687,10.309432348632813
65.60182452201843,0.07607503838845513,0.01705359879811253,-0.004663093421358896,-0.5578489868164063,-0.2561795776367187,10.307038146972655
65.62174129486084,0.07607503838845513,0.017852986241774057,-0.0058621745868511835,-0.5770026000976562,-0.354341845703125,10.321403356933594
65.64193439483643,0.07714088831333717,0.01532159267017923,-0.007061255752343471,-0.59376201171875,-0.26815058593749996,10.302249743652343
65.66177797317505,0.0770076570727269,0.014655436467127957,-0.0058621745868511835,-0.5746083984375,-0.24181436767578124,10.407594616699217
65.68173909187317,0.07594180714784488,0.017986217482384312,-0.004663093421358896,-0.5315127685546874,-0.25139117431640623,10.304643945312499
65.70150709152222,0.07833996947882944,0.01732006127933304,-0.009326186842717792,-0.5793968017578125,-0.28730419921875,10.287884533691406
65.72178483009338,0.07221133241075775,0.01958499236970736,-0.005062787143189658,-0.5410895751953124,-0.3064578125,10.330980163574218
65.74192452430725,0.07247779489197827,0.014122511504686942,-0.009326186842717792,-0.584185205078125,-0.2753331909179687,10.307038146972655
65.7615818977356,0.07980551312554225,0.025180704475338038,-0.004263399699528133,-0.5410895751953124,-0.29448680419921874,10.347739575195313
65.78153920173645,0.07420980101991156,0.016254211354451008,-0.0037304747370871167,-0.5698199951171875,-0.2657563842773437,10.156203442382813
65.80143451690674,0.0720781011701475,0.020384379813368887,-0.0035972434964768626,-0.5147533569335937,-0.24899697265624998,10.31661495361328
65.82171988487244,0.07514241970418334,0.017719755001163805,-0.0039969372183076245,-0.5674257934570313,-0.229843359375,10.290278735351562
65.84177374839783,0.07714088831333717,0.018918836166656093,-0.006661562030512709,-0.5482721801757812,-0.24660277099609373,10.307038146972655
65.86146521568298,0.07327718233563979,0.02118376725703041,-0.004396630940138387,-0.5530605834960938,-0.2825157958984375,10.27830772705078
65.88176202774048,0.07833996947882944,0.017453292519943295,-0.010258805526989571,-0.5698199951171875,-0.2657563842773437,10.299855541992187
65.90197539329529,0.07514241970418334,0.018785604926045835,-0.0075941807147844875,-0.5530605834960938,-0.28730419921875,10.342951171874999
65.92182350158691,0.07514241970418334,0.016787136316892024,-0.006928024511733216,-0.59376201171875,-0.239420166015625,10.307038146972655
65.94213581085205,0.0738101072980808,0.021583460978861175,-0.005995405827461438,-0.5889736083984375,-0.2657563842773437,10.31661495361328
65.96157836914062,0.07420980101991156,0.02118376725703041,-0.0057289433462409285,-0.5698199951171875,-0.2753331909179687,10.287884533691406
65.98157572746277,0.07487595722296284,0.021983154700691936,-0.0039969372183076245,-0.5817910034179687,-0.28730419921875,10.333374365234375
66.00158166885376,0.07287748861380902,0.01945176112909711,-0.008127105677225504,-0.5410895751953124,-0.239420166015625,10.27830772705078
66.02166390419006,0.07540888218540386,0.019052067407266345,-0.006128637068071691,-0.5985504150390625,-0.28730419921875,10.328585961914062
66.04162287712097,0.07913935692249098,0.018385911204215073,-0.0014655436467127959,-0.5626373901367188,-0.29448680419921874,10.330980163574218
66.06139516830444,0.07194486992953725,0.018385911204215073,-0.004663093421358896,-0.603338818359375,-0.28012159423828126,10.31661495361328
66.08188557624817,0.07460949474174233,0.01372281778285618,-0.0035972434964768626,-0.5315127685546874,-0.239420166015625,10.244788903808594
66.10171103477478,0.0750091884635731,0.01572128639200999,-0.004396630940138387,-0.5698199951171875,-0.3016694091796875,10.304643945312499
66.12161540985107,0.07407656977930133,0.017852986241774057,-0.004263399699528133,-0.5817910034179687,-0.29448680419921874,10.271125122070313
66.14161610603333,0.07460949474174233,0.018119448722994567,-0.0057289433462409285,-0.5674257934570313,-0.26815058593749996,10.302249743652343
66.1614499092102,0.0767411945915064,0.020251148572758632,-0.0057289433462409285,-0.5746083984375,-0.2561795776367187,10.357316381835936
66.18139910697937,0.07594180714784488,0.019052067407266345,-0.0035972434964768626,-0.5386953735351562,-0.28969840087890625,10.374075793457031
66.20209884643555,0.07394333853869106,0.02531393571594829,-0.005196018383799912,-0.5793968017578125,-0.28490999755859375,10.309432348632813
66.22167444229126,0.07714088831333717,0.01851914244482533,-0.0074609494741742334,-0.5482721801757812,-0.26336218261718747,10.256759912109374
66.24207663536072,0.07634150086967564,0.018119448722994567,-0.005595712105630674,-0.5339069702148437,-0.16519991455078123,10.304643945312499
66.26156783103943,0.07554211342601411,0.021849923460081685,-0.0035972434964768626,-0.5722141967773438,-0.28490999755859375,10.374075793457031
66.28164792060852,0.07634150086967564,0.017453292519943295,-0.004263399699528133,-0.5674257934570313,-0.26336218261718747,10.326191760253906
66.30184054374695,0.07367687605747056,0.016520673835671518,-0.002531393571594829,-0.5386953735351562,-0.2753331909179687,10.244788903808594
66.32209992408752,0.07327718233563979,0.01692036755750228,-0.0058621745868511835,-0.5770026000976562,-0.26815058593749996,10.261548315429687
66.34176707267761,0.0747427259823526,0.020384379813368887,-0.006128637068071691,-0.5530605834960938,-0.2657563842773437,10.335768566894531
66.36128497123718,0.0770076570727269,0.020917304775809907,-0.005062787143189658,-0.5434837768554687,-0.277727392578125,10.319009155273436
66.38141059875488,0.07873966320066021,0.01945176112909711,-0.0029310872934255917,-0.5482721801757812,-0.3016694091796875,10.333374365234375
66.40168952941895,0.06954670759855268,0.016254211354451008,-0.006794793271122962,-0.55545478515625,-0.24899697265624998,10.275913525390624
66.42177367210388,0.07354364481686029,0.01971822361031762,-0.005595712105630674,-0.5698199951171875,-0.25139117431640623,10.314220751953124
66.44139337539673,0.07101225124526546,0.01851914244482533,-0.004130168458917879,-0.5506663818359374,-0.3136404174804687,10.273519323730468
66.461354970932,0.0752756509447936,0.017986217482384312,-0.004263399699528133,-0.5458779785156249,-0.277727392578125,10.311826550292968
66.48150324821472,0.07967228188493199,0.017719755001163805,-0.004663093421358896,-0.565031591796875,-0.2753331909179687,10.366893188476562
66.50156497955322,0.0720781011701475,0.01958499236970736,-0.003863705977697371,-0.5602431884765625,-0.277727392578125,10.330980163574218
66.52165651321411,0.07314395109502954,0.02011791733214838,-0.004130168458917879,-0.5386953735351562,-0.28490999755859375,10.273519323730468
66.54137706756592,0.07807350699760894,0.020251148572758632,-0.007727411955394742,-0.5315127685546874,-0.30406361083984373,10.256759912109374
66.56130695343018,0.07567534466662437,0.01572128639200999,-0.009992343045769061,-0.55545478515625,-0.28012159423828126,10.333374365234375
66.58176112174988,0.07434303226052183,0.018385911204215073,-0.0037304747370871167,-0.5626373901367188,-0.24660277099609373,10.292672937011718
66.60162806510925,0.07940581940371148,0.020517611053979142,-0.006128637068071691,-0.5770026000976562,-0.277727392578125,10.271125122070313
66.62168765068054,0.07540888218540386,0.015588055151399738,-0.002797856052815337,-0.5267243652343749,-0.28730419921875,10.297461340332031
66.64156746864319,0.07660796335089615,0.020517611053979142,-0.004929555902579405,-0.5506663818359374,-0.2825157958984375,10.319009155273436
66.66138863563538,0.07447626350113207,0.017186830038722786,-0.004929555902579405,-0.5147533569335937,-0.24899697265624998,10.283096130371094
66.68143367767334,0.07740735079455767,0.016653905076281773,-0.0063950995492922,-0.5722141967773438,-0.2657563842773437,10.330980163574218
66.70207738876343,0.07847320071943971,0.013856049023466432,-0.003464012255866608,-0.5506663818359374,-0.2825157958984375,10.297461340332031
66.72163558006287,0.07194486992953725,0.01851914244482533,-0.005196018383799912,-0.5099649536132812,-0.28490999755859375,10.292672937011718
66.74173164367676,0.0767411945915064,0.018252679963604822,-0.008926493120887028,-0.5243301635742187,-0.2825157958984375,10.302249743652343
66.76132893562317,0.07394333853869106,0.017986217482384312,-0.008393568158446012,-0.5770026000976562,-0.2561795776367187,10.340556970214843
66.78157019615173,0.07234456365136802,0.017586523760553547,-0.011324655451871604,-0.565031591796875,-0.27293898925781246,10.283096130371094
66.80166435241699,0.07354364481686029,0.013056661579804908,-0.0057289433462409285,-0.5674257934570313,-0.25139117431640623,10.223241088867187
66.82185411453247,0.07833996947882944,0.02011791733214838,-0.005329249624410167,-0.5817910034179687,-0.3064578125,10.364498986816406
66.84166049957275,0.07620826962906538,0.015454823910789483,-0.004263399699528133,-0.5506663818359374,-0.28490999755859375,10.287884533691406
66.86141085624695,0.07514241970418334,0.022649310903743208,-0.007194486992953725,-0.565031591796875,-0.28012159423828126,10.156203442382813
66.88138270378113,0.07833996947882944,0.01945176112909711,-0.005995405827461438,-0.565031591796875,-0.30885201416015623,10.330980163574218
66.90167927742004,0.07314395109502954,0.01985145485092787,-0.0013323124061025418,-0.5291185668945312,-0.24660277099609373,10.287884533691406
66.92179679870605,0.07034609504221419,0.018652373685435583,-0.007061255752343471,-0.5602431884765625,-0.2825157958984375,10.307038146972655
66.94151306152344,0.0738101072980808,0.019052067407266345,-0.006928024511733216,-0.55545478515625,-0.2537853759765625,10.31661495361328
66.96143555641174,0.07367687605747056,0.019318529888486854,-0.0075941807147844875,-0.5602431884765625,-0.2657563842773437,10.309432348632813
66.98177886009216,0.07727411955394742,0.014655436467127957,-0.003464012255866608,-0.5458779785156249,-0.28012159423828126,10.330980163574218
67.00182104110718,0.07514241970418334,0.017586523760553547,-0.005062787143189658,-0.5770026000976562,-0.29448680419921874,10.304643945312499
67.02169013023376,0.07420980101991156,0.01851914244482533,-0.0074609494741742334,-0.5434837768554687,-0.25139117431640623,10.27830772705078
67.04187512397766,0.07580857590723461,0.017986217482384312,-0.004130168458917879,-0.5578489868164063,-0.2825157958984375,10.311826550292968
67.06155228614807,0.07460949474174233,0.014522205226517705,-0.0037304747370871167,-0.5458779785156249,-0.24181436767578124,10.345345373535155
67.0823745727539,0.07620826962906538,0.020251148572758632,-0.007194486992953725,-0.5530605834960938,-0.25139117431640623,10.319009155273436
67.10174417495728,0.07460949474174233,0.017852986241774057,-0.006128637068071691,-0.5482721801757812,-0.27293898925781246,10.292672937011718
67.1218614578247,0.07820673823821919,0.01532159267017923,-0.005196018383799912,-0.5698199951171875,-0.27293898925781246,10.31661495361328
67.14199757575989,0.07194486992953725,0.02105053601642016,-0.006128637068071691,-0.5722141967773438,-0.28012159423828126,10.326191760253906
67.16155791282654,0.07194486992953725,0.02118376725703041,-0.004529862180748642,-0.5746083984375,-0.2442085693359375,10.314220751953124
67.18143725395203,0.0747427259823526,0.017986217482384312,-0.006128637068071691,-0.5339069702148437,-0.2753331909179687,10.283096130371094
67.20156455039978,0.07807350699760894,0.014522205226517705,-0.004130168458917879,-0.6009446166992187,-0.2609679809570312,10.314220751953124
67.22195196151733,0.0738101072980808,0.022382848422522698,-0.006261868308681946,-0.5602431884765625,-0.2920926025390625,10.364498986816406
67.24162030220032,0.07261102613258852,0.01958499236970736,-0.006128637068071691,-0.5578489868164063,-0.29448680419921874,10.345345373535155
67.26146483421326,0.07354364481686029,0.01572128639200999,-0.004929555902579405,-0.5674257934570313,-0.277727392578125,10.40041201171875
67.28116965293884,0.07514241970418334,0.017852986241774057,-0.004396630940138387,-0.59376201171875,-0.29448680419921874,10.266336718749999
67.30180478096008,0.07394333853869106,0.018385911204215073,-0.008526799399056265,-0.5219359619140624,-0.29448680419921874,10.28549033203125
67.32150602340698,0.07367687605747056,0.019318529888486854,-0.008260336917835759,-0.55545478515625,-0.24899697265624998,10.36210478515625
67.34187746047974,0.0752756509447936,0.01732006127933304,-0.005062787143189658,-0.5363011718749999,-0.24899697265624998,10.299855541992187
67.36143398284912,0.07554211342601411,0.02078407353519965,-0.005329249624410167,-0.5722141967773438,-0.3232172241210937,10.304643945312499
67.38155603408813,0.07727411955394742,0.01438897398590745,-0.006128637068071691,-0.51714755859375,-0.28490999755859375,10.335768566894531
67.4015793800354,0.07341041357625004,0.016520673835671518,-0.008260336917835759,-0.5578489868164063,-0.2537853759765625,10.405200415039062
67.4216296672821,0.0747427259823526,0.015188361429568975,-0.004663093421358896,-0.5363011718749999,-0.27293898925781246,10.237606298828124
67.4413571357727,0.0752756509447936,0.022249617181912446,-0.005329249624410167,-0.5386953735351562,-0.2561795776367187,10.297461340332031
67.46182823181152,0.07487595722296284,0.018119448722994567,-0.00479632466196915,-0.565031591796875,-0.2537853759765625,10.292672937011718
67.48179841041565,0.07127871372648598,0.017719755001163805,-0.000799387443661525,-0.5626373901367188,-0.24899697265624998,10.304643945312499
67.5013735294342,0.0764747321102859,0.01572128639200999,-0.0035972434964768626,-0.5961562133789062,-0.2609679809570312,10.345345373535155
67.52140688896179,0.07301071985441929,0.02118376725703041,-0.008127105677225504,-0.5889736083984375,-0.26336218261718747,10.309432348632813
67.54142355918884,0.07447626350113207,0.02118376725703041,-0.003863705977697371,-0.5506663818359374,-0.2537853759765625,10.31661495361328
67.5613751411438,0.07540888218540386,0.018385911204215073,-0.007061255752343471,-0.5817910034179687,-0.2609679809570312,10.328585961914062
67.5817973613739,0.07514241970418334,0.013856049023466432,-0.005595712105630674,-0.5961562133789062,-0.3064578125,10.32379755859375
67.60168504714966,0.07687442583211665,0.020384379813368887,-0.0019984686091538122,-0.5722141967773438,-0.26815058593749996,10.273519323730468
67.62169122695923,0.07740735079455767,0.017186830038722786,-0.006128637068071691,-0.565031591796875,-0.2920926025390625,10.333374365234375
67.64152979850769,0.07460949474174233,0.016387442595061263,-0.005462480865020421,-0.5817910034179687,-0.239420166015625,10.383652600097655
67.6614739894867,0.07833996947882944,0.026646248122050836,-0.0031975497746461,-0.5386953735351562,-0.28012159423828126,10.319009155273436
67.68136596679688,0.07287748861380902,0.013589586542245924,-0.006128637068071691,-0.5770026000976562,-0.277727392578125,10.314220751953124
67.70177054405212,0.07687442583211665,0.01985145485092787,-0.006794793271122962,-0.5746083984375,-0.2657563842773437,10.31661495361328
67.72188925743103,0.07434303226052183,0.018252679963604822,-0.005462480865020421,-0.5770026000976562,-0.229843359375,10.314220751953124
67.74143624305725,0.07687442583211665,0.01692036755750228,-0.0057289433462409285,-0.5578489868164063,-0.2442085693359375,10.330980163574218
67.7613296508789,0.0747427259823526,0.020917304775809907,-0.00159877488732305,-0.55545478515625,-0.30885201416015623,10.275913525390624
67.78153538703918,0.07540888218540386,0.01851914244482533,-0.008793261880276773,-0.5386953735351562,-0.316034619140625,10.374075793457031
67.80180788040161,0.07540888218540386,0.01971822361031762,-0.005995405827461438,-0.5363011718749999,-0.24899697265624998,10.345345373535155
67.82170486450195,0.07460949474174233,0.013589586542245924,-0.001732006127933304,-0.5363011718749999,-0.2657563842773437,10.340556970214843
67.84157872200012,0.07487595722296284,0.020517611053979142,-0.0073277182335639785,-0.5865794067382812,-0.24899697265624998,10.297461340332031
67.8613429069519,0.07634150086967564,0.02011791733214838,-0.006794793271122962,-0.565031591796875,-0.27293898925781246,10.299855541992187
67.88150024414062,0.07167840744831674,0.016120980113840753,-0.007727411955394742,-0.5386953735351562,-0.229843359375,10.345345373535155
67.90146088600159,0.07740735079455767,0.02131699849764067,-0.002531393571594829,-0.5291185668945312,-0.2609679809570312,10.342951171874999
67.92141461372375,0.07580857590723461,0.013989280264076687,-0.005062787143189658,-0.5578489868164063,-0.27293898925781246,10.319009155273436
67.94171404838562,0.07554211342601411,0.02011791733214838,-0.007993874436615249,-0.5817910034179687,-0.28730419921875,10.283096130371094
67.9615249633789,0.0767411945915064,0.017852986241774057,-0.0075941807147844875,-0.5482721801757812,-0.296881005859375,10.244788903808594
67.9816403388977,0.07074578876404496,0.01705359879811253,-0.007061255752343471,-0.5722141967773438,-0.277727392578125,10.330980163574218
68.00133991241455,0.07447626350113207,0.023848392069235495,-0.00479632466196915,-0.5578489868164063,-0.28012159423828126,10.283096130371094
68.02202248573303,0.0747427259823526,0.017586523760553547,-0.007194486992953725,-0.6081272216796875,-0.2537853759765625,10.273519323730468
68.041512966156,0.0738101072980808,0.022382848422522698,-0.00479632466196915,-0.6057330200195312,-0.29448680419921874,10.275913525390624
68.06195592880249,0.07007963256099368,0.018119448722994567,-0.004663093421358896,-0.5458779785156249,-0.28012159423828126,10.319009155273436
68.0824065208435,0.0764747321102859,0.02145022973825092,-0.005062787143189658,-0.5267243652343749,-0.2705447875976562,10.350133776855468
68.1016001701355,0.07514241970418334,0.01851914244482533,-0.0063950995492922,-0.5674257934570313,-0.3016694091796875,10.338162768554687
68.1224718093872,0.07514241970418334,0.019318529888486854,-0.0021316998497640663,-0.5770026000976562,-0.2561795776367187,10.275913525390624
68.14159154891968,0.07620826962906538,0.020251148572758632,-0.006794793271122962,-0.5506663818359374,-0.43574470214843747,10.287884533691406
68.16144323348999,0.07167840744831674,0.01732006127933304,-0.002531393571594829,-0.5315127685546874,-0.24660277099609373,10.347739575195313
68.1815595626831,0.0764747321102859,0.016787136316892024,-0.0033307810152563544,-0.5626373901367188,-0.28730419921875,10.326191760253906
68.20144486427307,0.0767411945915064,0.017586523760553547,-0.005595712105630674,-0.5458779785156249,-0.2825157958984375,10.357316381835936
68.2215929031372,0.07807350699760894,0.01851914244482533,-0.0029310872934255917,-0.5626373901367188,-0.2537853759765625,10.290278735351562
68.24211883544922,0.07407656977930133,0.017986217482384312,-0.0063950995492922,-0.5482721801757812,-0.33758243408203126,10.299855541992187
68.26145124435425,0.07980551312554225,0.016120980113840753,-0.004263399699528133,-0.5195417602539062,-0.25139117431640623,10.299855541992187
68.28146815299988,0.07607503838845513,0.02078407353519965,-0.0021316998497640663,-0.5578489868164063,-0.2825157958984375,10.328585961914062
68.30142760276794,0.07514241970418334,0.02691271060327134,-0.007993874436615249,-0.5530605834960938,-0.258573779296875,10.297461340332031
68.32153058052063,0.07287748861380902,0.013856049023466432,-0.0058621745868511835,-0.5195417602539062,-0.2561795776367187,10.330980163574218
68.34150218963623,0.07714088831333717,0.012656967857974145,-0.004263399699528133,-0.5674257934570313,-0.2825157958984375,10.366893188476562
68.36137843132019,0.07460949474174233,0.017453292519943295,-0.006128637068071691,-0.5482721801757812,-0.23702596435546874,10.275913525390624
68.38151407241821,0.07420980101991156,0.015854517632620246,-0.009059724361497283,-0.5674257934570313,-0.28490999755859375,10.271125122070313
68.40154647827148,0.07261102613258852,0.020251148572758632,-0.0031975497746461,-0.5434837768554687,-0.28730419921875,10.328585961914062
68.42150664329529,0.0738101072980808,0.01705359879811253,-0.005595712105630674,-0.5506663818359374,-0.2657563842773437,10.31661495361328
68.44143176078796,0.07634150086967564,0.016387442595061263,-0.007061255752343471,-0.55545478515625,-0.28490999755859375,10.36210478515625
68.46140050888062,0.07434303226052183,0.016787136316892024,-0.0075941807147844875,-0.5506663818359374,-0.29927520751953124,10.311826550292968
68.48170518875122,0.07887289444127048,0.015854517632620246,-0.005062787143189658,-0.59376201171875,-0.258573779296875,10.280701928710936
68.50151538848877,0.07447626350113207,0.01985145485092787,-0.004130168458917879,-0.603338818359375,-0.2442085693359375,10.330980163574218
68.521897315979,0.07514241970418334,0.017986217482384312,-0.006128637068071691,-0.5363011718749999,-0.2753331909179687,10.326191760253906
68.54152083396912,0.08153751925347555,0.021983154700691936,-0.004263399699528133,-0.5530605834960938,-0.27293898925781246,10.31661495361328
68.56141114234924,0.07687442583211665,0.016387442595061263,-0.006794793271122962,-0.5386953735351562,-0.2753331909179687,10.283096130371094
68.58141803741455,0.07394333853869106,0.022249617181912446,-0.004263399699528133,-0.5674257934570313,-0.2609679809570312,10.275913525390624
68.601482629776,0.07607503838845513,0.018918836166656093,-0.005995405827461438,-0.5674257934570313,-0.24899697265624998,10.280701928710936
68.62145662307739,0.07327718233563979,0.012523736617363892,-0.005462480865020421,-0.5434837768554687,-0.2753331909179687,10.35492218017578
68.64150214195251,0.07247779489197827,0.017852986241774057,-0.006928024511733216,-0.5386953735351562,-0.2825157958984375,10.299855541992187
68.66139912605286,0.07314395109502954,0.016387442595061263,-0.006794793271122962,-0.5243301635742187,-0.26336218261718747,10.340556970214843
68.681401014328,0.07354364481686029,0.016520673835671518,-0.005995405827461438,-0.5506663818359374,-0.258573779296875,10.376469995117187
68.70147442817688,0.07740735079455767,0.013856049023466432,-0.004263399699528133,-0.5578489868164063,-0.2537853759765625,10.254365710449218
68.72192621231079,0.07594180714784488,0.01705359879811253,-0.007860643196004996,-0.5482721801757812,-0.277727392578125,10.266336718749999
68.74209094047546,0.0720781011701475,0.016653905076281773,-0.006928024511733216,-0.5602431884765625,-0.27293898925781246,10.330980163574218
68.76174283027649,0.07394333853869106,0.017453292519943295,-0.0057289433462409285,-0.5770026000976562,-0.296881005859375,10.366893188476562
68.7817075252533,0.07514241970418334,0.018785604926045835,-0.0074609494741742334,-0.5434837768554687,-0.30406361083984373,10.295067138671874
68.8014178276062,0.07341041357625004,0.017852986241774057,-0.007194486992953725,-0.5386953735351562,-0.296881005859375,10.283096130371094
68.82156181335449,0.07514241970418334,0.017852986241774057,-0.0063950995492922,-0.5315127685546874,-0.27293898925781246,10.259154113769531
68.84179425239563,0.0747427259823526,0.02078407353519965,-0.0019984686091538122,-0.5363011718749999,-0.296881005859375,10.330980163574218
68.86149406433105,0.07447626350113207,0.020517611053979142,-0.0058621745868511835,-0.5793968017578125,-0.2442085693359375,10.271125122070313
68.88168334960938,0.07221133241075775,0.01958499236970736,-0.009326186842717792,-0.46208092041015625,-0.22505495605468748,10.283096130371094
68.90162682533264,0.07873966320066021,0.021849923460081685,-0.007727411955394742,-0.5482721801757812,-0.2537853759765625,10.345345373535155
68.9219262599945,0.07407656977930133,0.02105053601642016,-0.007993874436615249,-0.5793968017578125,-0.26336218261718747,10.302249743652343
68.94185161590576,0.07407656977930133,0.017719755001163805,-0.009992343045769061,-0.5219359619140624,-0.2705447875976562,10.328585961914062
68.96161317825317,0.07274425737319877,0.018652373685435583,-0.00479632466196915,-0.51714755859375,-0.28730419921875,10.259154113769531
68.9814670085907,0.07434303226052183,0.020517611053979142,-0.00866003063966652,-0.5578489868164063,-0.29448680419921874,10.357316381835936
69.001624584198,0.07327718233563979,0.01705359879811253,-0.004396630940138387,-0.5434837768554687,-0.2705447875976562,10.32379755859375
69.02162170410156,0.07141194496709623,0.015987748873230498,-0.004663093421358896,-0.5770026000976562,-0.296881005859375,10.330980163574218
69.04150128364563,0.07634150086967564,0.016787136316892024,-0.006928024511733216,-0.55545478515625,-0.15562310791015624,10.283096130371094
69.06147122383118,0.0770076570727269,0.016254211354451008,-0.006661562030512709,-0.5530605834960938,-0.1580173095703125,10.271125122070313
69.08219313621521,0.07327718233563979,0.01732006127933304,-0.005595712105630674,-0.5602431884765625,-0.28012159423828126,10.347739575195313
69.10140585899353,0.07420980101991156,0.017852986241774057,-0.005595712105630674,-0.5339069702148437,-0.316034619140625,10.333374365234375
69.12143445014954,0.07394333853869106,0.0191852986478766,-0.004929555902579405,-0.5889736083984375,-0.258573779296875,10.283096130371094
69.14153385162354,0.07767381327577817,0.022516079663132953,-0.00479632466196915,-0.5889736083984375,-0.277727392578125,10.287884533691406
69.16144752502441,0.07780704451638844,0.017852986241774057,-0.0009326186842717792,-0.5578489868164063,-0.277727392578125,10.307038146972655
69.18145251274109,0.07114548248587572,0.020650842294589397,-0.005062787143189658,-0.5626373901367188,-0.3064578125,10.345345373535155
69.2014377117157,0.0770076570727269,0.02078407353519965,-0.005329249624410167,-0.565031591796875,-0.3064578125,10.309432348632813
69.2218132019043,0.07620826962906538,0.012257274136143382,-0.005462480865020421,-0.5506663818359374,-0.28730419921875,10.271125122070313
69.24178647994995,0.0747427259823526,0.01945176112909711,-0.006528330789902454,-0.5961562133789062,-0.2753331909179687,10.290278735351562
69.26184225082397,0.07141194496709623,0.016787136316892024,-0.010791730489430587,-0.5602431884765625,-0.29448680419921874,10.290278735351562
69.28151392936707,0.07420980101991156,0.0191852986478766,-0.0063950995492922,-0.5530605834960938,-0.28969840087890625,10.263942517089843
69.30152320861816,0.07847320071943971,0.01971822361031762,-0.0018652373685435584,-0.5578489868164063,-0.258573779296875,10.319009155273436
69.3215103149414,0.07314395109502954,0.02398162330984575,-0.002797856052815337,-0.5027823486328125,-0.28490999755859375,10.280701928710936
69.34149169921875,0.07434303226052183,0.017986217482384312,-0.011058192970651094,-0.5674257934570313,-0.2705447875976562,10.345345373535155
69.36132526397705,0.07913935692249098,0.02145022973825092,-0.006928024511733216,-0.5434837768554687,-0.2753331909179687,10.297461340332031
69.38141703605652,0.07127871372648598,0.016520673835671518,-0.007061255752343471,-0.5363011718749999,-0.3016694091796875,10.340556970214843
69.40144467353821,0.0752756509447936,0.022649310903743208,-0.008393568158446012,-0.584185205078125,-0.28730419921875,10.261548315429687
69.42176866531372,0.07767381327577817,0.016254211354451008,-0.0075941807147844875,-0.5770026000976562,-0.22266075439453123,10.297461340332031
69.44189214706421,0.07047932628282445,0.014522205226517705,-0.007860643196004996,-0.5363011718749999,-0.258573779296875,10.299855541992187
69.46151280403137,0.06981317007977318,0.018918836166656093,-0.0035972434964768626,-0.5578489868164063,-0.30406361083984373,10.287884533691406
69.48144793510437,0.07514241970418334,0.02011791733214838,-0.0031975497746461,-0.59376201171875,-0.32082302246093747,10.335768566894531
69.50143456459045,0.07687442583211665,0.014522205226517705,-0.005595712105630674,-0.4860229370117187,-0.28730419921875,10.304643945312499
69.5213668346405,0.07341041357625004,0.022116385941302188,-0.00479632466196915,-0.5458779785156249,-0.2825157958984375,10.271125122070313
69.54147052764893,0.07900612568188072,0.01945176112909711,-0.005196018383799912,-0.5793968017578125,-0.29927520751953124,10.307038146972655
69.56137776374817,0.07580857590723461,0.016787136316892024,-0.006128637068071691,-0.5770026000976562,-0.25139117431640623,10.311826550292968
69.58151984214783,0.0752756509447936,0.01958499236970736,-0.006794793271122962,-0.55545478515625,-0.28969840087890625,10.194510668945313
69.60145592689514,0.07580857590723461,0.022915773384963714,-0.005329249624410167,-0.584185205078125,-0.2753331909179687,10.307038146972655
69.62148213386536,0.07061255752343472,0.020517611053979142,-0.004663093421358896,-0.565031591796875,-0.2705447875976562,10.326191760253906
69.64153599739075,0.0747427259823526,0.01705359879811253,-0.006928024511733216,-0.5913678100585937,-0.258573779296875,10.345345373535155
69.66142106056213,0.07634150086967564,0.0191852986478766,-0.008393568158446012,-0.5578489868164063,-0.2657563842773437,10.342951171874999
69.68140935897827,0.07287748861380902,0.017719755001163805,-0.007860643196004996,-0.5219359619140624,-0.27293898925781246,10.273519323730468
69.7013840675354,0.07660796335089615,0.01438897398590745,-0.006528330789902454,-0.5267243652343749,-0.26336218261718747,10.273519323730468
69.72145891189575,0.0767411945915064,0.01572128639200999,-0.005995405827461438,-0.612915625,-0.24181436767578124,10.280701928710936
69.74152827262878,0.0752756509447936,0.012257274136143382,-0.006128637068071691,-0.5865794067382812,-0.24181436767578124,10.28549033203125
69.76131772994995,0.0747427259823526,0.02118376725703041,-0.005062787143189658,-0.5530605834960938,-0.2657563842773437,10.309432348632813
69.7813150882721,0.07434303226052183,0.015588055151399738,-0.003464012255866608,-0.5722141967773438,-0.28730419921875,10.347739575195313
69.8014452457428,0.07487595722296284,0.020251148572758632,-0.004396630940138387,-0.5386953735351562,-0.2825157958984375,10.28549033203125
69.82161402702332,0.07860643196004995,0.022116385941302188,-0.0074609494741742334,-0.51714755859375,-0.2825157958984375,10.330980163574218
69.84167218208313,0.07567534466662437,0.018785604926045835,-0.0029310872934255917,-0.5889736083984375,-0.3232172241210937,10.287884533691406
69.86135721206665,0.07580857590723461,0.017852986241774057,-0.003863705977697371,-0.5458779785156249,-0.2657563842773437,10.256759912109374
69.88137364387512,0.07873966320066021,0.017852986241774057,-0.0063950995492922,-0.5458779785156249,-0.32082302246093747,10.297461340332031
69.90145063400269,0.07341041357625004,0.018652373685435583,-0.0035972434964768626,-0.5530605834960938,-0.28730419921875,10.283096130371094
69.92154860496521,0.0750091884635731,0.02105053601642016,-0.007860643196004996,-0.5363011718749999,-0.2657563842773437,10.319009155273436
69.94151449203491,0.07567534466662437,0.018652373685435583,-0.006528330789902454,-0.5961562133789062,-0.45489831542968745,10.307038146972655
69.96148371696472,0.0747427259823526,0.022782542144353463,-0.005462480865020421,-0.5746083984375,-0.277727392578125,10.24718310546875
69.98149538040161,0.07327718233563979,0.017719755001163805,-0.0057289433462409285,-0.5506663818359374,-0.26815058593749996,10.32379755859375
70.00165319442749,0.07407656977930133,0.016520673835671518,-0.0031975497746461,-0.55545478515625,-0.296881005859375,10.266336718749999
70.02170896530151,0.07833996947882944,0.01345635530163567,-0.006128637068071691,-0.5913678100585937,-0.277727392578125,10.412383020019531
70.0416054725647,0.08180398173469605,0.01705359879811253,-0.004663093421358896,-0.5482721801757812,-0.25139117431640623,10.311826550292968
70.06149172782898,0.08220367545652682,0.01532159267017923,-0.0035972434964768626,-0.584185205078125,-0.28490999755859375,10.302249743652343
70.08230519294739,0.07554211342601411,0.02011791733214838,-0.0031975497746461,-0.5506663818359374,-0.26815058593749996,10.283096130371094
70.10145092010498,0.0814042880128653,0.018652373685435583,-0.006928024511733216,-0.5578489868164063,-0.277727392578125,10.295067138671874
70.1216778755188,0.07860643196004995,0.015188361429568975,-0.004663093421358896,-0.4740519287109375,-0.2753331909179687,10.304643945312499
70.14147758483887,0.07514241970418334,0.01971822361031762,-0.004396630940138387,-0.55545478515625,-0.3136404174804687,10.330980163574218
70.16160154342651,0.07620826962906538,0.022915773384963714,-0.0073277182335639785,-0.48123453369140623,-0.28012159423828126,10.304643945312499
70.18153691291809,0.07447626350113207,0.01945176112909711,-0.004929555902579405,-0.5506663818359374,-0.2705447875976562,10.31661495361328
70.2014422416687,0.08073813180981403,0.014655436467127957,-0.008393568158446012,-0.5602431884765625,-0.28490999755859375,10.314220751953124
70.22148537635803,0.07261102613258852,0.015588055151399738,-0.0031975497746461,-0.565031591796875,-0.24181436767578124,10.326191760253906
70.24167847633362,0.07740735079455767,0.01692036755750228,-0.004263399699528133,-0.5482721801757812,-0.258573779296875,10.271125122070313
70.26159620285034,0.07833996947882944,0.016120980113840753,-0.006661562030512709,-0.565031591796875,-0.316034619140625,10.32379755859375
70.28172039985657,0.07687442583211665,0.018785604926045835,-0.003464012255866608,-0.5458779785156249,-0.2657563842773437,10.295067138671874
70.30172753334045,0.07927258816310122,0.01705359879811253,-0.006261868308681946,-0.55545478515625,-0.33758243408203126,10.36210478515625
70.32162880897522,0.07127871372648598,0.014522205226517705,-0.005995405827461438,-0.5506663818359374,-0.26336218261718747,10.335768566894531
70.34191727638245,0.07727411955394742,0.014522205226517705,-0.008926493120887028,-0.5674257934570313,-0.2825157958984375,10.263942517089843
70.36195755004883,0.07420980101991156,0.01532159267017923,-0.006794793271122962,-0.5339069702148437,-0.30406361083984373,10.28549033203125
70.38166189193726,0.07687442583211665,0.017186830038722786,-0.004929555902579405,-0.55545478515625,-0.2705447875976562,10.259154113769531
70.40173149108887,0.0747427259823526,0.016653905076281773,-0.006928024511733216,-0.5602431884765625,-0.25139117431640623,10.263942517089843
70.42194294929504,0.0752756509447936,0.018652373685435583,-0.0073277182335639785,-0.5410895751953124,-0.2442085693359375,10.295067138671874
70.44149780273438,0.06994640132038345,0.01971822361031762,-0.004929555902579405,-0.5698199951171875,-0.28730419921875,10.297461340332031
70.46175837516785,0.07301071985441929,0.01971822361031762,-0.00866003063966652,-0.59376201171875,-0.296881005859375,10.330980163574218
70.48190379142761,0.07221133241075775,0.015588055151399738,-0.005595712105630674,-0.5506663818359374,-0.2537853759765625,10.302249743652343
70.50147700309753,0.07341041357625004,0.01971822361031762,-0.006661562030512709,-0.5865794067382812,-0.32082302246093747,10.283096130371094
70.52151322364807,0.07460949474174233,0.02105053601642016,-0.008260336917835759,-0.55545478515625,-0.3016694091796875,10.307038146972655
70.54152178764343,0.07580857590723461,0.02584686067838931,-0.011591117933092112,-0.5698199951171875,-0.28969840087890625,10.273519323730468
70.5614652633667,0.07407656977930133,0.017986217482384312,-0.004263399699528133,-0.5410895751953124,-0.2920926025390625,10.326191760253906
70.58178305625916,0.07634150086967564,0.020517611053979142,-0.005462480865020421,-0.5722141967773438,-0.2753331909179687,10.345345373535155
70.60163021087646,0.0738101072980808,0.01971822361031762,-0.004396630940138387,-0.5817910034179687,-0.2609679809570312,10.232817895507813
70.62181639671326,0.07540888218540386,0.024514548272286763,-0.004663093421358896,-0.5578489868164063,-0.2609679809570312,10.27830772705078
70.6415421962738,0.07594180714784488,0.019052067407266345,-0.0039969372183076245,-0.5889736083984375,-0.27293898925781246,10.280701928710936
70.66163039207458,0.07554211342601411,0.015454823910789483,-0.006928024511733216,-0.6248866333007812,-0.2657563842773437,10.254365710449218
70.68197321891785,0.07567534466662437,0.018918836166656093,-0.0073277182335639785,-0.5482721801757812,-0.24181436767578124,10.35492218017578
70.70174932479858,0.07434303226052183,0.018252679963604822,-0.005995405827461438,-0.5913678100585937,-0.2753331909179687,10.283096130371094
70.72197914123535,0.07341041357625004,0.020650842294589397,-0.005062787143189658,-0.5458779785156249,-0.2537853759765625,10.314220751953124
70.74150228500366,0.08007197560676275,0.017586523760553547,-0.0063950995492922,-0.5434837768554687,-0.258573779296875,10.254365710449218
70.76144051551819,0.07434303226052183,0.02011791733214838,-0.005462480865020421,-0.5865794067382812,-0.4333505004882812,10.307038146972655
70.7819652557373,0.07780704451638844,0.02438131703167651,-0.0039969372183076245,-0.5363011718749999,-0.24181436767578124,10.187328063964843
70.80149435997009,0.07807350699760894,0.017453292519943295,-0.005062787143189658,-0.5674257934570313,-0.26815058593749996,10.388441003417968
70.8217134475708,0.071811638688927,0.01372281778285618,-0.005595712105630674,-0.5506663818359374,-0.2346317626953125,10.304643945312499
70.84143018722534,0.07327718233563979,0.01505513018895872,-0.005462480865020421,-0.55545478515625,-0.27293898925781246,10.27830772705078
70.86163234710693,0.07567534466662437,0.015588055151399738,-0.004396630940138387,-0.6009446166992187,-0.296881005859375,10.24000050048828
70.88168811798096,0.0752756509447936,0.012257274136143382,-0.0019984686091538122,-0.5817910034179687,-0.2561795776367187,10.273519323730468
70.90155053138733,0.07714088831333717,0.020917304775809907,-0.004663093421358896,-0.5482721801757812,-0.2825157958984375,10.283096130371094
70.92168307304382,0.07420980101991156,0.016520673835671518,-0.005995405827461438,-0.5770026000976562,-0.2442085693359375,10.302249743652343
70.94150114059448,0.07567534466662437,0.01572128639200999,-0.0075941807147844875,-0.6057330200195312,-0.2609679809570312,10.314220751953124
70.96137285232544,0.07927258816310122,0.018252679963604822,-0.002531393571594829,-0.5602431884765625,-0.296881005859375,10.335768566894531
70.98152375221252,0.07327718233563979,0.017586523760553547,-0.0021316998497640663,-0.5434837768554687,-0.2705447875976562,10.266336718749999
71.00179600715637,0.07274425737319877,0.0127901990985844,-0.0073277182335639785,-0.5746083984375,-0.28012159423828126,10.347739575195313
71.02168440818787,0.07460949474174233,0.023049004625573973,-0.0058621745868511835,-0.5458779785156249,-0.2346317626953125,10.342951171874999
71.04151940345764,0.07127871372648598,0.020384379813368887,-0.0037304747370871167,-0.5530605834960938,-0.277727392578125,10.340556970214843
71.06181836128235,0.07394333853869106,0.01851914244482533,-0.006528330789902454,-0.5267243652343749,-0.2442085693359375,10.405200415039062
71.08264493942261,0.07767381327577817,0.01985145485092787,-0.002797856052815337,-0.55545478515625,-0.30406361083984373,10.275913525390624
71.10134768486023,0.0764747321102859,0.01985145485092787,-0.009459418083328047,-0.565031591796875,-0.2442085693359375,10.307038146972655
71.12168025970459,0.07261102613258852,0.017186830038722786,-0.007727411955394742,-0.5506663818359374,-0.2609679809570312,10.311826550292968
71.14159917831421,0.07434303226052183,0.023315467106794475,-0.005062787143189658,-0.5722141967773438,-0.2609679809570312,10.328585961914062
71.16174101829529,0.0747427259823526,0.013189892820415163,-0.006794793271122962,-0.5865794067382812,-0.28730419921875,10.36210478515625
71.1815938949585,0.07900612568188072,0.018918836166656093,-0.0075941807147844875,-0.5602431884765625,-0.28012159423828126,10.31661495361328
71.20162653923035,0.07660796335089615,0.02145022973825092,-0.003464012255866608,-0.5363011718749999,-0.23702596435546874,10.295067138671874
71.22158694267273,0.07554211342601411,0.01851914244482533,-0.005995405827461438,-0.5722141967773438,-0.23223756103515625,10.31661495361328
71.24157905578613,0.0738101072980808,0.020917304775809907,-0.008793261880276773,-0.5410895751953124,-0.2442085693359375,10.302249743652343
71.26136207580566,0.07807350699760894,0.01851914244482533,-0.005062787143189658,-0.5746083984375,-0.23223756103515625,10.266336718749999
71.28177523612976,0.07727411955394742,0.018918836166656093,-0.006128637068071691,-0.5267243652343749,-0.2753331909179687,10.287884533691406
71.30163073539734,0.07620826962906538,0.02131699849764067,-0.004396630940138387,-0.55545478515625,-0.277727392578125,10.304643945312499
71.32157063484192,0.07327718233563979,0.01692036755750228,-0.000799387443661525,-0.59376201171875,-0.2537853759765625,10.225635290527343
71.34168314933777,0.0764747321102859,0.017186830038722786,-0.003863705977697371,-0.5698199951171875,-0.26815058593749996,10.31661495361328
71.36167645454407,0.07620826962906538,0.022382848422522698,-0.005595712105630674,-0.565031591796875,-0.2657563842773437,10.328585961914062
71.38165616989136,0.07221133241075775,0.017719755001163805,-0.007993874436615249,-0.5506663818359374,-0.28730419921875,10.321403356933594
71.40147280693054,0.07407656977930133,0.015454823910789483,-0.008526799399056265,-0.5482721801757812,-0.277727392578125,10.328585961914062
71.4215919971466,0.07820673823821919,0.025180704475338038,-0.002797856052815337,-0.5506663818359374,-0.28730419921875,10.340556970214843
71.44153070449829,0.07620826962906538,0.016787136316892024,-0.0031975497746461,-0.5722141967773438,-0.2609679809570312,10.357316381835936
71.46181607246399,0.07820673823821919,0.015454823910789483,-0.006661562030512709,-0.565031591796875,-0.30406361083984373,10.319009155273436
71.4820282459259,0.07860643196004995,0.018652373685435583,-0.008127105677225504,-0.5722141967773438,-0.2609679809570312,10.350133776855468
71.50164198875427,0.07833996947882944,0.01372281778285618,-0.006128637068071691,-0.5243301635742187,-0.28490999755859375,10.328585961914062
71.5214786529541,0.07167840744831674,0.02105053601642016,-0.007860643196004996,-0.5770026000976562,-0.27293898925781246,10.232817895507813
71.54154753684998,0.07447626350113207,0.012523736617363892,-0.004396630940138387,-0.5698199951171875,-0.3016694091796875,10.333374365234375
71.56154298782349,0.07287748861380902,0.01438897398590745,-0.005062787143189658,-0.5315127685546874,-0.22744915771484372,10.350133776855468
71.58143544197083,0.0770076570727269,0.02118376725703041,-0.0031975497746461,-0.565031591796875,-0.2561795776367187,10.299855541992187
71.60157299041748,0.07407656977930133,0.015454823910789483,-0.000799387443661525,-0.5339069702148437,-0.3016694091796875,10.371681591796875
71.6217839717865,0.07780704451638844,0.014921898948348467,-0.0029310872934255917,-0.5674257934570313,-0.2609679809570312,10.287884533691406
71.64181971549988,0.07460949474174233,0.017852986241774057,-0.0058621745868511835,-0.5339069702148437,-0.296881005859375,10.297461340332031
71.66195678710938,0.07594180714784488,0.019318529888486854,-0.008260336917835759,-0.5746083984375,-0.45010991210937495,10.319009155273436
71.68154501914978,0.07620826962906538,0.01851914244482533,-0.004130168458917879,-0.5793968017578125,-0.3016694091796875,10.357316381835936
71.70155429840088,0.0747427259823526,0.019318529888486854,-0.005462480865020421,-0.5506663818359374,-0.2825157958984375,10.330980163574218
71.72164678573608,0.07101225124526546,0.020650842294589397,-0.004663093421358896,-0.5674257934570313,-0.30406361083984373,10.297461340332031
71.74205613136292,0.07287748861380902,0.015188361429568975,-0.004663093421358896,-0.5530605834960938,-0.23702596435546874,10.311826550292968
71.76183676719666,0.07634150086967564,0.018385911204215073,-0.006661562030512709,-0.5578489868164063,-0.28012159423828126,10.31661495361328
71.78153562545776,0.07594180714784488,0.016254211354451008,-0.004396630940138387,-0.55545478515625,-0.3064578125,10.292672937011718
71.80134344100952,0.07314395109502954,0.01532159267017923,-0.007993874436615249,-0.565031591796875,-0.277727392578125,10.311826550292968
71.82144904136658,0.07234456365136802,0.023182235866184224,-0.006128637068071691,-0.5482721801757812,-0.28969840087890625,10.330980163574218
71.84141421318054,0.07833996947882944,0.016254211354451008,-0.0058621745868511835,-0.5434837768554687,-0.24660277099609373,10.412383020019531
71.86137318611145,0.07514241970418334,0.02078407353519965,-0.005329249624410167,-0.5626373901367188,-0.2825157958984375,10.319009155273436
71.88150763511658,0.07860643196004995,0.01705359879811253,-0.0039969372183076245,-0.5626373901367188,-0.2561795776367187,10.326191760253906
71.90162348747253,0.0747427259823526,0.021583460978861175,-0.004263399699528133,-0.5746083984375,-0.2705447875976562,10.259154113769531
71.9220278263092,0.0738101072980808,0.017719755001163805,-0.008260336917835759,-0.5506663818359374,-0.27293898925781246,10.311826550292968
71.94178366661072,0.07514241970418334,0.02118376725703041,-0.008393568158446012,-0.5722141967773438,-0.2920926025390625,10.235212097167969
71.96177434921265,0.07514241970418334,0.018119448722994567,-0.005196018383799912,-0.5410895751953124,-0.28730419921875,10.292672937011718
71.98169708251953,0.0770076570727269,0.014921898948348467,-0.00479632466196915,-0.5961562133789062,-0.28490999755859375,10.338162768554687
72.00188255310059,0.07434303226052183,0.018119448722994567,-0.0039969372183076245,-0.55545478515625,-0.2657563842773437,10.297461340332031
72.02170419692993,0.07314395109502954,0.021983154700691936,-0.0058621745868511835,-0.5746083984375,-0.2753331909179687,10.304643945312499
72.04189825057983,0.0770076570727269,0.022915773384963714,-0.005062787143189658,-0.5722141967773438,-0.2920926025390625,10.27830772705078
72.0617094039917,0.07594180714784488,0.014522205226517705,-0.0039969372183076245,-0.5602431884765625,-0.2753331909179687,10.374075793457031
72.08177065849304,0.07860643196004995,0.018918836166656093,-0.007061255752343471,-0.6057330200195312,-0.30885201416015623,10.311826550292968
72.10177421569824,0.07714088831333717,0.016787136316892024,-0.007061255752343471,-0.5698199951171875,-0.25139117431640623,10.35492218017578
72.12181687355042,0.07420980101991156,0.01945176112909711,-0.009059724361497283,-0.5578489868164063,-0.28012159423828126,10.275913525390624
72.14166212081909,0.07327718233563979,0.017852986241774057,-0.009725880564548555,-0.5698199951171875,-0.28730419921875,10.302249743652343
72.16147589683533,0.07727411955394742,0.015854517632620246,-0.008793261880276773,-0.5626373901367188,-0.2753331909179687,10.280701928710936
72.18171739578247,0.07993874436615249,0.01958499236970736,-0.0063950995492922,-0.5578489868164063,-0.3016694091796875,10.364498986816406
72.20147466659546,0.07727411955394742,0.016520673835671518,-0.0074609494741742334,-0.5602431884765625,-0.28969840087890625,10.307038146972655
72.22154235839844,0.07873966320066021,0.020251148572758632,-0.005462480865020421,-0.5482721801757812,-0.26336218261718747,10.366893188476562
72.24177098274231,0.07767381327577817,0.021583460978861175,-0.0057289433462409285,-0.5530605834960938,-0.28490999755859375,10.259154113769531
72.26150488853455,0.0752756509447936,0.019984686091538122,-0.005196018383799912,-0.565031591796875,-0.258573779296875,10.333374365234375
72.2815523147583,0.07607503838845513,0.015454823910789483,-0.006528330789902454,-0.5674257934570313,-0.2920926025390625,10.352527978515624
72.30143451690674,0.0752756509447936,0.023182235866184224,-0.0039969372183076245,-0.5674257934570313,-0.3064578125,10.283096130371094
72.32193970680237,0.07314395109502954,0.01732006127933304,-0.009059724361497283,-0.5602431884765625,-0.24899697265624998,10.330980163574218
72.34198474884033,0.07740735079455767,0.02011791733214838,-0.005462480865020421,-0.51714755859375,-0.3016694091796875,10.402806213378906
72.3615550994873,0.07540888218540386,0.016520673835671518,-0.004663093421358896,-0.5482721801757812,-0.239420166015625,10.357316381835936
72.38168001174927,0.07620826962906538,0.02011791733214838,-0.005196018383799912,-0.55545478515625,-0.28490999755859375,10.292672937011718
72.40154671669006,0.07567534466662437,0.018652373685435583,-0.006928024511733216,-0.565031591796875,-0.23702596435546874,10.297461340332031
72.42158627510071,0.07301071985441929,0.01732006127933304,-0.005329249624410167,-0.5363011718749999,-0.2657563842773437,10.352527978515624
72.44162917137146,0.07341041357625004,0.019318529888486854,-0.004130168458917879,-0.5722141967773438,-0.28730419921875,10.299855541992187
72.46148824691772,0.07594180714784488,0.020917304775809907,-0.007061255752343471,-0.584185205078125,-0.28490999755859375,10.280701928710936
72.48175859451294,0.07514241970418334,0.013989280264076687,-0.006794793271122962,-0.5578489868164063,-0.3184288208007812,10.35492218017578
72.5017683506012,0.07514241970418334,0.023049004625573973,-0.010924961730040842,-0.603338818359375,-0.2705447875976562,10.36210478515625
72.52158522605896,0.07447626350113207,0.018918836166656093,-0.005462480865020421,-0.5674257934570313,-0.258573779296875,10.340556970214843
72.54156231880188,0.071811638688927,0.018385911204215073,-0.006261868308681946,-0.5626373901367188,-0.29927520751953124,10.31661495361328
72.56137156486511,0.0752756509447936,0.017586523760553547,-0.0058621745868511835,-0.5626373901367188,-0.29448680419921874,10.321403356933594
72.58161687850952,0.07394333853869106,0.01732006127933304,-0.006261868308681946,-0.5626373901367188,-0.277727392578125,10.340556970214843
72.60152316093445,0.07487595722296284,0.016120980113840753,-0.004396630940138387,-0.5458779785156249,-0.28490999755859375,10.297461340332031
72.6220965385437,0.07487595722296284,0.019052067407266345,-0.0063950995492922,-0.5506663818359374,-0.27293898925781246,10.350133776855468
72.64177799224854,0.07420980101991156,0.01851914244482533,-0.004929555902579405,-0.584185205078125,-0.27293898925781246,10.32379755859375
72.66144895553589,0.07274425737319877,0.020517611053979142,-0.003464012255866608,-0.5434837768554687,-0.2609679809570312,10.321403356933594
72.6816177368164,0.07820673823821919,0.023581929588014985,-0.00866003063966652,-0.5722141967773438,-0.2609679809570312,10.287884533691406
72.7017228603363,0.07754058203516792,0.019052067407266345,-0.006928024511733216,-0.5889736083984375,-0.3136404174804687,10.311826550292968
72.7218451499939,0.07447626350113207,0.01971822361031762,-0.005329249624410167,-0.5889736083984375,-0.277727392578125,10.311826550292968
72.74187111854553,0.07580857590723461,0.02131699849764067,-0.0035972434964768626,-0.5482721801757812,-0.29927520751953124,10.311826550292968
72.76202535629272,0.07794027575699868,0.019318529888486854,-0.0013323124061025418,-0.7302315063476562,-0.258573779296875,10.295067138671874
72.78150987625122,0.07847320071943971,0.014522205226517705,-0.004130168458917879,-0.5746083984375,-0.26336218261718747,10.357316381835936
72.80183839797974,0.07247779489197827,0.01692036755750228,-0.00866003063966652,-0.55545478515625,-0.24181436767578124,10.31661495361328
72.8214955329895,0.07407656977930133,0.017852986241774057,-0.006528330789902454,-0.5985504150390625,-0.27293898925781246,10.326191760253906
72.84158778190613,0.07367687605747056,0.01958499236970736,-0.00479632466196915,-0.5602431884765625,-0.2657563842773437,10.311826550292968
72.86182522773743,0.07940581940371148,0.01372281778285618,-0.004663093421358896,-0.5865794067382812,-0.30406361083984373,10.309432348632813
72.88130593299866,0.07913935692249098,0.020517611053979142,-0.0039969372183076245,-0.5339069702148437,-0.28969840087890625,10.225635290527343
72.90146350860596,0.07807350699760894,0.018785604926045835,-0.005062787143189658,-0.5722141967773438,-0.2920926025390625,10.307038146972655
72.9215292930603,0.07807350699760894,0.01985145485092787,-0.0074609494741742334,-0.5602431884765625,-0.26336218261718747,10.304643945312499
72.94162917137146,0.07141194496709623,0.01692036755750228,-0.0030643185340358454,-0.5913678100585937,-0.26815058593749996,10.271125122070313
72.9616026878357,0.07394333853869106,0.016653905076281773,-0.004529862180748642,-0.5386953735351562,-0.2825157958984375,10.32379755859375
72.98158264160156,0.07061255752343472,0.025180704475338038,-0.004529862180748642,-0.5674257934570313,-0.2537853759765625,10.342951171874999
73.00180244445801,0.07607503838845513,0.01958499236970736,-0.004663093421358896,-0.5458779785156249,-0.26336218261718747,10.280701928710936
73.02192211151123,0.07754058203516792,0.017852986241774057,-0.006261868308681946,-0.5434837768554687,-0.30406361083984373,10.290278735351562
73.04144024848938,0.07354364481686029,0.014655436467127957,-0.0075941807147844875,-0.5506663818359374,-0.28012159423828126,10.319009155273436
73.06177091598511,0.07407656977930133,0.015854517632620246,-0.004263399699528133,-0.5458779785156249,-0.28730419921875,10.321403356933594
73.08202505111694,0.07580857590723461,0.017719755001163805,-0.004130168458917879,-0.5746083984375,-0.28969840087890625,10.338162768554687
73.10191297531128,0.07407656977930133,0.020917304775809907,-0.005995405827461438,-0.5698199951171875,-0.24899697265624998,10.287884533691406
73.12147665023804,0.07460949474174233,0.016787136316892024,-0.006928024511733216,-0.5506663818359374,-0.2609679809570312,10.307038146972655
73.14147353172302,0.07447626350113207,0.017186830038722786,-0.0031975497746461,-0.5410895751953124,-0.28730419921875,10.283096130371094
73.16146302223206,0.07607503838845513,0.018252679963604822,-0.008526799399056265,-0.5722141967773438,-0.29927520751953124,10.390835205078124
73.18172764778137,0.07687442583211665,0.017453292519943295,-0.007993874436615249,-0.5410895751953124,-0.27293898925781246,10.352527978515624
73.20160722732544,0.07341041357625004,0.01345635530163567,-0.0075941807147844875,-0.5913678100585937,-0.2442085693359375,10.326191760253906
73.22156643867493,0.07634150086967564,0.01851914244482533,-0.0058621745868511835,-0.5386953735351562,-0.2825157958984375,10.383652600097655
73.24160623550415,0.0752756509447936,0.018652373685435583,-0.010258805526989571,-0.5458779785156249,-0.2705447875976562,10.311826550292968
73.26143264770508,0.07341041357625004,0.015987748873230498,-0.004130168458917879,-0.5674257934570313,-0.2753331909179687,10.311826550292968
73.28125429153442,0.071811638688927,0.016653905076281773,-0.0030643185340358454,-0.5602431884765625,-0.2561795776367187,10.350133776855468
73.3013870716095,0.0747427259823526,0.009725880564548555,-0.005462480865020421,-0.59376201171875,-0.2657563842773437,10.338162768554687
73.32158923149109,0.07754058203516792,0.022915773384963714,-0.006128637068071691,-0.5817910034179687,-0.33039982910156246,10.350133776855468
73.34153985977173,0.07660796335089615,0.022382848422522698,-0.006794793271122962,-0.5386953735351562,-0.26815058593749996,10.302249743652343
73.36160135269165,0.07807350699760894,0.01958499236970736,-0.0058621745868511835,-0.565031591796875,-0.2609679809570312,10.335768566894531
73.3816888332367,0.07660796335089615,0.017453292519943295,-0.006528330789902454,-0.5530605834960938,-0.2920926025390625,10.347739575195313
73.40131211280823,0.07394333853869106,0.016254211354451008,-0.006794793271122962,-0.5506663818359374,-0.28490999755859375,10.328585961914062
73.42148613929749,0.0720781011701475,0.023448698347404734,-0.005595712105630674,-0.5602431884765625,-0.2753331909179687,10.292672937011718
73.44148397445679,0.07807350699760894,0.021583460978861175,-0.008127105677225504,-0.5578489868164063,-0.27293898925781246,10.309432348632813
73.46163439750671,0.0752756509447936,0.018119448722994567,-0.005196018383799912,-0.5291185668945312,-0.29448680419921874,10.309432348632813
73.48152899742126,0.07460949474174233,0.017586523760553547,-0.005062787143189658,-0.5530605834960938,-0.2609679809570312,10.287884533691406
73.50133776664734,0.07394333853869106,0.02531393571594829,-0.004130168458917879,-0.55545478515625,-0.2753331909179687,10.338162768554687
73.52191019058228,0.07127871372648598,0.0127901990985844,-0.005595712105630674,-0.565031591796875,-0.24181436767578124,10.366893188476562
73.54162907600403,0.07594180714784488,0.015454823910789483,-0.0057289433462409285,-0.5339069702148437,-0.3136404174804687,10.314220751953124
73.56143140792847,0.07261102613258852,0.017186830038722786,-0.004929555902579405,-0.5793968017578125,-0.2705447875976562,10.290278735351562
73.58166289329529,0.07460949474174233,0.0191852986478766,-0.0057289433462409285,-0.5674257934570313,-0.23702596435546874,10.314220751953124
73.60160803794861,0.07554211342601411,0.016387442595061263,-0.006528330789902454,-0.565031591796875,-0.28490999755859375,10.290278735351562
73.62192845344543,0.07820673823821919,0.023581929588014985,-0.0058621745868511835,-0.5770026000976562,-0.28012159423828126,10.309432348632813
73.64180207252502,0.07687442583211665,0.02011791733214838,-0.0039969372183076245,-0.5722141967773438,-0.28490999755859375,10.287884533691406
73.66182088851929,0.07727411955394742,0.02011791733214838,-0.0029310872934255917,-0.5434837768554687,-0.29448680419921874,10.297461340332031
73.68149209022522,0.07247779489197827,0.018385911204215073,-0.006928024511733216,-0.5793968017578125,-0.16998831787109375,10.287884533691406
73.70136547088623,0.07540888218540386,0.017586523760553547,-0.0039969372183076245,-0.5530605834960938,-0.2346317626953125,10.309432348632813
73.72188448905945,0.0770076570727269,0.018119448722994567,-0.006661562030512709,-0.5698199951171875,-0.28969840087890625,10.35492218017578
73.74159336090088,0.07354364481686029,0.02131699849764067,-0.0037304747370871167,-0.55545478515625,-0.24899697265624998,10.304643945312499
73.76173090934753,0.07540888218540386,0.017719755001163805,-0.007194486992953725,-0.5506663818359374,-0.2442085693359375,10.302249743652343
73.78134560585022,0.07141194496709623,0.022116385941302188,-0.006128637068071691,-0.5386953735351562,-0.2705447875976562,10.350133776855468
73.80138921737671,0.07727411955394742,0.019318529888486854,-0.004130168458917879,-0.5530605834960938,-0.29448680419921874,10.297461340332031
73.82165622711182,0.07927258816310122,0.014655436467127957,-0.0035972434964768626,-0.6081272216796875,-0.2825157958984375,10.335768566894531
73.84189558029175,0.07460949474174233,0.018652373685435583,-0.0010658499248820332,-0.565031591796875,-0.2920926025390625,10.297461340332031
73.86169719696045,0.07354364481686029,0.020384379813368887,-0.006661562030512709,-0.55545478515625,-0.28969840087890625,10.290278735351562
73.88125348091125,0.07167840744831674,0.016787136316892024,-0.003863705977697371,-0.565031591796875,-0.2537853759765625,10.242394702148436
73.90143370628357,0.07660796335089615,0.01971822361031762,-0.004130168458917879,-0.5458779785156249,-0.24899697265624998,10.283096130371094
73.92154145240784,0.07247779489197827,0.01438897398590745,-0.009059724361497283,-0.55545478515625,-0.2753331909179687,10.319009155273436
73.94160628318787,0.07767381327577817,0.018918836166656093,-0.008393568158446012,-0.5434837768554687,-0.2920926025390625,10.292672937011718
73.96128606796265,0.071811638688927,0.013189892820415163,-0.005595712105630674,-0.5363011718749999,-0.277727392578125,10.299855541992187
73.98151707649231,0.07794027575699868,0.016653905076281773,-0.006128637068071691,-0.584185205078125,-0.2537853759765625,10.311826550292968
74.00142335891724,0.07074578876404496,0.01945176112909711,-0.0074609494741742334,-0.5506663818359374,-0.296881005859375,10.304643945312499
74.02173686027527,0.07833996947882944,0.015987748873230498,-0.002398162330984575,-0.5961562133789062,-0.24660277099609373,10.414777221679687
74.04169821739197,0.07607503838845513,0.019984686091538122,-0.006928024511733216,-0.55545478515625,-0.3136404174804687,10.311826550292968
74.0618987083435,0.0764747321102859,0.021583460978861175,-0.007727411955394742,-0.584185205078125,-0.229843359375,10.273519323730468
74.08231520652771,0.07714088831333717,0.015588055151399738,-0.0026646248122050836,-0.5458779785156249,-0.28490999755859375,10.350133776855468
74.10175323486328,0.07594180714784488,0.015188361429568975,-0.008127105677225504,-0.5458779785156249,-0.28012159423828126,10.309432348632813
74.12185764312744,0.07820673823821919,0.017586523760553547,-0.005995405827461438,-0.5698199951171875,-0.26336218261718747,10.268730920410155
74.14172267913818,0.07740735079455767,0.015987748873230498,-0.005329249624410167,-0.5291185668945312,-0.2753331909179687,10.275913525390624
74.16147446632385,0.08113782553164478,0.017986217482384312,-0.004529862180748642,-0.5434837768554687,-0.296881005859375,10.321403356933594
74.1812310218811,0.07620826962906538,0.014788667707738212,-0.004529862180748642,-0.5698199951171875,-0.2920926025390625,10.297461340332031
74.2015962600708,0.0747427259823526,0.015854517632620246,-0.0058621745868511835,-0.5434837768554687,-0.3016694091796875,10.27830772705078
74.22177934646606,0.07434303226052183,0.01958499236970736,-0.004130168458917879,-0.5386953735351562,-0.2609679809570312,10.330980163574218
74.24165368080139,0.0752756509447936,0.01705359879811253,-0.0014655436467127959,-0.5434837768554687,-0.28730419921875,10.223241088867187
74.26121473312378,0.0738101072980808,0.019318529888486854,-0.006128637068071691,-0.5003881469726562,-0.277727392578125,10.292672937011718
74.28132510185242,0.07740735079455767,0.01705359879811253,-0.00985911180515881,-0.5530605834960938,-0.2753331909179687,10.338162768554687
74.30165123939514,0.07420980101991156,0.017719755001163805,-0.0057289433462409285,-0.5482721801757812,-0.29448680419921874,10.273519323730468
74.32169246673584,0.07407656977930133,0.01572128639200999,-0.0063950995492922,-0.5243301635742187,-0.28730419921875,10.299855541992187
74.34179043769836,0.07634150086967564,0.02011791733214838,-0.0073277182335639785,-0.5219359619140624,-0.2825157958984375,10.271125122070313
74.36191916465759,0.07660796335089615,0.015588055151399738,-0.0026646248122050836,-0.6081272216796875,-0.28012159423828126,10.352527978515624
74.38186311721802,0.0738101072980808,0.016520673835671518,-0.005462480865020421,-0.5291185668945312,-0.2609679809570312,10.345345373535155
74.40160202980042,0.0747427259823526,0.023315467106794475,-0.006261868308681946,-0.5530605834960938,-0.24181436767578124,10.283096130371094
74.42204928398132,0.07740735079455767,0.021716692219471426,-0.0073277182335639785,-0.5817910034179687,-0.2753331909179687,10.36210478515625
74.44162011146545,0.0770076570727269,0.01851914244482533,-0.009326186842717792,-0.565031591796875,-0.2705447875976562,10.333374365234375
74.46133875846863,0.07714088831333717,0.018652373685435583,-0.003464012255866608,-0.5578489868164063,-0.2825157958984375,10.251971508789062
74.48135137557983,0.07554211342601411,0.016254211354451008,-0.005196018383799912,-0.5243301635742187,-0.28012159423828126,10.273519323730468
74.50129532814026,0.07927258816310122,0.017586523760553547,-0.002264931090374321,-0.5315127685546874,-0.24899697265624998,10.283096130371094
74.52177047729492,0.07514241970418334,0.01732006127933304,-0.006794793271122962,-0.5506663818359374,-0.28012159423828126,10.129867224121092
74.54127097129822,0.08033843808798326,0.017719755001163805,-0.0063950995492922,-0.5722141967773438,-0.28969840087890625,10.283096130371094
74.56133651733398,0.07247779489197827,0.01971822361031762,-0.00159877488732305,-0.5817910034179687,-0.26815058593749996,10.381258398437499
74.58150696754456,0.07687442583211665,0.013856049023466432,-0.003464012255866608,-0.5458779785156249,-0.2753331909179687,10.302249743652343
74.60136532783508,0.0764747321102859,0.01532159267017923,-0.0030643185340358454,-0.5578489868164063,-0.28730419921875,10.259154113769531
74.6219310760498,0.07754058203516792,0.022116385941302188,-0.0075941807147844875,-0.5530605834960938,-0.2561795776367187,10.27830772705078
74.64144587516785,0.07434303226052183,0.018652373685435583,-0.00479632466196915,-0.5458779785156249,-0.2657563842773437,10.295067138671874
74.66149091720581,0.0738101072980808,0.018652373685435583,-0.006528330789902454,-0.5602431884765625,-0.25139117431640623,10.386046801757812
74.68142366409302,0.0752756509447936,0.018918836166656093,-0.0031975497746461,-0.5913678100585937,-0.2825157958984375,10.338162768554687
74.70143103599548,0.07567534466662437,0.019052067407266345,-0.005595712105630674,-0.5482721801757812,-0.2657563842773437,10.333374365234375
74.72183275222778,0.07487595722296284,0.019318529888486854,-0.008260336917835759,-0.5482721801757812,-0.2657563842773437,10.283096130371094
74.74196743965149,0.07354364481686029,0.020650842294589397,-0.00479632466196915,-0.59376201171875,-0.2705447875976562,10.271125122070313
74.76161551475525,0.0770076570727269,0.016254211354451008,-0.007061255752343471,-0.5578489868164063,-0.26336218261718747,10.32379755859375
74.78138709068298,0.07354364481686029,0.013189892820415163,-0.004663093421358896,-0.5674257934570313,-0.27293898925781246,10.295067138671874
74.80148363113403,0.07567534466662437,0.020650842294589397,-0.003863705977697371,-0.5889736083984375,-0.28730419921875,10.218452685546874
74.82167601585388,0.07634150086967564,0.01572128639200999,-0.0095926493239383,-0.565031591796875,-0.26336218261718747,10.283096130371094
74.84143877029419,0.07714088831333717,0.0191852986478766,-0.005595712105630674,-0.5506663818359374,-0.26815058593749996,10.275913525390624
74.86134243011475,0.07420980101991156,0.018785604926045835,-0.000799387443661525,-0.5961562133789062,-0.24899697265624998,10.297461340332031
74.88135147094727,0.07580857590723461,0.018652373685435583,-0.005196018383799912,-0.5363011718749999,-0.2753331909179687,10.330980163574218
74.90141868591309,0.07660796335089615,0.019984686091538122,-0.006128637068071691,-0.5793968017578125,-0.28730419921875,10.287884533691406
74.92178678512573,0.0752756509447936,0.017186830038722786,-0.0074609494741742334,-0.5674257934570313,-0.28490999755859375,10.342951171874999
74.94166421890259,0.07580857590723461,0.01958499236970736,-0.0031975497746461,-0.5913678100585937,-0.3016694091796875,10.302249743652343
74.96126365661621,0.07447626350113207,0.01851914244482533,-0.007061255752343471,-0.5578489868164063,-0.2705447875976562,10.31661495361328
74.98137092590332,0.07314395109502954,0.01732006127933304,-0.007993874436615249,-0.5865794067382812,-0.2561795776367187,10.249577307128906
75.00150775909424,0.08007197560676275,0.018918836166656093,-0.005595712105630674,-0.5434837768554687,-0.26815058593749996,10.220846887207031
75.0216748714447,0.0750091884635731,0.017852986241774057,-0.0058621745868511835,-0.5698199951171875,-0.2657563842773437,10.319009155273436
75.04166960716248,0.071811638688927,0.024114854550456002,-0.0019984686091538122,-0.5410895751953124,-0.258573779296875,10.120290417480469
75.06142854690552,0.06967993883916293,0.017986217482384312,-0.007194486992953725,-0.5578489868164063,-0.29448680419921874,10.31661495361328
75.08213829994202,0.06967993883916293,0.01732006127933304,-0.0026646248122050836,-0.5746083984375,-0.2825157958984375,10.338162768554687
75.10158658027649,0.07447626350113207,0.016120980113840753,-0.0057289433462409285,-0.5722141967773438,-0.27293898925781246,10.299855541992187
75.12172937393188,0.08047166932859352,0.017986217482384312,-0.006661562030512709,-0.565031591796875,-0.2705447875976562,10.333374365234375
75.14170742034912,0.07327718233563979,0.016653905076281773,-0.003464012255866608,-0.5817910034179687,-0.28969840087890625,10.244788903808594
75.16136121749878,0.07740735079455767,0.013989280264076687,-0.0033307810152563544,-0.5243301635742187,-0.2705447875976562,10.275913525390624
75.18171048164368,0.07327718233563979,0.02105053601642016,-0.0039969372183076245,-0.5985504150390625,-0.296881005859375,10.350133776855468
75.20162034034729,0.07420980101991156,0.018252679963604822,-0.005196018383799912,-0.5746083984375,-0.24899697265624998,10.244788903808594
75.22155427932739,0.07607503838845513,0.016520673835671518,-0.006528330789902454,-0.584185205078125,-0.28969840087890625,10.335768566894531
75.24194431304932,0.07034609504221419,0.01985145485092787,-0.0035972434964768626,-0.5746083984375,-0.3016694091796875,10.302249743652343
75.26142191886902,0.07327718233563979,0.013589586542245924,-0.0021316998497640663,-0.5746083984375,-0.2657563842773437,10.251971508789062
75.28163385391235,0.07354364481686029,0.017453292519943295,-0.0030643185340358454,-0.5793968017578125,-0.26815058593749996,10.314220751953124
75.30137133598328,0.07420980101991156,0.02464777951289702,-0.007061255752343471,-0.55545478515625,-0.2825157958984375,10.20887587890625
75.32158041000366,0.07714088831333717,0.02105053601642016,-0.008526799399056265,-0.5578489868164063,-0.296881005859375,10.314220751953124
75.34165525436401,0.0750091884635731,0.018119448722994567,-0.0057289433462409285,-0.5889736083984375,-0.2537853759765625,10.280701928710936
75.36189198493958,0.07514241970418334,0.017586523760553547,-0.0031975497746461,-0.5386953735351562,-0.28730419921875,10.335768566894531
75.3814549446106,0.0750091884635731,0.017986217482384312,-0.0026646248122050836,-0.5195417602539062,-0.26336218261718747,10.27830772705078
75.40161466598511,0.07514241970418334,0.01851914244482533,-0.006528330789902454,-0.5578489868164063,-0.28490999755859375,10.273519323730468
75.42180275917053,0.07714088831333717,0.023848392069235495,-0.0031975497746461,-0.5626373901367188,-0.2705447875976562,10.280701928710936
75.44157791137695,0.07687442583211665,0.017586523760553547,-0.005196018383799912,-0.5865794067382812,-0.2442085693359375,10.302249743652343
75.46191620826721,0.07887289444127048,0.01692036755750228,-0.005196018383799912,-0.5410895751953124,-0.2753331909179687,10.326191760253906
75.4819393157959,0.07394333853869106,0.017453292519943295,-0.009059724361497283,-0.5386953735351562,-0.3016694091796875,10.335768566894531
75.50180983543396,0.07407656977930133,0.019318529888486854,-0.002797856052815337,-0.5482721801757812,-0.2920926025390625,10.292672937011718
75.5217010974884,0.07607503838845513,0.020650842294589397,-0.005196018383799912,-0.5602431884765625,-0.25139117431640623,10.287884533691406
75.54140257835388,0.07434303226052183,0.016520673835671518,-0.0073277182335639785,-0.5434837768554687,-0.277727392578125,10.326191760253906
75.56156277656555,0.07327718233563979,0.018252679963604822,-0.0035972434964768626,-0.5985504150390625,-0.30885201416015623,10.302249743652343
75.58173942565918,0.0752756509447936,0.018918836166656093,-0.0073277182335639785,-0.5339069702148437,-0.24899697265624998,10.263942517089843
75.60142803192139,0.07447626350113207,0.017586523760553547,-0.008127105677225504,-0.5602431884765625,-0.277727392578125,10.350133776855468
75.62133932113647,0.07727411955394742,0.017719755001163805,-0.006128637068071691,-0.5482721801757812,-0.296881005859375,10.333374365234375
75.6413164138794,0.07487595722296284,0.023182235866184224,-0.004929555902579405,-0.5722141967773438,-0.26815058593749996,10.319009155273436
75.66171646118164,0.07967228188493199,0.018252679963604822,-0.006528330789902454,-0.5458779785156249,-0.2561795776367187,10.290278735351562
75.68189334869385,0.07460949474174233,0.01438897398590745,-0.006528330789902454,-0.5291185668945312,-0.296881005859375,10.35492218017578
75.70156860351562,0.07087902000465522,0.016653905076281773,-0.0035972434964768626,-0.5602431884765625,-0.2920926025390625,10.319009155273436
75.72195243835449,0.0770076570727269,0.01438897398590745,-0.0063950995492922,-0.5770026000976562,-0.2657563842773437,10.275913525390624
75.74215722084045,0.07607503838845513,0.01971822361031762,-0.007194486992953725,-0.5770026000976562,-0.2753331909179687,10.297461340332031
75.76196122169495,0.07274425737319877,0.020251148572758632,-0.004929555902579405,-0.5817910034179687,-0.3016694091796875,10.314220751953124
75.78172826766968,0.07714088831333717,0.013323124061025418,0.0334410413931738,-0.5339069702148437,-0.28730419921875,10.275913525390624
75.801917552948,0.07167840744831674,0.016387442595061263,-0.007061255752343471,-0.5482721801757812,-0.2825157958984375,10.302249743652343
75.82155466079712,0.07114548248587572,0.022649310903743208,-0.004529862180748642,-0.5770026000976562,-0.277727392578125,10.275913525390624
75.84148669242859,0.07407656977930133,0.018785604926045835,-0.00159877488732305,-0.5602431884765625,-0.3016694091796875,10.237606298828124
75.8621072769165,0.07221133241075775,0.014255742745297196,-0.004396630940138387,-0.565031591796875,-0.2657563842773437,10.28549033203125
75.88166689872742,0.07620826962906538,0.0191852986478766,-0.0058621745868511835,-0.5291185668945312,-0.277727392578125,10.309432348632813
75.90144658088684,0.07580857590723461,0.01985145485092787,-0.005196018383799912,-0.5315127685546874,-0.28969840087890625,10.338162768554687
75.92172574996948,0.0752756509447936,0.01438897398590745,-0.005062787143189658,-0.5602431884765625,-0.2657563842773437,10.275913525390624
75.94159460067749,0.07567534466662437,0.015987748873230498,-0.0058621745868511835,-0.5482721801757812,-0.2825157958984375,10.330980163574218
75.961923122406,0.07900612568188072,0.016653905076281773,-0.0021316998497640663,-0.5195417602539062,-0.26815058593749996,10.381258398437499
75.98160362243652,0.07394333853869106,0.009992343045769061,-0.005062787143189658,-0.5913678100585937,-0.26336218261718747,10.256759912109374
76.00173377990723,0.07407656977930133,0.016387442595061263,-0.004929555902579405,-0.5793968017578125,-0.2920926025390625,10.287884533691406
76.02174592018127,0.07074578876404496,0.01945176112909711,-0.008526799399056265,-0.5722141967773438,-0.2609679809570312,10.311826550292968
76.04155015945435,0.0764747321102859,0.01345635530163567,-0.0058621745868511835,-0.6009446166992187,-0.2442085693359375,10.13226142578125
76.06182909011841,0.07221133241075775,0.022516079663132953,-0.007061255752343471,-0.5722141967773438,-0.2753331909179687,10.314220751953124
76.08147525787354,0.0764747321102859,0.016520673835671518,-0.0073277182335639785,-0.5626373901367188,-0.3016694091796875,10.345345373535155
76.10138630867004,0.08047166932859352,0.01958499236970736,-0.004529862180748642,-0.5626373901367188,-0.3112462158203125,10.304643945312499
76.12189030647278,0.0747427259823526,0.01985145485092787,-0.001732006127933304,-0.5506663818359374,-0.26815058593749996,10.299855541992187
76.14147448539734,0.0752756509447936,0.017852986241774057,-0.008926493120887028,-0.5410895751953124,-0.2657563842773437,10.311826550292968
76.16195917129517,0.07261102613258852,0.016387442595061263,-0.008793261880276773,-0.5602431884765625,-0.27293898925781246,10.292672937011718
76.18186354637146,0.0747427259823526,0.01572128639200999,-0.006528330789902454,-0.5698199951171875,-0.2537853759765625,10.24000050048828
76.20169138908386,0.07314395109502954,0.018252679963604822,-0.008127105677225504,-0.5985504150390625,-0.24660277099609373,10.28549033203125
76.22213673591614,0.07394333853869106,0.02078407353519965,-0.0057289433462409285,-0.5410895751953124,-0.26336218261718747,10.228029492187499
76.24160861968994,0.07594180714784488,0.015987748873230498,-0.005462480865020421,-0.5386953735351562,-0.28012159423828126,10.321403356933594
76.26170539855957,0.0750091884635731,0.01958499236970736,-0.005462480865020421,-0.5602431884765625,-0.30406361083984373,10.359710583496094
76.28161835670471,0.07727411955394742,0.017186830038722786,-0.0063950995492922,-0.5626373901367188,-0.26336218261718747,10.297461340332031
76.30135011672974,0.07807350699760894,0.017586523760553547,-0.006261868308681946,-0.5482721801757812,-0.3064578125,10.319009155273436
76.32146573066711,0.07634150086967564,0.016787136316892024,-0.004529862180748642,-0.5315127685546874,-0.23223756103515625,10.335768566894531
76.34144401550293,0.07540888218540386,0.01185758041431262,-0.005995405827461438,-0.5386953735351562,-0.2561795776367187,10.302249743652343
76.36175990104675,0.07873966320066021,0.011724349173702367,-0.007860643196004996,-0.55545478515625,-0.26336218261718747,10.333374365234375
76.38167142868042,0.0750091884635731,0.018385911204215073,-0.005462480865020421,-0.5674257934570313,-0.24899697265624998,10.321403356933594
76.40155959129333,0.07141194496709623,0.017586523760553547,-0.0073277182335639785,-0.565031591796875,-0.28012159423828126,10.326191760253906
76.42153072357178,0.07754058203516792,0.018785604926045835,-0.006528330789902454,-0.5482721801757812,-0.29448680419921874,10.295067138671874
76.44162774085999,0.07620826962906538,0.01971822361031762,-0.004929555902579405,-0.5195417602539062,-0.2705447875976562,10.304643945312499
76.46166515350342,0.07767381327577817,0.016120980113840753,-0.00479632466196915,-0.5626373901367188,-0.27293898925781246,10.32379755859375
76.48141193389893,0.07727411955394742,0.01851914244482533,-0.005462480865020421,-0.5434837768554687,-0.3016694091796875,10.345345373535155
76.50141429901123,0.07087902000465522,0.016653905076281773,-0.007061255752343471,-0.5219359619140624,-0.30406361083984373,10.302249743652343
76.52174377441406,0.07487595722296284,0.020517611053979142,-0.0063950995492922,-0.5386953735351562,-0.3112462158203125,10.273519323730468
76.54172611236572,0.07460949474174233,0.016387442595061263,-0.0057289433462409285,-0.5770026000976562,-0.26336218261718747,10.340556970214843
76.56178402900696,0.07047932628282445,0.019984686091538122,-0.009326186842717792,-0.5722141967773438,-0.2705447875976562,10.295067138671874
76.58167505264282,0.07514241970418334,0.019984686091538122,-0.004663093421358896,-0.5698199951171875,-0.30885201416015623,10.32379755859375
76.60154843330383,0.0747427259823526,0.021849923460081685,-0.006794793271122962,-0.5482721801757812,-0.277727392578125,10.287884533691406
76.6215717792511,0.0770076570727269,0.01985145485092787,-0.007993874436615249,-0.5793968017578125,-0.2705447875976562,10.32379755859375
76.6415810585022,0.07460949474174233,0.014655436467127957,-0.004929555902579405,-0.5722141967773438,-0.3112462158203125,10.302249743652343
76.66152000427246,0.07047932628282445,0.014255742745297196,-0.004663093421358896,-0.5482721801757812,-0.27293898925781246,10.31661495361328
76.68152976036072,0.0767411945915064,0.015987748873230498,-0.002398162330984575,-0.5410895751953124,-0.26815058593749996,10.266336718749999
76.70164203643799,0.07301071985441929,0.0191852986478766,-0.003464012255866608,-0.5291185668945312,-0.3136404174804687,10.412383020019531
76.72151494026184,0.07833996947882944,0.02105053601642016,-0.004263399699528133,-0.5267243652343749,-0.26336218261718747,10.280701928710936
76.74156451225281,0.07807350699760894,0.021716692219471426,-0.0057289433462409285,-0.5363011718749999,-0.30406361083984373,10.321403356933594
76.7616639137268,0.07341041357625004,0.019318529888486854,-0.004929555902579405,-0.5339069702148437,-0.2609679809570312,10.263942517089843
76.78177738189697,0.07780704451638844,0.01705359879811253,-0.004663093421358896,-0.59376201171875,-0.28012159423828126,10.364498986816406
76.80154299736023,0.07394333853869106,0.018252679963604822,-0.01212404289553313,-0.51714755859375,-0.30406361083984373,10.342951171874999
76.82166576385498,0.07913935692249098,0.018252679963604822,-0.005329249624410167,-0.5626373901367188,-0.2825157958984375,10.345345373535155
76.84159088134766,0.07407656977930133,0.018785604926045835,-0.0006661562030512709,-0.5458779785156249,-0.2825157958984375,10.292672937011718
76.86142468452454,0.07727411955394742,0.018385911204215073,-0.004263399699528133,-0.5865794067382812,-0.3016694091796875,10.309432348632813
76.88152551651001,0.07407656977930133,0.01851914244482533,-0.006794793271122962,-0.584185205078125,-0.2705447875976562,10.304643945312499
76.90159583091736,0.0747427259823526,0.016120980113840753,-0.008127105677225504,-0.55545478515625,-0.2561795776367187,10.309432348632813
76.92177867889404,0.07101225124526546,0.017852986241774057,-0.005062787143189658,-0.5722141967773438,-0.28490999755859375,10.330980163574218
76.94161033630371,0.07794027575699868,0.016787136316892024,-0.00479632466196915,-0.55545478515625,-0.2537853759765625,10.283096130371094
76.9617965221405,0.07407656977930133,0.018918836166656093,-0.006794793271122962,-0.5674257934570313,-0.26815058593749996,10.333374365234375
76.9814670085907,0.07634150086967564,0.01212404289553313,-0.004130168458917879,-0.584185205078125,-0.2442085693359375,10.28549033203125
77.0014488697052,0.06994640132038345,0.02131699849764067,-0.001732006127933304,-0.5243301635742187,-0.258573779296875,10.199299072265624
77.02152943611145,0.07567534466662437,0.022516079663132953,-0.006928024511733216,-0.5698199951171875,-0.26336218261718747,10.309432348632813
77.04172158241272,0.07407656977930133,0.01851914244482533,-0.006794793271122962,-0.5793968017578125,-0.2705447875976562,10.409988818359375
77.06167006492615,0.07540888218540386,0.02131699849764067,-0.004529862180748642,-0.5506663818359374,-0.2609679809570312,10.32379755859375
77.08234763145447,0.06848085767367064,0.016254211354451008,-0.005329249624410167,-0.5243301635742187,-0.24899697265624998,10.292672937011718
77.10145854949951,0.07900612568188072,0.017586523760553547,-0.005196018383799912,-0.5530605834960938,-0.27293898925781246,10.273519323730468
77.12186765670776,0.07580857590723461,0.021849923460081685,-0.005329249624410167,-0.5913678100585937,-0.23223756103515625,10.345345373535155
77.14166331291199,0.07913935692249098,0.017719755001163805,-0.005062787143189658,-0.5410895751953124,-0.2825157958984375,10.314220751953124
77.16161131858826,0.07807350699760894,0.0191852986478766,-0.006128637068071691,-0.5458779785156249,-0.25139117431640623,10.374075793457031
77.18156743049622,0.07794027575699868,0.016254211354451008,-0.006128637068071691,-0.5530605834960938,-0.30406361083984373,10.28549033203125
77.2014524936676,0.07101225124526546,0.018252679963604822,-0.006661562030512709,-0.5530605834960938,-0.28969840087890625,10.115502014160155
77.22157073020935,0.07580857590723461,0.017586523760553547,-0.004263399699528133,-0.5674257934570313,-0.2705447875976562,10.330980163574218
77.24159932136536,0.07487595722296284,0.016254211354451008,-0.005196018383799912,-0.5386953735351562,-0.2657563842773437,10.311826550292968
77.26152181625366,0.07687442583211665,0.016520673835671518,-0.0031975497746461,-0.5578489868164063,-0.2561795776367187,10.273519323730468
77.28146266937256,0.07234456365136802,0.0191852986478766,-0.004396630940138387,-0.5434837768554687,-0.26815058593749996,10.237606298828124
77.30146813392639,0.07367687605747056,0.018785604926045835,-0.005462480865020421,-0.5578489868164063,-0.28490999755859375,10.266336718749999
77.32163310050964,0.07167840744831674,0.01705359879811253,-0.004396630940138387,-0.5674257934570313,-0.26336218261718747,10.333374365234375
77.34155416488647,0.07141194496709623,0.017586523760553547,-0.0035972434964768626,-0.5291185668945312,-0.239420166015625,10.263942517089843
77.36156606674194,0.07993874436615249,0.016254211354451008,-0.0037304747370871167,-0.5482721801757812,-0.2920926025390625,10.304643945312499
77.38152742385864,0.07540888218540386,0.022249617181912446,-0.002264931090374321,-0.5410895751953124,-0.28490999755859375,10.27830772705078
77.40140581130981,0.0747427259823526,0.016254211354451008,-0.001732006127933304,-0.6081272216796875,-0.2609679809570312,10.273519323730468
77.42145156860352,0.07714088831333717,0.01532159267017923,-0.007993874436615249,-0.5506663818359374,-0.28012159423828126,10.28549033203125
77.44143271446228,0.07754058203516792,0.018385911204215073,-0.008260336917835759,-0.5386953735351562,-0.296881005859375,10.280701928710936
77.46165704727173,0.07234456365136802,0.018119448722994567,-0.0073277182335639785,-0.584185205078125,-0.2753331909179687,10.273519323730468
77.4818787574768,0.07594180714784488,0.014921898948348467,-0.0031975497746461,-0.5889736083984375,-0.26815058593749996,10.263942517089843
77.50151562690735,0.07327718233563979,0.015854517632620246,-0.004396630940138387,-0.5410895751953124,-0.2753331909179687,10.297461340332031
77.52172660827637,0.07407656977930133,0.014522205226517705,-0.005595712105630674,-0.5530605834960938,-0.27293898925781246,10.280701928710936
77.54189586639404,0.07727411955394742,0.013056661579804908,0.0002664624812205083,-0.5793968017578125,-0.277727392578125,10.271125122070313
77.56149649620056,0.07487595722296284,0.01851914244482533,-0.005062787143189658,-0.5746083984375,-0.2753331909179687,10.388441003417968
77.58154511451721,0.07620826962906538,0.010924961730040842,-0.0063950995492922,-0.5410895751953124,-0.28490999755859375,10.287884533691406
77.60146164894104,0.07740735079455767,0.023182235866184224,-0.007727411955394742,-0.5698199951171875,-0.277727392578125,10.364498986816406
77.62177228927612,0.07447626350113207,0.015454823910789483,-0.006794793271122962,-0.507570751953125,-0.26336218261718747,10.330980163574218
77.64149355888367,0.07607503838845513,0.02105053601642016,-0.0009326186842717792,-0.5578489868164063,-0.2825157958984375,10.290278735351562
77.6613347530365,0.07794027575699868,0.020917304775809907,-0.007194486992953725,-0.5817910034179687,-0.26336218261718747,10.31661495361328
77.68145275115967,0.07354364481686029,0.018252679963604822,-0.0058621745868511835,-0.5602431884765625,-0.28490999755859375,10.287884533691406
77.70144557952881,0.07434303226052183,0.019052067407266345,-0.0021316998497640663,-0.5506663818359374,-0.2561795776367187,10.292672937011718
77.72162985801697,0.07780704451638844,0.020650842294589397,-0.0075941807147844875,-0.5770026000976562,-0.25139117431640623,10.309432348632813
77.7416455745697,0.07554211342601411,0.02105053601642016,-0.007860643196004996,-0.5458779785156249,-0.26336218261718747,10.290278735351562
77.76162552833557,0.0750091884635731,0.020251148572758632,-0.006928024511733216,-0.5817910034179687,-0.2442085693359375,10.357316381835936
77.7814838886261,0.07660796335089615,0.015987748873230498,-0.003464012255866608,-0.5817910034179687,-0.2609679809570312,10.328585961914062
77.8017349243164,0.07301071985441929,0.02131699849764067,-0.0074609494741742334,-0.5506663818359374,-0.26815058593749996,10.342951171874999
77.8216598033905,0.07727411955394742,0.022116385941302188,-0.004529862180748642,-0.5626373901367188,-0.28490999755859375,10.295067138671874
77.84164810180664,0.07327718233563979,0.018119448722994567,-0.005995405827461438,-0.5889736083984375,-0.27293898925781246,10.290278735351562
77.8616406917572,0.07754058203516792,0.015188361429568975,-0.007061255752343471,-0.5482721801757812,-0.29927520751953124,10.24000050048828
77.88162350654602,0.07034609504221419,0.01851914244482533,-0.003464012255866608,-0.59376201171875,-0.16041151123046873,10.273519323730468
77.90165281295776,0.07900612568188072,0.01572128639200999,-0.00866003063966652,-0.5817910034179687,-0.27293898925781246,10.321403356933594
77.92216157913208,0.07540888218540386,0.020917304775809907,-0.006794793271122962,-0.5291185668945312,-0.2657563842773437,10.326191760253906
77.94172477722168,0.07460949474174233,0.017719755001163805,-0.0074609494741742334,-0.5602431884765625,-0.25139117431640623,10.297461340332031
77.96160960197449,0.07714088831333717,0.021849923460081685,-0.004263399699528133,-0.5339069702148437,-0.3064578125,10.213664282226562
77.98151445388794,0.07407656977930133,0.018119448722994567,-0.004663093421358896,-0.5817910034179687,-0.26336218261718747,10.287884533691406
78.00135231018066,0.07847320071943971,0.015188361429568975,-0.008393568158446012,-0.5722141967773438,-0.2705447875976562,10.32379755859375
78.02151894569397,0.07727411955394742,0.01705359879811253,-0.0033307810152563544,-0.5746083984375,-0.28490999755859375,10.287884533691406
78.04131388664246,0.07807350699760894,0.02145022973825092,-0.004130168458917879,-0.5506663818359374,-0.25139117431640623,10.32379755859375
78.061767578125,0.07514241970418334,0.018918836166656093,-0.0073277182335639785,-0.5865794067382812,-0.26815058593749996,10.261548315429687
78.08237338066101,0.07314395109502954,0.02105053601642016,-0.0026646248122050836,-0.5865794067382812,-0.24181436767578124,10.299855541992187
78.10173344612122,0.07740735079455767,0.0191852986478766,-0.00479632466196915,-0.5530605834960938,-0.29448680419921874,10.352527978515624
78.12154173851013,0.07567534466662437,0.016653905076281773,-0.004529862180748642,-0.5746083984375,-0.3016694091796875,10.287884533691406
78.14163994789124,0.07714088831333717,0.016387442595061263,-0.005062787143189658,-0.5602431884765625,-0.30406361083984373,10.280701928710936
78.16165852546692,0.07514241970418334,0.019984686091538122,-0.0037304747370871167,-0.5722141967773438,-0.27293898925781246,10.31661495361328
78.18150115013123,0.07394333853869106,0.015588055151399738,-0.0035972434964768626,-0.5482721801757812,-0.2753331909179687,10.326191760253906
78.2015027999878,0.07540888218540386,0.01971822361031762,-0.0009326186842717792,-0.5913678100585937,-0.27293898925781246,10.352527978515624
78.22165036201477,0.07447626350113207,0.01572128639200999,-0.008260336917835759,-0.5458779785156249,-0.29448680419921874,10.266336718749999
78.2418007850647,0.07727411955394742,0.015588055151399738,-0.005196018383799912,-0.5363011718749999,-0.277727392578125,10.283096130371094
78.26163506507874,0.07820673823821919,0.018785604926045835,-0.0026646248122050836,-0.565031591796875,-0.2657563842773437,10.263942517089843
78.28146934509277,0.07434303226052183,0.01985145485092787,-0.007061255752343471,-0.5770026000976562,-0.23223756103515625,10.307038146972655
78.30145764350891,0.07714088831333717,0.017719755001163805,-0.0033307810152563544,-0.565031591796875,-0.239420166015625,10.345345373535155
78.32183408737183,0.07460949474174233,0.015454823910789483,-0.0035972434964768626,-0.565031591796875,-0.28730419921875,10.32379755859375
78.34160470962524,0.07780704451638844,0.022516079663132953,-0.004263399699528133,-0.5793968017578125,-0.30885201416015623,10.32379755859375
78.3615837097168,0.07327718233563979,0.01692036755750228,-0.004929555902579405,-0.5602431884765625,-0.3232172241210937,10.28549033203125
78.38166213035583,0.07660796335089615,0.016387442595061263,-0.006128637068071691,-0.5698199951171875,-0.25139117431640623,10.326191760253906
78.40156507492065,0.0767411945915064,0.018918836166656093,-0.003863705977697371,-0.5386953735351562,-0.26815058593749996,10.266336718749999
78.42193531990051,0.07660796335089615,0.012656967857974145,-0.0063950995492922,-0.5363011718749999,-0.3184288208007812,10.366893188476562
78.4420657157898,0.07221133241075775,0.018652373685435583,-0.005062787143189658,-0.5530605834960938,-0.2825157958984375,10.302249743652343
78.4615421295166,0.07287748861380902,0.016787136316892024,-0.005062787143189658,-0.5530605834960938,-0.2609679809570312,10.283096130371094
78.48218369483948,0.07740735079455767,0.02118376725703041,-0.005329249624410167,-0.59376201171875,-0.30885201416015623,10.386046801757812
78.50164771080017,0.07873966320066021,0.01692036755750228,-0.007860643196004996,-0.5506663818359374,-0.2657563842773437,10.27830772705078
78.52169871330261,0.07460949474174233,0.019318529888486854,-0.006794793271122962,-0.5482721801757812,-0.29448680419921874,10.28549033203125
78.54165053367615,0.07434303226052183,0.023315467106794475,-0.004663093421358896,-0.5746083984375,-0.2609679809570312,10.330980163574218
78.56153392791748,0.07354364481686029,0.0191852986478766,-0.0075941807147844875,-0.5410895751953124,-0.27293898925781246,10.268730920410155
78.58168721199036,0.07447626350113207,0.021983154700691936,-0.006661562030512709,-0.5530605834960938,-0.26815058593749996,10.149020837402343
78.6016616821289,0.07447626350113207,0.018119448722994567,-0.0018652373685435584,-0.5602431884765625,-0.2346317626953125,10.263942517089843
78.62164759635925,0.0764747321102859,0.01372281778285618,-0.006928024511733216,-0.5434837768554687,-0.277727392578125,10.273519323730468
78.64168453216553,0.0738101072980808,0.019052067407266345,-0.00479632466196915,-0.5363011718749999,-0.258573779296875,10.386046801757812
78.66161823272705,0.07554211342601411,0.016254211354451008,-0.006128637068071691,-0.5458779785156249,-0.26815058593749996,10.319009155273436
78.68164825439453,0.07101225124526546,0.01985145485092787,-0.002398162330984575,-0.5698199951171875,-0.2705447875976562,10.287884533691406
78.70149064064026,0.07407656977930133,0.018252679963604822,-0.0074609494741742334,-0.5458779785156249,-0.2346317626953125,10.307038146972655
78.72164106369019,0.07487595722296284,0.01505513018895872,-0.0039969372183076245,-0.5339069702148437,-0.277727392578125,10.297461340332031
78.74151372909546,0.0747427259823526,0.017186830038722786,-0.0058621745868511835,-0.5865794067382812,-0.2442085693359375,10.340556970214843
78.76147317886353,0.07407656977930133,0.020251148572758632,-0.007194486992953725,-0.5530605834960938,-0.2609679809570312,10.295067138671874
78.78136253356934,0.07141194496709623,0.020384379813368887,-0.00985911180515881,-0.5722141967773438,-0.3064578125,10.307038146972655
78.80174994468689,0.07087902000465522,0.01971822361031762,-0.00159877488732305,-0.5602431884765625,-0.24181436767578124,10.292672937011718
78.8215274810791,0.07407656977930133,0.016787136316892024,-0.007727411955394742,-0.5698199951171875,-0.2609679809570312,10.254365710449218
78.84138536453247,0.07407656977930133,0.01572128639200999,-0.006928024511733216,-0.5626373901367188,-0.277727392578125,10.28549033203125
78.86143255233765,0.07221133241075775,0.018785604926045835,-0.006928024511733216,-0.584185205078125,-0.28490999755859375,10.283096130371094
78.88152837753296,0.07021286380160395,0.01705359879811253,-0.0073277182335639785,-0.5961562133789062,-0.24660277099609373,10.307038146972655
78.90152406692505,0.0764747321102859,0.01438897398590745,-0.009459418083328047,-0.55545478515625,-0.2920926025390625,10.314220751953124
78.921804189682,0.0747427259823526,0.020384379813368887,-0.006128637068071691,-0.55545478515625,-0.2705447875976562,10.31661495361328
78.94167971611023,0.07394333853869106,0.02105053601642016,-0.006128637068071691,-0.5961562133789062,-0.27293898925781246,10.228029492187499
78.96144366264343,0.07634150086967564,0.01851914244482533,-0.0039969372183076245,-0.565031591796875,-0.277727392578125,10.314220751953124
78.98144578933716,0.07554211342601411,0.018652373685435583,-0.004929555902579405,-0.5602431884765625,-0.2705447875976562,10.280701928710936
79.00145125389099,0.07620826962906538,0.02078407353519965,-0.006128637068071691,-0.5674257934570313,-0.29927520751953124,10.357316381835936
79.02153944969177,0.07687442583211665,0.021983154700691936,-0.004929555902579405,-0.5674257934570313,-0.2705447875976562,10.297461340332031
79.04140710830688,0.07167840744831674,0.018652373685435583,-0.005329249624410167,-0.5865794067382812,-0.2705447875976562,10.398017810058594
79.06138515472412,0.0752756509447936,0.015454823910789483,-0.003863705977697371,-0.5602431884765625,-0.296881005859375,10.311826550292968
79.08228158950806,0.07327718233563979,0.017719755001163805,-0.006261868308681946,-0.6057330200195312,-0.28012159423828126,10.261548315429687
79.10147976875305,0.07993874436615249,0.01985145485092787,-0.008393568158446012,-0.5386953735351562,-0.28969840087890625,10.259154113769531
79.12185001373291,0.0770076570727269,0.017186830038722786,-0.008127105677225504,-0.5434837768554687,-0.28969840087890625,10.330980163574218
79.14183568954468,0.07820673823821919,0.019318529888486854,-0.0021316998497640663,-0.5530605834960938,-0.28730419921875,10.254365710449218
79.16212749481201,0.07620826962906538,0.01958499236970736,-0.0075941807147844875,-0.5770026000976562,-0.28969840087890625,10.309432348632813
79.18194389343262,0.08113782553164478,0.012390505376753637,-0.007860643196004996,-0.5339069702148437,-0.27293898925781246,10.366893188476562
79.20150399208069,0.0747427259823526,0.01971822361031762,-0.0063950995492922,-0.5195417602539062,-0.27293898925781246,10.275913525390624
79.22185778617859,0.07873966320066021,0.014255742745297196,-0.007727411955394742,-0.5722141967773438,-0.2657563842773437,10.27830772705078
79.2416787147522,0.0767411945915064,0.018252679963604822,-0.006261868308681946,-0.5602431884765625,-0.2705447875976562,10.314220751953124
79.26183485984802,0.07034609504221419,0.02118376725703041,-0.006528330789902454,-0.5410895751953124,-0.27293898925781246,10.290278735351562
79.28153657913208,0.07714088831333717,0.021716692219471426,-0.0063950995492922,-0.5506663818359374,-0.28012159423828126,10.321403356933594
79.30148434638977,0.07514241970418334,0.01985145485092787,-0.004663093421358896,-0.5602431884765625,-0.2825157958984375,10.273519323730468
79.32161927223206,0.07580857590723461,0.015987748873230498,-0.006661562030512709,-0.5458779785156249,-0.258573779296875,10.290278735351562
79.34209132194519,0.07660796335089615,0.01532159267017923,-0.0014655436467127959,-0.5865794067382812,-0.277727392578125,10.36210478515625
79.36193251609802,0.07567534466662437,0.019984686091538122,-0.006128637068071691,-0.5147533569335937,-0.258573779296875,10.314220751953124
79.38164949417114,0.0720781011701475,0.022382848422522698,-0.006128637068071691,-0.5602431884765625,-0.24660277099609373,10.347739575195313
79.40176939964294,0.07261102613258852,0.016787136316892024,-0.004663093421358896,-0.5530605834960938,-0.28012159423828126,10.31661495361328
79.42173218727112,0.07460949474174233,0.021983154700691936,-0.012523736617363892,-0.5363011718749999,-0.26815058593749996,10.237606298828124
79.44166660308838,0.07327718233563979,0.016387442595061263,-0.004929555902579405,-0.5578489868164063,-0.258573779296875,10.333374365234375
79.46172952651978,0.0770076570727269,0.017719755001163805,-0.004929555902579405,-0.5602431884765625,-0.29927520751953124,10.290278735351562
79.48179388046265,0.07341041357625004,0.023315467106794475,-0.0030643185340358454,-0.5315127685546874,-0.28490999755859375,10.287884533691406
79.50198125839233,0.07301071985441929,0.017986217482384312,-0.007727411955394742,-0.5363011718749999,-0.2705447875976562,10.319009155273436
79.52181911468506,0.07327718233563979,0.018385911204215073,-0.004130168458917879,-0.5315127685546874,-0.2705447875976562,10.295067138671874
79.54166579246521,0.07594180714784488,0.01438897398590745,-0.004929555902579405,-0.5793968017578125,-0.277727392578125,10.333374365234375
79.56148409843445,0.07567534466662437,0.015854517632620246,-0.007061255752343471,-0.5410895751953124,-0.2657563842773437,10.319009155273436
79.58181095123291,0.07114548248587572,0.016653905076281773,-0.005995405827461438,-0.55545478515625,-0.2657563842773437,10.338162768554687
79.60154700279236,0.07460949474174233,0.023315467106794475,-0.009326186842717792,-0.5315127685546874,-0.258573779296875,10.283096130371094
79.62180376052856,0.0752756509447936,0.021583460978861175,-0.006794793271122962,-0.565031591796875,-0.258573779296875,10.328585961914062
79.64161133766174,0.07514241970418334,0.01052526800821008,-0.005329249624410167,-0.5482721801757812,-0.2561795776367187,10.295067138671874
79.6614019870758,0.07460949474174233,0.01851914244482533,-0.007860643196004996,-0.5434837768554687,-0.277727392578125,10.287884533691406
79.68133425712585,0.0752756509447936,0.024514548272286763,-0.006661562030512709,-0.5482721801757812,-0.258573779296875,10.280701928710936
79.7014422416687,0.0770076570727269,0.016254211354451008,-0.005062787143189658,-0.5530605834960938,-0.316034619140625,10.32379755859375
79.72172117233276,0.07434303226052183,0.019318529888486854,-0.006528330789902454,-0.5626373901367188,-0.296881005859375,10.338162768554687
79.74206686019897,0.0747427259823526,0.015854517632620246,-0.0031975497746461,-0.5602431884765625,-0.2657563842773437,10.275913525390624
79.76172471046448,0.07487595722296284,0.019984686091538122,-0.005995405827461438,-0.5434837768554687,-0.2705447875976562,10.333374365234375
79.78173589706421,0.07460949474174233,0.019984686091538122,-0.008793261880276773,-0.5746083984375,-0.277727392578125,10.244788903808594
79.80183124542236,0.07274425737319877,0.015188361429568975,-0.0063950995492922,-0.5506663818359374,-0.28730419921875,10.335768566894531
79.82185649871826,0.07407656977930133,0.021716692219471426,-0.005196018383799912,-0.5770026000976562,-0.24899697265624998,10.27830772705078
79.84169626235962,0.07714088831333717,0.019984686091538122,-0.007860643196004996,-0.5674257934570313,-0.2753331909179687,10.24718310546875
79.86189603805542,0.07394333853869106,0.013856049023466432,-0.005196018383799912,-0.55545478515625,-0.29448680419921874,10.311826550292968
79.88186001777649,0.07767381327577817,0.01212404289553313,-0.0057289433462409285,-0.5530605834960938,-0.2657563842773437,10.297461340332031
79.90153503417969,0.07434303226052183,0.02118376725703041,-0.007194486992953725,-0.55545478515625,-0.2657563842773437,10.395623608398436
79.92174243927002,0.07434303226052183,0.01345635530163567,-0.004663093421358896,-0.5386953735351562,-0.28730419921875,10.347739575195313
79.94162106513977,0.07660796335089615,0.018652373685435583,-0.003863705977697371,-0.5770026000976562,-0.2609679809570312,10.261548315429687
79.96157002449036,0.07860643196004995,0.020517611053979142,-0.011457886692481857,-0.5578489868164063,-0.28730419921875,10.295067138671874
79.98136591911316,0.07727411955394742,0.018252679963604822,-0.007194486992953725,-0.565031591796875,-0.2753331909179687,10.328585961914062
80.00156736373901,0.07620826962906538,0.01732006127933304,-0.005462480865020421,-0.5506663818359374,-0.3232172241210937,10.32379755859375
80.02157926559448,0.0767411945915064,0.0191852986478766,-0.008127105677225504,-0.5674257934570313,-0.28490999755859375,10.328585961914062
80.04172658920288,0.07820673823821919,0.015188361429568975,-0.00985911180515881,-0.55545478515625,-0.2753331909179687,10.326191760253906
80.06186056137085,0.07047932628282445,0.01945176112909711,-0.0039969372183076245,-0.5530605834960938,-0.26815058593749996,10.304643945312499
80.08152747154236,0.0770076570727269,0.01372281778285618,-0.005995405827461438,-0.5482721801757812,-0.29448680419921874,10.251971508789062
80.10149145126343,0.07434303226052183,0.01985145485092787,-0.005595712105630674,-0.5386953735351562,-0.2609679809570312,10.299855541992187
80.1216869354248,0.07420980101991156,0.017852986241774057,-0.0058621745868511835,-0.5291185668945312,-0.2657563842773437,10.314220751953124
80.14202928543091,0.07354364481686029,0.018385911204215073,-0.0039969372183076245,-0.5291185668945312,-0.2705447875976562,10.333374365234375
80.16150498390198,0.07607503838845513,0.015454823910789483,-0.006261868308681946,-0.5865794067382812,-0.26815058593749996,10.275913525390624
80.18133926391602,0.07354364481686029,0.018252679963604822,-0.00159877488732305,-0.5243301635742187,-0.16519991455078123,10.297461340332031
80.20142149925232,0.07967228188493199,0.020384379813368887,-0.006661562030512709,-0.5578489868164063,-0.26336218261718747,10.232817895507813
80.22158789634705,0.0752756509447936,0.019052067407266345,-0.005462480865020421,-0.5674257934570313,-0.296881005859375,10.357316381835936
80.2419183254242,0.08180398173469605,0.017186830038722786,-0.005062787143189658,-0.5530605834960938,-0.2705447875976562,10.326191760253906
80.26149797439575,0.07514241970418334,0.01692036755750228,-0.006661562030512709,-0.584185205078125,-0.296881005859375,10.237606298828124
80.2813675403595,0.07953905064432175,0.017186830038722786,-0.009326186842717792,-0.5267243652343749,-0.28969840087890625,10.271125122070313
80.30190300941467,0.0770076570727269,0.01958499236970736,-0.0074609494741742334,-0.5865794067382812,-0.2753331909179687,10.328585961914062
80.32155513763428,0.07367687605747056,0.020517611053979142,-0.007194486992953725,-0.5674257934570313,-0.26336218261718747,10.307038146972655
80.34186124801636,0.0747427259823526,0.015188361429568975,-0.008260336917835759,-0.5530605834960938,-0.28969840087890625,10.20887587890625
80.36150002479553,0.07607503838845513,0.015987748873230498,-0.0026646248122050836,-0.5817910034179687,-0.2537853759765625,10.268730920410155
80.38160228729248,0.07607503838845513,0.018785604926045835,-0.007860643196004996,-0.55545478515625,-0.29448680419921874,10.299855541992187
80.40140414237976,0.07434303226052183,0.022649310903743208,-0.003863705977697371,-0.5698199951171875,-0.26815058593749996,10.309432348632813
80.4216673374176,0.07780704451638844,0.01958499236970736,-0.008260336917835759,-0.5482721801757812,-0.4525041137695312,10.261548315429687
80.44184017181396,0.07634150086967564,0.01945176112909711,-0.006261868308681946,-0.5243301635742187,-0.27293898925781246,10.304643945312499
80.46164131164551,0.07740735079455767,0.020384379813368887,-0.007194486992953725,-0.5913678100585937,-0.28730419921875,10.259154113769531
80.48158144950867,0.07634150086967564,0.014921898948348467,-0.0019984686091538122,-0.5698199951171875,-0.29927520751953124,10.263942517089843
80.50153422355652,0.07447626350113207,0.01705359879811253,-0.0058621745868511835,-0.5626373901367188,-0.27293898925781246,10.39322940673828
80.52178597450256,0.07740735079455767,0.016787136316892024,-0.005595712105630674,-0.5506663818359374,-0.28730419921875,10.263942517089843
80.54197144508362,0.07540888218540386,0.022116385941302188,-0.006794793271122962,-0.5626373901367188,-0.2657563842773437,10.256759912109374
80.56166434288025,0.07341041357625004,0.021849923460081685,-0.004396630940138387,-0.5817910034179687,-0.3064578125,10.311826550292968
80.58171105384827,0.07540888218540386,0.01692036755750228,-0.0014655436467127959,-0.5913678100585937,-0.28969840087890625,10.211270080566406
80.60148525238037,0.07780704451638844,0.01971822361031762,-0.0026646248122050836,-0.5698199951171875,-0.24899697265624998,10.283096130371094
80.62158703804016,0.06808116395183987,0.015454823910789483,-0.007860643196004996,-0.5793968017578125,-0.26815058593749996,10.292672937011718
80.64185953140259,0.0770076570727269,0.017586523760553547,-0.003464012255866608,-0.5458779785156249,-0.277727392578125,10.299855541992187
80.66142463684082,0.07514241970418334,0.01372281778285618,-0.005062787143189658,-0.5578489868164063,-0.2753331909179687,10.273519323730468
80.68151831626892,0.06994640132038345,0.02131699849764067,-0.005062787143189658,-0.5602431884765625,-0.3016694091796875,10.328585961914062
80.7017674446106,0.07354364481686029,0.020384379813368887,-0.006928024511733216,-0.5793968017578125,-0.3016694091796875,10.309432348632813
80.72164392471313,0.07354364481686029,0.01692036755750228,-0.0030643185340358454,-0.5434837768554687,-0.239420166015625,10.27830772705078
80.74184799194336,0.0764747321102859,0.018918836166656093,-0.005062787143189658,-0.5434837768554687,-0.27293898925781246,10.280701928710936
80.76154041290283,0.0720781011701475,0.023581929588014985,-0.008260336917835759,-0.5889736083984375,-0.258573779296875,10.347739575195313
80.78157639503479,0.07261102613258852,0.019052067407266345,-0.0033307810152563544,-0.5267243652343749,-0.26815058593749996,10.31661495361328
80.80146932601929,0.0752756509447936,0.019052067407266345,-0.00479632466196915,-0.5410895751953124,-0.26815058593749996,10.295067138671874
80.82173609733582,0.07247779489197827,0.017586523760553547,-0.006128637068071691,-0.5602431884765625,-0.2920926025390625,10.321403356933594
80.84176921844482,0.07514241970418334,0.014921898948348467,-0.005062787143189658,-0.565031591796875,-0.28730419921875,10.330980163574218
80.8614592552185,0.0747427259823526,0.017586523760553547,-0.004396630940138387,-0.5722141967773438,-0.28730419921875,10.32379755859375
80.88157248497009,0.07780704451638844,0.018119448722994567,-0.005062787143189658,-0.5267243652343749,-0.3064578125,10.405200415039062
80.90187478065491,0.07514241970418334,0.022649310903743208,-0.006794793271122962,-0.5530605834960938,-0.27293898925781246,10.32379755859375
80.92199635505676,0.07580857590723461,0.015854517632620246,-0.0063950995492922,-0.5770026000976562,-0.30885201416015623,10.211270080566406
80.94151568412781,0.07740735079455767,0.01572128639200999,-0.004130168458917879,-0.5793968017578125,-0.28730419921875,10.299855541992187
80.96181654930115,0.07074578876404496,0.017986217482384312,-0.004529862180748642,-0.5746083984375,-0.28012159423828126,10.364498986816406
80.98143315315247,0.07420980101991156,0.01372281778285618,-0.004130168458917879,-0.5961562133789062,-0.26815058593749996,10.249577307128906
81.00159287452698,0.07394333853869106,0.018385911204215073,-0.0031975497746461,-0.5530605834960938,-0.30885201416015623,10.137049829101562
81.02158212661743,0.071811638688927,0.0191852986478766,-0.003464012255866608,-0.5602431884765625,-0.2753331909179687,10.266336718749999
81.04162430763245,0.07287748861380902,0.022249617181912446,-0.00479632466196915,-0.5746083984375,-0.27293898925781246,10.28549033203125
81.06166887283325,0.0764747321102859,0.020650842294589397,-0.006928024511733216,-0.5889736083984375,-0.277727392578125,10.287884533691406
81.08240342140198,0.07274425737319877,0.01732006127933304,-0.008127105677225504,-0.5363011718749999,-0.26815058593749996,10.266336718749999
81.10147738456726,0.07714088831333717,0.02145022973825092,-0.005595712105630674,-0.5386953735351562,-0.2920926025390625,10.206481677246094
81.12185573577881,0.07287748861380902,0.0191852986478766,-0.005062787143189658,-0.5674257934570313,-0.28012159423828126,10.326191760253906
81.1417601108551,0.07114548248587572,0.020917304775809907,-0.007860643196004996,-0.5363011718749999,-0.277727392578125,10.319009155273436
81.16149115562439,0.07634150086967564,0.015188361429568975,-0.004263399699528133,-0.5770026000976562,-0.2537853759765625,10.342951171874999
81.1818699836731,0.07540888218540386,0.018918836166656093,-0.005595712105630674,-0.5913678100585937,-0.24181436767578124,10.263942517089843
81.20152163505554,0.07634150086967564,0.017852986241774057,-0.005196018383799912,-0.5578489868164063,-0.3016694091796875,10.297461340332031
81.22170996665955,0.07634150086967564,0.015588055151399738,-0.005196018383799912,-0.5482721801757812,-0.2609679809570312,10.292672937011718
81.24170756340027,0.07114548248587572,0.014255742745297196,-0.005462480865020421,-0.5434837768554687,-0.2920926025390625,10.319009155273436
81.26162910461426,0.07141194496709623,0.01572128639200999,-0.005329249624410167,-0.5578489868164063,-0.26815058593749996,10.321403356933594
81.28135108947754,0.07487595722296284,0.01705359879811253,-0.004396630940138387,-0.5626373901367188,-0.3136404174804687,10.414777221679687
81.30139136314392,0.07434303226052183,0.01985145485092787,-0.006261868308681946,-0.5506663818359374,-0.28490999755859375,10.311826550292968
81.32147073745728,0.07594180714784488,0.020650842294589397,-0.008526799399056265,-0.565031591796875,-0.29448680419921874,10.290278735351562
81.34165215492249,0.07261102613258852,0.017186830038722786,-0.005062787143189658,-0.5626373901367188,-0.2753331909179687,10.307038146972655
81.36152648925781,0.07580857590723461,0.018252679963604822,-0.006128637068071691,-0.5482721801757812,-0.28012159423828126,10.330980163574218
81.38144111633301,0.07234456365136802,0.020517611053979142,-0.003464012255866608,-0.5722141967773438,-0.26336218261718747,10.292672937011718
81.40139698982239,0.07274425737319877,0.021583460978861175,-0.005995405827461438,-0.5506663818359374,-0.3184288208007812,10.295067138671874
81.42169904708862,0.07767381327577817,0.016387442595061263,-0.0058621745868511835,-0.5674257934570313,-0.29927520751953124,10.319009155273436
81.44143152236938,0.07141194496709623,0.018918836166656093,-0.006528330789902454,-0.5458779785156249,-0.2705447875976562,10.309432348632813
81.46147775650024,0.07660796335089615,0.016254211354451008,-0.0058621745868511835,-0.5410895751953124,-0.24899697265624998,10.340556970214843
81.48146533966064,0.07754058203516792,0.018385911204215073,-0.0039969372183076245,-0.5746083984375,-0.2825157958984375,10.295067138671874
81.50137281417847,0.07434303226052183,0.018119448722994567,-0.004263399699528133,-0.5434837768554687,-0.3016694091796875,10.328585961914062
81.52149295806885,0.071811638688927,0.01971822361031762,-0.006261868308681946,-0.5674257934570313,-0.2705447875976562,10.275913525390624
81.54153513908386,0.07194486992953725,0.013989280264076687,-0.006928024511733216,-0.5793968017578125,-0.30406361083984373,10.359710583496094
81.56182074546814,0.07420980101991156,0.02131699849764067,-0.005595712105630674,-0.565031591796875,-0.4333505004882812,10.280701928710936
81.5817642211914,0.07634150086967564,0.017986217482384312,-0.005995405827461438,-0.5363011718749999,-0.26815058593749996,10.304643945312499
81.60164761543274,0.07940581940371148,0.017186830038722786,-0.0031975497746461,-0.5602431884765625,-0.28012159423828126,10.268730920410155
81.62152862548828,0.0750091884635731,0.018385911204215073,-0.005062787143189658,-0.5626373901367188,-0.27293898925781246,10.297461340332031
81.64169263839722,0.07767381327577817,0.016254211354451008,-0.006128637068071691,-0.5746083984375,-0.25139117431640623,10.340556970214843
81.66167640686035,0.07727411955394742,0.01971822361031762,-0.0033307810152563544,-0.5602431884765625,-0.2920926025390625,10.350133776855468
81.6814067363739,0.0750091884635731,0.021849923460081685,-0.008127105677225504,-0.5578489868164063,-0.29448680419921874,10.319009155273436
81.70149803161621,0.0767411945915064,0.01505513018895872,-0.009459418083328047,-0.5482721801757812,-0.26336218261718747,10.345345373535155
81.72150993347168,0.07594180714784488,0.015854517632620246,-0.005062787143189658,-0.5315127685546874,-0.277727392578125,10.311826550292968
81.74152493476868,0.07101225124526546,0.02011791733214838,-0.009326186842717792,-0.55545478515625,-0.2920926025390625,10.314220751953124
81.76179194450378,0.0752756509447936,0.017719755001163805,-0.005462480865020421,-0.5674257934570313,-0.28730419921875,10.357316381835936
81.78144025802612,0.07540888218540386,0.018252679963604822,-0.007727411955394742,-0.5674257934570313,-0.2753331909179687,10.345345373535155
81.80146288871765,0.07833996947882944,0.016653905076281773,-0.007061255752343471,-0.5793968017578125,-0.2561795776367187,10.314220751953124
81.82158374786377,0.07514241970418334,0.01372281778285618,-0.0026646248122050836,-0.5746083984375,-0.29448680419921874,10.35492218017578
81.84153151512146,0.07274425737319877,0.017986217482384312,-0.007194486992953725,-0.5410895751953124,-0.22744915771484372,10.309432348632813
81.86156821250916,0.07660796335089615,0.02078407353519965,-0.0014655436467127959,-0.5506663818359374,-0.3064578125,10.290278735351562
81.88157248497009,0.07833996947882944,0.018252679963604822,-0.004263399699528133,-0.5386953735351562,-0.29448680419921874,10.304643945312499
81.90158295631409,0.0752756509447936,0.02371516082862524,-0.004929555902579405,-0.5147533569335937,-0.28969840087890625,10.328585961914062
81.9220519065857,0.07167840744831674,0.015588055151399738,-0.0058621745868511835,-0.5698199951171875,-0.28969840087890625,10.271125122070313
81.94172263145447,0.07807350699760894,0.0191852986478766,-0.005462480865020421,-0.5913678100585937,-0.277727392578125,10.287884533691406
81.96182012557983,0.07274425737319877,0.022249617181912446,-0.002797856052815337,-0.5363011718749999,-0.28730419921875,10.321403356933594
81.98159790039062,0.07767381327577817,0.020917304775809907,-0.005329249624410167,-0.5817910034179687,-0.3112462158203125,10.342951171874999
82.00156569480896,0.0750091884635731,0.01572128639200999,-0.0063950995492922,-0.5698199951171875,-0.29927520751953124,10.261548315429687
82.02161502838135,0.0671485452675681,0.01732006127933304,-0.0029310872934255917,-0.5722141967773438,-0.258573779296875,10.330980163574218
82.04172682762146,0.07860643196004995,0.01732006127933304,-0.005062787143189658,-0.5506663818359374,-0.23702596435546874,10.287884533691406
82.06164836883545,0.07634150086967564,0.020917304775809907,-0.004396630940138387,-0.5602431884765625,-0.2705447875976562,10.340556970214843
82.08240413665771,0.0750091884635731,0.020251148572758632,-0.0058621745868511835,-0.5578489868164063,-0.2561795776367187,10.27830772705078
82.10140252113342,0.0752756509447936,0.013856049023466432,-0.0035972434964768626,-0.584185205078125,-0.26815058593749996,10.302249743652343
82.12140417098999,0.07354364481686029,0.013989280264076687,-0.004663093421358896,-0.5793968017578125,-0.26815058593749996,10.311826550292968
82.14170932769775,0.07261102613258852,0.019984686091538122,-0.0095926493239383,-0.59376201171875,-0.26336218261718747,10.160991845703125
82.16146874427795,0.07687442583211665,0.014921898948348467,-0.008127105677225504,-0.5602431884765625,-0.28730419921875,10.299855541992187
82.18150401115417,0.07487595722296284,0.01985145485092787,-0.005062787143189658,-0.5530605834960938,-0.2561795776367187,10.338162768554687
82.20139670372009,0.07607503838845513,0.01958499236970736,-0.007194486992953725,-0.5482721801757812,-0.2657563842773437,10.223241088867187
82.22218346595764,0.07567534466662437,0.015987748873230498,-0.005062787143189658,-0.5961562133789062,-0.28490999755859375,10.283096130371094
82.24154090881348,0.0764747321102859,0.017453292519943295,-0.004263399699528133,-0.5410895751953124,-0.3016694091796875,10.357316381835936
82.2615213394165,0.07301071985441929,0.022649310903743208,-0.0031975497746461,-0.5817910034179687,-0.28490999755859375,10.314220751953124
82.28146576881409,0.07913935692249098,0.020517611053979142,-0.004929555902579405,-0.5817910034179687,-0.2753331909179687,10.28549033203125
82.30146503448486,0.07620826962906538,0.02078407353519965,-0.0033307810152563544,-0.5506663818359374,-0.2609679809570312,10.275913525390624
82.32168817520142,0.07634150086967564,0.021716692219471426,-0.006261868308681946,-0.5626373901367188,-0.28012159423828126,10.287884533691406
82.34167981147766,0.07833996947882944,0.021716692219471426,-0.0035972434964768626,-0.5698199951171875,-0.277727392578125,10.259154113769531
82.36166501045227,0.0752756509447936,0.020917304775809907,-0.0063950995492922,-0.5889736083984375,-0.28730419921875,10.31661495361328
82.38157987594604,0.07900612568188072,0.02078407353519965,-0.005329249624410167,-0.5698199951171875,-0.29927520751953124,10.345345373535155
82.40141415596008,0.07341041357625004,0.01851914244482533,-0.006928024511733216,-0.5147533569335937,-0.2825157958984375,10.333374365234375
82.42155766487122,0.07261102613258852,0.01945176112909711,-0.0035972434964768626,-0.5698199951171875,-0.25139117431640623,10.307038146972655
82.44164443016052,0.0752756509447936,0.022116385941302188,-0.007727411955394742,-0.5363011718749999,-0.30885201416015623,10.311826550292968
82.4613573551178,0.0752756509447936,0.016120980113840753,-0.004263399699528133,-0.565031591796875,-0.28490999755859375,10.333374365234375
82.48146200180054,0.07314395109502954,0.018652373685435583,-0.0058621745868511835,-0.5578489868164063,-0.23223756103515625,10.273519323730468
82.5014488697052,0.07261102613258852,0.01732006127933304,-0.0037304747370871167,-0.5267243652343749,-0.28730419921875,10.290278735351562
82.52180337905884,0.07607503838845513,0.018119448722994567,-0.004929555902579405,-0.5315127685546874,-0.2753331909179687,10.330980163574218
82.54149508476257,0.0767411945915064,0.01692036755750228,-0.0073277182335639785,-0.5147533569335937,-0.29927520751953124,10.27830772705078
82.56135201454163,0.07767381327577817,0.017719755001163805,-0.008393568158446012,-0.5386953735351562,-0.277727392578125,10.338162768554687
82.58189916610718,0.07114548248587572,0.017719755001163805,-0.004263399699528133,-0.5626373901367188,-0.2657563842773437,10.268730920410155
82.60152459144592,0.07687442583211665,0.01958499236970736,-0.006661562030512709,-0.5363011718749999,-0.2657563842773437,10.350133776855468
82.62152290344238,0.07607503838845513,0.017586523760553547,-0.008393568158446012,-0.6009446166992187,-0.277727392578125,10.290278735351562
82.64176082611084,0.07341041357625004,0.01958499236970736,-0.0035972434964768626,-0.5770026000976562,-0.3280056274414062,10.266336718749999
82.66147899627686,0.0752756509447936,0.018652373685435583,-0.004929555902579405,-0.565031591796875,-0.2705447875976562,10.302249743652343
82.68166661262512,0.07687442583211665,0.016254211354451008,-0.005462480865020421,-0.5674257934570313,-0.2753331909179687,10.32379755859375
82.70135879516602,0.071811638688927,0.014122511504686942,-0.004929555902579405,-0.5410895751953124,-0.2753331909179687,10.273519323730468
82.72142505645752,0.0747427259823526,0.023182235866184224,-0.009725880564548555,-0.5817910034179687,-0.2657563842773437,10.347739575195313
82.74149346351624,0.07514241970418334,0.018385911204215073,-0.004396630940138387,-0.5315127685546874,-0.43574470214843747,10.352527978515624
82.76140570640564,0.0770076570727269,0.01705359879811253,-0.0031975497746461,-0.565031591796875,-0.2825157958984375,10.32379755859375
82.78177738189697,0.07567534466662437,0.016387442595061263,-0.007993874436615249,-0.565031591796875,-0.27293898925781246,10.31661495361328
82.80162763595581,0.07873966320066021,0.01971822361031762,-0.007061255752343471,-0.565031591796875,-0.25139117431640623,10.36210478515625
82.82145595550537,0.07194486992953725,0.023049004625573973,-0.0033307810152563544,-0.5817910034179687,-0.2609679809570312,10.235212097167969
82.84163880348206,0.07234456365136802,0.01985145485092787,-0.00866003063966652,-0.5865794067382812,-0.2609679809570312,10.352527978515624
82.86162400245667,0.07434303226052183,0.014255742745297196,-0.0033307810152563544,-0.5889736083984375,-0.23223756103515625,10.333374365234375
82.88139009475708,0.07540888218540386,0.02078407353519965,-0.0037304747370871167,-0.5626373901367188,-0.2657563842773437,10.347739575195313
82.90149188041687,0.07807350699760894,0.019984686091538122,-0.0063950995492922,-0.5339069702148437,-0.296881005859375,10.273519323730468
82.92161059379578,0.08180398173469605,0.020251148572758632,-0.002531393571594829,-0.5578489868164063,-0.24660277099609373,10.292672937011718
82.94148683547974,0.07114548248587572,0.02398162330984575,-0.006528330789902454,-0.5530605834960938,-0.28490999755859375,10.309432348632813
82.96148562431335,0.0750091884635731,0.01971822361031762,-0.0026646248122050836,-0.5674257934570313,-0.2825157958984375,10.31661495361328
82.98153376579285,0.07754058203516792,0.01945176112909711,-0.007061255752343471,-0.5626373901367188,-0.2561795776367187,10.314220751953124
83.00170135498047,0.07554211342601411,0.01572128639200999,-0.0035972434964768626,-0.5817910034179687,-0.277727392578125,10.266336718749999
83.02174758911133,0.07554211342601411,0.01971822361031762,-0.005595712105630674,-0.5770026000976562,-0.2753331909179687,10.32379755859375
83.04174780845642,0.07447626350113207,0.016254211354451008,-0.004663093421358896,-0.55545478515625,-0.28730419921875,10.295067138671874
83.06176567077637,0.07660796335089615,0.022382848422522698,-0.009459418083328047,-0.5578489868164063,-0.26336218261718747,10.27830772705078
83.08247590065002,0.07727411955394742,0.02131699849764067,-0.004929555902579405,-0.565031591796875,-0.23702596435546874,10.304643945312499
83.10131239891052,0.08087136305042428,0.023448698347404734,-0.010791730489430587,-0.5674257934570313,-0.2920926025390625,10.328585961914062
83.12163400650024,0.07980551312554225,0.020251148572758632,-0.0063950995492922,-0.5506663818359374,-0.26336218261718747,10.311826550292968
83.14155912399292,0.0764747321102859,0.017986217482384312,-0.0018652373685435584,-0.5698199951171875,-0.29927520751953124,10.24000050048828
83.16151809692383,0.08100459429103453,0.01572128639200999,-0.006661562030512709,-0.5674257934570313,-0.2561795776367187,10.328585961914062
83.18141102790833,0.07660796335089615,0.021716692219471426,-0.009059724361497283,-0.5386953735351562,-0.28969840087890625,10.283096130371094
83.20136642456055,0.07287748861380902,0.01505513018895872,-0.005329249624410167,-0.5746083984375,-0.29927520751953124,10.321403356933594
83.22179841995239,0.07460949474174233,0.019318529888486854,-0.005329249624410167,-0.55545478515625,-0.2657563842773437,10.271125122070313
83.24170136451721,0.07394333853869106,0.01692036755750228,-0.0006661562030512709,-0.5602431884765625,-0.258573779296875,10.290278735351562
83.26144576072693,0.07660796335089615,0.018252679963604822,-0.003464012255866608,-0.5530605834960938,-0.277727392578125,10.287884533691406
83.2816801071167,0.07261102613258852,0.013989280264076687,-0.0035972434964768626,-0.59376201171875,-0.296881005859375,10.381258398437499
83.30137062072754,0.07301071985441929,0.015588055151399738,-0.009192955602107537,-0.5770026000976562,-0.28730419921875,10.122684619140625
83.32142114639282,0.07287748861380902,0.017186830038722786,-0.008526799399056265,-0.5434837768554687,-0.28969840087890625,10.412383020019531
83.34147214889526,0.0738101072980808,0.0191852986478766,-0.0035972434964768626,-0.5482721801757812,-0.27293898925781246,10.307038146972655
83.36141633987427,0.07900612568188072,0.016120980113840753,-0.0021316998497640663,-0.5339069702148437,-0.2705447875976562,10.302249743652343
83.38145089149475,0.07754058203516792,0.018385911204215073,-0.006128637068071691,-0.5602431884765625,-0.30406361083984373,10.290278735351562
83.40139365196228,0.07634150086967564,0.017586523760553547,-0.0063950995492922,-0.5482721801757812,-0.2537853759765625,10.326191760253906
83.42130875587463,0.07580857590723461,0.015854517632620246,-0.0074609494741742334,-0.5386953735351562,-0.24660277099609373,10.330980163574218
83.44139003753662,0.071811638688927,0.019318529888486854,-0.0063950995492922,-0.5530605834960938,-0.25139117431640623,10.35492218017578
83.4612820148468,0.07301071985441929,0.014921898948348467,-0.005062787143189658,-0.5530605834960938,-0.26336218261718747,10.352527978515624
83.48155689239502,0.07820673823821919,0.018385911204215073,-0.006928024511733216,-0.5434837768554687,-0.28730419921875,10.283096130371094
83.50138902664185,0.0767411945915064,0.020917304775809907,-0.002797856052815337,-0.565031591796875,-0.2609679809570312,10.340556970214843
83.52143168449402,0.07727411955394742,0.018119448722994567,-0.0026646248122050836,-0.5817910034179687,-0.25139117431640623,10.302249743652343
83.5417127609253,0.0752756509447936,0.01572128639200999,-0.004929555902579405,-0.5698199951171875,-0.2657563842773437,10.256759912109374
83.56147003173828,0.07247779489197827,0.017586523760553547,-0.01185758041431262,-0.5291185668945312,-0.29927520751953124,10.287884533691406
83.58155345916748,0.07727411955394742,0.017986217482384312,-0.006794793271122962,-0.5674257934570313,-0.2825157958984375,10.338162768554687
83.60171818733215,0.07460949474174233,0.018252679963604822,-0.004929555902579405,-0.584185205078125,-0.26815058593749996,10.280701928710936
83.62158250808716,0.07394333853869106,0.020517611053979142,-0.00479632466196915,-0.5578489868164063,-0.28012159423828126,10.268730920410155
83.64172053337097,0.07580857590723461,0.018119448722994567,-0.004529862180748642,-0.5506663818359374,-0.296881005859375,10.307038146972655
83.66142535209656,0.0750091884635731,0.018385911204215073,-0.0039969372183076245,-0.5506663818359374,-0.2705447875976562,10.31661495361328
83.6813132762909,0.07567534466662437,0.020517611053979142,-0.006928024511733216,-0.5602431884765625,-0.2920926025390625,10.31661495361328
83.7013087272644,0.07007963256099368,0.01971822361031762,-0.006128637068071691,-0.5626373901367188,-0.3016694091796875,10.342951171874999
83.72180461883545,0.07447626350113207,0.02011791733214838,-0.004529862180748642,-0.5770026000976562,-0.2825157958984375,10.266336718749999
83.74167609214783,0.07767381327577817,0.016520673835671518,-0.005462480865020421,-0.5530605834960938,-0.2705447875976562,10.275913525390624
83.76137256622314,0.07367687605747056,0.017719755001163805,-0.010392036767599824,-0.5386953735351562,-0.2705447875976562,10.273519323730468
83.78138542175293,0.07514241970418334,0.018652373685435583,-0.004263399699528133,-0.5506663818359374,-0.28490999755859375,10.27830772705078
83.80139327049255,0.07660796335089615,0.01505513018895872,-0.005595712105630674,-0.5817910034179687,-0.27293898925781246,10.328585961914062
83.82182621955872,0.0767411945915064,0.014255742745297196,-0.005595712105630674,-0.5770026000976562,-0.28969840087890625,10.314220751953124
83.84176707267761,0.07740735079455767,0.02011791733214838,-0.0057289433462409285,-0.5578489868164063,-0.2657563842773437,10.335768566894531
83.86179709434509,0.07167840744831674,0.010924961730040842,-0.008260336917835759,-0.5602431884765625,-0.28490999755859375,10.297461340332031
83.88139224052429,0.07487595722296284,0.022249617181912446,-0.007061255752343471,-0.5698199951171875,-0.2609679809570312,10.280701928710936
83.90155959129333,0.07847320071943971,0.01572128639200999,-0.0010658499248820332,-0.5626373901367188,-0.2561795776367187,10.249577307128906
83.92169451713562,0.07540888218540386,0.017186830038722786,-0.007061255752343471,-0.5698199951171875,-0.27293898925781246,10.319009155273436
83.94172382354736,0.07420980101991156,0.015854517632620246,-0.006528330789902454,-0.5889736083984375,-0.24899697265624998,10.35492218017578
83.96151518821716,0.0752756509447936,0.018119448722994567,-0.0031975497746461,-0.5626373901367188,-0.2561795776367187,10.271125122070313
83.98146080970764,0.0747427259823526,0.018385911204215073,-0.00479632466196915,-0.55545478515625,-0.2920926025390625,10.330980163574218
84.00132989883423,0.07354364481686029,0.012390505376753637,-0.006661562030512709,-0.5889736083984375,-0.2609679809570312,10.273519323730468
84.02149534225464,0.071811638688927,0.02105053601642016,-0.006261868308681946,-0.584185205078125,-0.3016694091796875,10.194510668945313
84.0414924621582,0.07620826962906538,0.014122511504686942,-0.006261868308681946,-0.5291185668945312,-0.277727392578125,10.302249743652343
84.0614321231842,0.0767411945915064,0.01945176112909711,-0.004263399699528133,-0.5434837768554687,-0.29448680419921874,10.271125122070313
84.08241581916809,0.07953905064432175,0.0191852986478766,-0.01052526800821008,-0.5386953735351562,-0.2705447875976562,10.287884533691406
84.10140633583069,0.07367687605747056,0.020517611053979142,-0.004529862180748642,-0.5099649536132812,-0.2825157958984375,10.261548315429687
84.12154507637024,0.0688805513955014,0.016387442595061263,-0.0039969372183076245,-0.5530605834960938,-0.28490999755859375,10.328585961914062
84.14160513877869,0.0770076570727269,0.01692036755750228,-0.002398162330984575,-0.5674257934570313,-0.2537853759765625,10.407594616699217
84.1614420413971,0.07540888218540386,0.02011791733214838,-0.010658499248820334,-0.5602431884765625,-0.3016694091796875,10.290278735351562
84.18148374557495,0.0750091884635731,0.013989280264076687,-0.004263399699528133,-0.59376201171875,-0.28730419921875,10.31661495361328
84.20146465301514,0.0814042880128653,0.017453292519943295,-0.007993874436615249,-0.5674257934570313,-0.258573779296875,10.283096130371094
84.22136855125427,0.07554211342601411,0.015588055151399738,-0.005462480865020421,-0.565031591796875,-0.277727392578125,10.309432348632813
84.24179244041443,0.07460949474174233,0.015987748873230498,-0.004663093421358896,-0.5698199951171875,-0.2753331909179687,10.319009155273436
84.26146817207336,0.07780704451638844,0.014921898948348467,-0.006794793271122962,-0.5458779785156249,-0.3016694091796875,10.280701928710936
84.28143048286438,0.07301071985441929,0.019052067407266345,-0.003863705977697371,-0.5626373901367188,-0.2753331909179687,10.302249743652343
84.30139923095703,0.07287748861380902,0.017453292519943295,-0.007061255752343471,-0.5315127685546874,-0.296881005859375,10.321403356933594
84.3225257396698,0.0770076570727269,0.01945176112909711,-0.005062787143189658,-0.5985504150390625,-0.28969840087890625,10.390835205078124
84.34167909622192,0.0738101072980808,0.01692036755750228,-0.004263399699528133,-0.5363011718749999,-0.277727392578125,10.314220751953124
84.36158180236816,0.07540888218540386,0.01851914244482533,-0.0039969372183076245,-0.5458779785156249,-0.29927520751953124,10.338162768554687
84.38143658638,0.07727411955394742,0.018252679963604822,-0.003464012255866608,-0.5889736083984375,-0.2609679809570312,10.338162768554687
84.4014220237732,0.0750091884635731,0.017186830038722786,-0.003863705977697371,-0.5698199951171875,-0.28969840087890625,10.333374365234375
84.42180371284485,0.07620826962906538,0.02105053601642016,-0.004263399699528133,-0.5746083984375,-0.2705447875976562,10.268730920410155
84.44170451164246,0.0764747321102859,0.015188361429568975,-0.006261868308681946,-0.5458779785156249,-0.2920926025390625,10.309432348632813
84.46153330802917,0.07807350699760894,0.023049004625573973,-0.007194486992953725,-0.5913678100585937,-0.25139117431640623,10.364498986816406
84.48139691352844,0.07487595722296284,0.018119448722994567,-0.01052526800821008,-0.5363011718749999,-0.2705447875976562,10.28549033203125
84.50138258934021,0.0752756509447936,0.021849923460081685,-0.007860643196004996,-0.5315127685546874,-0.23223756103515625,10.304643945312499
84.52159881591797,0.07394333853869106,0.02371516082862524,-0.006928024511733216,-0.5386953735351562,-0.28012159423828126,10.254365710449218
84.54169631004333,0.07940581940371148,0.01985145485092787,-0.005995405827461438,-0.5698199951171875,-0.2561795776367187,10.366893188476562
84.56143021583557,0.0747427259823526,0.014788667707738212,-0.011324655451871604,-0.5482721801757812,-0.27293898925781246,10.347739575195313
84.58183073997498,0.07807350699760894,0.015454823910789483,-0.002531393571594829,-0.55545478515625,-0.2753331909179687,10.184933862304687
84.60141968727112,0.0816707504940858,0.014655436467127957,-0.0073277182335639785,-0.5698199951171875,-0.3184288208007812,10.335768566894531
84.62239503860474,0.07767381327577817,0.0191852986478766,-0.0018652373685435584,-0.5482721801757812,-0.28490999755859375,10.292672937011718
84.64191603660583,0.0770076570727269,0.019052067407266345,-0.005062787143189658,-0.5123591552734374,-0.24660277099609373,10.347739575195313
84.66144013404846,0.07447626350113207,0.01971822361031762,-0.004929555902579405,-0.5746083984375,-0.2705447875976562,10.347739575195313
84.68143558502197,0.07660796335089615,0.015588055151399738,-0.007061255752343471,-0.5626373901367188,-0.28969840087890625,10.177751257324218
84.70144510269165,0.07074578876404496,0.019318529888486854,-0.006261868308681946,-0.5243301635742187,-0.2609679809570312,10.314220751953124
84.72232222557068,0.07780704451638844,0.016387442595061263,-0.006794793271122962,-0.51714755859375,-0.29927520751953124,10.232817895507813
84.74162077903748,0.07594180714784488,0.017719755001163805,-0.004263399699528133,-0.5410895751953124,-0.29448680419921874,10.338162768554687
84.76156282424927,0.07873966320066021,0.018119448722994567,-0.004663093421358896,-0.5865794067382812,-0.2825157958984375,10.275913525390624
84.78162002563477,0.07687442583211665,0.018652373685435583,-0.002398162330984575,-0.6009446166992187,-0.28012159423828126,10.328585961914062
84.80172061920166,0.07594180714784488,0.01372281778285618,-0.005062787143189658,-0.584185205078125,-0.2825157958984375,10.251971508789062
84.82179355621338,0.07061255752343472,0.02011791733214838,-0.003863705977697371,-0.5626373901367188,-0.30406361083984373,10.292672937011718
84.84172677993774,0.07394333853869106,0.01692036755750228,-0.010392036767599824,-0.5578489868164063,-0.296881005859375,10.347739575195313
84.861323595047,0.07247779489197827,0.018652373685435583,-0.006528330789902454,-0.5506663818359374,-0.2825157958984375,10.297461340332031
84.88148617744446,0.0750091884635731,0.0191852986478766,-0.006528330789902454,-0.5578489868164063,-0.2705447875976562,10.249577307128906
84.90145134925842,0.07714088831333717,0.01945176112909711,-0.006128637068071691,-0.565031591796875,-0.2657563842773437,10.28549033203125
84.92204070091248,0.07354364481686029,0.02105053601642016,-0.009192955602107537,-0.5410895751953124,-0.277727392578125,10.364498986816406
84.94162273406982,0.07540888218540386,0.02145022973825092,-0.0074609494741742334,-0.59376201171875,-0.2705447875976562,10.330980163574218
84.96275925636292,0.07580857590723461,0.02011791733214838,-0.005462480865020421,-0.5530605834960938,-0.24899697265624998,10.280701928710936
84.98142290115356,0.07127871372648598,0.01851914244482533,-0.0074609494741742334,-0.5698199951171875,-0.24181436767578124,10.347739575195313
85.00141072273254,0.07567534466662437,0.02105053601642016,-0.003863705977697371,-0.5865794067382812,-0.28012159423828126,10.330980163574218
85.02204084396362,0.07327718233563979,0.01945176112909711,-0.005196018383799912,-0.5578489868164063,-0.28730419921875,10.268730920410155
85.04185700416565,0.07274425737319877,0.01958499236970736,-0.003464012255866608,-0.59376201171875,-0.28969840087890625,10.304643945312499
85.0614070892334,0.0750091884635731,0.01971822361031762,-0.010258805526989571,-0.5817910034179687,-0.28012159423828126,10.307038146972655
85.08150005340576,0.07847320071943971,0.018785604926045835,-0.0058621745868511835,-0.5674257934570313,-0.24899697265624998,10.251971508789062
85.10134434700012,0.07047932628282445,0.013989280264076687,-0.008526799399056265,-0.5410895751953124,-0.28730419921875,10.330980163574218
85.12208795547485,0.07634150086967564,0.018785604926045835,-0.005462480865020421,-0.5339069702148437,-0.2920926025390625,10.321403356933594
85.141606092453,0.0750091884635731,0.01732006127933304,-0.004929555902579405,-0.5889736083984375,-0.28730419921875,10.295067138671874
85.16160416603088,0.07607503838845513,0.02118376725703041,-0.0063950995492922,-0.5793968017578125,-0.29927520751953124,10.39322940673828
85.18170714378357,0.07714088831333717,0.018918836166656093,-0.008393568158446012,-0.584185205078125,-0.28012159423828126,10.359710583496094
85.20184302330017,0.07367687605747056,0.01692036755750228,-0.005995405827461438,-0.5434837768554687,-0.45489831542968745,10.271125122070313
85.22194218635559,0.0767411945915064,0.023448698347404734,-0.0063950995492922,-0.5817910034179687,-0.28012159423828126,10.295067138671874
85.24145841598511,0.07354364481686029,0.01945176112909711,-0.0031975497746461,-0.5458779785156249,-0.2920926025390625,10.244788903808594
85.26135635375977,0.0767411945915064,0.02105053601642016,-0.004529862180748642,-0.5626373901367188,-0.258573779296875,10.244788903808594
85.28177094459534,0.07367687605747056,0.020384379813368887,-0.005329249624410167,-0.565031591796875,-0.2609679809570312,10.304643945312499
85.30133700370789,0.07580857590723461,0.02371516082862524,-0.0063950995492922,-0.5578489868164063,-0.2537853759765625,10.32379755859375
85.32194685935974,0.07487595722296284,0.02398162330984575,-0.0033307810152563544,-0.5770026000976562,-0.2825157958984375,10.333374365234375
85.34148287773132,0.07754058203516792,0.0191852986478766,-0.005329249624410167,-0.5889736083984375,-0.2561795776367187,10.314220751953124
85.36134552955627,0.07714088831333717,0.017852986241774057,-0.003464012255866608,-0.5674257934570313,-0.28012159423828126,10.328585961914062
85.38158130645752,0.0767411945915064,0.015454823910789483,-0.005196018383799912,-0.5482721801757812,-0.28012159423828126,10.338162768554687
85.40176606178284,0.07221133241075775,0.015588055151399738,-0.0009326186842717792,-0.5482721801757812,-0.33518823242187495,10.364498986816406
85.42159962654114,0.06941347635794241,0.016787136316892024,-0.005196018383799912,-0.5793968017578125,-0.26336218261718747,10.302249743652343
85.44146656990051,0.07607503838845513,0.02105053601642016,-0.0075941807147844875,-0.584185205078125,-0.2753331909179687,10.359710583496094
85.4613208770752,0.07794027575699868,0.01572128639200999,-0.007727411955394742,-0.5865794067382812,-0.15562310791015624,10.275913525390624
85.48168659210205,0.07367687605747056,0.017986217482384312,-0.0057289433462409285,-0.55545478515625,-0.25139117431640623,10.280701928710936
85.50186228752136,0.07714088831333717,0.014921898948348467,-0.0063950995492922,-0.5339069702148437,-0.28969840087890625,10.32379755859375
85.52165293693542,0.07354364481686029,0.016520673835671518,-0.007727411955394742,-0.5578489868164063,-0.2753331909179687,10.249577307128906
85.54129028320312,0.07394333853869106,0.021849923460081685,-0.0033307810152563544,-0.5817910034179687,-0.28730419921875,10.31661495361328
85.56134748458862,0.07913935692249098,0.015588055151399738,-0.0074609494741742334,-0.5602431884765625,-0.2657563842773437,10.263942517089843
85.58166265487671,0.07727411955394742,0.02531393571594829,-0.0063950995492922,-0.5506663818359374,-0.28012159423828126,10.333374365234375
85.60148453712463,0.07420980101991156,0.020917304775809907,-0.004263399699528133,-0.5961562133789062,-0.28012159423828126,10.330980163574218
85.62152123451233,0.07767381327577817,0.02078407353519965,-0.005595712105630674,-0.5602431884765625,-0.239420166015625,10.304643945312499
85.64213490486145,0.07420980101991156,0.015188361429568975,-0.009459418083328047,-0.5530605834960938,-0.296881005859375,10.299855541992187
85.66185164451599,0.07420980101991156,0.02011791733214838,-0.005595712105630674,-0.5746083984375,-0.2657563842773437,10.287884533691406
85.68126511573792,0.0752756509447936,0.01945176112909711,-0.006261868308681946,-0.5602431884765625,-0.3064578125,10.342951171874999
85.70161437988281,0.07567534466662437,0.019984686091538122,-0.007061255752343471,-0.5506663818359374,-0.2657563842773437,10.374075793457031
85.72171831130981,0.07194486992953725,0.021983154700691936,-0.0030643185340358454,-0.5458779785156249,-0.28490999755859375,10.295067138671874
85.74149680137634,0.07580857590723461,0.020650842294589397,-0.006261868308681946,-0.565031591796875,-0.2753331909179687,10.352527978515624
85.76143908500671,0.07620826962906538,0.017852986241774057,-0.005462480865020421,-0.5698199951171875,-0.3184288208007812,10.340556970214843
85.78148770332336,0.07847320071943971,0.013056661579804908,-0.007993874436615249,-0.5363011718749999,-0.29927520751953124,10.302249743652343
85.80145716667175,0.07780704451638844,0.019052067407266345,-0.007993874436615249,-0.5458779785156249,-0.277727392578125,10.36210478515625
85.82153344154358,0.07740735079455767,0.018252679963604822,-0.005595712105630674,-0.5578489868164063,-0.28012159423828126,10.335768566894531
85.8415036201477,0.0770076570727269,0.024114854550456002,-0.006261868308681946,-0.5602431884765625,-0.3064578125,10.333374365234375
85.86131978034973,0.07367687605747056,0.01505513018895872,-0.008393568158446012,-0.5793968017578125,-0.2920926025390625,10.31661495361328
85.88139867782593,0.07794027575699868,0.015454823910789483,-0.005462480865020421,-0.5363011718749999,-0.2657563842773437,10.307038146972655
85.90183997154236,0.07447626350113207,0.018918836166656093,-0.004529862180748642,-0.5410895751953124,-0.2920926025390625,10.335768566894531
85.92205023765564,0.0767411945915064,0.01505513018895872,-0.004529862180748642,-0.5243301635742187,-0.2753331909179687,10.287884533691406
85.94188165664673,0.07900612568188072,0.015188361429568975,-0.005595712105630674,-0.5698199951171875,-0.28730419921875,10.326191760253906
85.96169185638428,0.07074578876404496,0.022649310903743208,-0.008793261880276773,-0.5195417602539062,-0.29448680419921874,10.273519323730468
85.98139786720276,0.07087902000465522,0.018652373685435583,-0.007061255752343471,-0.5770026000976562,-0.258573779296875,10.304643945312499
86.00138759613037,0.07847320071943971,0.018785604926045835,-0.006261868308681946,-0.6081272216796875,-0.2657563842773437,10.290278735351562
86.02194356918335,0.07314395109502954,0.01692036755750228,-0.004130168458917879,-0.5434837768554687,-0.2705447875976562,10.292672937011718
86.0416464805603,0.07047932628282445,0.022516079663132953,-0.004929555902579405,-0.5291185668945312,-0.2442085693359375,10.357316381835936
86.06195187568665,0.0770076570727269,0.019318529888486854,-0.003464012255866608,-0.5602431884765625,-0.2657563842773437,10.251971508789062
86.08234214782715,0.07274425737319877,0.020517611053979142,-0.008127105677225504,-0.5410895751953124,-0.2753331909179687,10.359710583496094
86.1017496585846,0.07434303226052183,0.01505513018895872,-0.006928024511733216,-0.5243301635742187,-0.29448680419921874,10.292672937011718
86.12205028533936,0.07460949474174233,0.018119448722994567,-0.008926493120887028,-0.5698199951171875,-0.2561795776367187,10.292672937011718
86.1415057182312,0.07767381327577817,0.01971822361031762,-0.0057289433462409285,-0.5865794067382812,-0.2346317626953125,10.345345373535155
86.16155934333801,0.0764747321102859,0.017186830038722786,-0.0037304747370871167,-0.46208092041015625,-0.28490999755859375,10.299855541992187
86.18136954307556,0.07354364481686029,0.017852986241774057,-0.004663093421358896,-0.5458779785156249,-0.16041151123046873,10.299855541992187
86.20160818099976,0.07620826962906538,0.01692036755750228,-0.0029310872934255917,-0.5602431884765625,-0.2537853759765625,10.326191760253906
86.22167253494263,0.0738101072980808,0.018785604926045835,-0.005329249624410167,-0.55545478515625,-0.28490999755859375,10.307038146972655
86.24167156219482,0.071811638688927,0.014921898948348467,-0.004929555902579405,-0.5315127685546874,-0.28490999755859375,10.28549033203125
86.26179265975952,0.07034609504221419,0.015854517632620246,-0.001732006127933304,-0.5674257934570313,-0.3136404174804687,10.333374365234375
86.2816116809845,0.07460949474174233,0.01971822361031762,-0.006928024511733216,-0.5746083984375,-0.2609679809570312,10.275913525390624
86.3017418384552,0.07074578876404496,0.01945176112909711,-0.007061255752343471,-0.5770026000976562,-0.4429273071289062,10.335768566894531
86.32200741767883,0.07993874436615249,0.01945176112909711,-0.0058621745868511835,-0.5722141967773438,-0.2561795776367187,10.299855541992187
86.34163784980774,0.0750091884635731,0.016120980113840753,-0.005995405827461438,-0.5578489868164063,-0.3064578125,10.340556970214843
86.36179733276367,0.07354364481686029,0.014522205226517705,-0.005595712105630674,-0.5578489868164063,-0.2920926025390625,10.232817895507813
86.38188409805298,0.07727411955394742,0.020251148572758632,-0.0030643185340358454,-0.5865794067382812,-0.2442085693359375,10.27830772705078
86.40153074264526,0.07687442583211665,0.021716692219471426,-0.002264931090374321,-0.5722141967773438,-0.2825157958984375,10.271125122070313
86.42209339141846,0.07460949474174233,0.01572128639200999,-0.006128637068071691,-0.5458779785156249,-0.2561795776367187,10.364498986816406
86.44180512428284,0.07554211342601411,0.014522205226517705,-0.006261868308681946,-0.5363011718749999,-0.28969840087890625,10.287884533691406
86.46146011352539,0.0747427259823526,0.020650842294589397,-0.0074609494741742334,-0.5698199951171875,-0.26336218261718747,10.290278735351562
86.4813301563263,0.0764747321102859,0.01372281778285618,-0.0026646248122050836,-0.5817910034179687,-0.229843359375,10.345345373535155
86.5018949508667,0.07740735079455767,0.014788667707738212,-0.0074609494741742334,-0.5315127685546874,-0.24899697265624998,10.383652600097655
86.52284145355225,0.07794027575699868,0.018652373685435583,-0.004396630940138387,-0.5770026000976562,-0.24899697265624998,10.319009155273436
86.54182744026184,0.07021286380160395,0.017453292519943295,-0.006794793271122962,-0.5291185668945312,-0.2705447875976562,10.330980163574218
86.56150984764099,0.0770076570727269,0.012523736617363892,-0.0075941807147844875,-0.5913678100585937,-0.3016694091796875,10.328585961914062
86.58138227462769,0.07554211342601411,0.01705359879811253,-0.0039969372183076245,-0.5434837768554687,-0.28730419921875,10.319009155273436
86.60148787498474,0.07714088831333717,0.017186830038722786,-0.00479632466196915,-0.5865794067382812,-0.25139117431640623,10.302249743652343
86.62156891822815,0.0750091884635731,0.01732006127933304,-0.002531393571594829,-0.5626373901367188,-0.26336218261718747,10.134655627441406
86.64189457893372,0.07301071985441929,0.023182235866184224,-0.0033307810152563544,-0.5817910034179687,-0.27293898925781246,10.31661495361328
86.66181683540344,0.07594180714784488,0.01851914244482533,-0.005196018383799912,-0.5363011718749999,-0.28490999755859375,10.266336718749999
86.68191432952881,0.07287748861380902,0.017986217482384312,-0.006261868308681946,-0.5602431884765625,-0.2753331909179687,10.232817895507813
86.70156788825989,0.07101225124526546,0.023448698347404734,-0.0074609494741742334,-0.5722141967773438,-0.30406361083984373,10.27830772705078
86.72181439399719,0.07127871372648598,0.020251148572758632,-0.004929555902579405,-0.5386953735351562,-0.2442085693359375,10.309432348632813
86.74189114570618,0.07687442583211665,0.016387442595061263,-0.00985911180515881,-0.5626373901367188,-0.2561795776367187,10.297461340332031
86.76181483268738,0.07420980101991156,0.017986217482384312,-0.005062787143189658,-0.565031591796875,-0.28730419921875,10.311826550292968
86.78167176246643,0.07794027575699868,0.020917304775809907,-0.0033307810152563544,-0.5817910034179687,-0.239420166015625,10.275913525390624
86.80167770385742,0.07687442583211665,0.017453292519943295,-0.005995405827461438,-0.5410895751953124,-0.2657563842773437,10.304643945312499
86.82180666923523,0.07221133241075775,0.016787136316892024,-0.003863705977697371,-0.565031591796875,-0.2537853759765625,10.268730920410155
86.8418698310852,0.07514241970418334,0.01345635530163567,-0.004130168458917879,-0.5458779785156249,-0.28012159423828126,10.28549033203125
86.86160802841187,0.07514241970418334,0.015588055151399738,-0.0095926493239383,-0.5410895751953124,-0.28490999755859375,10.381258398437499
86.88180828094482,0.07167840744831674,0.018385911204215073,-0.008393568158446012,-0.55545478515625,-0.296881005859375,10.326191760253906
86.90160751342773,0.07394333853869106,0.020384379813368887,-0.0057289433462409285,-0.5482721801757812,-0.2537853759765625,10.297461340332031
86.9224865436554,0.07341041357625004,0.02078407353519965,-0.00479632466196915,-0.5793968017578125,-0.2753331909179687,10.330980163574218
86.94154644012451,0.07767381327577817,0.02424808579106626,-0.002398162330984575,-0.5123591552734374,-0.28490999755859375,10.251971508789062
86.96189641952515,0.07687442583211665,0.013589586542245924,-0.0058621745868511835,-0.5793968017578125,-0.26336218261718747,10.311826550292968
86.98148012161255,0.08127105677225505,0.024114854550456002,-0.005462480865020421,-0.5506663818359374,-0.2705447875976562,10.319009155273436
87.00140953063965,0.07754058203516792,0.023049004625573973,-0.006928024511733216,-0.5578489868164063,-0.3016694091796875,10.350133776855468
87.02148485183716,0.07447626350113207,0.018252679963604822,-0.004529862180748642,-0.5482721801757812,-0.3136404174804687,10.249577307128906
87.04187440872192,0.07354364481686029,0.02078407353519965,-0.008793261880276773,-0.5961562133789062,-0.28012159423828126,10.333374365234375
87.06171107292175,0.07234456365136802,0.017719755001163805,-0.0063950995492922,-0.5243301635742187,-0.2609679809570312,10.321403356933594
87.08233547210693,0.07274425737319877,0.020650842294589397,-0.006261868308681946,-0.5578489868164063,-0.26815058593749996,10.326191760253906
87.10176801681519,0.07540888218540386,0.019318529888486854,-0.0033307810152563544,-0.5674257934570313,-0.2825157958984375,10.338162768554687
87.12195372581482,0.07514241970418334,0.01945176112909711,-0.008127105677225504,-0.5434837768554687,-0.28490999755859375,10.304643945312499
87.14179539680481,0.07127871372648598,0.023581929588014985,-0.00479632466196915,-0.5746083984375,-0.2920926025390625,10.319009155273436
87.16170382499695,0.0767411945915064,0.015588055151399738,-0.006928024511733216,-0.4644751220703125,-0.4213794921875,10.371681591796875
87.1815299987793,0.07794027575699868,0.023182235866184224,-0.004396630940138387,-0.5626373901367188,-0.24899697265624998,10.340556970214843
87.20170617103577,0.07820673823821919,0.022516079663132953,-0.008793261880276773,-0.5889736083984375,-0.26815058593749996,10.32379755859375
87.22156739234924,0.07714088831333717,0.02011791733214838,-0.002797856052815337,-0.5698199951171875,-0.25139117431640623,10.275913525390624
87.24334454536438,0.07167840744831674,0.01851914244482533,-0.002797856052815337,-0.5626373901367188,-0.3064578125,10.321403356933594
87.26172995567322,0.07287748861380902,0.01945176112909711,-0.004529862180748642,-0.5506663818359374,-0.27293898925781246,10.352527978515624
87.28153538703918,0.07767381327577817,0.014788667707738212,-0.005196018383799912,-0.5698199951171875,-0.26815058593749996,10.350133776855468
87.3014030456543,0.07554211342601411,0.016787136316892024,-0.008526799399056265,-0.5817910034179687,-0.26336218261718747,10.326191760253906
87.32166075706482,0.0750091884635731,0.014122511504686942,-0.006661562030512709,-0.5386953735351562,-0.3112462158203125,10.36210478515625
87.34184002876282,0.0750091884635731,0.020517611053979142,-0.004929555902579405,-0.584185205078125,-0.28012159423828126,10.342951171874999
87.36185908317566,0.07394333853869106,0.018785604926045835,-0.005196018383799912,-0.5506663818359374,-0.29448680419921874,10.338162768554687
87.38165426254272,0.07327718233563979,0.022249617181912446,-0.008926493120887028,-0.5674257934570313,-0.23702596435546874,10.32379755859375
87.40174293518066,0.07394333853869106,0.017453292519943295,-0.004929555902579405,-0.5386953735351562,-0.28969840087890625,10.328585961914062
87.42187356948853,0.07794027575699868,0.020251148572758632,-0.005995405827461438,-0.5291185668945312,-0.2705447875976562,10.302249743652343
87.44167137145996,0.07420980101991156,0.019984686091538122,-0.006528330789902454,-0.5386953735351562,-0.28012159423828126,10.309432348632813
87.4614806175232,0.07447626350113207,0.02105053601642016,-0.009059724361497283,-0.6081272216796875,-0.24181436767578124,10.28549033203125
87.48183226585388,0.07261102613258852,0.016387442595061263,-0.0058621745868511835,-0.5386953735351562,-0.28490999755859375,10.304643945312499
87.50181198120117,0.07660796335089615,0.018252679963604822,-0.00479632466196915,-0.5506663818359374,-0.296881005859375,10.287884533691406
87.52189707756042,0.07487595722296284,0.02078407353519965,-0.004663093421358896,-0.5363011718749999,-0.26815058593749996,10.319009155273436
87.54169869422913,0.07580857590723461,0.015188361429568975,-0.00866003063966652,-0.6057330200195312,-0.4429273071289062,10.24718310546875
87.56156945228577,0.07594180714784488,0.01692036755750228,-0.007993874436615249,-0.5626373901367188,-0.28490999755859375,10.338162768554687
87.58183097839355,0.07354364481686029,0.024114854550456002,-0.005329249624410167,-0.5506663818359374,-0.28730419921875,10.28549033203125
87.60151362419128,0.0752756509447936,0.02691271060327134,-0.004263399699528133,-0.5458779785156249,-0.296881005859375,10.309432348632813
87.62168478965759,0.07913935692249098,0.017986217482384312,-0.0030643185340358454,-0.5698199951171875,-0.28012159423828126,10.28549033203125
87.64168405532837,0.07660796335089615,0.023049004625573973,-0.006128637068071691,-0.5602431884765625,-0.277727392578125,10.259154113769531
87.66172409057617,0.07261102613258852,0.01971822361031762,-0.007993874436615249,-0.5817910034179687,-0.2346317626953125,10.307038146972655
87.68140435218811,0.07754058203516792,0.01958499236970736,-0.007194486992953725,-0.5602431884765625,-0.2920926025390625,10.314220751953124
87.70172142982483,0.07620826962906538,0.02145022973825092,-0.006261868308681946,-0.5793968017578125,-0.296881005859375,10.309432348632813
87.72272324562073,0.0770076570727269,0.018785604926045835,-0.006661562030512709,-0.5482721801757812,-0.27293898925781246,10.254365710449218
87.74157047271729,0.07221133241075775,0.017186830038722786,-0.007727411955394742,-0.5458779785156249,-0.24181436767578124,10.280701928710936
87.76152181625366,0.07620826962906538,0.02131699849764067,-0.005196018383799912,-0.5434837768554687,-0.2537853759765625,10.120290417480469
87.78147315979004,0.07833996947882944,0.020384379813368887,-0.006528330789902454,-0.5578489868164063,-0.27293898925781246,10.319009155273436
87.80147290229797,0.07540888218540386,0.0191852986478766,-0.006128637068071691,-0.55545478515625,-0.2705447875976562,10.340556970214843
87.82159233093262,0.07434303226052183,0.020650842294589397,-0.006528330789902454,-0.5722141967773438,-0.2825157958984375,10.287884533691406
87.8413987159729,0.07341041357625004,0.01958499236970736,-0.005462480865020421,-0.5458779785156249,-0.26815058593749996,10.333374365234375
87.86143231391907,0.07434303226052183,0.013323124061025418,-0.0063950995492922,-0.5315127685546874,-0.29927520751953124,10.352527978515624
87.8814926147461,0.07594180714784488,0.02145022973825092,-0.004263399699528133,-0.5913678100585937,-0.26815058593749996,10.127473022460936
87.9014687538147,0.07860643196004995,0.01212404289553313,-0.006661562030512709,-0.5602431884765625,-0.258573779296875,10.31661495361328
87.92140579223633,0.07127871372648598,0.016787136316892024,-0.0073277182335639785,-0.565031591796875,-0.29448680419921874,10.304643945312499
87.94143533706665,0.07687442583211665,0.017852986241774057,-0.0057289433462409285,-0.5985504150390625,-0.30406361083984373,10.24718310546875
87.96143341064453,0.0750091884635731,0.017719755001163805,-0.005062787143189658,-0.5698199951171875,-0.2825157958984375,10.251971508789062
87.98172163963318,0.0747427259823526,0.015588055151399738,-0.006794793271122962,-0.59376201171875,-0.30406361083984373,10.309432348632813
88.0014169216156,0.07420980101991156,0.01958499236970736,-0.0039969372183076245,-0.5434837768554687,-0.2825157958984375,10.307038146972655
88.02134251594543,0.07620826962906538,0.0191852986478766,-0.0057289433462409285,-0.5482721801757812,-0.28730419921875,10.280701928710936
88.04151940345764,0.07514241970418334,0.020251148572758632,-0.004263399699528133,-0.5961562133789062,-0.2705447875976562,10.35492218017578
88.06139731407166,0.07727411955394742,0.01732006127933304,-0.007727411955394742,-0.5674257934570313,-0.28730419921875,10.328585961914062
88.08203315734863,0.07354364481686029,0.017586523760553547,-0.004396630940138387,-0.5434837768554687,-0.29448680419921874,10.321403356933594
88.10145425796509,0.0738101072980808,0.01971822361031762,-0.006128637068071691,-0.5339069702148437,-0.3064578125,10.271125122070313
88.12239146232605,0.08087136305042428,0.015188361429568975,-0.0057289433462409285,-0.565031591796875,-0.2657563842773437,10.340556970214843
88.1416244506836,0.07407656977930133,0.018119448722994567,-0.005995405827461438,-0.5506663818359374,-0.24899697265624998,10.290278735351562
88.1616370677948,0.07873966320066021,0.015854517632620246,-0.0018652373685435584,-0.5722141967773438,-0.2657563842773437,10.24718310546875
88.1815435886383,0.07514241970418334,0.018252679963604822,-0.006928024511733216,-0.565031591796875,-0.23702596435546874,10.259154113769531
88.20153784751892,0.07540888218540386,0.020384379813368887,-0.004130168458917879,-0.5386953735351562,-0.30885201416015623,10.333374365234375
88.22137427330017,0.08047166932859352,0.016653905076281773,-0.0063950995492922,-0.5817910034179687,-0.2705447875976562,10.314220751953124
88.24157214164734,0.07314395109502954,0.014788667707738212,-0.008393568158446012,-0.55545478515625,-0.2537853759765625,10.309432348632813
88.26155018806458,0.0750091884635731,0.017986217482384312,-0.002398162330984575,-0.5746083984375,-0.2753331909179687,10.345345373535155
88.2816071510315,0.07487595722296284,0.016787136316892024,-0.0030643185340358454,-0.47165772705078124,-0.2825157958984375,10.338162768554687
88.30155205726624,0.07047932628282445,0.02078407353519965,-0.009192955602107537,-0.5339069702148437,-0.2657563842773437,10.290278735351562
88.32128190994263,0.07274425737319877,0.019318529888486854,-0.002531393571594829,-0.5674257934570313,-0.4429273071289062,10.345345373535155
88.34159088134766,0.0738101072980808,0.018119448722994567,-0.004929555902579405,-0.5578489868164063,-0.2561795776367187,10.352527978515624
88.36153268814087,0.08060490056920376,0.016254211354451008,-0.008926493120887028,-0.6081272216796875,-0.28012159423828126,10.414777221679687
88.38154482841492,0.06954670759855268,0.016254211354451008,-0.004396630940138387,-0.5386953735351562,-0.28490999755859375,10.290278735351562
88.40143871307373,0.07101225124526546,0.02078407353519965,-0.007061255752343471,-0.5482721801757812,-0.258573779296875,10.304643945312499
88.42148280143738,0.07687442583211665,0.01692036755750228,-0.002398162330984575,-0.5458779785156249,-0.28490999755859375,10.321403356933594
88.44157433509827,0.080205206847373,0.020650842294589397,-0.009459418083328047,-0.5698199951171875,-0.28012159423828126,10.369287390136718
88.4615044593811,0.07580857590723461,0.016653905076281773,-0.006261868308681946,-0.5410895751953124,-0.316034619140625,10.335768566894531
88.48129940032959,0.07074578876404496,0.022915773384963714,-0.005062787143189658,-0.565031591796875,-0.2920926025390625,10.333374365234375
88.50159168243408,0.07634150086967564,0.01945176112909711,-0.0095926493239383,-0.4644751220703125,-0.3064578125,10.345345373535155
88.52154803276062,0.07607503838845513,0.019052067407266345,-0.006128637068071691,-0.6009446166992187,-0.29448680419921874,10.254365710449218
88.54168462753296,0.07460949474174233,0.018652373685435583,-0.004396630940138387,-0.5578489868164063,-0.26336218261718747,10.263942517089843
88.56157684326172,0.07580857590723461,0.02078407353519965,-0.005196018383799912,-0.5674257934570313,-0.2657563842773437,10.326191760253906
88.58179926872253,0.0750091884635731,0.020650842294589397,-0.003863705977697371,-0.5410895751953124,-0.28969840087890625,10.280701928710936
88.60166501998901,0.07287748861380902,0.015188361429568975,-0.002797856052815337,-0.55545478515625,-0.229843359375,10.28549033203125
88.62162494659424,0.07580857590723461,0.010658499248820334,-0.008926493120887028,-0.5578489868164063,-0.2753331909179687,10.342951171874999
88.6418046951294,0.06954670759855268,0.022116385941302188,-0.0057289433462409285,-0.7541735229492187,-0.2561795776367187,10.297461340332031
88.66170334815979,0.06981317007977318,0.020384379813368887,-0.00479632466196915,-0.5746083984375,-0.28969840087890625,10.299855541992187
88.68175053596497,0.0738101072980808,0.018652373685435583,-0.0058621745868511835,-0.5913678100585937,-0.2825157958984375,10.309432348632813
88.70162320137024,0.07487595722296284,0.018385911204215073,-0.0075941807147844875,-0.5578489868164063,-0.28490999755859375,10.280701928710936
88.72231268882751,0.07354364481686029,0.022249617181912446,-0.006528330789902454,-0.5578489868164063,-0.3184288208007812,10.330980163574218
88.74175763130188,0.07221133241075775,0.023848392069235495,-0.007993874436615249,-0.5602431884765625,-0.28012159423828126,10.311826550292968
88.76182532310486,0.07194486992953725,0.018785604926045835,-0.005329249624410167,-0.565031591796875,-0.28490999755859375,10.31661495361328
88.78159475326538,0.07780704451638844,0.01372281778285618,-0.007993874436615249,-0.5506663818359374,-0.30406361083984373,10.345345373535155
88.80160784721375,0.07847320071943971,0.018252679963604822,-0.0074609494741742334,-0.5770026000976562,-0.4429273071289062,10.342951171874999
88.8215913772583,0.07341041357625004,0.016520673835671518,-0.003863705977697371,-0.5578489868164063,-0.2705447875976562,10.314220751953124
88.84159469604492,0.07420980101991156,0.015588055151399738,-0.005462480865020421,-0.5506663818359374,-0.3136404174804687,10.263942517089843
88.86142897605896,0.07660796335089615,0.022782542144353463,-0.009059724361497283,-0.5458779785156249,-0.2705447875976562,10.371681591796875
88.88189172744751,0.07314395109502954,0.018918836166656093,-0.006128637068071691,-0.5386953735351562,-0.2753331909179687,10.347739575195313
88.90205931663513,0.07594180714784488,0.016653905076281773,-0.008793261880276773,-0.5698199951171875,-0.2346317626953125,10.311826550292968
88.9218966960907,0.07820673823821919,0.014788667707738212,-0.005462480865020421,-0.5674257934570313,-0.28730419921875,10.335768566894531
88.94161343574524,0.07261102613258852,0.01505513018895872,-0.002797856052815337,-0.59376201171875,-0.27293898925781246,10.321403356933594
88.96176099777222,0.07727411955394742,0.02118376725703041,-0.006661562030512709,-0.5195417602539062,-0.26336218261718747,10.287884533691406
88.98127007484436,0.07807350699760894,0.020517611053979142,-0.005995405827461438,-0.5698199951171875,-0.26336218261718747,10.275913525390624
89.00175666809082,0.07980551312554225,0.018785604926045835,-0.008926493120887028,-0.5578489868164063,-0.2705447875976562,10.314220751953124
89.02200126647949,0.07407656977930133,0.0191852986478766,-0.007860643196004996,-0.59376201171875,-0.26815058593749996,10.283096130371094
89.04177117347717,0.07620826962906538,0.017719755001163805,-0.006661562030512709,-0.5602431884765625,-0.30885201416015623,10.338162768554687
89.06197333335876,0.0738101072980808,0.018385911204215073,-0.007727411955394742,-0.5123591552734374,-0.27293898925781246,10.28549033203125
89.08194279670715,0.07660796335089615,0.016387442595061263,-0.005595712105630674,-0.5578489868164063,-0.24660277099609373,10.299855541992187
89.10160112380981,0.07860643196004995,0.024514548272286763,-0.0057289433462409285,-0.5770026000976562,-0.28490999755859375,10.295067138671874
89.12162566184998,0.07487595722296284,0.014255742745297196,-0.004130168458917879,-0.55545478515625,-0.2825157958984375,10.309432348632813
89.14189743995667,0.07367687605747056,0.018918836166656093,-0.007993874436615249,-0.5674257934570313,-0.16519991455078123,10.381258398437499
89.16155171394348,0.07487595722296284,0.02011791733214838,-0.006794793271122962,-0.55545478515625,-0.2657563842773437,10.299855541992187
89.18161368370056,0.07460949474174233,0.016120980113840753,-0.0029310872934255917,-0.5626373901367188,-0.24660277099609373,10.350133776855468
89.20170593261719,0.07620826962906538,0.022116385941302188,-0.002797856052815337,-0.5267243652343749,-0.239420166015625,10.309432348632813
89.22176027297974,0.07754058203516792,0.019318529888486854,-0.005062787143189658,-0.5746083984375,-0.29927520751953124,10.297461340332031
89.24165391921997,0.0750091884635731,0.018252679963604822,-0.008260336917835759,-0.5458779785156249,-0.258573779296875,10.156203442382813
89.2614369392395,0.07354364481686029,0.01732006127933304,-0.005995405827461438,-0.46208092041015625,-0.29448680419921874,10.27830772705078
89.28120803833008,0.07234456365136802,0.01705359879811253,-0.004130168458917879,-0.5602431884765625,-0.258573779296875,10.321403356933594
89.30159640312195,0.07540888218540386,0.023448698347404734,-0.0074609494741742334,-0.5315127685546874,-0.25139117431640623,10.357316381835936
89.32201647758484,0.07420980101991156,0.016787136316892024,-0.0026646248122050836,-0.5291185668945312,-0.2753331909179687,10.290278735351562
89.34159469604492,0.07740735079455767,0.009992343045769061,-0.0030643185340358454,-0.5339069702148437,-0.28012159423828126,10.275913525390624
89.36156010627747,0.07887289444127048,0.015987748873230498,-0.0058621745868511835,-0.5770026000976562,-0.29448680419921874,10.321403356933594
89.38145208358765,0.07261102613258852,0.016254211354451008,-0.006928024511733216,-0.5602431884765625,-0.3112462158203125,10.395623608398436
89.40173768997192,0.0738101072980808,0.017719755001163805,-0.0073277182335639785,-0.5889736083984375,-0.2920926025390625,10.321403356933594
89.42138147354126,0.07687442583211665,0.018252679963604822,-0.0073277182335639785,-0.5913678100585937,-0.29448680419921874,10.342951171874999
89.44156575202942,0.07580857590723461,0.01851914244482533,-0.008526799399056265,-0.5770026000976562,-0.24899697265624998,10.366893188476562
89.46150970458984,0.0764747321102859,0.022249617181912446,-0.0037304747370871167,-0.5578489868164063,-0.277727392578125,10.314220751953124
89.48136949539185,0.0738101072980808,0.018252679963604822,-0.0037304747370871167,-0.5602431884765625,-0.25139117431640623,10.338162768554687
89.50155973434448,0.07594180714784488,0.02145022973825092,-0.00479632466196915,-0.5578489868164063,-0.28969840087890625,10.311826550292968
89.52150416374207,0.07594180714784488,0.018385911204215073,-0.007860643196004996,-0.5602431884765625,-0.258573779296875,10.263942517089843
89.54157090187073,0.07407656977930133,0.02011791733214838,-0.005462480865020421,-0.565031591796875,-0.1580173095703125,10.273519323730468
89.5613853931427,0.0738101072980808,0.018785604926045835,-0.007860643196004996,-0.5746083984375,-0.277727392578125,10.335768566894531
89.58171892166138,0.0767411945915064,0.014921898948348467,-0.0073277182335639785,-0.5363011718749999,-0.28012159423828126,10.340556970214843
89.60174608230591,0.07714088831333717,0.019052067407266345,-0.003863705977697371,-0.5698199951171875,-0.2705447875976562,10.405200415039062
89.62201261520386,0.07460949474174233,0.01438897398590745,-0.0039969372183076245,-0.5746083984375,-0.2561795776367187,10.149020837402343
89.64165306091309,0.0764747321102859,0.016387442595061263,-0.005062787143189658,-0.5793968017578125,-0.239420166015625,10.31661495361328
89.66140842437744,0.07594180714784488,0.02105053601642016,-0.008926493120887028,-0.565031591796875,-0.2537853759765625,10.297461340332031
89.68164277076721,0.07460949474174233,0.018385911204215073,-0.005595712105630674,-0.5746083984375,-0.2442085693359375,10.357316381835936
89.70188975334167,0.07447626350113207,0.02011791733214838,-0.005995405827461438,-0.5434837768554687,-0.29448680419921874,10.311826550292968
89.72177171707153,0.0738101072980808,0.021983154700691936,-0.006528330789902454,-0.565031591796875,-0.2920926025390625,10.359710583496094
89.7420117855072,0.07394333853869106,0.018385911204215073,-0.006661562030512709,-0.5458779785156249,-0.26336218261718747,10.319009155273436
89.76169490814209,0.07420980101991156,0.018918836166656093,-0.008127105677225504,-0.5602431884765625,-0.296881005859375,10.32379755859375
89.7817440032959,0.07540888218540386,0.016520673835671518,-0.0063950995492922,-0.59376201171875,-0.277727392578125,10.280701928710936
89.80166459083557,0.07594180714784488,0.018918836166656093,-0.0013323124061025418,-0.5889736083984375,-0.16280571289062498,10.32379755859375
89.82132244110107,0.07221133241075775,0.01851914244482533,-0.007993874436615249,-0.584185205078125,-0.2442085693359375,10.290278735351562
89.84154415130615,0.07540888218540386,0.01985145485092787,-0.0073277182335639785,-0.5578489868164063,-0.277727392578125,10.359710583496094
89.86138081550598,0.07540888218540386,0.015188361429568975,-0.004529862180748642,-0.55545478515625,-0.3280056274414062,10.31661495361328
89.88139629364014,0.07767381327577817,0.01692036755750228,-0.004263399699528133,-0.5458779785156249,-0.21308394775390624,10.134655627441406
89.90159463882446,0.07727411955394742,0.01985145485092787,-0.005995405827461438,-0.55545478515625,-0.26336218261718747,10.347739575195313
89.92169332504272,0.07434303226052183,0.023315467106794475,-0.008393568158446012,-0.5889736083984375,-0.2537853759765625,10.295067138671874
89.94155693054199,0.0720781011701475,0.012923430339194655,-0.0033307810152563544,-0.5458779785156249,-0.2657563842773437,10.314220751953124
89.96160244941711,0.07341041357625004,0.020917304775809907,-0.005062787143189658,-0.5578489868164063,-0.2753331909179687,10.314220751953124
89.9812970161438,0.07341041357625004,0.01532159267017923,-0.003464012255866608,-0.5267243652343749,-0.26815058593749996,10.275913525390624
90.00162744522095,0.07101225124526546,0.01945176112909711,-0.007061255752343471,-0.5530605834960938,-0.3136404174804687,10.299855541992187
90.0214786529541,0.07327718233563979,0.022249617181912446,-0.005196018383799912,-0.5722141967773438,-0.3064578125,10.302249743652343
90.04142546653748,0.0720781011701475,0.020517611053979142,-0.009059724361497283,-0.5865794067382812,-0.29927520751953124,10.292672937011718
90.06148838996887,0.07234456365136802,0.018785604926045835,-0.004130168458917879,-0.5793968017578125,-0.28730419921875,10.314220751953124
90.08154511451721,0.07407656977930133,0.020384379813368887,-0.00866003063966652,-0.5482721801757812,-0.3136404174804687,10.268730920410155
90.10194301605225,0.07434303226052183,0.020650842294589397,-0.005062787143189658,-0.5482721801757812,-0.28012159423828126,10.350133776855468
90.12169241905212,0.07740735079455767,0.018385911204215073,-0.006261868308681946,-0.5602431884765625,-0.24899697265624998,10.352527978515624
90.1413643360138,0.07301071985441929,0.018119448722994567,-0.006928024511733216,-0.5865794067382812,-0.277727392578125,10.307038146972655
90.16146874427795,0.07847320071943971,0.021983154700691936,-0.009059724361497283,-0.5530605834960938,-0.4285620971679687,10.230423693847655
90.18155074119568,0.07847320071943971,0.01692036755750228,-0.006794793271122962,-0.5746083984375,-0.4429273071289062,10.218452685546874
90.20149159431458,0.07847320071943971,0.013189892820415163,-0.0075941807147844875,-0.5458779785156249,-0.2609679809570312,10.275913525390624
90.22151160240173,0.07487595722296284,0.019318529888486854,-0.007860643196004996,-0.584185205078125,-0.2442085693359375,10.271125122070313
90.24189019203186,0.07434303226052183,0.016787136316892024,-0.004396630940138387,-0.5722141967773438,-0.29448680419921874,10.287884533691406
90.26151275634766,0.07514241970418334,0.017852986241774057,-0.006128637068071691,-0.5913678100585937,-0.29927520751953124,10.338162768554687
90.28137183189392,0.07221133241075775,0.02105053601642016,-0.002264931090374321,-0.5698199951171875,-0.2609679809570312,10.376469995117187
90.30149698257446,0.07714088831333717,0.019318529888486854,-0.005196018383799912,-0.5530605834960938,-0.29448680419921874,10.266336718749999
90.32165241241455,0.0764747321102859,0.016520673835671518,-0.005595712105630674,-0.5889736083984375,-0.3016694091796875,10.273519323730468
90.34155225753784,0.07740735079455767,0.019318529888486854,-0.009326186842717792,-0.5123591552734374,-0.23702596435546874,10.319009155273436
90.36149978637695,0.071811638688927,0.020917304775809907,-0.005329249624410167,-0.6009446166992187,-0.30885201416015623,10.338162768554687
90.38156652450562,0.07993874436615249,0.018252679963604822,-0.005062787143189658,-0.5506663818359374,-0.24660277099609373,10.302249743652343
90.40150165557861,0.07274425737319877,0.023049004625573973,-0.0030643185340358454,-0.5602431884765625,-0.2825157958984375,10.28549033203125
90.42166519165039,0.07487595722296284,0.022649310903743208,-0.009059724361497283,-0.5195417602539062,-0.2609679809570312,10.290278735351562
90.44167757034302,0.07460949474174233,0.017186830038722786,-0.0030643185340358454,-0.5865794067382812,-0.2561795776367187,10.338162768554687
90.46141910552979,0.07660796335089615,0.020650842294589397,-0.010125574286379316,-0.5793968017578125,-0.30406361083984373,10.297461340332031
90.4814682006836,0.07167840744831674,0.016520673835671518,-0.006661562030512709,-0.5889736083984375,-0.296881005859375,10.405200415039062
90.50151562690735,0.07354364481686029,0.020517611053979142,-0.006261868308681946,-0.5698199951171875,-0.2825157958984375,10.433930834960936
90.52151083946228,0.07620826962906538,0.017453292519943295,-0.007993874436615249,-0.5674257934570313,-0.2609679809570312,10.292672937011718
90.54201912879944,0.07714088831333717,0.018252679963604822,-0.005595712105630674,-0.5458779785156249,-0.26815058593749996,10.32379755859375
90.56190919876099,0.07860643196004995,0.02438131703167651,-0.005329249624410167,-0.5889736083984375,-0.2920926025390625,10.292672937011718
90.58186793327332,0.07660796335089615,0.02118376725703041,-0.009725880564548555,-0.5386953735351562,-0.277727392578125,10.297461340332031
90.60171794891357,0.07727411955394742,0.016653905076281773,-0.004529862180748642,-0.5746083984375,-0.27293898925781246,10.352527978515624
90.62161111831665,0.03450689131805583,0.016653905076281773,-0.004929555902579405,-0.5746083984375,-0.26336218261718747,10.287884533691406
90.64168882369995,0.0750091884635731,0.01438897398590745,-0.005595712105630674,-0.5674257934570313,-0.45968671875,10.287884533691406
90.66152262687683,0.07447626350113207,0.015854517632620246,-0.006128637068071691,-0.5219359619140624,-0.16280571289062498,10.268730920410155
90.68161988258362,0.07594180714784488,0.013056661579804908,-0.0075941807147844875,-0.5219359619140624,-0.2609679809570312,10.326191760253906
90.70167565345764,0.07434303226052183,0.018652373685435583,-0.0074609494741742334,-0.5770026000976562,-0.28490999755859375,10.319009155273436
90.72150182723999,0.0738101072980808,0.015454823910789483,-0.007727411955394742,-0.5602431884765625,-0.25139117431640623,10.40041201171875
90.74154353141785,0.071811638688927,0.01692036755750228,-0.002398162330984575,-0.584185205078125,-0.26815058593749996,10.314220751953124
90.76183152198792,0.07634150086967564,0.015987748873230498,-0.004663093421358896,-0.5698199951171875,-0.30406361083984373,10.352527978515624
90.78175115585327,0.07154517620770649,0.01532159267017923,-0.004130168458917879,-0.5722141967773438,-0.2657563842773437,10.287884533691406
90.80152893066406,0.07274425737319877,0.010791730489430587,-0.005995405827461438,-0.5626373901367188,-0.3136404174804687,10.302249743652343
90.82197761535645,0.07940581940371148,0.017719755001163805,-0.007194486992953725,-0.5793968017578125,-0.24899697265624998,10.369287390136718
90.84167098999023,0.07873966320066021,0.019052067407266345,-0.0057289433462409285,-0.5746083984375,-0.3016694091796875,10.304643945312499
90.86146473884583,0.07447626350113207,0.016387442595061263,-0.005196018383799912,-0.5722141967773438,-0.26815058593749996,10.340556970214843
90.88159918785095,0.0764747321102859,0.018652373685435583,-0.007727411955394742,-0.5698199951171875,-0.2753331909179687,10.340556970214843
90.90161085128784,0.07420980101991156,0.018119448722994567,-0.004663093421358896,-0.5458779785156249,-0.28012159423828126,10.326191760253906
90.921391248703,0.07980551312554225,0.017986217482384312,-0.008127105677225504,-0.5458779785156249,-0.27293898925781246,10.297461340332031
90.9416606426239,0.07460949474174233,0.016254211354451008,-0.003863705977697371,-0.5722141967773438,-0.30406361083984373,10.283096130371094
90.96145343780518,0.07341041357625004,0.018652373685435583,-0.005329249624410167,-0.5913678100585937,-0.25139117431640623,10.333374365234375
90.9814465045929,0.07154517620770649,0.01692036755750228,-0.006261868308681946,-0.5219359619140624,-0.23702596435546874,10.168174450683592
91.00151824951172,0.07034609504221419,0.020650842294589397,-0.006128637068071691,-0.5889736083984375,-0.29448680419921874,10.352527978515624
91.02141165733337,0.07447626350113207,0.015188361429568975,-0.006661562030512709,-0.5698199951171875,-0.2657563842773437,10.290278735351562
91.04146313667297,0.07341041357625004,0.014921898948348467,-0.004130168458917879,-0.5506663818359374,-0.28012159423828126,10.330980163574218
91.0617151260376,0.08007197560676275,0.016520673835671518,-0.0057289433462409285,-0.565031591796875,-0.28490999755859375,10.321403356933594
91.08229088783264,0.07900612568188072,0.01692036755750228,-0.005595712105630674,-0.5219359619140624,-0.277727392578125,10.338162768554687
91.10155463218689,0.08073813180981403,0.017719755001163805,-0.005995405827461438,-0.5793968017578125,-0.24660277099609373,10.32379755859375
91.1213948726654,0.07287748861380902,0.016387442595061263,-0.00479632466196915,-0.5793968017578125,-0.2609679809570312,10.328585961914062
91.14142775535583,0.07354364481686029,0.020384379813368887,-0.006928024511733216,-0.5410895751953124,-0.27293898925781246,10.244788903808594
91.16164064407349,0.07407656977930133,0.017852986241774057,-0.0033307810152563544,-0.5698199951171875,-0.15562310791015624,10.319009155273436
91.18178749084473,0.07754058203516792,0.018252679963604822,-0.004263399699528133,-0.5793968017578125,-0.239420166015625,10.330980163574218
91.20164012908936,0.07221133241075775,0.020517611053979142,-0.005329249624410167,-0.5578489868164063,-0.28969840087890625,10.417171423339843
91.22149109840393,0.07794027575699868,0.01572128639200999,-0.004529862180748642,-0.5602431884765625,-0.30406361083984373,10.338162768554687
91.24148106575012,0.07341041357625004,0.01732006127933304,-0.0075941807147844875,-0.5434837768554687,-0.33039982910156246,10.347739575195313
91.26160502433777,0.07740735079455767,0.018252679963604822,-0.0073277182335639785,-0.5913678100585937,-0.2561795776367187,10.275913525390624
91.2817599773407,0.07167840744831674,0.014921898948348467,-0.005595712105630674,-0.5410895751953124,-0.26815058593749996,10.352527978515624
91.3015615940094,0.07074578876404496,0.01971822361031762,-0.0073277182335639785,-0.5817910034179687,-0.2705447875976562,10.287884533691406
91.32142686843872,0.07567534466662437,0.02105053601642016,-0.006661562030512709,-0.5722141967773438,-0.24660277099609373,10.35492218017578
91.34148979187012,0.07740735079455767,0.018119448722994567,-0.0033307810152563544,-0.5698199951171875,-0.2920926025390625,10.321403356933594
91.36154079437256,0.0750091884635731,0.017586523760553547,-0.0074609494741742334,-0.5793968017578125,-0.296881005859375,10.307038146972655
91.38133907318115,0.07554211342601411,0.018918836166656093,-0.010392036767599824,-0.5482721801757812,-0.25139117431640623,10.268730920410155
91.40149331092834,0.07127871372648598,0.020251148572758632,-0.0074609494741742334,-0.5865794067382812,-0.29927520751953124,10.292672937011718
91.42144680023193,0.07460949474174233,0.022116385941302188,-0.006794793271122962,-0.5626373901367188,-0.2753331909179687,10.280701928710936
91.44142866134644,0.07434303226052183,0.02118376725703041,-0.007061255752343471,-0.5482721801757812,-0.23702596435546874,10.271125122070313
91.4613881111145,0.07247779489197827,0.01705359879811253,-0.0018652373685435584,-0.5961562133789062,-0.2537853759765625,10.271125122070313
91.48154544830322,0.07154517620770649,0.017453292519943295,-0.005329249624410167,-0.5770026000976562,-0.28730419921875,10.335768566894531
91.50158596038818,0.0752756509447936,0.01958499236970736,-0.0039969372183076245,-0.5506663818359374,-0.1580173095703125,10.330980163574218
91.52135848999023,0.07341041357625004,0.022382848422522698,-0.006528330789902454,-0.5291185668945312,-0.2537853759765625,10.357316381835936
91.54154777526855,0.07167840744831674,0.018918836166656093,-0.0018652373685435584,-0.5386953735351562,-0.27293898925781246,10.338162768554687
91.56140446662903,0.0738101072980808,0.01958499236970736,-0.003464012255866608,-0.5578489868164063,-0.2609679809570312,10.364498986816406
91.58185815811157,0.07780704451638844,0.01851914244482533,-0.00866003063966652,-0.565031591796875,-0.24899697265624998,10.27830772705078
91.6019504070282,0.0738101072980808,0.01945176112909711,-0.005329249624410167,-0.5793968017578125,-0.25139117431640623,10.268730920410155
91.62143588066101,0.07554211342601411,0.01692036755750228,-0.004263399699528133,-0.5746083984375,-0.2705447875976562,10.319009155273436
91.64153122901917,0.07274425737319877,0.014522205226517705,-0.0058621745868511835,-0.5961562133789062,-0.26815058593749996,10.319009155273436
91.661452293396,0.08007197560676275,0.016387442595061263,-0.006794793271122962,-0.5817910034179687,-0.27293898925781246,10.333374365234375
91.68173241615295,0.07434303226052183,0.016120980113840753,-0.006128637068071691,-0.5003881469726562,-0.22744915771484372,10.290278735351562
91.70178556442261,0.07607503838845513,0.017986217482384312,-0.004929555902579405,-0.5793968017578125,-0.3064578125,10.280701928710936
91.72149443626404,0.07594180714784488,0.021716692219471426,-0.005196018383799912,-0.5602431884765625,-0.28012159423828126,10.309432348632813
91.74145007133484,0.08047166932859352,0.018652373685435583,-0.002264931090374321,-0.5770026000976562,-0.28012159423828126,10.263942517089843
91.76142311096191,0.07367687605747056,0.022382848422522698,-0.0029310872934255917,-0.5674257934570313,-0.28012159423828126,10.314220751953124
91.78196716308594,0.07487595722296284,0.021983154700691936,-0.009459418083328047,-0.5626373901367188,-0.28730419921875,10.314220751953124
91.80189871788025,0.07634150086967564,0.015854517632620246,-0.005462480865020421,-0.5722141967773438,-0.316034619140625,10.287884533691406
91.82180881500244,0.0767411945915064,0.016653905076281773,-0.0075941807147844875,-0.5434837768554687,-0.28730419921875,10.319009155273436
91.84156370162964,0.07314395109502954,0.016787136316892024,-0.008393568158446012,-0.5698199951171875,-0.28730419921875,10.304643945312499
91.86143589019775,0.071811638688927,0.021583460978861175,-0.002531393571594829,-0.5865794067382812,-0.27293898925781246,10.352527978515624
91.88140273094177,0.07447626350113207,0.017453292519943295,-0.0019984686091538122,-0.5722141967773438,-0.2537853759765625,10.256759912109374
91.90166926383972,0.07514241970418334,0.016787136316892024,-0.0074609494741742334,-0.55545478515625,-0.258573779296875,10.254365710449218
91.92140173912048,0.07620826962906538,0.020384379813368887,-0.005995405827461438,-0.5698199951171875,-0.2657563842773437,10.271125122070313
91.94169735908508,0.07274425737319877,0.016387442595061263,-0.006261868308681946,-0.5722141967773438,-0.29448680419921874,10.287884533691406
91.96137309074402,0.0750091884635731,0.014122511504686942,-0.006261868308681946,-0.5482721801757812,-0.29927520751953124,10.350133776855468
91.98127770423889,0.07687442583211665,0.01572128639200999,-0.0033307810152563544,-0.5722141967773438,-0.2537853759765625,10.311826550292968
92.00145840644836,0.07221133241075775,0.0191852986478766,-0.006261868308681946,-0.5410895751953124,-0.2753331909179687,10.307038146972655
92.02145266532898,0.07487595722296284,0.014788667707738212,-0.00479632466196915,-0.584185205078125,-0.2705447875976562,10.307038146972655
92.04150319099426,0.0750091884635731,0.018119448722994567,-0.011191424211261349,-0.5434837768554687,-0.2657563842773437,10.352527978515624
92.0617995262146,0.07354364481686029,0.01985145485092787,-0.00866003063966652,-0.5793968017578125,-0.26336218261718747,10.283096130371094
92.0823266506195,0.07301071985441929,0.017586523760553547,-0.005462480865020421,-0.5770026000976562,-0.28969840087890625,10.314220751953124
92.10168099403381,0.07754058203516792,0.018785604926045835,-0.005595712105630674,-0.5698199951171875,-0.2537853759765625,10.342951171874999
92.12157917022705,0.07594180714784488,0.020251148572758632,-0.005462480865020421,-0.5482721801757812,-0.28969840087890625,10.340556970214843
92.141526222229,0.07101225124526546,0.020384379813368887,-0.003863705977697371,-0.5195417602539062,-0.258573779296875,10.299855541992187
92.16162633895874,0.0750091884635731,0.017453292519943295,-0.004130168458917879,-0.5889736083984375,-0.2657563842773437,10.340556970214843
92.18173098564148,0.07514241970418334,0.017586523760553547,-0.004529862180748642,-0.5889736083984375,-0.26336218261718747,10.307038146972655
92.20166802406311,0.07860643196004995,0.02078407353519965,-0.0037304747370871167,-0.5674257934570313,-0.277727392578125,10.326191760253906
92.22135257720947,0.07687442583211665,0.02131699849764067,-0.005329249624410167,-0.584185205078125,-0.2537853759765625,10.326191760253906
92.24151086807251,0.07447626350113207,0.01958499236970736,-0.004263399699528133,-0.5578489868164063,-0.2753331909179687,10.304643945312499
92.26141691207886,0.07727411955394742,0.022249617181912446,-0.007061255752343471,-0.5793968017578125,-0.2442085693359375,10.297461340332031
92.2814073562622,0.07114548248587572,0.017852986241774057,-0.006661562030512709,-0.5626373901367188,-0.2920926025390625,10.321403356933594
92.30145525932312,0.07754058203516792,0.020251148572758632,-0.005062787143189658,-0.5817910034179687,-0.27293898925781246,10.326191760253906
92.32155179977417,0.07727411955394742,0.014255742745297196,-0.006128637068071691,-0.5578489868164063,-0.22026655273437498,10.27830772705078
92.34171915054321,0.07794027575699868,0.014122511504686942,-0.0075941807147844875,-0.5243301635742187,-0.3064578125,10.254365710449218
92.36138820648193,0.07887289444127048,0.02438131703167651,-0.005196018383799912,-0.5889736083984375,-0.2753331909179687,10.342951171874999
92.38145184516907,0.07074578876404496,0.0191852986478766,-0.009059724361497283,-0.5458779785156249,-0.3184288208007812,10.297461340332031
92.40144801139832,0.07167840744831674,0.01532159267017923,-0.006528330789902454,-0.5458779785156249,-0.28490999755859375,10.302249743652343
92.42161011695862,0.07487595722296284,0.014788667707738212,-0.006128637068071691,-0.5602431884765625,-0.3064578125,10.347739575195313
92.44177222251892,0.07447626350113207,0.01985145485092787,-0.005462480865020421,-0.5506663818359374,-0.2920926025390625,10.369287390136718
92.46169185638428,0.07660796335089615,0.021583460978861175,-0.004396630940138387,-0.5817910034179687,-0.258573779296875,10.340556970214843
92.48165082931519,0.07634150086967564,0.018918836166656093,-0.005595712105630674,-0.5458779785156249,-0.27293898925781246,10.359710583496094
92.50148701667786,0.07487595722296284,0.017852986241774057,-0.007061255752343471,-0.5770026000976562,-0.2920926025390625,10.402806213378906
92.52142667770386,0.07833996947882944,0.01971822361031762,-0.007860643196004996,-0.5434837768554687,-0.29448680419921874,10.338162768554687
92.54155588150024,0.07487595722296284,0.016120980113840753,-0.010392036767599824,-0.5674257934570313,-0.29448680419921874,10.271125122070313
92.56143927574158,0.07860643196004995,0.016254211354451008,-0.0037304747370871167,-0.5458779785156249,-0.27293898925781246,10.292672937011718
92.58144569396973,0.07487595722296284,0.015987748873230498,-0.005062787143189658,-0.565031591796875,-0.24660277099609373,10.374075793457031
92.6014952659607,0.07460949474174233,0.015854517632620246,-0.004130168458917879,-0.5243301635742187,-0.2537853759765625,10.357316381835936
92.62159585952759,0.07554211342601411,0.014921898948348467,-0.006261868308681946,-0.5506663818359374,-0.26815058593749996,10.32379755859375
92.64165329933167,0.07394333853869106,0.01851914244482533,-0.005595712105630674,-0.5267243652343749,-0.30406361083984373,10.268730920410155
92.6613609790802,0.0770076570727269,0.017719755001163805,-0.007194486992953725,-0.5458779785156249,-0.24181436767578124,10.357316381835936
92.6817033290863,0.07580857590723461,0.016787136316892024,-0.005995405827461438,-0.5386953735351562,-0.2657563842773437,10.350133776855468
92.70145463943481,0.07887289444127048,0.017453292519943295,-0.007860643196004996,-0.5482721801757812,-0.26336218261718747,10.32379755859375
92.72139000892639,0.07540888218540386,0.015588055151399738,-0.0063950995492922,-0.5674257934570313,-0.28730419921875,10.311826550292968
92.74160957336426,0.07341041357625004,0.019318529888486854,-0.009992343045769061,-0.5985504150390625,-0.3112462158203125,10.345345373535155
92.76139998435974,0.0752756509447936,0.01732006127933304,-0.008526799399056265,-0.5219359619140624,-0.2657563842773437,10.256759912109374
92.78144788742065,0.07314395109502954,0.016120980113840753,-0.00159877488732305,-0.5770026000976562,-0.29448680419921874,10.137049829101562
92.80139994621277,0.0747427259823526,0.018652373685435583,-0.008260336917835759,-0.5602431884765625,-0.296881005859375,10.342951171874999
92.82246470451355,0.07447626350113207,0.017586523760553547,-0.0035972434964768626,-0.565031591796875,-0.24660277099609373,10.290278735351562
92.84166240692139,0.07101225124526546,0.020517611053979142,-0.004396630940138387,-0.6009446166992187,-0.2609679809570312,10.299855541992187
92.86141562461853,0.07420980101991156,0.018252679963604822,-0.004529862180748642,-0.565031591796875,-0.24899697265624998,10.304643945312499
92.88148403167725,0.07154517620770649,0.02011791733214838,-0.006928024511733216,-0.5602431884765625,-0.2825157958984375,10.333374365234375
92.90167093276978,0.07514241970418334,0.019984686091538122,-0.004130168458917879,-0.5482721801757812,-0.26815058593749996,10.417171423339843
92.92181968688965,0.07420980101991156,0.013323124061025418,-0.004529862180748642,-0.5410895751953124,-0.25139117431640623,10.299855541992187
92.94168996810913,0.07420980101991156,0.018252679963604822,-0.0033307810152563544,-0.5674257934570313,-0.27293898925781246,10.261548315429687
92.96142601966858,0.07154517620770649,0.01945176112909711,-0.004929555902579405,-0.5482721801757812,-0.28490999755859375,10.287884533691406
92.98119616508484,0.07447626350113207,0.016520673835671518,-0.0011990811654922875,-0.5506663818359374,-0.2657563842773437,10.283096130371094
93.00155901908875,0.07407656977930133,0.01572128639200999,-0.005196018383799912,-0.565031591796875,-0.2537853759765625,10.350133776855468
93.02146649360657,0.07660796335089615,0.01505513018895872,-0.010392036767599824,-0.5746083984375,-0.277727392578125,10.271125122070313
93.04150009155273,0.07780704451638844,0.01692036755750228,-0.004929555902579405,-0.5219359619140624,-0.258573779296875,10.223241088867187
93.0613386631012,0.0770076570727269,0.0191852986478766,-0.0075941807147844875,-0.5985504150390625,-0.2537853759765625,10.273519323730468
93.08174085617065,0.07487595722296284,0.01945176112909711,-0.004929555902579405,-0.5817910034179687,-0.3016694091796875,10.297461340332031
93.10163569450378,0.07287748861380902,0.0191852986478766,-0.0063950995492922,-0.603338818359375,-0.28490999755859375,10.311826550292968
93.12144041061401,0.07101225124526546,0.017586523760553547,-0.0037304747370871167,-0.5770026000976562,-0.28490999755859375,10.273519323730468
93.14139103889465,0.07634150086967564,0.016787136316892024,-0.008393568158446012,-0.5458779785156249,-0.2561795776367187,10.319009155273436
93.16162395477295,0.07420980101991156,0.01945176112909711,-0.006128637068071691,-0.5626373901367188,-0.3064578125,10.283096130371094
93.1812515258789,0.07727411955394742,0.016387442595061263,-0.0013323124061025418,-0.5722141967773438,-0.258573779296875,10.35492218017578
93.20139765739441,0.07434303226052183,0.019984686091538122,-0.00985911180515881,-0.5674257934570313,-0.2920926025390625,10.307038146972655
93.22141695022583,0.07434303226052183,0.017186830038722786,-0.0035972434964768626,-0.5865794067382812,-0.2537853759765625,10.292672937011718
93.24163746833801,0.07061255752343472,0.017586523760553547,-0.008526799399056265,-0.59376201171875,-0.2753331909179687,10.345345373535155
93.26143836975098,0.07394333853869106,0.01692036755750228,-0.004663093421358896,-0.55545478515625,-0.2825157958984375,10.27830772705078
93.28140687942505,0.07287748861380902,0.018119448722994567,-0.006928024511733216,-0.55545478515625,-0.296881005859375,10.345345373535155
93.30137538909912,0.0770076570727269,0.016653905076281773,-0.006928024511733216,-0.584185205078125,-0.3136404174804687,10.319009155273436
93.32138848304749,0.07394333853869106,0.015454823910789483,-0.006128637068071691,-0.5386953735351562,-0.26815058593749996,10.309432348632813
93.34160661697388,0.07594180714784488,0.018785604926045835,-0.006794793271122962,-0.5817910034179687,-0.4333505004882812,10.319009155273436
93.36134481430054,0.07913935692249098,0.02145022973825092,-0.0073277182335639785,-0.5698199951171875,-0.27293898925781246,10.302249743652343
93.38138484954834,0.07420980101991156,0.017852986241774057,-0.003464012255866608,-0.5793968017578125,-0.2920926025390625,10.27830772705078
93.40142560005188,0.07447626350113207,0.015854517632620246,-0.007860643196004996,-0.5770026000976562,-0.28490999755859375,10.405200415039062
93.4215931892395,0.0750091884635731,0.019052067407266345,-0.008793261880276773,-0.5506663818359374,-0.30406361083984373,10.333374365234375
93.44168162345886,0.0747427259823526,0.018918836166656093,-0.00479632466196915,-0.5458779785156249,-0.27293898925781246,10.27830772705078
93.46139740943909,0.08153751925347555,0.021716692219471426,-0.003464012255866608,-0.5386953735351562,-0.28490999755859375,10.31661495361328
93.48388624191284,0.07847320071943971,0.022116385941302188,-0.004929555902579405,-0.5674257934570313,-0.2825157958984375,10.280701928710936
93.50141072273254,0.07740735079455767,0.015987748873230498,-0.002531393571594829,-0.5793968017578125,-0.2609679809570312,10.32379755859375
93.52131652832031,0.07767381327577817,0.01971822361031762,-0.004396630940138387,-0.5793968017578125,-0.277727392578125,10.292672937011718
93.54135584831238,0.07394333853869106,0.01692036755750228,-0.007727411955394742,-0.5458779785156249,-0.30885201416015623,10.304643945312499
93.5617048740387,0.07660796335089615,0.013856049023466432,-0.0033307810152563544,-0.584185205078125,-0.277727392578125,10.287884533691406
93.58213090896606,0.07434303226052183,0.01572128639200999,-0.005462480865020421,-0.5602431884765625,-0.29448680419921874,10.292672937011718
93.60157942771912,0.07394333853869106,0.017719755001163805,-0.004529862180748642,-0.5889736083984375,-0.29448680419921874,10.280701928710936
93.62155795097351,0.0767411945915064,0.015188361429568975,-0.0075941807147844875,-0.5363011718749999,-0.2561795776367187,10.326191760253906
93.64164710044861,0.07660796335089615,0.017719755001163805,-0.0075941807147844875,-0.584185205078125,-0.277727392578125,10.347739575195313
93.66152548789978,0.08326952538140886,0.02118376725703041,-0.00479632466196915,-0.5865794067382812,-0.30406361083984373,10.330980163574218
93.68145418167114,0.07567534466662437,0.01945176112909711,-0.0039969372183076245,-0.5626373901367188,-0.2561795776367187,10.261548315429687
93.70312666893005,0.07620826962906538,0.014921898948348467,-0.0031975497746461,-0.5865794067382812,-0.23702596435546874,10.280701928710936
93.72152328491211,0.07034609504221419,0.018918836166656093,-0.00159877488732305,-0.565031591796875,-0.23223756103515625,10.321403356933594
93.74162983894348,0.07927258816310122,0.018918836166656093,-0.0058621745868511835,-0.5530605834960938,-0.29448680419921874,10.350133776855468
93.76136636734009,0.07460949474174233,0.01851914244482533,-0.00479632466196915,-0.55545478515625,-0.30406361083984373,10.232817895507813
93.78149318695068,0.07007963256099368,0.018785604926045835,-0.007860643196004996,-0.565031591796875,-0.277727392578125,10.266336718749999
93.80159044265747,0.0770076570727269,0.01732006127933304,-0.0095926493239383,-0.49320554199218747,-0.2825157958984375,10.319009155273436
93.8215446472168,0.07261102613258852,0.01958499236970736,-0.0033307810152563544,-0.55545478515625,-0.24660277099609373,10.263942517089843
93.84174275398254,0.07927258816310122,0.01692036755750228,-0.00866003063966652,-0.5578489868164063,-0.3232172241210937,10.27830772705078
93.86157703399658,0.07780704451638844,0.020384379813368887,-0.008127105677225504,-0.5339069702148437,-0.28012159423828126,10.211270080566406
93.88156819343567,0.07860643196004995,0.020384379813368887,-0.004663093421358896,-0.5291185668945312,-0.2705447875976562,10.311826550292968
93.90158987045288,0.07740735079455767,0.015454823910789483,-0.006528330789902454,-0.5506663818359374,-0.28012159423828126,10.27830772705078
93.92204236984253,0.0752756509447936,0.01985145485092787,-0.0075941807147844875,-0.5626373901367188,-0.26336218261718747,10.307038146972655
93.9418957233429,0.08247013793774732,0.015854517632620246,-0.006528330789902454,-0.5793968017578125,-0.2825157958984375,10.311826550292968
93.9618456363678,0.07247779489197827,0.01958499236970736,-0.0037304747370871167,-0.5961562133789062,-0.26815058593749996,10.352527978515624
93.98159980773926,0.07487595722296284,0.01372281778285618,-0.005062787143189658,-0.5698199951171875,-0.30406361083984373,10.369287390136718
94.00158095359802,0.07794027575699868,0.022516079663132953,-0.001732006127933304,-0.59376201171875,-0.28012159423828126,10.295067138671874
94.02166748046875,0.07607503838845513,0.016787136316892024,-0.005329249624410167,-0.5506663818359374,-0.2609679809570312,10.12507882080078
94.0416476726532,0.07607503838845513,0.015854517632620246,-0.004396630940138387,-0.5817910034179687,-0.229843359375,10.31661495361328
94.06166577339172,0.07487595722296284,0.019318529888486854,-0.006928024511733216,-0.5626373901367188,-0.27293898925781246,10.342951171874999
94.08240461349487,0.07394333853869106,0.018652373685435583,-0.005595712105630674,-0.5315127685546874,-0.28730419921875,10.287884533691406
94.10162949562073,0.071811638688927,0.01438897398590745,-0.008260336917835759,-0.5602431884765625,-0.258573779296875,10.280701928710936
94.12193584442139,0.07540888218540386,0.019318529888486854,-0.0033307810152563544,-0.5315127685546874,-0.26815058593749996,10.314220751953124
94.14191198348999,0.07660796335089615,0.01851914244482533,-0.0039969372183076245,-0.6009446166992187,-0.277727392578125,10.338162768554687
94.16165566444397,0.07740735079455767,0.018385911204215073,-0.007993874436615249,-0.5698199951171875,-0.28490999755859375,10.232817895507813
94.18178963661194,0.07407656977930133,0.018918836166656093,-0.003464012255866608,-0.5626373901367188,-0.27293898925781246,10.28549033203125
94.20142579078674,0.07261102613258852,0.01438897398590745,-0.003464012255866608,-0.5267243652343749,-0.2442085693359375,10.283096130371094
94.22133159637451,0.07620826962906538,0.020384379813368887,-0.0057289433462409285,-0.5793968017578125,-0.29448680419921874,10.275913525390624
94.24161624908447,0.07754058203516792,0.01705359879811253,-0.0058621745868511835,-0.5746083984375,-0.258573779296875,10.275913525390624
94.26145195960999,0.07234456365136802,0.015588055151399738,-0.00479632466196915,-0.5339069702148437,-0.2753331909179687,10.280701928710936
94.2816231250763,0.07833996947882944,0.02131699849764067,-0.004663093421358896,-0.5602431884765625,-0.2609679809570312,10.28549033203125
94.30143427848816,0.07767381327577817,0.02011791733214838,-0.0011990811654922875,-0.5506663818359374,-0.26336218261718747,10.295067138671874
94.32174277305603,0.07660796335089615,0.017186830038722786,-0.0073277182335639785,-0.584185205078125,-0.26815058593749996,10.275913525390624
94.34213137626648,0.07367687605747056,0.014921898948348467,-0.009725880564548555,-0.5482721801757812,-0.3184288208007812,10.290278735351562
94.36156058311462,0.07261102613258852,0.02424808579106626,-0.0058621745868511835,-0.5793968017578125,-0.22266075439453123,10.357316381835936
94.38158798217773,0.07420980101991156,0.014522205226517705,-0.003464012255866608,-0.565031591796875,-0.2609679809570312,10.381258398437499
94.40153670310974,0.07980551312554225,0.02105053601642016,-0.0030643185340358454,-0.5602431884765625,-0.2920926025390625,10.304643945312499
94.42158341407776,0.07287748861380902,0.01692036755750228,-0.003863705977697371,-0.5722141967773438,-0.277727392578125,10.326191760253906
94.4417176246643,0.07434303226052183,0.01732006127933304,-0.005329249624410167,-0.5698199951171875,-0.4572925170898437,10.249577307128906
94.46152710914612,0.07487595722296284,0.01985145485092787,-0.006261868308681946,-0.5147533569335937,-0.2705447875976562,10.302249743652343
94.48155355453491,0.07554211342601411,0.014122511504686942,-0.008127105677225504,-0.5482721801757812,-0.26336218261718747,10.134655627441406
94.50396227836609,0.07341041357625004,0.02571362943777905,-0.003464012255866608,-0.5674257934570313,-0.3136404174804687,10.273519323730468
94.52148723602295,0.07634150086967564,0.018785604926045835,-0.004929555902579405,-0.5817910034179687,-0.28012159423828126,10.330980163574218
94.54151558876038,0.08047166932859352,0.020251148572758632,-0.005062787143189658,-0.5434837768554687,-0.28730419921875,10.271125122070313
94.56143164634705,0.07327718233563979,0.018385911204215073,-0.005196018383799912,-0.5626373901367188,-0.45489831542968745,10.314220751953124
94.58149242401123,0.07287748861380902,0.012523736617363892,-0.003464012255866608,-0.5889736083984375,-0.28730419921875,10.304643945312499
94.60146307945251,0.07580857590723461,0.014788667707738212,-0.0074609494741742334,-0.5698199951171875,-0.27293898925781246,10.302249743652343
94.62167716026306,0.0764747321102859,0.018252679963604822,-0.0037304747370871167,-0.5746083984375,-0.2825157958984375,10.319009155273436
94.64160966873169,0.0747427259823526,0.01732006127933304,-0.006528330789902454,-0.584185205078125,-0.2561795776367187,10.31661495361328
94.6615583896637,0.07540888218540386,0.015987748873230498,-0.007727411955394742,-0.5578489868164063,-0.28012159423828126,10.299855541992187
94.68154287338257,0.07327718233563979,0.01345635530163567,-0.002531393571594829,-0.5243301635742187,-0.26336218261718747,10.290278735351562
94.7018654346466,0.07287748861380902,0.016520673835671518,-0.01052526800821008,-0.5865794067382812,-0.3064578125,10.319009155273436
94.72249817848206,0.07953905064432175,0.01705359879811253,0.0302434916185277,-0.5602431884765625,-0.2920926025390625,10.328585961914062
94.74155449867249,0.07634150086967564,0.02744563556571236,-0.0074609494741742334,-0.55545478515625,-0.2537853759765625,10.314220751953124
94.76161408424377,0.07594180714784488,0.018119448722994567,-0.0037304747370871167,-0.5578489868164063,-0.26336218261718747,10.36210478515625
94.78139758110046,0.07540888218540386,0.02011791733214838,-0.004663093421358896,-0.584185205078125,-0.2537853759765625,10.268730920410155
94.80129766464233,0.07314395109502954,0.017852986241774057,-0.004663093421358896,-0.584185205078125,-0.2657563842773437,10.364498986816406
94.8215582370758,0.0752756509447936,0.02118376725703041,-0.008393568158446012,-0.5698199951171875,-0.2705447875976562,10.273519323730468
94.84152841567993,0.07420980101991156,0.015588055151399738,-0.008526799399056265,-0.612915625,-0.28730419921875,10.330980163574218
94.86162257194519,0.07554211342601411,0.01945176112909711,-0.004529862180748642,-0.5482721801757812,-0.3064578125,10.304643945312499
94.88142991065979,0.07354364481686029,0.01438897398590745,-0.002797856052815337,-0.5602431884765625,-0.2753331909179687,10.266336718749999
94.90153503417969,0.07540888218540386,0.01705359879811253,-0.006928024511733216,-0.565031591796875,-0.2920926025390625,10.249577307128906
94.92149782180786,0.0752756509447936,0.017186830038722786,-0.005329249624410167,-0.5386953735351562,-0.28969840087890625,10.328585961914062
94.9416561126709,0.07594180714784488,0.018918836166656093,-0.005595712105630674,-0.5386953735351562,-0.3016694091796875,10.295067138671874
94.96140313148499,0.0750091884635731,0.017186830038722786,-0.008260336917835759,-0.5889736083984375,-0.2561795776367187,10.280701928710936
94.98145580291748,0.07354364481686029,0.02105053601642016,-0.0074609494741742334,-0.5602431884765625,-0.2657563842773437,10.340556970214843
95.00161361694336,0.080205206847373,0.019052067407266345,-0.006528330789902454,-0.5865794067382812,-0.3016694091796875,10.280701928710936
95.0214684009552,0.07794027575699868,0.017453292519943295,-0.006794793271122962,-0.5458779785156249,-0.30885201416015623,10.309432348632813
95.04156112670898,0.07234456365136802,0.011191424211261349,-0.0018652373685435584,-0.5482721801757812,-0.28490999755859375,10.340556970214843
95.06168270111084,0.0747427259823526,0.01185758041431262,-0.005462480865020421,-0.5434837768554687,-0.24899697265624998,10.319009155273436
95.08149909973145,0.07567534466662437,0.016254211354451008,-0.005462480865020421,-0.5674257934570313,-0.2657563842773437,10.290278735351562
95.10142636299133,0.07274425737319877,0.021583460978861175,-0.005329249624410167,-0.5530605834960938,-0.2753331909179687,10.299855541992187
95.1218888759613,0.07274425737319877,0.01958499236970736,-0.007860643196004996,-0.5219359619140624,-0.24660277099609373,10.314220751953124
95.141610622406,0.07341041357625004,0.019984686091538122,-0.002797856052815337,-0.5770026000976562,-0.2657563842773437,10.307038146972655
95.16159462928772,0.0770076570727269,0.018918836166656093,-0.004130168458917879,-0.5626373901367188,-0.2920926025390625,10.345345373535155
95.18189430236816,0.08033843808798326,0.019052067407266345,-0.0063950995492922,-0.5458779785156249,-0.277727392578125,10.280701928710936
95.20146608352661,0.07714088831333717,0.017186830038722786,-0.007061255752343471,-0.5434837768554687,-0.29927520751953124,10.273519323730468
95.22169160842896,0.07394333853869106,0.02118376725703041,-0.0073277182335639785,-0.5722141967773438,-0.239420166015625,10.295067138671874
95.241623878479,0.07420980101991156,0.014122511504686942,-0.007194486992953725,-0.565031591796875,-0.28969840087890625,10.314220751953124
95.26153421401978,0.07460949474174233,0.022249617181912446,-0.005329249624410167,-0.5626373901367188,-0.229843359375,10.314220751953124
95.28157258033752,0.07420980101991156,0.02438131703167651,-0.003863705977697371,-0.5626373901367188,-0.3016694091796875,10.299855541992187
95.30157351493835,0.07567534466662437,0.02105053601642016,-0.009059724361497283,-0.5770026000976562,-0.3016694091796875,10.309432348632813
95.32217478752136,0.0752756509447936,0.017186830038722786,-0.0037304747370871167,-0.5770026000976562,-0.2825157958984375,10.335768566894531
95.34156465530396,0.07607503838845513,0.01851914244482533,-0.0063950995492922,-0.5746083984375,-0.24660277099609373,10.335768566894531
95.36135005950928,0.07620826962906538,0.022516079663132953,-0.007194486992953725,-0.5267243652343749,-0.2537853759765625,10.307038146972655
95.38137292861938,0.07554211342601411,0.016653905076281773,-0.004663093421358896,-0.5530605834960938,-0.3136404174804687,10.326191760253906
95.40142226219177,0.07620826962906538,0.0127901990985844,-0.0073277182335639785,-0.5865794067382812,-0.258573779296875,10.345345373535155
95.42139673233032,0.07580857590723461,0.0191852986478766,-0.004929555902579405,-0.5315127685546874,-0.25139117431640623,10.31661495361328
95.44139218330383,0.07660796335089615,0.019984686091538122,-0.004529862180748642,-0.5770026000976562,-0.30406361083984373,10.330980163574218
95.46142315864563,0.07514241970418334,0.018119448722994567,-0.008127105677225504,-0.5386953735351562,-0.2825157958984375,10.371681591796875
95.48140978813171,0.07740735079455767,0.014788667707738212,-0.003863705977697371,-0.6009446166992187,-0.2705447875976562,10.259154113769531
95.50151014328003,0.07714088831333717,0.017586523760553547,-0.006261868308681946,-0.5985504150390625,-0.28969840087890625,10.27830772705078
95.52276515960693,0.07740735079455767,0.017852986241774057,-0.004663093421358896,-0.5410895751953124,-0.29927520751953124,10.297461340332031
95.54243564605713,0.0764747321102859,0.02145022973825092,-0.004929555902579405,-0.5386953735351562,-0.28730419921875,10.256759912109374
95.56152844429016,0.07367687605747056,0.01372281778285618,-0.006661562030512709,-0.5482721801757812,-0.2609679809570312,10.321403356933594
95.58140277862549,0.0764747321102859,0.0191852986478766,-0.007194486992953725,-0.5195417602539062,-0.239420166015625,10.275913525390624
95.60144424438477,0.07740735079455767,0.015854517632620246,-0.003863705977697371,-0.5961562133789062,-0.30885201416015623,10.266336718749999
95.62156534194946,0.07420980101991156,0.018252679963604822,-0.004263399699528133,-0.5698199951171875,-0.26815058593749996,10.347739575195313
95.64170098304749,0.07540888218540386,0.02105053601642016,-0.004130168458917879,-0.5434837768554687,-0.258573779296875,10.326191760253906
95.66140556335449,0.07607503838845513,0.01572128639200999,-0.004663093421358896,-0.55545478515625,-0.2753331909179687,10.24000050048828
95.68132781982422,0.07634150086967564,0.01438897398590745,-0.0073277182335639785,-0.55545478515625,-0.2825157958984375,10.357316381835936
95.70212650299072,0.07687442583211665,0.01945176112909711,-0.0033307810152563544,-0.5315127685546874,-0.3016694091796875,10.287884533691406
95.72216868400574,0.07420980101991156,0.015588055151399738,-0.006794793271122962,-0.5626373901367188,-0.2609679809570312,10.414777221679687
95.74182033538818,0.0747427259823526,0.016120980113840753,-0.011191424211261349,-0.55545478515625,-0.2705447875976562,10.340556970214843
95.76222395896912,0.07367687605747056,0.021583460978861175,-0.005329249624410167,-0.5219359619140624,-0.2753331909179687,10.321403356933594
95.78164172172546,0.07047932628282445,0.016120980113840753,0.0011990811654922875,-0.55545478515625,-0.1580173095703125,10.335768566894531
95.80155301094055,0.0750091884635731,0.02011791733214838,-0.00479632466196915,-0.5458779785156249,-0.30885201416015623,10.297461340332031
95.82130193710327,0.07420980101991156,0.018652373685435583,-0.004130168458917879,-0.5458779785156249,-0.277727392578125,10.333374365234375
95.84142255783081,0.07127871372648598,0.023315467106794475,-0.009192955602107537,-0.5506663818359374,-0.29448680419921874,10.309432348632813
95.86135339736938,0.07554211342601411,0.014655436467127957,-0.0073277182335639785,-0.5722141967773438,-0.277727392578125,10.371681591796875
95.88251543045044,0.07554211342601411,0.015188361429568975,-0.004663093421358896,-0.5626373901367188,-0.28490999755859375,10.319009155273436
95.90138411521912,0.07820673823821919,0.016254211354451008,-0.005062787143189658,-0.5578489868164063,-0.229843359375,10.304643945312499
95.92173409461975,0.07367687605747056,0.011990811654922875,-0.0063950995492922,-0.5195417602539062,-0.277727392578125,10.309432348632813
95.9417016506195,0.07607503838845513,0.01851914244482533,-0.004263399699528133,-0.5865794067382812,-0.277727392578125,10.366893188476562
95.96179604530334,0.07554211342601411,0.013856049023466432,-0.005595712105630674,-0.5602431884765625,-0.2561795776367187,10.259154113769531
95.98166179656982,0.07620826962906538,0.02145022973825092,-0.006261868308681946,-0.5770026000976562,-0.2609679809570312,10.405200415039062
96.00141787528992,0.07127871372648598,0.023049004625573973,-0.007194486992953725,-0.5410895751953124,-0.28490999755859375,10.326191760253906
96.02156281471252,0.07847320071943971,0.020251148572758632,-0.0073277182335639785,-0.5985504150390625,-0.28969840087890625,10.297461340332031
96.04185938835144,0.07594180714784488,0.022116385941302188,-0.008926493120887028,-0.5602431884765625,-0.2609679809570312,10.283096130371094
96.06184816360474,0.07607503838845513,0.022116385941302188,-0.008526799399056265,-0.5913678100585937,-0.277727392578125,10.335768566894531
96.08235311508179,0.07367687605747056,0.017453292519943295,-0.008393568158446012,-0.5530605834960938,-0.3016694091796875,10.28549033203125
96.10134053230286,0.0750091884635731,0.02145022973825092,-0.0035972434964768626,-0.5913678100585937,-0.2825157958984375,10.266336718749999
96.1215467453003,0.071811638688927,0.023448698347404734,-0.006261868308681946,-0.5698199951171875,-0.2561795776367187,10.192116467285155
96.14167428016663,0.07727411955394742,0.022382848422522698,-0.008127105677225504,-0.5530605834960938,-0.24660277099609373,10.290278735351562
96.16161680221558,0.07634150086967564,0.017986217482384312,-0.004263399699528133,-0.5961562133789062,-0.2657563842773437,10.314220751953124
96.18201994895935,0.07634150086967564,0.022516079663132953,-0.0058621745868511835,-0.55545478515625,-0.29448680419921874,10.326191760253906
96.20162773132324,0.07460949474174233,0.01945176112909711,-0.004130168458917879,-0.5602431884765625,-0.28730419921875,10.27830772705078
96.22168350219727,0.07327718233563979,0.01732006127933304,-0.006928024511733216,-0.5913678100585937,-0.2753331909179687,10.251971508789062
96.24196410179138,0.07341041357625004,0.01505513018895872,-0.007727411955394742,-0.5602431884765625,-0.29448680419921874,10.266336718749999
96.26157736778259,0.07620826962906538,0.019052067407266345,-0.006661562030512709,-0.5817910034179687,-0.258573779296875,10.314220751953124
96.28153991699219,0.07234456365136802,0.017453292519943295,-0.010392036767599824,-0.5817910034179687,-0.2705447875976562,10.326191760253906
96.30124139785767,0.07860643196004995,0.018918836166656093,-0.005462480865020421,-0.5602431884765625,-0.2920926025390625,10.251971508789062
96.32120847702026,0.07101225124526546,0.021583460978861175,-0.006928024511733216,-0.5578489868164063,-0.2609679809570312,10.31661495361328
96.34147930145264,0.07540888218540386,0.02118376725703041,-0.008127105677225504,-0.5817910034179687,-0.28730419921875,10.299855541992187
96.36131620407104,0.07607503838845513,0.01572128639200999,-0.00866003063966652,-0.5722141967773438,-0.26336218261718747,10.314220751953124
96.38140487670898,0.07194486992953725,0.011191424211261349,-0.00479632466196915,-0.584185205078125,-0.26815058593749996,10.299855541992187
96.40127277374268,0.07420980101991156,0.019052067407266345,-0.0075941807147844875,-0.5698199951171875,-0.2825157958984375,10.350133776855468
96.42179942131042,0.07634150086967564,0.017719755001163805,-0.002264931090374321,-0.5458779785156249,-0.28730419921875,10.32379755859375
96.44158124923706,0.07221133241075775,0.018119448722994567,-0.0074609494741742334,-0.5889736083984375,-0.28012159423828126,10.304643945312499
96.46168351173401,0.07594180714784488,0.019052067407266345,-0.004529862180748642,-0.59376201171875,-0.2346317626953125,10.302249743652343
96.48148369789124,0.07620826962906538,0.016787136316892024,-0.0018652373685435584,-0.5386953735351562,-0.2561795776367187,10.340556970214843
96.50150918960571,0.07634150086967564,0.014788667707738212,-0.002797856052815337,-0.5530605834960938,-0.24181436767578124,10.371681591796875
96.52138662338257,0.07847320071943971,0.01985145485092787,-0.006128637068071691,-0.5626373901367188,-0.258573779296875,10.357316381835936
96.54141092300415,0.07847320071943971,0.018119448722994567,-0.0074609494741742334,-0.5506663818359374,-0.28969840087890625,10.36210478515625
96.5613899230957,0.07567534466662437,0.016787136316892024,-0.00985911180515881,-0.5339069702148437,-0.28490999755859375,10.338162768554687
96.5816433429718,0.07514241970418334,0.013989280264076687,-0.0031975497746461,-0.5817910034179687,-0.296881005859375,10.120290417480469
96.6014404296875,0.0720781011701475,0.0191852986478766,-0.0039969372183076245,-0.5746083984375,-0.2657563842773437,10.28549033203125
96.62145733833313,0.07287748861380902,0.02118376725703041,-0.007061255752343471,-0.584185205078125,-0.28730419921875,10.381258398437499
96.64184021949768,0.07540888218540386,0.01985145485092787,-0.008127105677225504,-0.5817910034179687,-0.2753331909179687,10.309432348632813
96.66220140457153,0.07594180714784488,0.017719755001163805,-0.008393568158446012,-0.5746083984375,-0.296881005859375,10.338162768554687
96.68187594413757,0.07074578876404496,0.016387442595061263,-0.0033307810152563544,-0.55545478515625,-0.26815058593749996,10.297461340332031
96.70210480690002,0.07634150086967564,0.01705359879811253,-0.0031975497746461,-0.5602431884765625,-0.24660277099609373,10.273519323730468
