time_s,wz_rad_s,ax_m_s2,ay_m_s2
0.0,-0.002531393571594829,-0.46208092041015625,-0.011971008300781249
0.018750667572021484,-0.0011990811654922875,-0.6057330200195312,-0.16519991455078123
0.03873038291931152,-0.006261868308681946,-0.5698199951171875,-0.17477672119140625
0.05904245376586914,-0.002531393571594829,-0.5961562133789062,-0.17477672119140625
0.07866549491882324,-0.0009326186842717792,-0.6105214233398437,-0.19871873779296872
0.09903764724731445,-0.0014655436467127959,-0.584185205078125,-0.19393033447265623
0.1194608211517334,-0.005595712105630674,-0.6009446166992187,-0.22505495605468748
0.13876080513000488,-0.004396630940138387,-0.5770026000976562,-0.19393033447265623
0.15864229202270508,-0.0063950995492922,-0.5817910034179687,-0.20829554443359374
0.17843270301818848,-0.0031975497746461,-0.5985504150390625,-0.201112939453125
0.1990811824798584,-0.0021316998497640663,-0.59376201171875,-0.2059013427734375
0.21887421607971191,-0.0018652373685435584,-0.5698199951171875,-0.18914193115234373
0.23839068412780762,-0.005196018383799912,-0.5698199951171875,-0.18435352783203124
0.25838303565979004,-0.005196018383799912,-0.5770026000976562,-0.2154781494140625
0.2785913944244385,-0.005595712105630674,-0.565031591796875,-0.16998831787109375
0.298231840133667,-0.005062787143189658,-0.5410895751953124,-0.16759411621093748
0.3186483383178711,-0.0057289433462409285,-0.59376201171875,-0.16519991455078123
0.33859753608703613,-0.005062787143189658,-0.5674257934570313,-0.1771709228515625
0.3584861755371094,-0.004130168458917879,-0.5985504150390625,-0.22026655273437498
0.3784606456756592,-0.007727411955394742,-0.5626373901367188,-0.21308394775390624
0.3983337879180908,-0.002531393571594829,-0.603338818359375,-0.19632453613281248
0.4185798168182373,-0.0031975497746461,-0.5626373901367188,-0.201112939453125
0.4384448528289795,-0.0026646248122050836,-0.5913678100585937,-0.143652099609375
0.45830464363098145,-0.007194486992953725,-0.5817910034179687,-0.1580173095703125
0.4787900447845459,-0.006261868308681946,-0.5506663818359374,-0.23223756103515625
0.4984395503997803,-0.0014655436467127959,-0.5746083984375,-0.2059013427734375
0.5184121131896973,-0.002398162330984575,-0.5602431884765625,-0.19153613281249998
0.5383470058441162,-0.0033307810152563544,-0.584185205078125,-0.2059013427734375
0.5583288669586182,-0.003863705977697371,-0.5602431884765625,-0.2059013427734375
0.5784492492675781,-0.004529862180748642,-0.59376201171875,-0.2154781494140625
0.5983412265777588,-0.006261868308681946,-0.565031591796875,-0.22744915771484372
0.6186280250549316,-0.000799387443661525,-0.5410895751953124,-0.3016694091796875
0.6385531425476074,-0.005062787143189658,-0.622492431640625,-0.21068974609375
0.65860915184021,-0.0005329249624410166,-0.55545478515625,-0.19871873779296872
0.6784567832946777,-0.003863705977697371,-0.5698199951171875,-0.20350714111328125
0.6984634399414062,-0.005595712105630674,-0.584185205078125,-0.181959326171875
0.7188806533813477,-0.0033307810152563544,-0.5817910034179687,-0.1484405029296875
0.7387866973876953,-0.004396630940138387,-0.5722141967773438,-0.18914193115234373
0.7584147453308105,-0.0074609494741742334,-0.5722141967773438,-0.18435352783203124
0.7787401676177979,-0.002531393571594829,-0.5698199951171875,-0.17238251953125
0.7985744476318359,-0.002264931090374321,-0.5674257934570313,-0.201112939453125
0.8186066150665283,-0.00479632466196915,-0.5698199951171875,-0.22744915771484372
0.8383755683898926,-0.0035972434964768626,-0.603338818359375,-0.18435352783203124
0.8588409423828125,-0.006128637068071691,-0.5674257934570313,-0.21068974609375
0.8786501884460449,-0.005196018383799912,-0.584185205078125,-0.22266075439453123
0.8983850479125977,-0.004263399699528133,-0.5722141967773438,-0.16041151123046873
0.9191989898681641,-0.005595712105630674,-0.603338818359375,-0.21787235107421873
0.9385995864868164,-0.004929555902579405,-0.5865794067382812,-0.15083470458984374
0.9583256244659424,-0.005329249624410167,-0.5674257934570313,-0.201112939453125
0.9786896705627441,-0.0063950995492922,-0.5817910034179687,-0.19393033447265623
0.999030351638794,-0.0058621745868511835,-0.5698199951171875,-0.21068974609375
1.0189123153686523,-0.0039969372183076245,-0.5722141967773438,-0.181959326171875
1.0389246940612793,-0.004929555902579405,-0.5722141967773438,-0.19871873779296872
1.058983564376831,-0.00866003063966652,-0.5434837768554687,-0.21308394775390624
1.0786573886871338,-0.004130168458917879,-0.5913678100585937,-0.19393033447265623
1.0985283851623535,-0.002398162330984575,-0.6272808349609375,-0.23702596435546874
1.1190907955169678,-0.0037304747370871167,-0.5793968017578125,-0.19153613281249998
1.1387114524841309,-0.004263399699528133,-0.5458779785156249,-0.1580173095703125
1.1584134101867676,-0.003863705977697371,-0.5913678100585937,-0.181959326171875
1.1783039569854736,-0.0037304747370871167,-0.5698199951171875,-0.19871873779296872
1.1984007358551025,-0.003863705977697371,-0.4644751220703125,-0.22026655273437498
1.2184295654296875,-0.0033307810152563544,-0.5913678100585937,-0.22744915771484372
1.2384281158447266,-0.0057289433462409285,-0.584185205078125,-0.181959326171875
1.2583611011505127,-0.005329249624410167,-0.5865794067382812,-0.1867477294921875
1.2783174514770508,-0.0037304747370871167,-0.5626373901367188,-0.21787235107421873
1.2989697456359863,-0.005595712105630674,-0.55545478515625,-0.1867477294921875
1.3186702728271484,-0.006661562030512709,-0.5602431884765625,-0.18914193115234373
1.3384854793548584,-0.006794793271122962,-0.5698199951171875,-0.201112939453125
1.3586573600769043,-0.0006661562030512709,-0.5793968017578125,-0.201112939453125
1.3789753913879395,-0.006794793271122962,-0.5793968017578125,-0.20350714111328125
1.3984260559082031,-0.006794793271122962,-0.5722141967773438,-0.201112939453125
1.418699026107788,-0.00479632466196915,-0.5578489868164063,-0.2154781494140625
1.4390461444854736,-0.005329249624410167,-0.5410895751953124,-0.2346317626953125
1.458690881729126,-0.003863705977697371,-0.5674257934570313,-0.181959326171875
1.478539228439331,-0.007993874436615249,-0.5410895751953124,-0.22505495605468748
1.4983386993408203,-0.0058621745868511835,-0.5434837768554687,-0.1867477294921875
1.5186777114868164,-0.00479632466196915,-0.5434837768554687,-0.20350714111328125
1.538670539855957,-0.0075941807147844875,-0.5985504150390625,-0.16759411621093748
1.5583906173706055,-0.009059724361497283,-0.5961562133789062,-0.16759411621093748
1.5784056186676025,-0.0035972434964768626,-0.7326257080078125,-0.21068974609375
1.598435640335083,-0.006128637068071691,-0.5865794067382812,-0.19632453613281248
1.6184825897216797,-0.005595712105630674,-0.5458779785156249,-0.16998831787109375
1.6386356353759766,-0.003464012255866608,-0.5865794067382812,-0.2059013427734375
1.6585524082183838,-0.004130168458917879,-0.5746083984375,-0.19632453613281248
1.6782517433166504,-0.003863705977697371,-0.5722141967773438,-0.19871873779296872
1.6983661651611328,-0.004929555902579405,-0.5578489868164063,-0.181959326171875
1.7184147834777832,-0.0095926493239383,-0.5626373901367188,-0.18914193115234373
1.7386233806610107,-0.00159877488732305,-0.5386953735351562,-0.21068974609375
1.7587254047393799,-0.005062787143189658,-0.5578489868164063,-0.21787235107421873
1.7783963680267334,-0.0057289433462409285,-0.6105214233398437,-0.17956512451171874
1.7985055446624756,-0.0063950995492922,-0.5410895751953124,-0.19393033447265623
1.8183419704437256,-0.0039969372183076245,-0.5578489868164063,-0.18914193115234373
1.8386797904968262,-0.0021316998497640663,-0.5817910034179687,-0.19632453613281248
1.8584072589874268,-0.005462480865020421,-0.612915625,-0.16041151123046873
1.8782503604888916,-0.005196018383799912,-0.5626373901367188,-0.19871873779296872
1.8984169960021973,-0.006261868308681946,-0.5770026000976562,-0.19632453613281248
1.918907642364502,-0.007061255752343471,-0.584185205078125,-0.16519991455078123
1.9385545253753662,-0.007727411955394742,-0.5961562133789062,-0.21308394775390624
1.9584906101226807,-0.004130168458917879,-0.5458779785156249,-0.1867477294921875
1.9784553050994873,-0.005995405827461438,-0.5674257934570313,-0.19871873779296872
1.9982404708862305,-0.006128637068071691,-0.5698199951171875,-0.20350714111328125
2.0188639163970947,-0.00479632466196915,-0.584185205078125,-0.181959326171875
2.038496255874634,-0.0013323124061025418,-0.5961562133789062,-0.22266075439453123
2.0584771633148193,-0.0026646248122050836,-0.5434837768554687,-0.16998831787109375
2.0786707401275635,-0.0037304747370871167,-0.5746083984375,-0.16998831787109375
2.098252773284912,-0.003464012255866608,-0.6081272216796875,-0.1867477294921875
2.1183602809906006,-0.007727411955394742,-0.5817910034179687,-0.16519991455078123
2.138259172439575,-0.0033307810152563544,-0.603338818359375,-0.21068974609375
2.1586952209472656,-0.0037304747370871167,-0.5578489868164063,-0.16280571289062498
2.178933620452881,-0.006128637068071691,-0.5770026000976562,-0.1867477294921875
2.198634147644043,-0.0035972434964768626,-0.5602431884765625,-0.181959326171875
2.2185025215148926,-0.008393568158446012,-0.5530605834960938,-0.1867477294921875
2.238693952560425,-0.005062787143189658,-0.6057330200195312,-0.201112939453125
2.2587575912475586,-0.001732006127933304,-0.5746083984375,-0.17477672119140625
2.278628349304199,-0.006128637068071691,-0.5674257934570313,-0.21068974609375
2.298396110534668,-0.008793261880276773,-0.5722141967773438,-0.21308394775390624
2.3186073303222656,-0.008127105677225504,-0.5770026000976562,-0.19393033447265623
2.3384463787078857,-0.0019984686091538122,-0.5985504150390625,-0.1580173095703125
2.358585834503174,-0.0037304747370871167,-0.5961562133789062,-0.1867477294921875
2.3784658908843994,-0.005995405827461438,-0.565031591796875,-0.2059013427734375
2.3984036445617676,-0.0029310872934255917,-0.6272808349609375,-0.1388636962890625
2.4186270236968994,-0.006661562030512709,-0.584185205078125,-0.18914193115234373
2.4386632442474365,-0.004263399699528133,-0.5889736083984375,-0.181959326171875
2.458488702774048,-0.007860643196004996,-0.5746083984375,-0.18435352783203124
2.4782943725585938,-0.0063950995492922,-0.603338818359375,-0.24181436767578124
2.4984383583068848,-0.008393568158446012,-0.5698199951171875,-0.1771709228515625
2.5183944702148438,-0.005995405827461438,-0.5889736083984375,-0.16998831787109375
2.5383081436157227,-0.006661562030512709,-0.5817910034179687,-0.17477672119140625
2.558208703994751,-0.003464012255866608,-0.5458779785156249,-0.21308394775390624
2.5784006118774414,-0.005329249624410167,-0.5889736083984375,-0.19153613281249998
2.5987749099731445,-0.000799387443661525,-0.5698199951171875,-0.181959326171875
2.6185214519500732,-0.008393568158446012,-0.5602431884765625,-0.2154781494140625
2.6384224891662598,-0.004396630940138387,-0.5602431884765625,-0.1484405029296875
2.658432722091675,-0.0026646248122050836,-0.5698199951171875,-0.19153613281249998
2.678361654281616,-0.00866003063966652,-0.565031591796875,-0.19871873779296872
2.698376178741455,-0.006261868308681946,-0.565031591796875,-0.2346317626953125
2.7183046340942383,-0.008260336917835759,-0.5770026000976562,-0.201112939453125
2.738375425338745,-0.005595712105630674,-0.5674257934570313,-0.22026655273437498
2.7582662105560303,-0.006528330789902454,-0.603338818359375,-0.16998831787109375
2.778665781021118,-0.005329249624410167,-0.6105214233398437,-0.181959326171875
2.798448324203491,-0.006928024511733216,-0.5746083984375,-0.19632453613281248
2.818464994430542,-0.004929555902579405,-0.565031591796875,-0.1867477294921875
2.8382928371429443,-0.007194486992953725,-0.565031591796875,-0.16519991455078123
2.858433485031128,-0.005995405827461438,-0.5865794067382812,-0.19393033447265623
2.878420114517212,-0.005062787143189658,-0.5889736083984375,-0.1580173095703125
2.898437261581421,-0.006528330789902454,-0.5793968017578125,-0.21787235107421873
2.918468475341797,-0.0073277182335639785,-0.5793968017578125,-0.22505495605468748
2.9384708404541016,-0.0057289433462409285,-0.5602431884765625,-0.19153613281249998
2.958503246307373,-0.005462480865020421,-0.5339069702148437,-0.1771709228515625
2.978472948074341,-0.007860643196004996,-0.5746083984375,-0.19871873779296872
2.9984688758850098,-0.005995405827461438,-0.5865794067382812,-0.15562310791015624
3.0197319984436035,-0.004130168458917879,-0.5770026000976562,-0.1867477294921875
3.038729190826416,-0.0029310872934255917,-0.5985504150390625,-0.229843359375
3.058515787124634,-0.0075941807147844875,-0.5602431884765625,-0.18914193115234373
3.078411102294922,-0.004130168458917879,-0.603338818359375,-0.2059013427734375
3.0984013080596924,-0.004263399699528133,-0.5746083984375,-0.19393033447265623
3.118734359741211,-0.005329249624410167,-0.5889736083984375,-0.201112939453125
3.138418197631836,-0.005329249624410167,-0.5817910034179687,-0.16519991455078123
3.158461809158325,-0.0029310872934255917,-0.5698199951171875,-0.16998831787109375
3.1781058311462402,-0.006528330789902454,-0.5698199951171875,-0.19632453613281248
3.198218584060669,-0.006794793271122962,-0.5817910034179687,-0.181959326171875
3.2185306549072266,-0.003863705977697371,-0.5913678100585937,-0.22744915771484372
3.2384235858917236,-0.004929555902579405,-0.5626373901367188,-0.1771709228515625
3.258439064025879,-0.005329249624410167,-0.5985504150390625,-0.20829554443359374
3.2781553268432617,-0.004396630940138387,-0.5363011718749999,-0.21308394775390624
3.2984626293182373,-0.004929555902579405,-0.5458779785156249,-0.1867477294921875
3.3184688091278076,-0.0029310872934255917,-0.5913678100585937,-0.1771709228515625
3.338178873062134,-0.0037304747370871167,-0.5722141967773438,-0.22026655273437498
3.3585939407348633,-0.007194486992953725,-0.5746083984375,-0.2059013427734375
3.3783957958221436,-0.0030643185340358454,-0.565031591796875,-0.181959326171875
3.3984179496765137,-0.0039969372183076245,-0.4644751220703125,-0.17238251953125
3.418630361557007,-0.0021316998497640663,-0.5434837768554687,-0.2059013427734375
3.4385037422180176,-0.0026646248122050836,-0.565031591796875,-0.20350714111328125
3.4585719108581543,-0.0037304747370871167,-0.5961562133789062,-0.20350714111328125
3.478832721710205,-0.007061255752343471,-0.5722141967773438,-0.20350714111328125
3.4986698627471924,-0.005995405827461438,-0.6105214233398437,-0.19871873779296872
3.5186707973480225,-0.0019984686091538122,-0.5865794067382812,-0.19393033447265623
3.538766622543335,-0.002797856052815337,-0.5793968017578125,-0.1771709228515625
3.5588176250457764,-0.0009326186842717792,-0.7493851196289062,-0.19153613281249998
3.5788187980651855,-0.005462480865020421,-0.5722141967773438,-0.229843359375
3.598623275756836,-0.007061255752343471,-0.5793968017578125,-0.16280571289062498
3.6183130741119385,-0.005329249624410167,-0.5889736083984375,-0.22026655273437498
3.6387579441070557,-0.005196018383799912,-0.5674257934570313,-0.1867477294921875
3.6588330268859863,-0.009459418083328047,-0.565031591796875,-0.181959326171875
3.6784915924072266,-0.007194486992953725,-0.55545478515625,-0.1867477294921875
3.6987414360046387,-0.0035972434964768626,-0.6057330200195312,-0.16041151123046873
3.7186522483825684,-0.00479632466196915,-0.5817910034179687,-0.16759411621093748
3.738520622253418,-0.004130168458917879,-0.5123591552734374,-0.17956512451171874
3.7585229873657227,-0.004663093421358896,-0.5674257934570313,-0.1867477294921875
3.778563976287842,-0.0033307810152563544,-0.5698199951171875,-0.2154781494140625
3.7986667156219482,-0.004263399699528133,-0.6057330200195312,-0.21308394775390624
3.8183960914611816,-0.0063950995492922,-0.5817910034179687,-0.2154781494140625
3.8383100032806396,-0.005462480865020421,-0.603338818359375,-0.181959326171875
3.8585238456726074,-0.006661562030512709,-0.5961562133789062,-0.21068974609375
3.8785667419433594,-0.002264931090374321,-0.5698199951171875,-0.19632453613281248
3.898282766342163,0.0003996937218307625,-0.5817910034179687,-0.20829554443359374
3.918398141860962,-0.006528330789902454,-0.565031591796875,-0.17238251953125
3.9384100437164307,-0.005595712105630674,-0.5578489868164063,-0.21308394775390624
3.9584832191467285,-0.004130168458917879,-0.59376201171875,-0.17956512451171874
3.97861647605896,-0.007061255752343471,-0.7445967163085937,-0.19632453613281248
3.9992196559906006,-0.006528330789902454,-0.5506663818359374,-0.181959326171875
4.018542289733887,-0.00479632466196915,-0.6200982299804687,-0.181959326171875
4.038256883621216,-0.002264931090374321,-0.5386953735351562,-0.16519991455078123
4.058525562286377,-0.005595712105630674,-0.584185205078125,-0.19153613281249998
4.078417778015137,-0.004396630940138387,-0.5482721801757812,-0.21308394775390624
4.098235130310059,-0.007194486992953725,-0.5793968017578125,-0.20350714111328125
4.118494987487793,-0.006661562030512709,-0.5817910034179687,-0.17238251953125
4.139096975326538,-0.0033307810152563544,-0.5506663818359374,-0.16998831787109375
4.158876419067383,-0.006661562030512709,-0.584185205078125,-0.17238251953125
4.178507328033447,-0.006128637068071691,-0.5817910034179687,-0.19871873779296872
4.19908332824707,-0.004529862180748642,-0.5961562133789062,-0.18914193115234373
4.218895196914673,-0.006661562030512709,-0.6153098266601562,-0.18914193115234373
4.238553285598755,-0.002531393571594829,-0.5770026000976562,-0.17956512451171874
4.258606433868408,-0.0039969372183076245,-0.5985504150390625,-0.19393033447265623
4.278533458709717,0.0,-0.5722141967773438,-0.19393033447265623
4.298770427703857,-0.004663093421358896,-0.5770026000976562,-0.1771709228515625
4.318717002868652,-0.009326186842717792,-0.6081272216796875,-0.22266075439453123
4.338780879974365,-0.006261868308681946,-0.6009446166992187,-0.201112939453125
4.3590686321258545,-0.006128637068071691,-0.6081272216796875,-0.18914193115234373
4.378954172134399,-0.00479632466196915,-0.59376201171875,-0.201112939453125
4.398931980133057,-0.006128637068071691,-0.5626373901367188,-0.19632453613281248
4.418586730957031,-0.005595712105630674,-0.5770026000976562,-0.18435352783203124
4.438650846481323,-0.002264931090374321,-0.6081272216796875,-0.16280571289062498
4.458371639251709,-0.000799387443661525,-0.6416460449218749,-0.19632453613281248
4.478510856628418,-0.0006661562030512709,-0.5817910034179687,-0.18914193115234373
4.4983813762664795,-0.005062787143189658,-0.5674257934570313,-0.17477672119140625
4.518607139587402,-0.0039969372183076245,-0.5722141967773438,-0.29927520751953124
4.538390874862671,-0.0029310872934255917,-0.5770026000976562,-0.16041151123046873
4.558430433273315,-0.006128637068071691,-0.5793968017578125,-0.18435352783203124
4.578383922576904,-0.007194486992953725,-0.6200982299804687,-0.17956512451171874
4.598376035690308,-0.007860643196004996,-0.5291185668945312,-0.18914193115234373
4.618379831314087,-0.003863705977697371,-0.5793968017578125,-0.15562310791015624
4.6387715339660645,-0.006261868308681946,-0.46686932373046874,-0.21787235107421873
4.658623218536377,-0.007860643196004996,-0.584185205078125,-0.21787235107421873
4.678554058074951,-0.005062787143189658,-0.5865794067382812,-0.18914193115234373
4.6983802318573,-0.0074609494741742334,-0.5889736083984375,-0.19632453613281248
4.718187093734741,-0.00479632466196915,-0.5698199951171875,-0.18914193115234373
4.738638877868652,-0.006128637068071691,-0.5674257934570313,-0.1771709228515625
4.758284091949463,-0.0039969372183076245,-0.5482721801757812,-0.1867477294921875
4.7781922817230225,-0.008393568158446012,-0.6009446166992187,-0.16759411621093748
4.798205852508545,-0.0021316998497640663,-0.5602431884765625,-0.22266075439453123
4.818702220916748,-0.005995405827461438,-0.5793968017578125,-0.19632453613281248
4.838735818862915,-0.006128637068071691,-0.5817910034179687,-0.15562310791015624
4.858219385147095,-0.006794793271122962,-0.565031591796875,-0.19153613281249998
4.878174781799316,-0.007194486992953725,-0.5961562133789062,-0.17477672119140625
4.898449182510376,-0.004929555902579405,-0.7589619262695312,-0.21787235107421873
4.918492317199707,-0.006528330789902454,-0.5722141967773438,-0.20829554443359374
4.938188791275024,-0.005196018383799912,-0.59376201171875,-0.22026655273437498
4.958346605300903,-0.006661562030512709,-0.5578489868164063,-0.20350714111328125
4.978500843048096,-0.0037304747370871167,-0.5889736083984375,-0.19393033447265623
4.998748064041138,-0.005196018383799912,-0.6081272216796875,-0.19393033447265623
5.018671751022339,-0.003464012255866608,-0.565031591796875,-0.1867477294921875
5.038650989532471,-0.004929555902579405,-0.4644751220703125,-0.20350714111328125
5.058218479156494,-0.006928024511733216,-0.5722141967773438,-0.21068974609375
5.0783607959747314,-0.004130168458917879,-0.5722141967773438,-0.1867477294921875
5.098542928695679,-0.007061255752343471,-0.5099649536132812,-0.181959326171875
5.1185078620910645,-0.0021316998497640663,-0.5578489868164063,-0.16759411621093748
5.138648271560669,-0.005462480865020421,-0.55545478515625,-0.22026655273437498
5.158539295196533,0.033307810152563545,-0.6009446166992187,-0.22266075439453123
5.178377628326416,-0.005462480865020421,-0.622492431640625,-0.16759411621093748
5.198490381240845,-0.0037304747370871167,-0.5746083984375,-0.19393033447265623
5.218738317489624,-0.006528330789902454,-0.584185205078125,-0.17956512451171874
5.23828125,-0.005462480865020421,-0.5698199951171875,-0.229843359375
5.2581493854522705,-0.005595712105630674,-0.5626373901367188,-0.18914193115234373
5.2783002853393555,-0.0019984686091538122,-0.5889736083984375,-0.19632453613281248
5.298903942108154,-0.006261868308681946,-0.5913678100585937,-0.21787235107421873
5.318762540817261,-0.002797856052815337,-0.5722141967773438,-0.20350714111328125
5.338544845581055,-0.0075941807147844875,-0.55545478515625,-0.1771709228515625
5.3586084842681885,-0.002398162330984575,-0.5674257934570313,-0.15322890625
5.378249406814575,-0.006128637068071691,-0.5793968017578125,-0.19153613281249998
5.398245334625244,-0.005462480865020421,-0.5602431884765625,-0.16041151123046873
5.418381690979004,-0.007194486992953725,-0.5865794067382812,-0.16519991455078123
5.4383111000061035,-0.006794793271122962,-0.5985504150390625,-0.1771709228515625
5.45837140083313,-0.007194486992953725,-0.5410895751953124,-0.16998831787109375
5.478239059448242,-0.0010658499248820332,-0.5817910034179687,-0.18914193115234373
5.498546838760376,-0.0063950995492922,-0.5793968017578125,-0.19393033447265623
5.518343925476074,-0.0010658499248820332,-0.5865794067382812,-0.2059013427734375
5.538442850112915,-0.0031975497746461,-0.584185205078125,-0.19153613281249998
5.558175325393677,-0.0010658499248820332,-0.6631938598632812,-0.16998831787109375
5.578060865402222,-0.003863705977697371,-0.5865794067382812,-0.201112939453125
5.598499298095703,-0.006794793271122962,-0.5386953735351562,-0.16759411621093748
5.618574619293213,-0.003464012255866608,-0.5793968017578125,-0.22266075439453123
5.638409852981567,-0.005595712105630674,-0.5530605834960938,-0.21787235107421873
5.65828013420105,-0.005062787143189658,-0.5386953735351562,-0.15322890625
5.678335905075073,-0.007860643196004996,-0.59376201171875,-0.18914193115234373
5.698240280151367,-0.004130168458917879,-0.5482721801757812,-0.1771709228515625
5.718661308288574,-0.001732006127933304,-0.5889736083984375,-0.16759411621093748
5.7385413646698,-0.0019984686091538122,-0.5817910034179687,-0.20829554443359374
5.758401393890381,-0.004396630940138387,-0.5985504150390625,-0.19153613281249998
5.778373718261719,-0.006794793271122962,-0.5626373901367188,-0.19393033447265623
5.798290491104126,-0.006528330789902454,-0.5363011718749999,-0.18914193115234373
5.818781852722168,-0.0019984686091538122,-0.6057330200195312,-0.16280571289062498
5.838391542434692,-0.004263399699528133,-0.6057330200195312,-0.2059013427734375
5.858795166015625,-0.003464012255866608,-0.5698199951171875,-0.21308394775390624
5.878347635269165,-0.0035972434964768626,-0.5506663818359374,-0.17477672119140625
5.89813232421875,-0.008260336917835759,-0.5961562133789062,-0.19393033447265623
5.91858434677124,-0.0037304747370871167,-0.5817910034179687,-0.17238251953125
5.9386022090911865,-0.002398162330984575,-0.584185205078125,-0.16519991455078123
5.958212375640869,-0.005196018383799912,-0.603338818359375,-0.19632453613281248
5.978314399719238,-0.004929555902579405,-0.612915625,-0.16759411621093748
5.999311923980713,-0.008393568158446012,-0.5961562133789062,-0.17477672119140625
6.018805503845215,-0.003464012255866608,-0.5913678100585937,-0.181959326171875
6.0387585163116455,-0.0026646248122050836,-0.5434837768554687,-0.19632453613281248
6.058451414108276,-0.0039969372183076245,-0.565031591796875,-0.1867477294921875
6.078349828720093,-0.008526799399056265,-0.5961562133789062,-0.21787235107421873
6.0985636711120605,-0.005062787143189658,-0.6081272216796875,-0.18435352783203124
6.119009494781494,-0.002531393571594829,-0.5865794067382812,-0.19153613281249998
6.138595819473267,-0.004663093421358896,-0.5267243652343749,-0.22505495605468748
6.158270835876465,-0.004663093421358896,-0.6009446166992187,-0.15322890625
6.178452491760254,-0.005595712105630674,-0.5961562133789062,-0.20350714111328125
6.198467016220093,-0.0011990811654922875,-0.59376201171875,-0.22744915771484372
6.218566179275513,-0.0026646248122050836,-0.5674257934570313,-0.20350714111328125
6.2382612228393555,-0.004529862180748642,-0.565031591796875,-0.181959326171875
6.2583091259002686,-0.0037304747370871167,-0.5770026000976562,-0.21308394775390624
6.2782416343688965,-0.0037304747370871167,-0.59376201171875,-0.181959326171875
6.2983238697052,-0.004263399699528133,-0.5746083984375,-0.20350714111328125
6.318497180938721,-0.004663093421358896,-0.5458779785156249,-0.18914193115234373
6.3383142948150635,-0.0063950995492922,-0.5961562133789062,-0.19632453613281248
6.358267784118652,-0.0057289433462409285,-0.4644751220703125,-0.1867477294921875
6.378234624862671,-0.007860643196004996,-0.5770026000976562,-0.143652099609375
6.398834705352783,-0.006528330789902454,-0.5626373901367188,-0.20350714111328125
6.418739080429077,-0.005329249624410167,-0.565031591796875,-0.19871873779296872
6.438330411911011,-0.005062787143189658,-0.5530605834960938,-0.16280571289062498
6.45833158493042,-0.002531393571594829,-0.59376201171875,-0.201112939453125
6.478363752365112,-0.006794793271122962,-0.5865794067382812,-0.181959326171875
6.498304128646851,-0.0095926493239383,-0.4644751220703125,0.1292868896484375
6.518323183059692,-0.011457886692481857,-0.6081272216796875,0.0383072265625
6.538322448730469,-0.0031975497746461,-0.16519991455078123,-0.3232172241210937
6.558293581008911,0.0039969372183076245,-0.12689268798828124,-0.023942016601562498
6.578494310379028,-0.0019984686091538122,0.63206923828125,0.13407529296874998
6.598493576049805,0.002264931090374321,0.5291185668945312,0.0
6.618627071380615,-0.016787136316892024,0.35673604736328124,-0.23702596435546874
6.638455152511597,-0.0095926493239383,-0.1005564697265625,-0.32561142578124996
6.658414363861084,-0.015854517632620246,-0.4644751220703125,-0.10295067138671875
6.678286552429199,-0.0030643185340358454,-0.5913678100585937,-0.07900865478515624
6.6982245445251465,-0.009326186842717792,-0.7757213378906249,-0.26336218261718747
6.71843957901001,-0.02118376725703041,-0.7206546997070312,-0.19632453613281248
6.738174200057983,-0.024914241994117528,-0.5410895751953124,-0.03591302490234375
6.7583606243133545,-0.020251148572758632,-0.5410895751953124,-0.10295067138671875
6.778595447540283,-0.009059724361497283,-0.4477157104492187,-0.2537853759765625
6.798504829406738,0.0026646248122050836,-0.0526724365234375,-0.4381389038085937
6.818334341049194,0.01732006127933304,0.2059013427734375,-0.24660277099609373
6.838277816772461,0.016787136316892024,0.16041151123046873,-0.18914193115234373
6.858273029327393,-0.000799387443661525,0.08379705810546874,0.09816226806640624
6.8788063526153564,-0.011724349173702367,-0.11731588134765625,0.055066638183593745
6.898342609405518,-0.014655436467127957,-0.59376201171875,-0.24899697265624998
6.918336629867554,-0.01345635530163567,-0.2609679809570312,-0.229843359375
6.938420534133911,-0.018252679963604822,-0.55545478515625,-0.3112462158203125
6.95841646194458,-0.025180704475338038,-0.4740519287109375,-0.27293898925781246
6.9785380363464355,-0.014788667707738212,-0.6943184814453125,-0.15322890625
6.9983673095703125,0.000799387443661525,-0.4572925170898437,-0.3184288208007812
7.018468379974365,0.0,-0.1292868896484375,-0.076614453125
7.03844141960144,-0.011990811654922875,-0.21068974609375,-0.22744915771484372
7.058285474777222,-0.009326186842717792,-0.2442085693359375,-0.3327940307617187
7.078404903411865,-0.005196018383799912,0.05985504150390625,0.29927520751953124
7.09832501411438,-0.01438897398590745,0.1149216796875,-0.1771709228515625
7.118293762207031,-0.0127901990985844,-0.32082302246093747,-0.6200982299804687
7.138416528701782,-0.012390505376753637,-1.16837041015625,-0.4740519287109375
7.158324241638184,-0.023581929588014985,-0.023942016601562498,-0.20829554443359374
7.178354978561401,-0.011457886692481857,-1.1348515869140625,-0.26815058593749996
7.19834566116333,-0.005995405827461438,-0.689530078125,-0.28730419921875
7.218558073043823,0.00159877488732305,-0.5506663818359374,-0.4213794921875
7.238362789154053,0.000799387443661525,-1.656787548828125,0.1149216796875
7.258224248886108,-0.0039969372183076245,-0.5123591552734374,-0.5027823486328125
7.278213977813721,-0.004929555902579405,-1.6998831787109374,0.17956512451171874
7.298446178436279,-0.0005329249624410166,-1.93451494140625,-0.01915361328125
7.318536996841431,0.003464012255866608,-2.0973206542968748,0.055066638183593745
7.33869743347168,0.018252679963604822,0.26815058593749996,-0.1388636962890625
7.35834002494812,-0.012656967857974145,-1.6400281372070311,-0.4740519287109375
7.37832236289978,-0.011591117933092112,-0.1867477294921875,-0.21787235107421873
7.398737907409668,-0.017186830038722786,-1.005564697265625,-0.5051765502929687
7.418543100357056,-0.008793261880276773,-0.4740519287109375,-0.40940848388671874
7.438243389129639,0.0002664624812205083,-0.39743747558593745,-0.19632453613281248
7.458308696746826,0.0026646248122050836,-0.5027823486328125,-0.22026655273437498
7.478423357009888,-0.0009326186842717792,-0.181959326171875,-0.0909796630859375
7.498409032821655,-0.005595712105630674,-0.45010991210937495,-0.1867477294921875
7.518373012542725,-0.0035972434964768626,-0.39264907226562495,-0.24899697265624998
7.538360834121704,0.0030643185340358454,-0.689530078125,-0.1484405029296875
7.558425188064575,0.012390505376753637,-0.7876923461914062,-0.30406361083984373
7.578319311141968,0.017186830038722786,-0.6703764648437499,-0.29927520751953124
7.599014520645142,0.027978560528153375,-0.49799394531249996,-0.33518823242187495
7.618674993515015,0.07767381327577817,-1.3287819213867187,-0.5339069702148437
7.638522148132324,0.14175804000931044,-1.0702081420898437,-0.7541735229492187
7.658345699310303,0.23501990843648835,-1.8531120849609375,-1.0319009155273438
7.678215265274048,0.3101623281406717,-1.2761094848632812,-0.9983820922851562
7.698344469070435,0.35079785652679923,-0.63206923828125,-0.4836287353515625
7.718380928039551,0.39276569731902927,-0.6607996582031249,-0.33758243408203126
7.738437175750732,0.43686523796102344,-0.6105214233398437,-0.076614453125
7.758357763290405,0.45365237427791544,-0.11731588134765625,-0.15083470458984374
7.778239727020264,0.4501883620220488,-0.55545478515625,-0.47644613037109373
7.7983808517456055,0.44432618743519764,-0.9241618408203125,-0.2561795776367187
7.819054126739502,0.4596477801053769,-1.0271125122070313,-0.24899697265624998
7.838989019393921,0.5173369072896169,-0.9026140258789062,-0.30406361083984373
7.85868239402771,0.5870168461287798,-0.6727706665039062,-0.4429273071289062
7.879073619842529,0.6449724357942405,-0.5386953735351562,-0.4477157104492187
7.899240255355835,0.6836094955712142,-0.612915625,-1.216254443359375
7.918926239013672,0.7171837682049982,-0.5578489868164063,-0.5985504150390625
7.938853025436401,0.761683002568823,-0.30885201416015623,-0.7302315063476562
7.958811521530151,0.800453293586407,-0.15322890625,-0.09576806640624999
7.978996753692627,0.8326952538140885,0.0526724365234375,-0.33518823242187495
7.999217510223389,0.8558774896802727,-0.14125789794921875,-0.6296750366210937
8.018854141235352,0.8604073518610214,-0.40940848388671874,-0.507570751953125
8.038666486740112,0.8713323135910622,-0.22505495605468748,-0.36152445068359373
8.058476686477661,0.9017090364502002,-0.4213794921875,-0.5602431884765625
8.078369379043579,0.9218269537823486,-0.32561142578124996,-0.622492431640625
8.09861421585083,1.0124241973973214,-0.3758896606445312,-0.4070142822265625
8.118960618972778,1.0410689141285259,-0.6081272216796875,-0.3112462158203125
8.138784408569336,1.051061257174295,-0.4644751220703125,-0.296881005859375
8.158557415008545,1.035739664504116,-0.4644751220703125,-0.22505495605468748
8.178496599197388,1.0340076583761826,-0.27293898925781246,-0.15322890625
8.198668956756592,1.026946402623839,-0.45489831542968745,0.143652099609375
8.219080448150635,1.0154885159313574,-0.11252747802734374,-0.10295067138671875
8.238702058792114,0.998568148373855,-0.38786066894531246,-0.040701428222656245
8.258627653121948,0.9780505373198758,-0.24660277099609373,-0.28969840087890625
8.278375387191772,0.9719219002518041,-0.1197100830078125,0.047884033203124995
8.298483848571777,0.9887090365686961,-0.11013327636718749,-0.3687070556640625
8.318987846374512,1.000699848223619,-0.15562310791015624,-0.02633621826171875
8.338664054870605,0.9908407364184603,-0.5099649536132812,-0.3184288208007812
8.35842514038086,0.968191425514717,-0.18435352783203124,-0.009576806640625
8.378636360168457,0.946208270814025,-0.6464344482421874,-0.011971008300781249
8.398568153381348,0.9402128649865636,-0.5626373901367188,-0.10773907470703124
8.418914318084717,0.9155650854736667,-0.6105214233398437,0.1197100830078125
8.43863034248352,0.8552113334772214,-0.3232172241210937,0.17238251953125
8.458635568618774,0.7901944880594175,-0.5578489868164063,0.6105214233398437
8.478620290756226,0.7246447176791724,-0.076614453125,0.5027823486328125
8.498554468154907,0.6432404296663071,-0.3758896606445312,-0.39743747558593745
8.519194602966309,0.5790229716921647,-0.3711012573242187,0.8212111694335937
8.53881049156189,0.5341240436065089,-0.5482721801757812,0.5746083984375
8.55899977684021,0.5088101078905607,-0.6081272216796875,-0.105344873046875
8.578650951385498,0.4794992349563047,-0.17956512451171874,-0.19393033447265623
8.598489761352539,0.4648437984891768,-0.4165910888671875,-0.0383072265625
8.619470357894897,0.44552526860068997,-0.5434837768554687,0.0
8.638863325119019,0.4243415013436595,-0.5363011718749999,-0.21787235107421873
8.65874695777893,0.4116845334856854,-0.6775590698242188,0.0718260498046875
8.678762912750244,0.40062634051503426,-0.507570751953125,0.20829554443359374
8.698623418807983,0.36891730524979377,-0.584185205078125,-0.016759411621093748
8.71912932395935,0.33880704487187635,-0.5315127685546874,0.028730419921875
8.73897647857666,0.2772542117099389,-0.5458779785156249,0.20829554443359374
8.75846242904663,0.22449464042827827,-0.3687070556640625,0.27293898925781246
8.778427362442017,0.17253445659027913,-0.3806780639648437,0.36391865234375
8.798628568649292,0.13269831564781315,-0.5243301635742187,0.17238251953125
8.819046974182129,0.08819908128398825,-0.6081272216796875,0.229843359375
8.838720560073853,0.049961715228845315,-0.4740519287109375,0.0047884033203125
8.858761310577393,0.015854517632620246,-0.4333505004882812,0.011971008300781249
8.878656148910522,-0.011191424211261349,-0.55545478515625,0.033518823242187495
8.898536443710327,-0.016254211354451008,-0.5770026000976562,0.01915361328125
8.919495582580566,-0.01985145485092787,-0.4836287353515625,-0.2346317626953125
8.938807010650635,-0.017986217482384312,-0.4644751220703125,-0.3950432739257812
8.958565473556519,-0.017852986241774057,-0.44053310546874996,-0.23702596435546874
8.978808403015137,-0.003464012255866608,-0.46208092041015625,-0.18435352783203124
8.999316692352295,0.0063950995492922,-0.507570751953125,-0.24181436767578124
9.01891279220581,0.004529862180748642,-0.5793968017578125,-0.18435352783203124
9.038862943649292,0.002264931090374321,-0.5099649536132812,-0.22266075439453123
9.058772087097168,-0.009459418083328047,-0.47644613037109373,-0.26815058593749996
9.078511476516724,-0.004663093421358896,-0.39743747558593745,-0.07422025146484375
9.099014282226562,-0.0029310872934255917,-0.49320554199218747,-0.12449848632812499
9.11963963508606,-0.005995405827461438,-0.48123453369140623,-0.20350714111328125
9.1390540599823,-0.011724349173702367,-0.3232172241210937,-0.20829554443359374
9.158593893051147,-0.015987748873230498,-0.5961562133789062,-0.3064578125
9.178689241409302,-0.016120980113840753,-0.5746083984375,-0.1005564697265625
9.19917631149292,-0.027578866806322613,-0.4261678955078125,-0.05746083984375
9.219079732894897,-0.07261102613258852,-0.46686932373046874,0.2154781494140625
9.238872528076172,-0.11031546722529045,-0.27293898925781246,0.1149216796875
9.258574485778809,-0.14695405839311035,-0.11013327636718749,-0.028730419921875
9.278636693954468,-0.1842588057639815,-0.16519991455078123,0.6200982299804687
9.298691987991333,-0.25007503862544705,-0.5267243652343749,0.23702596435546874
9.319209575653076,-0.3503981628049685,-1.0295067138671874,0.3591302490234375
9.338547229766846,-0.4234088826593877,-0.7637503295898437,0.6847416748046875
9.358612537384033,-0.49428790266404293,-0.8786720092773437,0.7062894897460937
9.378783702850342,-0.5402526806745807,-0.8882488159179687,-0.1292868896484375
9.398973226547241,-0.5651669226686982,-0.5195417602539062,-0.086191259765625
9.419087409973145,-0.582886677669862,-0.2920926025390625,-0.09816226806640624
9.438565254211426,-0.5868836148881695,-0.12689268798828124,-0.22266075439453123
9.458569288253784,-0.5810214403013184,-0.201112939453125,-0.3399766357421875
9.478815078735352,-0.5461148552614318,-0.35194764404296874,-0.16280571289062498
9.498587369918823,-0.5899479334222054,-0.17238251953125,-0.10295067138671875
9.519443988800049,-0.638977029966779,-0.105344873046875,0.5219359619140624
9.538567781448364,-0.7105222061744855,-0.45489831542968745,0.3184288208007812
9.558520078659058,-0.7860643196004995,-0.3064578125,0.28969840087890625
9.578610181808472,-0.8536125585898984,-0.6009446166992187,0.8212111694335937
9.598532676696777,-0.8991776428786054,-1.0127473022460938,0.8188169677734375
9.619369268417358,-0.9175635540828204,-0.6057330200195312,-0.430956298828125
9.638569593429565,-0.9556676888973532,-0.32561142578124996,-0.55545478515625
9.658542156219482,-0.9911071988996808,-0.23223756103515625,-0.05027823486328125
9.678954362869263,-0.9965696797647011,-0.08379705810546874,0.05746083984375
9.698573589324951,-0.9997672295393473,-0.26336218261718747,0.08858546142578125
9.719433069229126,-1.0124241973973214,0.35673604736328124,0.1197100830078125
9.738659381866455,-1.0240153153304135,-0.3136404174804687,0.16280571289062498
9.758509397506714,-1.0229494654055316,-0.3136404174804687,-0.6464344482421874
9.77894377708435,-1.014822359728306,-0.373495458984375,-0.16519991455078123
9.79856014251709,-0.9945712111555474,-0.3447650390625,-0.5051765502929687
9.819558143615723,-0.9555344576567428,0.06464344482421874,-0.40462008056640625
9.838648319244385,-0.8869203687424619,-0.2537853759765625,-1.1731588134765625
9.858775615692139,-0.7744732016674075,0.4740519287109375,-0.699106884765625
9.87880253791809,-0.6753491586533784,0.5985504150390625,-1.1851298217773436
9.898519277572632,-0.6197917313189023,0.5267243652343749,-1.1875240234375
9.918570518493652,-0.5874165398506107,0.32082302246093747,-0.7924807495117187
9.939175844192505,-0.5778238905266723,0.09337386474609374,-0.1149216796875
9.95860481262207,-0.5550413483823189,-0.09816226806640624,0.24899697265624998
9.978803157806396,-0.5322588062379654,-0.3064578125,-0.39743747558593745
9.99875020980835,-0.5096094953342222,-0.9864110839843749,-0.09816226806640624
10.01888108253479,-0.514272588755581,-0.9792284790039062,-0.17238251953125
10.038604736328125,-0.5261301691698937,-0.45968671875,-0.7158662963867187
10.058467864990234,-0.4973522211980788,-0.6607996582031249,-1.3359645263671873
10.078675508499146,-0.4243415013436595,-0.33758243408203126,-0.2825157958984375
10.09855842590332,-0.3436033695338455,0.7062894897460937,-0.39983167724609375
10.118790626525879,-0.27099234340125694,0.3447650390625,-0.7038952880859375
10.138761520385742,-0.2206309344505809,0.19632453613281248,-0.41419688720703124
10.158677101135254,-0.19691577362195564,0.1484405029296875,-0.373495458984375
10.178542852401733,-0.15774578888254095,-0.16998831787109375,-0.36391865234375
10.198590278625488,-0.1183093416619057,-0.2346317626953125,-0.4955997436523437
10.218878269195557,-0.13536294046001823,-0.29448680419921874,-0.45010991210937495
10.238737106323242,-0.10605206752576231,-0.5817910034179687,-0.354341845703125
10.258623361587524,-0.10698468621003408,-0.7589619262695312,-0.4381389038085937
10.278538227081299,-0.071811638688927,-0.6105214233398437,-0.1771709228515625
10.298733472824097,-0.036771822408430146,-0.4860229370117187,-0.7661445312499999
10.318763494491577,-0.001732006127933304,-0.22505495605468748,-0.5434837768554687
10.338520526885986,0.029444104174866172,-0.06943184814453125,-0.5770026000976562
10.358512163162231,0.056090352296917,0.05746083984375,-0.26815058593749996
10.378886699676514,0.050094946469455566,0.181959326171875,-0.44053310546874996
10.398563623428345,0.022382848422522698,0.023942016601562498,0.49320554199218747
10.418850660324097,0.016254211354451008,-0.10295067138671875,0.3016694091796875
10.43874716758728,-0.014255742745297196,-0.055066638183593745,-0.055066638183593745
10.458566665649414,-0.04636447173236845,-0.18435352783203124,0.12449848632812499
10.47844386100769,-0.05542419609386573,-0.7637503295898437,-0.507570751953125
10.498725175857544,-0.05915467083095285,-0.36391865234375,0.06464344482421874
10.518751621246338,-0.04036906590490701,-0.7422025146484375,-0.5961562133789062
10.538555145263672,-0.020650842294589397,-0.3591302490234375,-0.21787235107421873
10.559057474136353,-0.0287779479718149,-0.7422025146484375,-0.16041151123046873
10.57872986793518,-0.026379785640830326,-0.612915625,-0.2059013427734375
10.598583698272705,-0.03130934154340973,-0.9528922607421875,-0.047884033203124995
10.618760824203491,-0.029444104174866172,-0.5410895751953124,-0.05027823486328125
10.638760089874268,-0.07007963256099368,-1.5251064575195312,0.3016694091796875
10.65872073173523,-0.18319295583909948,-1.0319009155273438,0.6177040283203125
10.678559303283691,-0.28378254249984136,-1.5251064575195312,0.63206923828125
10.698736190795898,-0.40195865292113686,-2.4684219116210935,0.9217676391601562
10.720704555511475,-0.47257121044457157,-0.49320554199218747,0.7948749511718749
10.738601684570312,-0.5036140895067608,-1.43652099609375,-0.062249243164062495
10.758628368377686,-0.5102756515372735,-0.6751648681640625,-0.6823474731445313
10.778456926345825,-0.5381209808248166,-0.7733271362304687,-0.6057330200195312
10.798511505126953,-0.5506447174421805,-0.833182177734375,-0.21787235107421873
10.818669319152832,-0.5542419609386573,-0.16759411621093748,-0.181959326171875
10.838676452636719,-0.5449157740959395,-0.7637503295898437,-0.06943184814453125
10.858771324157715,-0.5637013790219854,-0.10773907470703124,0.17956512451171874
10.878826141357422,-0.6117978568822872,-0.36391865234375,-0.22505495605468748
10.898610830307007,-0.6269862183118561,-0.4285620971679687,-0.22505495605468748
10.919188261032104,-0.6441730483505789,-0.4740519287109375,-0.24181436767578124
10.938593864440918,-0.6372450238388456,-0.4213794921875,0.11252747802734374
10.958931922912598,-0.6661562030512709,-0.9864110839843749,-0.0526724365234375
10.978631496429443,-0.7241117927167314,-1.2641384765625,0.08140285644531249
10.998596906661987,-0.7991209811803045,-1.2138602416992186,0.25139117431640623
11.018887281417847,-0.8734640134408262,-1.438915197753906,0.023942016601562498
11.038597583770752,-0.9531362953257583,-1.2282254516601563,0.7661445312499999
11.058656215667725,-1.0088269539008445,-0.6847416748046875,0.3136404174804687
11.078606367111206,-1.0602542127764025,-1.3000515014648437,-0.411802685546875
11.098498344421387,-1.0745099555217,-0.01915361328125,0.18435352783203124
11.118782997131348,-1.0754425742059717,-0.17956512451171874,-0.1580173095703125
11.13908839225769,-1.0802388988679408,-0.6248866333007812,-0.6272808349609375
11.158745050430298,-1.0561240443174846,-0.4333505004882812,-0.4644751220703125
11.178653001785278,-1.026413477661398,-0.7900865478515624,-0.39743747558593745
11.198629140853882,-1.003897397998265,-0.0383072265625,-0.5363011718749999
11.219139337539673,-0.9831133244630654,-0.4213794921875,-0.48123453369140623
11.23862886428833,-0.9504716705135533,-0.3112462158203125,-0.6081272216796875
11.258590698242188,-0.9326186842717791,-0.6679822631835937,-0.2705447875976562
11.278805494308472,-0.9227595724666203,-0.2753331909179687,-0.47644613037109373
11.2989342212677,-0.9010428802471488,-0.17477672119140625,-0.11013327636718749
11.319069862365723,-0.8809249629150006,0.22744915771484372,-0.19871873779296872
11.338693857192993,-0.850814702537083,0.3280056274414062,-0.4477157104492187
11.358541250228882,-0.8215038296028272,0.201112939453125,-0.7876923461914062
11.378751039505005,-0.7836661572695149,0.5674257934570313,-0.23223756103515625
11.398629188537598,-0.7067917314373984,0.33758243408203126,-0.7685387329101562
11.419212818145752,-0.6461715169597326,0.23223756103515625,-1.218648645019531
11.438690423965454,-0.6024716700395693,-0.0430956298828125,-0.7254431030273437
11.459003686904907,-0.5770245030830108,0.0909796630859375,-0.29448680419921874
11.478590726852417,-0.5401194494339704,-0.7445967163085937,-0.86191259765625
11.498810529708862,-0.48696018443047895,-0.411802685546875,-0.7230489013671875
11.518876314163208,-0.46204594243636143,-0.09337386474609374,-0.48123453369140623
11.53877305984497,-0.44552526860068997,-0.14125789794921875,-0.5482721801757812
11.558519124984741,-0.40888667743287005,-0.16041151123046873,-0.679953271484375
11.578705549240112,-0.37318070494932193,-0.2537853759765625,-0.70868369140625
11.598674297332764,-0.3334777952474662,-0.06703764648437499,-0.6105214233398437
11.619442462921143,-0.28071822396580554,-0.4165910888671875,-0.5578489868164063
11.638854742050171,-0.2554042882498572,-0.34715924072265625,-0.5267243652343749
11.65877652168274,-0.2398162330984575,-0.08140285644531249,-0.6009446166992187
11.67893671989441,-0.21197090381091438,0.2442085693359375,-0.9145850341796874
11.698669910430908,-0.17546554388370472,-0.46686932373046874,-0.9361328491210937
11.71903681755066,-0.12603675361730043,-0.016759411621093748,-0.373495458984375
11.738682985305786,-0.06981317007977318,-0.3591302490234375,-0.6488286499023437
11.758702039718628,-0.035173047521107094,-0.4429273071289062,-0.45968671875
11.778581619262695,-0.011324655451871604,-0.3447650390625,-0.0718260498046875
11.79878854751587,0.01732006127933304,-0.5147533569335937,-0.7876923461914062
11.818843841552734,0.04290045947650184,-0.36391865234375,-0.08858546142578125
11.838744163513184,0.04250076575467108,-0.023942016601562498,-0.04548983154296875
11.858670234680176,0.022782542144353463,-0.5363011718749999,0.15562310791015624
11.878496885299683,0.01438897398590745,-0.12210428466796874,0.16998831787109375
11.898504972457886,-0.019318529888486854,-0.6584054565429687,0.11731588134765625
11.919039249420166,-0.03983614094246599,-0.5793968017578125,-0.30406361083984373
11.938847541809082,-0.039969372183076245,-0.47884033203125,-0.5817910034179687
11.958840608596802,-0.0479632466196915,-0.047884033203124995,0.1292868896484375
11.978865146636963,-0.04849617158213252,-1.1755530151367186,-0.4955997436523437
11.998828649520874,-0.061952526883768184,-0.5746083984375,-0.2537853759765625
12.018767356872559,-0.023315467106794475,-0.5889736083984375,-0.411802685546875
12.038672924041748,-0.013189892820415163,-1.5227122558593749,-0.63206923828125
12.058715105056763,0.03890352225819422,-0.7924807495117187,-0.17477672119140625
12.078826189041138,0.09499387455511121,-2.2553379638671873,-0.6057330200195312
12.09854245185852,0.0929954059459574,-1.37906015625,-1.7429788085937499
12.119041681289673,0.03503981628049684,-0.9600748657226562,-0.00239420166015625
12.13885235786438,0.03464012255866608,-1.5322890624999999,0.20829554443359374
12.158715009689331,0.013589586542245924,-0.4740519287109375,0.3064578125
12.178655624389648,0.03290811643073278,-0.4572925170898437,0.5339069702148437
12.198796510696411,0.011457886692481857,-0.8810662109374999,-0.19871873779296872
12.219047784805298,-0.0464977029729787,-0.7493851196289062,-0.6584054565429687
12.238537311553955,-0.08047166932859352,-0.45968671875,0.0047884033203125
12.258932113647461,-0.06994640132038345,-0.49320554199218747,0.38786066894531246
12.278475284576416,-0.04809647786030175,-0.2346317626953125,-0.1292868896484375
12.298473119735718,-0.03943644722063524,-0.689530078125,-0.46208092041015625
12.3189218044281,-0.053159265003491406,-0.7015010864257812,-0.5722141967773438
12.338582277297974,-0.058488514627901576,-0.6727706665039062,-0.5913678100585937
12.35900068283081,-0.02624655440022007,-0.7110778930664062,-0.15562310791015624
12.378526210784912,0.017719755001163805,-0.2346317626953125,-0.26815058593749996
12.398523807525635,0.05502450237203497,-0.4070142822265625,-0.49320554199218747
12.41914987564087,0.062218989364988694,-0.4165910888671875,-0.45489831542968745
12.438780546188354,0.04756355289786074,-0.1388636962890625,-0.26336218261718747
12.458412647247314,0.040901990867348026,0.2825157958984375,0.05027823486328125
12.478888034820557,0.019052067407266345,0.3016694091796875,-0.14604630126953125
12.49874997138977,0.0018652373685435584,-0.08140285644531249,0.08858546142578125
12.518969535827637,-0.014655436467127957,-0.18435352783203124,-0.19871873779296872
12.538883924484253,-0.03943644722063524,-0.0909796630859375,-0.13407529296874998
12.558980941772461,-0.05595712105630675,-0.411802685546875,0.12689268798828124
12.578612089157104,-0.04223430327345057,-0.5770026000976562,-0.2561795776367187
12.598618507385254,-0.016787136316892024,-0.7900865478515624,-0.5123591552734374
12.619011402130127,-0.005196018383799912,-0.17956512451171874,-0.4165910888671875
12.638689994812012,0.005995405827461438,-0.8116343627929687,-0.5674257934570313
12.65865683555603,0.016387442595061263,-0.3399766357421875,-0.3280056274414062
12.678465127944946,0.02438131703167651,-0.011971008300781249,-0.09816226806640624
12.699448347091675,0.016387442595061263,-0.17956512451171874,-0.4261678955078125
12.721394538879395,-0.0029310872934255917,-0.105344873046875,0.09576806640624999
12.738646984100342,-0.012390505376753637,0.2657563842773437,0.30406361083984373
12.758810758590698,-0.023848392069235495,-0.19393033447265623,0.0909796630859375
12.779003381729126,-0.041434915829789046,-0.0047884033203125,-0.16280571289062498
12.798708438873291,-0.020517611053979142,-0.6057330200195312,-0.086191259765625
12.819037914276123,-0.02598009191899956,-1.0462661254882812,-0.3064578125
12.838927984237671,-0.026113323159609816,-0.13407529296874998,-0.5458779785156249
12.85871148109436,-0.015854517632620246,-0.93852705078125,-0.0047884033203125
12.878613710403442,-0.009725880564548555,0.19393033447265623,-0.35194764404296874
12.898430109024048,0.010125574286379316,-0.5626373901367188,0.3280056274414062
12.91889238357544,0.0039969372183076245,0.5147533569335937,-0.5817910034179687
12.93860650062561,0.002797856052815337,-0.30885201416015623,-0.1580173095703125
12.958637475967407,-0.009725880564548555,0.11731588134765625,-0.3016694091796875
12.979127883911133,-0.0075941807147844875,0.44053310546874996,0.03591302490234375
12.999119520187378,-0.020917304775809907,-0.7900865478515624,-0.40462008056640625
13.01969027519226,-0.002264931090374321,0.5434837768554687,-0.6344634399414062
13.038961410522461,-0.021849923460081685,-0.45489831542968745,-0.17477672119140625
13.05864405632019,-0.014122511504686942,0.3184288208007812,-1.1348515869140625
13.07864761352539,-0.022915773384963714,-0.6200982299804687,-0.7134720947265625
13.099413871765137,-0.02011791733214838,-1.2521674682617188,-0.5482721801757812
13.118887901306152,-0.012923430339194655,-0.19153613281249998,0.8595183959960937
13.138480186462402,-0.020517611053979142,0.15322890625,-0.7589619262695312
13.158650398254395,-0.022915773384963714,0.22026655273437498,0.5099649536132812
13.178568840026855,-0.050094946469455566,-0.3806780639648437,-0.7613561279296874
13.198718786239624,-0.03916998473941472,0.8092401611328125,-0.2561795776367187
13.218801259994507,-0.02971056665608668,-0.181959326171875,0.11731588134765625
13.238653898239136,-0.020251148572758632,0.09576806640624999,-0.6560112548828124
13.25862717628479,-0.009192955602107537,-0.5243301635742187,-0.7517793212890624
13.278582096099854,-0.005462480865020421,0.023942016601562498,-0.33758243408203126
13.298917770385742,-0.027578866806322613,-0.4740519287109375,-0.19871873779296872
13.318955898284912,-0.0255803981971688,-0.055066638183593745,0.36152445068359373
13.33869481086731,-0.032508422708902016,-0.02154781494140625,-0.32561142578124996
13.358647584915161,-0.02691271060327134,-0.9313444458007812,-0.411802685546875
13.378699779510498,-0.011457886692481857,0.1388636962890625,0.5003881469726562
13.39870810508728,-0.017986217482384312,-0.55545478515625,-0.9792284790039062
13.419051885604858,-0.0010658499248820332,0.08379705810546874,-0.5195417602539062
13.438667297363281,0.002264931090374321,0.24181436767578124,0.47165772705078124
13.458556413650513,-0.006528330789902454,-0.19153613281249998,-0.8762778076171874
13.47854495048523,-0.0074609494741742334,0.16759411621093748,-0.12210428466796874
13.498733520507812,-0.009725880564548555,-0.3902548706054687,-0.10295067138671875
13.518834829330444,-0.005062787143189658,-0.4333505004882812,-0.16759411621093748
13.538704633712769,0.000799387443661525,-1.3455413330078123,-0.1771709228515625
13.558660745620728,-0.0095926493239383,0.7254431030273437,-0.4285620971679687
13.578821420669556,-0.02118376725703041,-1.1540052001953125,-0.3711012573242187
13.598716259002686,-0.019984686091538122,-0.33758243408203126,-0.5530605834960938
13.619176149368286,-0.004663093421358896,0.5602431884765625,0.5291185668945312
13.63877272605896,-0.002797856052815337,-0.8786720092773437,-0.8547299926757812
13.658981561660767,-0.013989280264076687,-0.44053310546874996,-0.5099649536132812
13.678636074066162,-0.019318529888486854,-1.2210428466796874,-0.15562310791015624
13.69867753982544,-0.01945176112909711,-1.0654197387695312,-0.0909796630859375
13.719257354736328,-0.017186830038722786,-0.062249243164062495,-0.26815058593749996
13.738819599151611,0.0018652373685435584,-0.45968671875,-0.40462008056640625
13.758635520935059,-0.009725880564548555,-0.7613561279296874,-0.25139117431640623
13.77887487411499,0.03370750387439431,-1.1133037719726562,-0.9648632690429687
13.798981428146362,-0.005462480865020421,-1.369483349609375,0.011971008300781249
13.819050073623657,0.0127901990985844,-0.5386953735351562,-0.40222587890625
13.83874225616455,0.01372281778285618,-0.737414111328125,-0.25139117431640623
13.858746528625488,0.012257274136143382,-1.1707646118164061,-0.4213794921875
13.878983497619629,0.014522205226517705,-0.8451531860351562,-0.9888052856445312
13.898656129837036,0.024114854550456002,-0.34237083740234375,0.584185205078125
13.918869256973267,0.022915773384963714,-0.5482721801757812,-0.047884033203124995
13.93867301940918,0.017852986241774057,-1.5705962890624998,-1.3431471313476562
13.958792686462402,0.027578866806322613,-0.6009446166992187,0.2657563842773437
13.97871446609497,0.0,-0.5674257934570313,-0.27293898925781246
13.998731851577759,0.017719755001163805,-1.3192051147460937,-0.9576806640625
14.019138097763062,0.020384379813368887,-0.26336218261718747,0.8667010009765624
14.039430141448975,0.0039969372183076245,-1.2689268798828124,0.21068974609375
14.0590078830719,-0.007194486992953725,-0.6392518432617187,-0.8547299926757812
14.078676462173462,-0.0305099540997482,-1.3527239379882812,0.948103857421875
14.098812103271484,-0.04783001537908124,-1.0462661254882812,-0.6751648681640625
14.119166374206543,-0.07047932628282445,-1.0893617553710937,-1.0031704956054688
14.138781785964966,-0.059287902071563106,-0.2705447875976562,1.5394716674804687
14.158717632293701,-0.0607534457182759,-0.9528922607421875,-0.3854664672851562
14.178854703903198,-0.062485451846209204,-1.0845733520507812,-1.3335703247070312
14.199334621429443,-0.058355283387291325,-0.4261678955078125,-0.0047884033203125
14.218985080718994,-0.011457886692481857,0.7134720947265625,-0.3136404174804687
14.238564729690552,0.04250076575467108,-0.05027823486328125,-0.26336218261718747
14.25840711593628,0.07341041357625004,0.5626373901367188,-0.7230489013671875
14.278983116149902,0.045032159326265905,1.20667763671875,-0.32561142578124996
14.299034833908081,0.029310872934255914,0.6296750366210937,-0.05027823486328125
14.318933725357056,-0.0014655436467127959,1.3192051147460937,0.6464344482421874
14.338676929473877,-0.04210107203284032,-1.1540052001953125,-0.19153613281249998
14.358557939529419,-0.04063552838612752,0.1292868896484375,-0.316034619140625
14.37866473197937,-0.05209341507860938,-0.6967126831054687,0.0909796630859375
14.399038314819336,-0.05622358353752725,0.13168109130859373,-0.033518823242187495
14.419002056121826,-0.054091883687763194,-1.8555062866210936,-1.0534487304687499
14.438804864883423,-0.024781010753507273,-0.22266075439453123,-1.1731588134765625
14.45845890045166,-0.00013323124061025415,-0.33758243408203126,-0.22026655273437498
14.47872543334961,0.027578866806322613,0.08858546142578125,-0.13168109130859373
14.49908447265625,0.01945176112909711,0.0909796630859375,-0.5458779785156249
14.518818140029907,0.014655436467127957,0.055066638183593745,0.7398083129882812
14.539128065109253,-0.01985145485092787,-0.009576806640625,-1.2856862915039062
14.558960437774658,-0.04236753451406082,1.1348515869140625,0.7302315063476562
14.57885479927063,-0.06967993883916293,-1.4245499877929686,0.033518823242187495
14.598921537399292,-0.05529096485325548,-0.031124621582031248,-0.9816226806640624
14.619182825088501,-0.06554977038024505,-1.8148048583984373,-0.6631938598632812
14.638577938079834,-0.061952526883768184,-0.5291185668945312,-0.17956512451171874
14.658546209335327,-0.06661562030512709,-0.20829554443359374,0.36391865234375
14.678536653518677,-0.06967993883916293,-0.7876923461914062,-0.4525041137695312
14.699221134185791,-0.06994640132038345,-0.12210428466796874,0.13168109130859373
14.718721866607666,-0.07021286380160395,0.0143652099609375,-0.43574470214843747
14.7387056350708,-0.04223430327345057,-1.369483349609375,-0.062249243164062495
14.758426904678345,-0.028644716731204646,0.488417138671875,-0.36391865234375
14.77849292755127,0.016254211354451008,-0.6200982299804687,-0.5339069702148437
14.79868483543396,0.049828483988235056,-0.031124621582031248,-0.9648632690429687
14.819071292877197,0.08406891282507037,-1.455674609375,-1.6304513305664061
14.83853030204773,0.10352067395416749,0.181959326171875,-0.46686932373046874
14.858590841293335,0.09659264944243427,-0.9576806640625,-0.2705447875976562
14.87852954864502,0.07407656977930133,-0.05027823486328125,0.27293898925781246
14.898698806762695,0.01985145485092787,-0.4261678955078125,-0.21068974609375
14.918833017349243,-0.01705359879811253,-0.3184288208007812,1.659181750488281
14.93846869468689,-0.03956967846124549,0.00718260498046875,-1.177947216796875
14.958454370498657,-0.053558958725322174,-0.07422025146484375,0.06943184814453125
14.978697299957275,-0.07887289444127048,-0.51714755859375,0.05027823486328125
14.99900221824646,-0.09019754989314206,-1.6304513305664061,-1.120486376953125
15.019242525100708,-0.09246248098351639,-0.32082302246093747,-0.09337386474609374
15.038792610168457,-0.054225114928373445,-2.1643583007812497,-1.0175357055664063
15.05896520614624,-0.028378254249984136,0.33758243408203126,-0.10295067138671875
15.078675270080566,0.022516079663132953,-2.521094348144531,-0.27293898925781246
15.098714351654053,0.07607503838845513,-1.68551796875,-1.1468225952148436
15.119540452957153,0.1124471670750545,-1.0127473022460938,0.2537853759765625
15.139394760131836,0.09752526812670605,-1.6831237670898436,-1.0271125122070313
15.158770561218262,0.07074578876404496,-1.1947066284179686,-0.7302315063476562
15.178714275360107,0.049562021507014546,-0.737414111328125,1.3527239379882812
15.198857545852661,0.022782542144353463,-0.5243301635742187,0.4477157104492187
15.218913316726685,0.007993874436615249,-1.3455413330078123,-1.3096283081054687
15.238635301589966,-0.0039969372183076245,-0.6200982299804687,1.89620771484375
15.258374452590942,-0.009992343045769061,-1.2306196533203124,-1.3144167114257812
15.279460906982422,-0.031575804024630234,-0.9576806640625,-1.5514426757812498
15.2986478805542,-0.03983614094246599,-0.44532150878906246,1.0845733520507812
15.318762063980103,-0.049961715228845315,-0.41898529052734373,-0.6272808349609375
15.338640213012695,-0.07767381327577817,-1.62805712890625,1.1252747802734375
15.358661651611328,-0.07927258816310122,-0.9193734375,-0.7876923461914062
15.378640174865723,-0.07727411955394742,-0.8499415893554687,-0.6871358764648438
15.398858308792114,-0.07261102613258852,-0.0047884033203125,1.3646949462890625
15.418958187103271,-0.06981317007977318,-0.9600748657226562,-0.7829039428710937
15.43880033493042,-0.049562021507014546,-0.8786720092773437,-0.4213794921875
15.458714723587036,-0.0302434916185277,-1.5394716674804687,-1.0558429321289062
15.47884464263916,-0.009192955602107537,-0.7541735229492187,-1.3575123413085937
15.498954772949219,-0.010392036767599824,-0.1771709228515625,0.2657563842773437
15.518861055374146,0.0009326186842717792,-0.5219359619140624,-0.143652099609375
15.538474559783936,-0.0010658499248820332,-0.3711012573242187,0.0
15.558656215667725,0.0057289433462409285,-1.2856862915039062,-0.7661445312499999
15.578808546066284,0.016254211354451008,-0.2753331909179687,-0.38786066894531246
15.598892450332642,0.029310872934255914,-1.838746875,-0.21308394775390624
15.618862628936768,0.035972434964768624,-0.023942016601562498,-0.3136404174804687
15.638691425323486,0.035972434964768624,-1.1037269653320312,-0.6272808349609375
15.658504486083984,0.03264165394951227,-0.26815058593749996,0.08858546142578125
15.678664922714233,0.04356661567955311,-0.7733271362304687,0.24181436767578124
15.698516130447388,0.022915773384963714,-0.35194764404296874,0.181959326171875
15.721819877624512,0.0005329249624410166,-0.6775590698242188,-0.14604630126953125
15.738480806350708,-0.031842266505850744,0.5482721801757812,0.14604630126953125
15.758611917495728,-0.032108728987071254,0.718260498046875,-0.3758896606445312
15.778749227523804,-0.05342572748471192,0.26815058593749996,-0.2537853759765625
15.798607587814331,-0.053558958725322174,1.5442600708007812,-0.05985504150390625
15.818891763687134,-0.05542419609386573,-0.6775590698242188,-0.4477157104492187
15.838797807693481,-0.03863705977697371,-0.6607996582031249,-0.6248866333007812
15.858856916427612,-0.06754823898939886,-0.7206546997070312,-1.0917559570312498
15.878747463226318,-0.04250076575467108,-1.458068811035156,-0.06464344482421874
15.899127006530762,-0.028644716731204646,0.06464344482421874,1.1133037719726562
15.918832063674927,-0.0383705972957532,-0.9720458740234375,-0.5315127685546874
15.93875527381897,-0.022516079663132953,-0.6584054565429687,-1.1923124267578125
15.958774089813232,0.000799387443661525,-0.5243301635742187,0.6847416748046875
15.979117155075073,0.016120980113840753,0.316034619140625,-0.5698199951171875
15.998940229415894,0.021583460978861175,1.0965443603515623,-1.0606313354492187
16.018660068511963,-0.004663093421358896,-0.15562310791015624,-0.19153613281249998
16.03850555419922,-0.007194486992953725,1.158793603515625,0.48123453369140623
16.05883502960205,-0.00866003063966652,-0.19153613281249998,-0.7589619262695312
16.078505516052246,-0.01945176112909711,0.6081272216796875,0.5243301635742187
16.099029541015625,-0.054091883687763194,-0.5195417602539062,-0.45968671875
16.119037628173828,-0.04836294034152226,-0.5003881469726562,-0.5410895751953124
16.138777017593384,-0.05222664631921963,-0.41419688720703124,-0.296881005859375
16.158604383468628,-0.03503981628049684,0.19632453613281248,-0.08379705810546874
16.17872953414917,-0.021849923460081685,-1.5131354492187499,-0.8451531860351562
16.198848485946655,-0.007194486992953725,-0.1388636962890625,0.4333505004882812
16.219104290008545,0.001732006127933304,-0.17238251953125,-0.9241618408203125
16.238616466522217,-0.0013323124061025418,-0.15322890625,-0.17477672119140625
16.258667469024658,0.005995405827461438,1.1252747802734375,-0.3232172241210937
16.278576850891113,-0.009059724361497283,-0.4572925170898437,0.12689268798828124
16.298901557922363,0.0039969372183076245,0.00718260498046875,-0.8595183959960937
16.318732500076294,0.002398162330984575,0.6440402465820312,-0.12689268798828124
16.33858561515808,-0.029843797896696934,-1.7669208251953124,-0.70868369140625
16.358755588531494,-0.016254211354451008,-0.49799394531249996,-0.5985504150390625
16.378551483154297,-0.022382848422522698,-0.6392518432617187,-0.08379705810546874
16.398736715316772,-0.005196018383799912,-0.36391865234375,-1.2641384765625
16.4189932346344,0.008793261880276773,1.3646949462890625,0.9074024291992187
16.438791513442993,-0.010791730489430587,-2.5043349365234375,-1.5227122558593749
16.45871067047119,-0.0035972434964768626,0.12689268798828124,-0.7565677246093749
16.478739976882935,-0.012923430339194655,-1.2761094848632812,0.5339069702148437
16.498764276504517,-0.0011990811654922875,0.7445967163085937,-0.3447650390625
16.51886010169983,-0.013589586542245924,-0.7062894897460937,-0.11252747802734374
16.538490056991577,-0.009059724361497283,0.1292868896484375,-0.46686932373046874
16.55847144126892,-0.017186830038722786,-0.1197100830078125,-0.9074024291992187
16.5784330368042,-0.006794793271122962,-0.4860229370117187,0.22026655273437498
16.59868884086609,-0.006528330789902454,0.6009446166992187,-0.8738836059570312
16.61919856071472,0.0014655436467127959,-0.9121908325195311,0.47644613037109373
16.638906002044678,0.012257274136143382,-0.5243301635742187,-0.5578489868164063
16.65849280357361,0.007194486992953725,-0.9337386474609375,-1.2761094848632812
16.679126501083374,0.006261868308681946,-0.42377369384765623,0.27293898925781246
16.698835849761963,-0.004263399699528133,-0.47884033203125,-0.15322890625
16.71906089782715,-0.0005329249624410166,-0.3447650390625,-0.06464344482421874
16.738750457763672,-0.0058621745868511835,-2.114080065917969,-0.5123591552734374
16.759007692337036,0.0039969372183076245,0.9217676391601562,0.047884033203124995
16.778772354125977,-0.026513016881440577,-2.205059729003906,0.7110778930664062
16.79883861541748,-0.014921898948348467,-0.09576806640624999,-0.9528922607421875
16.81932830810547,-0.022782542144353463,-0.24660277099609373,-0.0143652099609375
16.838834285736084,-0.024914241994117528,-1.6424223388671875,-0.7493851196289062
16.85901689529419,-0.04063552838612752,-0.21068974609375,-0.33039982910156246
16.879128217697144,-0.0479632466196915,-2.059013427734375,-0.21787235107421873
16.899061918258667,-0.03757120985209167,0.2920926025390625,0.05985504150390625
16.91912078857422,-0.03890352225819422,-1.3120225097656248,-0.5363011718749999
16.938514471054077,-0.02624655440022007,0.00718260498046875,-0.13646949462890623
16.958841800689697,-0.03877029101758396,-1.0749965454101562,-0.4477157104492187
16.979018449783325,-0.026646248122050836,-0.5674257934570313,-0.42377369384765623
16.998789310455322,-0.016254211354451008,-0.8810662109374999,-0.488417138671875
17.019105434417725,-0.014788667707738212,-0.3399766357421875,-0.11731588134765625
17.038845539093018,-0.019052067407266345,-0.7637503295898437,-0.2657563842773437
17.058713912963867,-0.026113323159609816,-0.6584054565429687,-0.24899697265624998
17.079122304916382,-0.024914241994117528,-0.8906430175781249,-0.40462008056640625
17.098963260650635,0.003464012255866608,-0.7900865478515624,-0.6775590698242188
17.119118452072144,0.021983154700691936,0.1005564697265625,-0.4429273071289062
17.138612747192383,0.026379785640830326,-1.3383587280273437,-0.17956512451171874
17.15877103805542,0.05382542120654268,-0.2825157958984375,-0.7876923461914062
17.178695678710938,0.046098009251147945,-0.928950244140625,0.16998831787109375
17.198561906814575,0.053026033762881154,-0.45489831542968745,-0.6081272216796875
17.21909213066101,0.023182235866184224,-0.1867477294921875,-0.2609679809570312
17.238839626312256,-0.0010658499248820332,-1.3120225097656248,0.14125789794921875
17.258516788482666,-0.018252679963604822,-0.9528922607421875,0.8834604125976562
17.278729677200317,-0.05156049011616837,-0.22505495605468748,-1.455674609375
17.298786640167236,-0.08673353763727547,-0.9935936889648437,0.9097966308593749
17.318727731704712,-0.15108422685202821,-1.0654197387695312,0.14604630126953125
17.338839054107666,-0.1898545178696122,0.32561142578124996,-0.36152445068359373
17.35863757133484,-0.25060796358788806,-0.9361328491210937,0.8307879760742187
17.378542184829712,-0.30043644757612314,-0.39983167724609375,0.11252747802734374
17.398916959762573,-0.3530627876171736,-0.9792284790039062,0.6727706665039062
17.419053554534912,-0.3955635533718446,-1.0917559570312498,-0.0430956298828125
17.43861484527588,-0.43406738190820804,-1.3646949462890625,-0.4955997436523437
17.45879030227661,-0.4575160802556128,-0.36152445068359373,-0.07422025146484375
17.478967428207397,-0.4818973972872893,-0.7134720947265625,-0.7110778930664062
17.49873924255371,-0.5196018383799912,-0.6871358764648438,0.009576806640625
17.518771409988403,-0.5395865244715293,-0.6057330200195312,-1.1851298217773436
17.538516521453857,-0.5610367542097803,0.06703764648437499,0.8403647827148437
17.55864381790161,-0.584485452557185,-0.5219359619140624,-0.4429273071289062
17.578556060791016,-0.6244548247402613,-0.4525041137695312,0.09816226806640624
17.59876847267151,-0.6585620223364863,-0.7350199096679687,-0.507570751953125
17.6192684173584,-0.6993307819632242,-0.354341845703125,-0.34715924072265625
17.638920068740845,-0.7554211342601411,-0.8403647827148437,0.33518823242187495
17.658891201019287,-0.8101791741509555,-0.7445967163085937,-0.0047884033203125
17.67923378944397,-0.8502817775746421,-0.47644613037109373,0.086191259765625
17.69901394844055,-0.8767947944560827,-0.584185205078125,-0.6847416748046875
17.718955039978027,-0.9122343044584103,-0.7134720947265625,0.12210428466796874
17.738707542419434,-0.919428791451364,0.229843359375,-0.7230489013671875
17.75852084159851,-0.9483399706637891,-0.47165772705078124,0.9624690673828125
17.77853798866272,-0.9664594193867837,-0.6823474731445313,-0.9935936889648437
17.79906129837036,-0.9559341513785736,-0.8858546142578124,-0.2753331909179687
17.819119691848755,-1.02215007796187,-0.7972691528320313,-0.5626373901367188
17.83880591392517,-1.0453323138280541,-0.1292868896484375,-0.24899697265624998
17.858622550964355,-1.0613200627012846,-0.7565677246093749,-0.44532150878906246
17.879014015197754,-1.0665160810850847,-0.15322890625,-0.5147533569335937
17.899023056030273,-1.081304748792823,-0.8930372192382812,-0.19871873779296872
17.91870403289795,-1.0579892816860283,0.062249243164062495,-0.5099649536132812
17.93852472305298,-1.0256140902177366,-0.9217676391601562,-0.23223756103515625
17.958553314208984,-0.9968361422459217,-0.1771709228515625,-1.1563994018554686
17.978591680526733,-0.9563338451004044,-0.5722141967773438,-0.19393033447265623
17.999431610107422,-0.9216937225417383,0.028730419921875,-0.9097966308593749
18.019092321395874,-0.8830566627647646,-1.0941501586914062,-0.5889736083984375
18.038721561431885,-0.8372251159948372,-0.14604630126953125,-0.9265560424804687
18.05853796005249,-0.7885957131720944,-0.6272808349609375,-0.7134720947265625
18.07867169380188,-0.7707427269303204,-0.32561142578124996,-0.16759411621093748
18.098772525787354,-0.729707504822362,-0.32082302246093747,-0.9337386474609375
18.119651079177856,-0.6922695262108807,-0.852335791015625,-0.6607996582031249
18.138983726501465,-0.653632466433907,-0.3184288208007812,-0.30885201416015623
18.158990621566772,-0.5800888216170466,-1.0175357055664063,-0.8978256225585937
18.178714275360107,-0.5166707510865657,-0.833182177734375,-1.3479355346679687
18.198643922805786,-0.46231240491758196,-1.0271125122070313,-0.9959878906249999
18.218940258026123,-0.42500765754671077,0.016759411621093748,-0.9744400756835937
18.238765716552734,-0.39583001585306515,-1.3096283081054687,0.011971008300781249
18.25934624671936,-0.3390735073530969,-0.40222587890625,-0.9265560424804687
18.278991222381592,-0.31908882126155874,-0.8738836059570312,-0.36152445068359373
18.298575162887573,-0.29923736641063087,-0.6200982299804687,-0.36391865234375
18.318668127059937,-0.26926033727332366,-0.565031591796875,-0.5458779785156249
18.33854603767395,-0.2487427262193445,-0.565031591796875,-0.3806780639648437
18.35962176322937,-0.21583460978861177,-0.4740519287109375,-0.5506663818359374
18.378535985946655,-0.1883889742228994,-0.584185205078125,-0.51714755859375
18.398891925811768,-0.15148392057385898,-0.5482721801757812,-0.5530605834960938
18.418782949447632,-0.1183093416619057,-0.6009446166992187,-0.5267243652343749
18.43882966041565,-0.09179632478046512,-0.7302315063476562,-0.5698199951171875
18.459370374679565,-0.06554977038024505,-0.5051765502929687,-0.48123453369140623
18.479044675827026,-0.03170903526524049,-0.5674257934570313,-0.4740519287109375
18.49870777130127,0.0030643185340358454,-0.24181436767578124,-0.4285620971679687
18.519062042236328,0.016520673835671518,-0.4165910888671875,-0.35194764404296874
18.539026260375977,0.023315467106794475,-0.12210428466796874,-0.18914193115234373
18.559337377548218,0.03464012255866608,-0.2442085693359375,-0.27293898925781246
18.578953981399536,0.05728943346240929,0.0047884033203125,-0.36631285400390623
18.59912896156311,0.08513476274995241,0.031124621582031248,-0.5267243652343749
18.618919372558594,0.11884226662434672,-0.10295067138671875,-0.6392518432617187
18.63888669013977,0.13536294046001823,0.12449848632812499,-0.35194764404296874
18.659213066101074,0.15974425749169474,-0.2825157958984375,-0.4333505004882812
18.67867159843445,0.22742572772170386,-0.5698199951171875,-0.7589619262695312
18.69868230819702,0.3144257278401998,-0.7278373046875,-0.6871358764648438
18.719303369522095,0.40568912765822396,-0.9864110839843749,-1.1061211669921875
18.738752365112305,0.45778254273683333,-0.8738836059570312,-0.7422025146484375
18.758862733840942,0.5141393575149709,-0.679953271484375,-0.8212111694335937
18.77891492843628,0.5433169992086165,-0.411802685546875,-0.603338818359375
18.798682689666748,0.5534425734949958,-0.076614453125,0.22026655273437498
18.81872797012329,0.5641010727438162,0.05027823486328125,-0.25139117431640623
18.83870220184326,0.5566401232696419,-0.16041151123046873,-0.3591302490234375
18.858890295028687,0.557705973194524,-0.02633621826171875,-0.40462008056640625
18.87868618965149,0.5835528338729132,-0.4572925170898437,-0.8020575561523438
18.898956537246704,0.6549647788400095,-0.26815058593749996,-0.8858546142578124
18.91867709159851,0.7237120989949006,-0.6009446166992187,-1.2234370483398436
18.938565969467163,0.7867304758035508,-0.59376201171875,-1.0630255371093749
18.95854377746582,0.8358928035887346,-0.3399766357421875,-0.5626373901367188
18.979013919830322,0.8814578878774415,-0.38307226562499996,-0.6464344482421874
18.999552488327026,0.9367488527306971,-0.49799394531249996,-0.44053310546874996
19.01911687850952,0.9554012264161326,0.09816226806640624,-1.0654197387695312
19.038862228393555,0.9451424208891431,0.6727706665039062,0.0
19.058491945266724,0.9391470150616816,0.28012159423828126,-0.143652099609375
19.07857871055603,0.9332848404748304,-0.9600748657226562,0.4213794921875
19.098884105682373,0.9216937225417383,-0.5578489868164063,0.2920926025390625
19.11882209777832,0.8357595723481244,0.0909796630859375,-0.5051765502929687
19.138739347457886,0.7127871372648598,0.4572925170898437,0.584185205078125
19.1587815284729,0.6352465552296919,0.33518823242187495,0.5219359619140624
19.178497791290283,0.5858177649632876,0.3854664672851562,0.4477157104492187
19.19857406616211,0.5546416546604881,0.22505495605468748,0.718260498046875
19.218724966049194,0.514272588755581,-0.062249243164062495,0.01915361328125
19.2385573387146,0.46351148608307424,0.19632453613281248,-0.1388636962890625
19.258641481399536,0.44552526860068997,-0.22744915771484372,0.06703764648437499
19.278501749038696,0.4424609500666541,-0.5363011718749999,-0.27293898925781246
19.298760890960693,0.4764349164222689,-0.7350199096679687,-0.16519991455078123
19.318900108337402,0.4170137831100955,-0.3591302490234375,-0.06464344482421874
19.33858895301819,0.3869035227321781,-0.023942016601562498,-0.02633621826171875
19.35860252380371,0.37424655487420394,-0.011971008300781249,0.3687070556640625
19.37854242324829,0.2873797859963182,0.028730419921875,0.28012159423828126
19.398600816726685,0.2334211335491653,0.1484405029296875,-0.05027823486328125
19.41877841949463,0.1859908118919148,0.5003881469726562,0.44053310546874996
19.438582181930542,0.15428177662667433,0.24660277099609373,0.181959326171875
19.458586931228638,0.11617764181214164,-0.3854664672851562,-0.4644751220703125
19.47858762741089,0.08127105677225505,-0.22266075439453123,0.02633621826171875
19.49853825569153,0.05222664631921963,-0.2154781494140625,0.15322890625
19.51904010772705,0.02744563556571236,-0.14604630126953125,0.3399766357421875
19.53859829902649,0.0014655436467127959,-0.3758896606445312,0.1388636962890625
19.559107780456543,-0.0287779479718149,-0.5363011718749999,-0.15562310791015624
19.578917741775513,-0.04263399699528134,-0.22744915771484372,-0.277727392578125
19.598613500595093,-0.05209341507860938,0.1149216796875,-0.3687070556640625
19.619008779525757,-0.0334410413931738,-0.02154781494140625,-0.4644751220703125
19.639158248901367,-0.00013323124061025415,-0.09337386474609374,-0.44532150878906246
19.65885901451111,0.018652373685435583,0.11731588134765625,-0.6751648681640625
19.678616762161255,0.016387442595061263,0.076614453125,-0.229843359375
19.69859004020691,0.013189892820415163,-0.13646949462890623,-0.1484405029296875
19.71862244606018,0.013189892820415163,-0.2561795776367187,-0.32561142578124996
19.738603353500366,0.010125574286379316,-0.28490999755859375,-0.42377369384765623
19.758867502212524,0.0,0.14604630126953125,0.0909796630859375
19.77858591079712,-0.015454823910789483,-0.8595183959960937,-0.09337386474609374
19.79877018928528,-0.01532159267017923,0.13407529296874998,-0.5817910034179687
19.81895422935486,-0.012257274136143382,-0.14604630126953125,-0.19153613281249998
19.838747262954712,-0.014655436467127957,-0.20829554443359374,-0.38786066894531246
19.85852599143982,-0.01052526800821008,0.469263525390625,0.22026655273437498
19.878589630126953,-0.004663093421358896,-0.16759411621093748,-0.7134720947265625
19.898629188537598,-0.01185758041431262,0.44532150878906246,-0.08858546142578125
19.919095039367676,0.0095926493239383,0.0909796630859375,-0.7948749511718749
19.938849925994873,0.011324655451871604,-0.47165772705078124,-0.33039982910156246
19.958871841430664,0.006794793271122962,0.6416460449218749,0.07422025146484375
19.97905397415161,0.015454823910789483,-0.8499415893554687,-0.5770026000976562
19.999279737472534,-0.0073277182335639785,0.22026655273437498,0.1580173095703125
20.019071578979492,-0.005995405827461438,-0.47165772705078124,-0.00718260498046875
20.03887367248535,-0.01505513018895872,0.2657563842773437,-0.11013327636718749
20.058609008789062,-0.02118376725703041,-0.40222587890625,-0.8212111694335937
20.078713417053223,-0.01532159267017923,0.26336218261718747,0.14125789794921875
20.099018573760986,-0.0057289433462409285,-0.05746083984375,-1.0678139404296874
20.118895053863525,-0.006128637068071691,-0.1580173095703125,0.02633621826171875
20.138885736465454,0.007727411955394742,0.316034619140625,-0.00239420166015625
20.15863871574402,0.007061255752343471,-0.3711012573242187,-0.411802685546875
20.178988218307495,0.009459418083328047,0.5458779785156249,-0.4572925170898437
20.199519395828247,-0.011990811654922875,-0.5123591552734374,-0.201112939453125
20.21885848045349,-0.01705359879811253,0.17477672119140625,0.055066638183593745
20.238853693008423,-0.02438131703167651,-1.20667763671875,-0.28012159423828126
20.258598566055298,-0.013323124061025418,-0.201112939453125,-0.6823474731445313
20.278592586517334,-0.01052526800821008,0.16519991455078123,-0.30885201416015623
20.299044132232666,-0.016387442595061263,-0.033518823242187495,-0.19632453613281248
20.318670749664307,-0.012390505376753637,-1.24498486328125,-0.8403647827148437
20.338727474212646,0.002398162330984575,0.06464344482421874,0.086191259765625
20.35918879508972,0.0058621745868511835,0.1005564697265625,-0.7398083129882812
20.37866711616516,-0.006661562030512709,-0.028730419921875,-0.6919242797851562
20.398884296417236,-0.018119448722994567,-0.4740519287109375,0.01915361328125
20.418839931488037,-0.01958499236970736,0.09337386474609374,-0.39743747558593745
20.43899655342102,-0.023182235866184224,-0.8906430175781249,-0.105344873046875
20.458983659744263,-0.014921898948348467,-0.13407529296874998,-0.06464344482421874
20.478771686553955,-0.021849923460081685,-0.1005564697265625,-0.031124621582031248
20.498859643936157,-0.036238897445989134,-0.316034619140625,-0.3495534423828125
20.518792152404785,-0.021983154700691936,-0.9744400756835937,-0.3806780639648437
20.538482427597046,-0.016520673835671518,0.7398083129882812,-0.3280056274414062
20.558845281600952,-0.017986217482384312,-0.5674257934570313,-0.47884033203125
20.57922625541687,-0.01505513018895872,0.11252747802734374,-0.23223756103515625
20.598914623260498,-0.010924961730040842,1.01514150390625,0.25139117431640623
20.619071006774902,-0.03144257278401998,-0.55545478515625,-0.23223756103515625
20.63862156867981,-0.021849923460081685,-0.06464344482421874,0.7948749511718749
20.65888261795044,-0.02971056665608668,0.05746083984375,0.12449848632812499
20.67865300178528,-0.017186830038722786,-0.055066638183593745,-0.35673604736328124
20.698868989944458,-0.032375191468291764,0.9959878906249999,-0.18435352783203124
20.71916699409485,-0.029577335415476424,-1.0702081420898437,-0.6105214233398437
20.738882064819336,-0.04356661567955311,-1.3168109130859373,-0.8164227661132812
20.75907874107361,-0.02105053601642016,-0.689530078125,1.3168109130859373
20.778529405593872,-0.022116385941302188,-0.6943184814453125,0.1484405029296875
20.798781633377075,-0.032508422708902016,-0.603338818359375,-0.5817910034179687
20.81921935081482,-0.0464977029729787,-0.7829039428710937,0.033518823242187495
20.838817596435547,-0.05475803989081446,-2.080561242675781,-0.6607996582031249
20.858840942382812,-0.017719755001163805,1.0103531005859374,0.28012159423828126
20.878637313842773,-0.012257274136143382,-1.714248388671875,-1.0917559570312498
20.89887809753418,-0.0010658499248820332,0.09337386474609374,0.0047884033203125
20.918813943862915,-0.012390505376753637,0.17477672119140625,-0.07422025146484375
20.938781023025513,-0.01438897398590745,-1.5562310791015623,0.06943184814453125
20.958742380142212,-0.020917304775809907,-1.0175357055664063,-0.23702596435546874
20.97875714302063,-0.017186830038722786,-0.8690952026367187,-0.6512228515624999
20.99887251853943,-0.018385911204215073,-0.6584054565429687,-0.3399766357421875
21.019076824188232,-0.01532159267017923,0.07422025146484375,0.0383072265625
21.039037704467773,0.002398162330984575,-1.0319009155273438,-0.28012159423828126
21.058870553970337,0.006794793271122962,-0.6847416748046875,-0.19632453613281248
21.07921862602234,0.015188361429568975,-0.9026140258789062,-0.047884033203124995
21.098682641983032,0.01971822361031762,0.3806780639648437,-0.8259995727539062
21.119658708572388,-0.002531393571594829,0.22026655273437498,-0.6057330200195312
21.138863801956177,-0.01052526800821008,-0.8499415893554687,0.12449848632812499
21.158883333206177,-0.017586523760553547,-0.39743747558593745,-0.24660277099609373
21.17885732650757,-0.0057289433462409285,-0.2561795776367187,0.06943184814453125
21.200170755386353,-0.007194486992953725,0.24181436767578124,0.02633621826171875
21.219090938568115,-0.014255742745297196,-0.9409212524414062,-0.4572925170898437
21.238845348358154,-0.019052067407266345,-1.0797849487304687,-0.6344634399414062
21.2589111328125,-0.01185758041431262,-1.6304513305664061,-0.33039982910156246
21.278637647628784,-0.0030643185340358454,-0.6679822631835937,-0.8762778076171874
21.29895853996277,0.018918836166656093,-0.4165910888671875,-0.05985504150390625
21.319024085998535,0.002797856052815337,-0.5434837768554687,-0.7398083129882812
21.33897590637207,-0.0031975497746461,-2.032677209472656,-0.852335791015625
21.358936548233032,0.02105053601642016,-0.4213794921875,0.023942016601562498
21.378644704818726,0.012257274136143382,-0.9074024291992187,-0.699106884765625
21.39896845817566,0.01532159267017923,-0.4955997436523437,0.34715924072265625
21.41901421546936,0.0006661562030512709,0.0718260498046875,0.24660277099609373
21.438655853271484,-0.020251148572758632,-1.43652099609375,-0.5817910034179687
21.458896160125732,-0.01052526800821008,0.6536170532226562,-0.0143652099609375
21.47879719734192,-0.018119448722994567,-0.7565677246093749,0.5267243652343749
21.49872660636902,-0.021849923460081685,0.07422025146484375,-0.814028564453125
21.519104719161987,-0.02997702913730719,-0.5291185668945312,-0.3854664672851562
21.53874921798706,-0.017986217482384312,-0.33039982910156246,0.3280056274414062
21.558668613433838,-0.03530627876171736,-1.3862427612304686,-0.3591302490234375
21.578680992126465,-0.0095926493239383,0.15322890625,0.97683427734375
21.5988712310791,-0.004396630940138387,-0.5985504150390625,-1.2665326782226562
21.618894815444946,-0.0013323124061025418,-0.36391865234375,0.181959326171875
21.638569355010986,-0.01532159267017923,-0.30406361083984373,-0.6727706665039062
21.658693075180054,-0.014522205226517705,-1.7262193969726563,-0.5793968017578125
21.678524017333984,-0.00159877488732305,-0.05027823486328125,-0.42377369384765623
21.69869351387024,0.033307810152563545,-0.6177040283203125,0.30406361083984373
21.718945264816284,-0.010392036767599824,-0.33039982910156246,-0.21308394775390624
21.73869800567627,-0.027045941843881597,-1.697488977050781,-0.49799394531249996
21.758666038513184,-0.017186830038722786,0.5123591552734374,0.32082302246093747
21.77883267402649,-0.0287779479718149,-1.1851298217773436,-0.3184288208007812
21.798640251159668,-0.013323124061025418,1.1611878051757811,-0.12689268798828124
21.818681955337524,-0.02424808579106626,-0.45010991210937495,-0.5291185668945312
21.838701009750366,-0.03170903526524049,-1.3024457031249999,-0.047884033203124995
21.85869336128235,-0.02584686067838931,0.12449848632812499,0.5817910034179687
21.87866449356079,-0.036372128686599385,-1.675941162109375,0.14604630126953125
21.898929357528687,-0.02851148549059439,0.7996633544921875,-0.316034619140625
21.918908834457397,-0.04583154676992743,-0.3591302490234375,-0.4070142822265625
21.93948531150818,-0.05209341507860938,-2.0542250244140625,-0.016759411621093748
21.959131002426147,-0.04769678413847099,-0.6943184814453125,-0.18914193115234373
21.979308128356934,-0.025180704475338038,-1.3455413330078123,0.05746083984375
21.998682975769043,-0.026646248122050836,0.17477672119140625,-1.1061211669921875
22.01869487762451,-0.02971056665608668,-0.8906430175781249,-0.1580173095703125
22.039330005645752,-0.01572128639200999,-0.02154781494140625,-0.43574470214843747
22.059122800827026,0.004529862180748642,-0.229843359375,-0.028730419921875
22.07866883277893,0.017586523760553547,0.19153613281249998,0.25139117431640623
22.098662853240967,0.0002664624812205083,0.2825157958984375,-0.5363011718749999
22.11891269683838,-0.014255742745297196,-0.5889736083984375,0.00718260498046875
22.139124155044556,-0.027978560528153375,-0.38786066894531246,-0.507570751953125
22.1590633392334,-0.03437366007744557,-1.936909143066406,0.13168109130859373
22.17889094352722,-0.031176110302799476,-0.5243301635742187,-1.1851298217773436
22.199453592300415,-0.036505359927209644,-0.6823474731445313,-0.37828386230468747
22.21945810317993,-0.0415681470703993,-0.40940848388671874,-0.39264907226562495
22.23909568786621,-0.014655436467127957,-2.1452046874999997,-0.5746083984375
22.258718013763428,-0.0334410413931738,-0.34715924072265625,0.3112462158203125
22.278717517852783,0.010258805526989571,-2.24097275390625,-0.8499415893554687
22.29890537261963,0.025447166956558548,-0.296881005859375,-0.2609679809570312
22.319273233413696,0.03916998473941472,0.3447650390625,0.031124621582031248
22.33873701095581,0.022516079663132953,-0.9169792358398436,0.22744915771484372
22.359272003173828,0.0014655436467127959,-0.5746083984375,-0.08858546142578125
22.37863826751709,0.0011990811654922875,-1.4628572143554686,-0.5434837768554687
22.39856743812561,-0.009992343045769061,0.016759411621093748,-0.201112939453125
22.41891646385193,-0.026113323159609816,0.21068974609375,0.06943184814453125
22.43880844116211,-0.028644716731204646,-1.4796166259765624,-0.26815058593749996
22.45871353149414,-0.03557274124293786,-1.4149731811523436,-0.6584054565429687
22.47869062423706,-0.008526799399056265,-0.277727392578125,0.12689268798828124
22.498977184295654,-0.001732006127933304,0.6009446166992187,-0.143652099609375
22.51897358894348,-0.006661562030512709,-1.2689268798828124,-0.5386953735351562
22.539628505706787,0.003464012255866608,-0.7038952880859375,-0.20829554443359374
22.559169054031372,0.0031975497746461,-1.6424223388671875,-0.8595183959960937
22.578784227371216,0.026379785640830326,-0.01915361328125,-0.062249243164062495
22.598711252212524,0.028378254249984136,-0.9002198242187499,0.040701428222656245
22.61901879310608,0.018385911204215073,-0.36631285400390623,0.09576806640624999
22.63888669013977,0.0021316998497640663,-0.7445967163085937,-0.5147533569335937
22.659142017364502,-0.006661562030512709,-0.9528922607421875,-0.181959326171875
22.67893099784851,-0.0058621745868511835,-0.8547299926757812,0.20829554443359374
22.698712587356567,-0.010791730489430587,-0.12210428466796874,0.0
22.71927809715271,-0.026513016881440577,-0.86191259765625,-0.5482721801757812
22.739203214645386,-0.027845329287543123,-1.2856862915039062,-0.842758984375
22.759294033050537,-0.03863705977697371,-0.9217676391601562,0.30885201416015623
22.77871584892273,-0.02624655440022007,-0.09576806640624999,0.25139117431640623
22.798838138580322,-0.020517611053979142,-0.7038952880859375,-0.7565677246093749
22.81915259361267,-0.0255803981971688,-0.737414111328125,-0.23702596435546874
22.83902359008789,-0.02424808579106626,-0.6919242797851562,-0.19632453613281248
22.858728408813477,-0.029177641693645662,-0.1197100830078125,-0.5243301635742187
22.879151344299316,-0.012257274136143382,-1.3239935180664062,-0.4261678955078125
22.898738384246826,-0.007727411955394742,0.02154781494140625,-0.1292868896484375
22.919077157974243,0.0021316998497640663,-0.7493851196289062,-0.3280056274414062
22.939205646514893,0.0,-0.6464344482421874,-0.2346317626953125
22.95870876312256,-0.006794793271122962,-1.0510545288085937,-0.28012159423828126
22.9792058467865,-0.0006661562030512709,-0.26336218261718747,0.04548983154296875
22.999221324920654,-0.009992343045769061,0.06464344482421874,0.016759411621093748
23.019176483154297,-0.01212404289553313,-0.3902548706054687,-0.36391865234375
23.039043426513672,-0.03077641658096871,-0.7206546997070312,0.0047884033203125
23.05909013748169,-0.044632465604435144,-1.5251064575195312,0.11252747802734374
23.07897138595581,-0.037837672333312186,0.48123453369140623,0.4165910888671875
23.098655223846436,-0.05049464019128633,-0.8690952026367187,-0.9504980590820312
23.11985993385315,-0.057422664703019544,-0.20829554443359374,0.18435352783203124
23.139214992523193,-0.058888208349732345,-1.005564697265625,0.1388636962890625
23.159210681915283,-0.05196018383799912,0.19393033447265623,-0.3016694091796875
23.178941249847412,-0.050894333913117096,-1.4221557861328125,0.16759411621093748
23.198877573013306,-0.044765696845045395,0.4213794921875,-1.3072341064453123
23.219192266464233,-0.055690658575086247,-0.4860229370117187,0.39983167724609375
23.23915386199951,-0.03011026037791744,-0.507570751953125,-0.5913678100585937
23.259212493896484,0.016787136316892024,-0.5722141967773438,0.0
23.279207468032837,0.024781010753507273,-1.5035586425781249,-0.7230489013671875
23.298962116241455,0.03450689131805583,0.7805097412109374,0.36391865234375
23.318674564361572,0.02145022973825092,-0.19393033447265623,-0.20829554443359374
23.339221000671387,0.01532159267017923,-1.0462661254882812,-0.11013327636718749
23.358572483062744,-0.005329249624410167,-0.8762778076171874,-0.8858546142578124
23.37869930267334,-0.0287779479718149,-1.1611878051757811,-0.3327940307617187
23.39871573448181,-0.03370750387439431,0.5961562133789062,0.15322890625
23.41977286338806,-0.0014655436467127959,-0.3399766357421875,0.0909796630859375
23.43883991241455,-0.026113323159609816,-0.047884033203124995,-0.6248866333007812
23.45865273475647,-0.01971822361031762,-0.9193734375,-0.10295067138671875
23.47926926612854,-0.005062787143189658,0.03591302490234375,0.4525041137695312
23.498744249343872,-0.01532159267017923,-3.19865341796875,-1.8171990600585937
23.51947546005249,0.014655436467127957,1.0319009155273438,-0.03591302490234375
23.538722038269043,0.005196018383799912,-0.40940848388671874,-0.17477672119140625
23.558703660964966,0.009192955602107537,-1.9967641845703124,-0.9888052856445312
23.578728914260864,0.01052526800821008,0.6560112548828124,0.086191259765625
23.59872055053711,-0.0019984686091538122,-1.7310078002929687,-1.120486376953125
23.62005305290222,-0.01052526800821008,0.3232172241210937,0.009576806640625
23.638736248016357,-0.01532159267017923,-1.927332336425781,-0.4261678955078125
23.65867519378662,-0.023581929588014985,-1.8698714965820311,-0.7062894897460937
23.678722381591797,-0.002398162330984575,-0.7924807495117187,-0.2825157958984375
23.698736429214478,0.002398162330984575,-0.40222587890625,-0.00239420166015625
23.720354557037354,-0.007194486992953725,-0.42377369384765623,0.25139117431640623
23.73874831199646,-0.009725880564548555,-0.6679822631835937,-0.43574470214843747
23.75872015953064,-0.017719755001163805,-1.0702081420898437,-0.30885201416015623
23.778705596923828,-0.008793261880276773,-1.0654197387695312,-1.2497732666015624
23.798703908920288,0.010924961730040842,-0.4070142822265625,-0.3232172241210937
23.81922721862793,0.003863705977697371,-0.03591302490234375,-0.36152445068359373
23.83871603012085,-0.002398162330984575,-0.33039982910156246,0.031124621582031248
23.858624696731567,0.002264931090374321,-1.3120225097656248,-0.06943184814453125
23.87873339653015,0.0095926493239383,-1.0007762939453124,-0.12210428466796874
23.89906144142151,0.0033307810152563544,0.2561795776367187,-0.3184288208007812
23.91927146911621,0.0006661562030512709,-0.41898529052734373,-0.1484405029296875
23.938783884048462,-0.013056661579804908,-0.5865794067382812,-0.18435352783203124
23.95862364768982,-0.029843797896696934,-1.6256629272460936,-0.7876923461914062
23.978729009628296,-0.022915773384963714,0.14125789794921875,0.7805097412109374
23.99869465827942,-0.01345635530163567,-0.8595183959960937,-0.6105214233398437
24.019530057907104,-0.022782542144353463,0.3854664672851562,0.2059013427734375
24.038621187210083,-0.04769678413847099,-1.1827356201171875,-0.5578489868164063
24.058647394180298,-0.041301684589178794,-1.3958195678710936,-0.13168109130859373
24.078681468963623,-0.027312404325102103,-0.19153613281249998,-0.316034619140625
24.09859848022461,-0.01345635530163567,-0.6488286499023437,-0.6703764648437499
24.119367122650146,-0.017453292519943295,-0.5434837768554687,-0.21308394775390624
24.1387140750885,0.004663093421358896,-0.7422025146484375,-0.16280571289062498
24.158966779708862,-0.000799387443661525,-0.5602431884765625,0.1149216796875
24.178665161132812,0.0021316998497640663,-0.6081272216796875,-0.679953271484375
24.198800325393677,0.0127901990985844,-0.19632453613281248,-0.411802685546875
24.219146251678467,-0.010258805526989571,-0.7948749511718749,-0.4955997436523437
24.23861837387085,-0.01705359879811253,-0.5219359619140624,-0.3184288208007812
24.258670806884766,-0.028111791768763626,0.16519991455078123,0.6584054565429687
24.279189348220825,-0.045298621807486415,-1.0175357055664063,-0.22266075439453123
24.298672914505005,-0.046231240491758196,0.7589619262695312,-0.45968671875
24.319037199020386,-0.06128637068071692,-0.9744400756835937,-0.06464344482421874
24.338669061660767,-0.062085758124378436,0.3447650390625,0.26336218261718747
24.358762741088867,-0.053026033762881154,-1.1731588134765625,-0.4644751220703125
24.378528833389282,-0.025047473234727783,-0.9193734375,-0.13407529296874998
24.3986599445343,-0.027045941843881597,-0.26815058593749996,-0.9193734375
24.419026374816895,-0.013323124061025418,-0.47884033203125,0.0430956298828125
24.438735008239746,-0.01438897398590745,-0.4644751220703125,-0.9121908325195311
24.458683013916016,0.014255742745297196,-0.2753331909179687,0.3232172241210937
24.478753089904785,0.022116385941302188,-0.5674257934570313,0.12210428466796874
24.499023914337158,0.0006661562030512709,-0.7924807495117187,-0.5291185668945312
24.51928949356079,-0.0074609494741742334,0.21787235107421873,0.74699091796875
24.539027214050293,-0.022649310903743208,-0.9959878906249999,-0.565031591796875
24.55899143218994,-0.03357427263378405,-0.4908113403320312,-1.2617442749023438
24.57877516746521,-0.03743797861148142,-1.3838485595703125,0.15562310791015624
24.59871768951416,-0.039969372183076245,0.6392518432617187,-0.4955997436523437
24.619147777557373,-0.05542419609386573,-1.0630255371093749,-0.076614453125
24.638740301132202,-0.053159265003491406,-1.0534487304687499,-0.5195417602539062
24.658761978149414,-0.05209341507860938,-0.6823474731445313,0.0
24.67860746383667,-0.0543583461689837,-0.9696516723632812,-0.622492431640625
24.6987361907959,-0.050894333913117096,-0.6009446166992187,-0.8690952026367187
24.719069957733154,-0.029577335415476424,-1.7334020019531249,-1.209071838378906
24.738776206970215,0.02011791733214838,-0.6967126831054687,-0.5434837768554687
24.758765935897827,0.0433001531983326,-0.5195417602539062,-0.612915625
24.77920436859131,0.050894333913117096,-0.7924807495117187,-0.5339069702148437
24.799055337905884,0.06261868308681946,-0.9433154541015625,-0.622492431640625
24.819318532943726,0.05702297098118878,-0.32082302246093747,0.10773907470703124
24.838752269744873,0.050361408950676076,-0.9816226806640624,0.02154781494140625
24.85907483100891,0.049029096544573526,-0.46208092041015625,-0.02633621826171875
24.878647089004517,0.041301684589178794,-0.7398083129882812,-0.3232172241210937
24.898749589920044,0.028111791768763626,-0.8954314208984374,-0.59376201171875
24.91908597946167,0.02145022973825092,-0.4070142822265625,0.430956298828125
24.93876028060913,0.008393568158446012,-1.5466542724609373,-0.5339069702148437
24.95876431465149,-0.00479632466196915,-0.507570751953125,-1.419761584472656
24.979148387908936,-0.00013323124061025415,0.4261678955078125,1.3335703247070312
24.999432802200317,-0.04356661567955311,-0.8451531860351562,-0.34237083740234375
25.019057273864746,-0.05156049011616837,-1.197100830078125,0.33518823242187495
25.03867816925049,-0.05249310880044014,-1.656787548828125,-0.9433154541015625
25.058691024780273,-0.05862174586851183,-0.40222587890625,-1.0797849487304687
25.078741550445557,-0.06275191432742971,-0.5602431884765625,0.354341845703125
25.09869384765625,-0.05049464019128633,-0.3016694091796875,-1.1037269653320312
25.11890459060669,-0.033307810152563545,-0.3758896606445312,0.6272808349609375
25.138719081878662,-0.02131699849764067,-0.39983167724609375,-0.814028564453125
25.15881609916687,-0.023182235866184224,-0.6967126831054687,-0.26336218261718747
25.17852783203125,-0.011457886692481857,-1.3527239379882812,-0.5003881469726562
25.19867515563965,-0.009459418083328047,0.1292868896484375,-0.7517793212890624
25.21875,-0.003464012255866608,-2.3223756103515623,0.12689268798828124
25.238704442977905,0.005329249624410167,0.23223756103515625,-1.3024457031249999
25.258847951889038,0.022915773384963714,-1.1516109985351561,0.12210428466796874
25.27868914604187,0.04436600312321464,-0.0430956298828125,-0.6105214233398437
25.2991201877594,0.05129402763494785,-1.2737152832031249,-1.2042834350585936
25.318764448165894,0.04769678413847099,-0.6871358764648438,-0.39983167724609375
25.338704824447632,0.05995405827461438,-0.63206923828125,0.0383072265625
25.35864019393921,0.03743797861148142,-1.6304513305664061,-0.316034619140625
25.37845516204834,0.021983154700691936,-0.0526724365234375,0.11731588134765625
25.398638486862183,-0.010658499248820334,-1.707065783691406,-0.3016694091796875
25.418781995773315,-0.032774885190122525,0.201112939453125,0.6416460449218749
25.438716173171997,-0.03770444109270193,-1.0965443603515623,-0.28969840087890625
25.45895290374756,-0.04396630940138387,-0.9361328491210937,-0.6464344482421874
25.47900366783142,-0.04276722823589159,-0.411802685546875,-0.25139117431640623
25.498467206954956,-0.04276722823589159,-1.197100830078125,-0.49799394531249996
25.51922035217285,-0.045565084288706925,-0.5626373901367188,-0.277727392578125
25.53872537612915,-0.03290811643073278,-0.679953271484375,-0.08858546142578125
25.558762073516846,-0.028245023009373885,-0.7805097412109374,-0.3591302490234375
25.578970909118652,-0.02424808579106626,-0.6919242797851562,-0.3902548706054687
25.598655700683594,-0.008926493120887028,-0.5482721801757812,-0.1580173095703125
25.618754863739014,0.005329249624410167,-0.30406361083984373,-0.373495458984375
25.638745307922363,0.0075941807147844875,-0.8595183959960937,-0.258573779296875
25.658687353134155,0.016520673835671518,-0.6823474731445313,-0.3806780639648437
25.67870044708252,0.012390505376753637,-0.63206923828125,-0.23702596435546874
25.698814392089844,0.00985911180515881,-0.9193734375,-0.2154781494140625
25.71880340576172,0.005329249624410167,-0.7230489013671875,-0.2753331909179687
25.738699674606323,0.009459418083328047,-0.8044517578125,-0.19871873779296872
25.758649826049805,0.0037304747370871167,-0.612915625,-0.21068974609375
25.778695106506348,-0.00159877488732305,-0.8092401611328125,-0.24899697265624998
25.798569202423096,-0.0035972434964768626,-0.8164227661132812,-0.00718260498046875
25.81904697418213,0.03384073511500456,-0.7757213378906249,-0.17238251953125
25.8385968208313,-0.005196018383799912,-0.8595183959960937,-0.32082302246093747
25.858729600906372,-0.009059724361497283,-0.8020575561523438,-0.316034619140625
25.878583431243896,-0.010125574286379316,-0.8355763793945312,-0.181959326171875
25.898513793945312,-0.016787136316892024,-0.9600748657226562,-0.055066638183593745
25.919241666793823,-0.023448698347404734,-0.8882488159179687,-0.2609679809570312
25.938655376434326,-0.02717917308449185,-1.0726023437499999,-0.3064578125
25.958652019500732,-0.018385911204215073,-0.8259995727539062,-0.36391865234375
25.97881293296814,-0.005595712105630674,-0.9864110839843749,-0.430956298828125
25.999707221984863,0.0014655436467127959,-0.8858546142578124,-0.47884033203125
26.01986789703369,0.0009326186842717792,-0.699106884765625,-0.14125789794921875
26.038670539855957,0.009326186842717792,-0.9002198242187499,-0.34237083740234375
26.058727502822876,0.010258805526989571,-0.842758984375,-0.3495534423828125
26.078648805618286,0.013056661579804908,-0.6751648681640625,-0.2059013427734375
26.098546504974365,0.011324655451871604,-0.8212111694335937,-0.22744915771484372
26.11881947517395,0.010924961730040842,-0.8451531860351562,-0.33758243408203126
26.138723850250244,0.008926493120887028,-0.8092401611328125,-0.22505495605468748
26.158721923828125,0.01052526800821008,-0.8164227661132812,-0.22505495605468748
26.178534030914307,0.0030643185340358454,-0.9193734375,-0.17477672119140625
26.198949575424194,-0.005062787143189658,-0.7230489013671875,-0.373495458984375
26.218844413757324,-0.011591117933092112,-0.6344634399414062,-0.23223756103515625
26.238710165023804,-0.028111791768763626,-0.5482721801757812,-0.0383072265625
26.258713960647583,-0.03770444109270193,-0.4213794921875,-0.03591302490234375
26.278515100479126,-0.04743032165725048,-0.40462008056640625,-0.22505495605468748
26.298588037490845,-0.04263399699528134,-0.316034619140625,-0.29448680419921874
26.319818019866943,-0.028378254249984136,-0.28490999755859375,-0.4070142822265625
26.33905577659607,-0.002264931090374321,-0.27293898925781246,-0.4477157104492187
26.358657121658325,0.00985911180515881,-0.5315127685546874,-0.4165910888671875
26.378612279891968,0.015188361429568975,-0.6488286499023437,-0.29927520751953124
26.39866542816162,0.023315467106794475,-0.5961562133789062,-0.15083470458984374
26.41884994506836,0.014122511504686942,-0.63206923828125,-0.031124621582031248
26.438664197921753,0.0039969372183076245,-0.5793968017578125,-0.20829554443359374
26.458815574645996,-0.017186830038722786,-0.5793968017578125,-0.1484405029296875
26.47864317893982,-0.02717917308449185,-0.47884033203125,-0.0718260498046875
26.4986355304718,-0.02584686067838931,-0.43574470214843747,-0.19871873779296872
26.519039630889893,-0.012923430339194655,-0.469263525390625,-0.34237083740234375
26.538876056671143,-0.005462480865020421,-0.373495458984375,-0.4070142822265625
26.55874514579773,0.0039969372183076245,-0.40940848388671874,-0.38307226562499996
26.57848811149597,0.00479632466196915,-0.6105214233398437,-0.22026655273437498
26.598645210266113,0.0037304747370871167,-0.5698199951171875,-0.0909796630859375
26.620278120040894,-0.003464012255866608,-0.5410895751953124,-0.15322890625
26.639114379882812,-0.009992343045769061,-0.5985504150390625,-0.18914193115234373
26.65873408317566,-0.016520673835671518,-0.5315127685546874,-0.28969840087890625
26.6785991191864,-0.007993874436615249,-0.4836287353515625,-0.277727392578125
26.69905161857605,0.0019984686091538122,-0.47884033203125,-0.2753331909179687
26.71892499923706,-0.0018652373685435584,-0.4955997436523437,-0.2442085693359375
26.738564491271973,-0.0074609494741742334,-0.33758243408203126,-0.229843359375
26.75914216041565,-0.006128637068071691,-0.5339069702148437,-0.22026655273437498
26.779114246368408,-0.0029310872934255917,-0.5363011718749999,-0.18435352783203124
26.79881763458252,-0.005462480865020421,-0.5315127685546874,-0.24660277099609373
26.819013357162476,-0.006528330789902454,-0.488417138671875,-0.2825157958984375
26.838643312454224,-0.008127105677225504,-0.47644613037109373,-0.277727392578125
26.858770847320557,-0.003464012255866608,-0.4740519287109375,-0.2346317626953125
26.878490447998047,-0.0013323124061025418,-0.46686932373046874,-0.2442085693359375
26.89855122566223,-0.005196018383799912,-0.47884033203125,-0.2442085693359375
26.91907048225403,-0.008526799399056265,-0.51714755859375,-0.22505495605468748
26.93863320350647,-0.008127105677225504,-0.4477157104492187,-0.24181436767578124
26.958752393722534,-0.0031975497746461,-0.5123591552734374,-0.23223756103515625
26.978893280029297,-0.0057289433462409285,-0.469263525390625,-0.22744915771484372
26.99929451942444,-0.0018652373685435584,-0.4836287353515625,-0.21068974609375
27.01882791519165,-0.007727411955394742,-0.4740519287109375,-0.2346317626953125
27.038791179656982,-0.006128637068071691,-0.5147533569335937,-0.20829554443359374
27.05880904197693,0.0003996937218307625,-0.488417138671875,-0.258573779296875
27.078578233718872,-0.004929555902579405,-0.4836287353515625,-0.2537853759765625
27.09882688522339,-0.007061255752343471,-0.4836287353515625,-0.2442085693359375
27.11942148208618,-0.0005329249624410166,-0.4836287353515625,-0.24899697265624998
27.1385977268219,-0.002398162330984575,-0.47884033203125,-0.258573779296875
27.158696174621582,-0.004663093421358896,-0.4860229370117187,-0.22505495605468748
27.178619623184204,-0.00479632466196915,-0.4908113403320312,-0.21787235107421873
27.1986563205719,-0.004529862180748642,-0.5051765502929687,-0.26336218261718747
27.21987771987915,-0.006661562030512709,-0.5123591552734374,-0.258573779296875
27.239076614379883,-0.005995405827461438,-0.4740519287109375,-0.24899697265624998
27.258790493011475,-0.0073277182335639785,-0.4740519287109375,-0.26336218261718747
27.278541088104248,-0.004663093421358896,-0.5051765502929687,-0.22266075439453123
27.298795223236084,-0.00159877488732305,-0.5027823486328125,-0.2609679809570312
27.319459199905396,-0.0009326186842717792,-0.5315127685546874,-0.23223756103515625
27.338793754577637,-0.007194486992953725,-0.5219359619140624,-0.2753331909179687
27.35900568962097,-0.004396630940138387,-0.488417138671875,-0.22744915771484372
27.378733158111572,-0.006928024511733216,-0.4836287353515625,-0.2346317626953125
27.39855170249939,-0.0063950995492922,-0.49320554199218747,-0.21787235107421873
27.41961169242859,-0.005595712105630674,-0.4908113403320312,-0.239420166015625
27.438573837280273,-0.007860643196004996,-0.4740519287109375,-0.258573779296875
27.45878553390503,-0.005995405827461438,-0.5147533569335937,-0.239420166015625
27.478943347930908,-0.003464012255866608,-0.4860229370117187,-0.28490999755859375
27.498836755752563,-0.006261868308681946,-0.5099649536132812,-0.22744915771484372
27.518826246261597,-0.0039969372183076245,-0.5315127685546874,-0.24899697265624998
27.538745164871216,-0.0030643185340358454,-0.5123591552734374,-0.22505495605468748
27.558780193328857,-0.005462480865020421,-0.5219359619140624,-0.2346317626953125
27.578975200653076,-0.004663093421358896,-0.49799394531249996,-0.24899697265624998
27.598685264587402,-0.004529862180748642,-0.5147533569335937,-0.277727392578125
27.618869066238403,-0.0006661562030512709,-0.3327940307617187,-0.239420166015625
27.638749599456787,-0.004929555902579405,-0.5123591552734374,-0.22026655273437498
27.658750534057617,-0.004529862180748642,-0.488417138671875,-0.23702596435546874
27.678632736206055,-0.005595712105630674,-0.46686932373046874,-0.24899697265624998
27.698628187179565,-0.005329249624410167,-0.4860229370117187,-0.21068974609375
27.718924045562744,-0.0095926493239383,-0.5195417602539062,-0.22744915771484372
27.738645792007446,-0.007061255752343471,-0.4860229370117187,-0.181959326171875
27.758850574493408,-0.004396630940138387,-0.5099649536132812,-0.2059013427734375
27.778981924057007,-0.008793261880276773,-0.4572925170898437,-0.2609679809570312
27.798735857009888,-0.007194486992953725,-0.5410895751953124,-0.2561795776367187
27.81898522377014,-0.0029310872934255917,-0.5291185668945312,-0.26815058593749996
27.838684558868408,-0.0035972434964768626,-0.5123591552734374,-0.25139117431640623
27.85884189605713,-0.005462480865020421,-0.5099649536132812,-0.22744915771484372
27.878699779510498,-0.005196018383799912,-0.5386953735351562,-0.2346317626953125
27.898721933364868,-0.008127105677225504,-0.5386953735351562,-0.2442085693359375
27.918954372406006,-0.005196018383799912,-0.5003881469726562,-0.22505495605468748
27.938955783843994,-0.006528330789902454,-0.4955997436523437,-0.25139117431640623
27.958663940429688,-0.007194486992953725,-0.49320554199218747,-0.24660277099609373
27.978984355926514,-0.0031975497746461,-0.48123453369140623,-0.2609679809570312
27.99942946434021,-0.006528330789902454,-0.49799394531249996,-0.2609679809570312
28.018908977508545,-0.009192955602107537,-0.5195417602539062,-0.21787235107421873
28.038703203201294,-0.005062787143189658,-0.4955997436523437,-0.21068974609375
28.05856442451477,-0.007727411955394742,-0.4644751220703125,-0.21068974609375
28.078893899917603,-0.0033307810152563544,-0.4740519287109375,-0.2609679809570312
28.098562002182007,-0.006661562030512709,-0.45968671875,-0.239420166015625
28.119053602218628,-0.0035972434964768626,-0.488417138671875,-0.2442085693359375
28.138829708099365,-0.007061255752343471,-0.5267243652343749,-0.22266075439453123
28.15885066986084,-0.0074609494741742334,-0.46208092041015625,-0.277727392578125
28.178716897964478,-0.006261868308681946,-0.46686932373046874,-0.22505495605468748
28.198827266693115,-0.005462480865020421,-0.48123453369140623,-0.23702596435546874
28.219210147857666,-0.0014655436467127959,-0.46686932373046874,-0.239420166015625
28.238734483718872,-0.004929555902579405,-0.49320554199218747,-0.24899697265624998
28.258679151535034,-0.008260336917835759,-0.4908113403320312,-0.26336218261718747
28.27873158454895,-0.008393568158446012,-0.5027823486328125,-0.239420166015625
28.298901081085205,-0.0039969372183076245,-0.5195417602539062,-0.21787235107421873
28.31993794441223,-0.006928024511733216,-0.4908113403320312,-0.21787235107421873
28.33867645263672,-0.0005329249624410166,-0.4836287353515625,-0.229843359375
28.3586163520813,0.002398162330984575,-0.51714755859375,-0.2657563842773437
28.37880253791809,0.03357427263378405,-0.3184288208007812,-0.5051765502929687
28.399545669555664,0.05649004601874777,-0.4908113403320312,-0.5530605834960938
28.41900086402893,0.08513476274995241,-0.44053310546874996,-0.5434837768554687
28.43866205215454,0.12310566632387485,0.0,-0.43574470214843747
28.458672761917114,0.16054364493535628,-0.22026655273437498,-0.5817910034179687
28.478658437728882,0.1979816235468377,-0.7158662963867187,-0.5793968017578125
28.49867606163025,0.264730475092575,-0.5386953735351562,-1.0007762939453124
28.519025802612305,0.34613476310544034,-0.967257470703125,-1.1707646118164061
28.538565397262573,0.41221745844812635,-0.9265560424804687,-0.6847416748046875
28.558743953704834,0.4539188367591359,-0.9840168823242187,-0.05746083984375
28.57856321334839,0.48283001597156106,-0.7685387329101562,-0.5410895751953124
28.59874176979065,0.5033476270255403,-0.6105214233398437,-0.19632453613281248
28.618831634521484,0.5176033697708374,-0.4644751220703125,-0.47644613037109373
28.6388418674469,0.5795558966546056,-0.2920926025390625,-0.8738836059570312
28.658663034439087,0.5703629410524981,-0.24181436767578124,-0.584185205078125
28.678683519363403,0.6160612565818152,-0.12449848632812499,-0.39264907226562495
28.69899296760559,0.6540321601557377,-0.023942016601562498,-0.16041151123046873
28.719154834747314,0.6797457895935167,-0.32082302246093747,-0.7278373046875
28.73872399330139,0.6932021448951524,-0.679953271484375,-1.0031704956054688
28.758719205856323,0.7122542123024187,-0.47644613037109373,-0.8451531860351562
28.77866530418396,0.7586186840347873,-0.4955997436523437,-0.679953271484375
28.79871439933777,0.8152419612941452,-0.5889736083984375,-0.1771709228515625
28.81963801383972,0.8769280256966928,-0.469263525390625,-0.22026655273437498
28.838858127593994,0.8973124055100618,-0.9959878906249999,-0.9720458740234375
28.858892679214478,0.9180964790452615,-0.41419688720703124,-0.4165910888671875
28.879589080810547,0.9593981636344403,-0.07900865478515624,-0.19393033447265623
28.898909330368042,1.011225116231829,0.11731588134765625,-0.16759411621093748
28.91889977455139,1.042534457775239,-0.2753331909179687,-0.8212111694335937
28.93909764289856,1.0322756522482492,-0.30406361083984373,-0.488417138671875
28.958823919296265,1.0220168467212598,-0.1197100830078125,0.05746083984375
28.979268074035645,1.0136232785628136,-0.2154781494140625,-0.1867477294921875
28.999464988708496,1.0018989293891114,-0.49320554199218747,-0.031124621582031248
29.018974781036377,0.9847120993503885,-0.4165910888671875,-0.0383072265625
29.039002418518066,0.9792496184853681,-0.36391865234375,-0.19153613281249998
29.05862045288086,0.977650843598045,-0.4955997436523437,-0.33518823242187495
29.07845449447632,0.9631286383715274,-0.47165772705078124,-0.17477672119140625
29.098841667175293,0.9877764178844244,-0.4381389038085937,0.21308394775390624
29.11918616294861,0.9572664637846761,-0.2609679809570312,-0.2537853759765625
29.13882613182068,0.9669923443492248,-0.15562310791015624,-0.3184288208007812
29.15865969657898,0.9688575817177683,-0.201112939453125,-0.22266075439453123
29.178714990615845,0.9936385924712755,-0.3184288208007812,-0.5722141967773438
29.198647022247314,1.0086937226602344,-0.26815058593749996,-0.06943184814453125
29.219263553619385,1.0080275664571832,-0.5219359619140624,-0.296881005859375
29.239012241363525,1.0004333857423986,-0.4740519287109375,-0.296881005859375
29.25902771949768,1.0000336920205677,-0.15322890625,-0.11013327636718749
29.279024124145508,0.9836462494255065,-0.3591302490234375,0.0718260498046875
29.299286365509033,0.9811148558539117,-0.48123453369140623,-0.4333505004882812
29.31926131248474,0.975519143748281,-0.2753331909179687,-0.20829554443359374
29.33853816986084,0.9883093428468653,-0.181959326171875,-0.22266075439453123
29.358572483062744,0.9913736613809012,-0.4333505004882812,-0.239420166015625
29.378401517868042,1.022683002924311,-0.47884033203125,-0.12689268798828124
29.399374961853027,0.9775176123574348,-0.2346317626953125,0.14125789794921875
29.418858528137207,0.9536692202881992,-0.2561795776367187,-0.38786066894531246
29.43879461288452,0.9046401237436257,-0.15083470458984374,0.44053310546874996
29.4583899974823,0.8137764176474324,0.3758896606445312,0.7972691528320313
29.478281021118164,0.7484931097484079,0.1388636962890625,0.181959326171875
29.49827241897583,0.7003966318881061,0.4908113403320312,0.0047884033203125
29.51840877532959,0.654165391396348,0.16280571289062498,0.39264907226562495
29.53886103630066,0.6027381325207898,0.13646949462890623,0.047884033203124995
29.558368921279907,0.5759586531581288,-0.04548983154296875,0.3327940307617187
29.578266620635986,0.5386539057872576,-0.06703764648437499,-0.00718260498046875
29.598482847213745,0.5004165397321146,-0.32082302246093747,0.16041151123046873
29.61907196044922,0.4731041354070125,-0.4955997436523437,0.08140285644531249
29.63890767097473,0.46137978623331016,-0.44053310546874996,-0.11252747802734374
29.65848994255066,0.41874578923802885,-0.2609679809570312,-0.05027823486328125
29.678282260894775,0.37664471720518855,-0.277727392578125,0.07900865478515624
29.698479890823364,0.3483996941958146,-0.16041151123046873,0.07422025146484375
29.71866774559021,0.3301470142322098,0.143652099609375,0.0047884033203125
29.73852014541626,0.2964395103578155,0.181959326171875,-0.0383072265625
29.75858473777771,0.24288055163249336,-0.229843359375,0.21787235107421873
29.778154134750366,0.20864012279565802,0.05027823486328125,0.6344634399414062
29.79831075668335,0.16760490068769973,0.14604630126953125,0.040701428222656245
29.81875514984131,0.11750995421824417,-0.5482721801757812,-0.13168109130859373
29.838786602020264,0.08180398173469605,-0.21308394775390624,0.35673604736328124
29.858476638793945,0.04783001537908124,-0.4165910888671875,-0.14604630126953125
29.87832236289978,0.020917304775809907,-0.0430956298828125,0.201112939453125
29.898175954818726,-0.006261868308681946,-0.5746083984375,-0.02633621826171875
29.91834807395935,-0.010924961730040842,-0.2920926025390625,-0.258573779296875
29.93851327896118,-0.016787136316892024,-0.29448680419921874,-0.040701428222656245
29.958484411239624,-0.02691271060327134,-0.2825157958984375,-0.7757213378906249
29.978400230407715,-0.009326186842717792,-0.4381389038085937,-0.354341845703125
29.999006271362305,0.028245023009373885,-0.9050082275390624,-0.6823474731445313
30.018345594406128,0.03903675349880447,-0.5506663818359374,-0.21787235107421873
30.038386821746826,0.0720781011701475,-1.1563994018554686,-0.6200982299804687
30.058592796325684,0.1758652376055355,-1.5777788940429687,-1.2641384765625
30.07847023010254,0.26366462516769296,-1.209071838378906,-0.7637503295898437
30.098193645477295,0.3322787140819739,-1.6328455322265625,-1.0630255371093749
30.118865489959717,0.4090199086734803,-1.0223241088867188,-0.7589619262695312
30.13862943649292,0.4048897402145624,-0.7445967163085937,-0.6871358764648438
30.158459186553955,0.44339356875092584,-0.7876923461914062,-0.2059013427734375
30.17834496498108,0.46137978623331016,-0.13407529296874998,-0.28969840087890625
30.198309659957886,0.43233537578027476,-0.2059013427734375,0.12449848632812499
30.218686819076538,0.3432036758120147,0.3112462158203125,0.143652099609375
30.238571405410767,0.24061562054211902,0.4165910888671875,0.5315127685546874
30.258241653442383,0.1650735071161049,1.024718310546875,0.7805097412109374
30.278223514556885,0.1209739664741108,0.584185205078125,0.7110778930664062
30.29821014404297,0.054491577409593955,0.38786066894531246,0.5602431884765625
30.318782329559326,-0.03357427263378405,-0.26336218261718747,0.1867477294921875
30.338782787322998,-0.09352833090839843,-0.26815058593749996,0.12210428466796874
30.358346939086914,-0.11577794809031088,-0.40462008056640625,0.1292868896484375
30.378418684005737,-0.11657733553397238,-0.9624690673828125,-0.55545478515625
30.39840054512024,-0.07567534466662437,-0.33518823242187495,-0.6464344482421874
30.41944980621338,-0.023848392069235495,-0.5746083984375,-0.9600748657226562
30.438838720321655,0.01532159267017923,-0.181959326171875,-0.718260498046875
30.45829749107361,0.06608269534268607,-0.44532150878906246,-0.9121908325195311
30.47842836380005,0.10045635542013163,-0.16041151123046873,-0.1149216796875
30.49829125404358,0.09152986229924462,0.023942016601562498,-0.047884033203124995
30.518270254135132,0.06408422673353224,-0.3184288208007812,-0.07422025146484375
30.538429260253906,0.016520673835671518,-0.0718260498046875,0.2561795776367187
30.55845069885254,-0.026379785640830326,-0.009576806640625,0.0909796630859375
30.578536987304688,-0.06128637068071692,-0.7829039428710937,0.15322890625
30.59869647026062,-0.0814042880128653,-0.040701428222656245,0.07422025146484375
30.61912488937378,-0.05942113331217336,-0.7158662963867187,-0.8164227661132812
30.638445615768433,-0.0464977029729787,-0.3495534423828125,-0.2154781494140625
30.65823268890381,-0.011724349173702367,-0.6823474731445313,-0.7326257080078125
30.67870783805847,0.023182235866184224,-0.34715924072265625,-0.6607996582031249
30.698379278182983,0.04063552838612752,-0.5674257934570313,-0.34715924072265625
30.718379020690918,0.07620826962906538,-1.0007762939453124,-0.4836287353515625
30.738990306854248,0.11471209816542884,-0.5817910034179687,-0.45968671875
30.758363485336304,0.20557580426162217,-2.0733786376953125,-0.7589619262695312
30.778727054595947,0.3000367538542924,-1.5322890624999999,-1.1156979736328125
30.79890513420105,0.38037519194227565,-1.4341267944335936,-0.9983820922851562
30.818835020065308,0.4231424201781672,-0.03591302490234375,-0.7015010864257812
30.838502168655396,0.41901225171924933,-0.488417138671875,0.4477157104492187
30.858431577682495,0.4549846866840179,-1.4987702392578124,-0.181959326171875
30.87826681137085,0.45844869893988455,-0.11731588134765625,-0.17956512451171874
30.89841914176941,0.45365237427791544,-1.5107412475585937,-0.32082302246093747
30.918556928634644,0.4580490052180538,-0.2442085693359375,-0.3280056274414062
30.938316106796265,0.4605803987896487,-0.2154781494140625,-0.4572925170898437
30.958643436431885,0.5065451768001863,-0.7661445312499999,-0.6272808349609375
30.97881317138672,0.576091884398739,-0.19871873779296872,-0.5602431884765625
30.998583555221558,0.6403093423728815,-1.7717092285156248,-0.5793968017578125
31.018799304962158,0.6902710576017268,-0.4070142822265625,-0.8954314208984374
31.038511991500854,0.7393001541463005,-1.1276689819335937,-0.6560112548828124
31.05826497077942,0.7853981633974483,-0.7876923461914062,-0.3495534423828125
31.07871675491333,0.8277656979115091,-0.7852981445312499,-0.229843359375
31.098565816879272,0.8365589597917858,-1.3120225097656248,-0.2537853759765625
31.118680953979492,0.8480168464842678,0.11013327636718749,-0.229843359375
31.13882327079773,0.8500153150934215,-1.4173673828125,0.4165910888671875
31.158573865890503,0.8865206750206313,0.06464344482421874,-0.7445967163085937
31.178938388824463,0.9118346107365795,-1.1611878051757811,-0.5530605834960938
31.19893479347229,0.9759188374701118,-0.2561795776367187,-0.603338818359375
31.219056367874146,1.024814702774075,-0.5051765502929687,-0.4908113403320312
31.238569736480713,1.0436003077001208,-1.0869675537109373,-0.48123453369140623
31.258435010910034,1.0385375205569312,0.02154781494140625,0.3184288208007812
31.27833390235901,1.0177534470217315,-0.3902548706054687,0.105344873046875
31.29848313331604,1.0028315480733831,-0.24181436767578124,-0.3136404174804687
31.318857431411743,0.9502052080323327,0.033518823242187495,0.5674257934570313
31.338425397872925,0.8815911191180518,-0.296881005859375,0.354341845703125
31.35838222503662,0.7944578877589455,0.8164227661132812,-0.1292868896484375
31.37831711769104,0.7325053608751775,0.19393033447265623,0.5458779785156249
31.398353099822998,0.7163843807613366,0.6488286499023437,0.7541735229492187
31.418813943862915,0.6692205215853066,0.44053310546874996,1.0199299072265624
31.43897318840027,0.6012725888740771,-0.5051765502929687,0.09576806640624999
31.458757162094116,0.543583461689837,0.105344873046875,-0.13407529296874998
31.478593826293945,0.4973522211980788,-0.8762778076171874,0.44532150878906246
31.498342990875244,0.46724196082016134,0.3902548706054687,0.23223756103515625
31.518455743789673,0.45365237427791544,-0.9457096557617187,0.023942016601562498
31.538546562194824,0.4363323129985824,-0.8595183959960937,-0.41419688720703124
31.55828619003296,0.42287595769694675,-0.35673604736328124,0.21308394775390624
31.578293323516846,0.39609647833428563,-0.7900865478515624,-0.0718260498046875
31.598354816436768,0.37251454874627066,0.3591302490234375,-0.0383072265625
31.61862087249756,0.32428483964535865,-0.45010991210937495,-0.0430956298828125
31.63875412940979,0.28444869870289263,0.239420166015625,0.2442085693359375
31.65856957435608,0.22476110290949877,0.27293898925781246,0.5482721801757812
31.678619623184204,0.1724012253496689,-0.7876923461914062,0.7015010864257812
31.698265552520752,0.135762634181849,0.13168109130859373,-0.3399766357421875
31.718444347381592,0.09552679951755223,-0.8762778076171874,0.4285620971679687
31.73919153213501,0.06914701387672191,0.229843359375,0.46686932373046874
31.75938868522644,0.03384073511500456,-0.9744400756835937,-0.19632453613281248
31.77850341796875,0.0003996937218307625,-1.5346832641601562,-0.06943184814453125
31.79858374595642,-0.01345635530163567,0.13407529296874998,0.44532150878906246
31.8189799785614,-0.037837672333312186,-0.46208092041015625,-0.2825157958984375
31.838916301727295,-0.05662327725935802,0.2442085693359375,-0.3687070556640625
31.858585357666016,-0.07980551312554225,-0.4955997436523437,0.5506663818359374
31.87829899787903,-0.11204747335322376,-0.55545478515625,-0.5578489868164063
31.898430347442627,-0.11298009203749554,-0.7278373046875,0.6464344482421874
31.9183030128479,-0.12417151624875687,-1.4772224243164063,-0.9193734375
31.938364028930664,-0.10272128651050597,-0.48123453369140623,-0.2442085693359375
31.95833134651184,-0.18039509978628412,-1.898601916503906,-0.5961562133789062
31.97854781150818,-0.25007503862544705,-0.17238251953125,-0.5626373901367188
31.99907159805298,-0.34600153186483,-2.5234885498046875,0.32561142578124996
32.01869750022888,-0.432468607020885,-1.5634136840820312,0.36152445068359373
32.03881478309631,-0.479632466196915,-1.1611878051757811,0.26336218261718747
32.05816459655762,-0.504280245709812,-0.44532150878906246,0.6775590698242188
32.078296422958374,-0.5385206745466473,-0.9935936889648437,-1.0271125122070313
32.09879183769226,-0.5395865244715293,-1.47482822265625,-0.35194764404296874
32.11906409263611,-0.5355895872532218,0.239420166015625,-1.1755530151367186
32.13890242576599,-0.5315926500349141,-1.4053963745117186,-0.3447650390625
32.158753871917725,-0.5144058199961913,0.29448680419921874,0.02633621826171875
32.17840814590454,-0.4934885152203814,-1.0869675537109373,0.10295067138671875
32.19847130775452,-0.5125405826276478,-0.6177040283203125,-0.5698199951171875
32.21844172477722,-0.5595712105630676,-0.14604630126953125,-0.11252747802734374
32.238563776016235,-0.6431071984256967,-0.7254431030273437,0.5291185668945312
32.25869011878967,-0.7341041357625004,-0.14604630126953125,0.603338818359375
32.278499603271484,-0.8047166932859351,-0.8738836059570312,0.38786066894531246
32.29831290245056,-0.8845222064114774,-0.9504980590820312,0.2442085693359375
32.31833362579346,-0.9360826965276458,-0.8044517578125,-0.33518823242187495
32.33841037750244,-0.9773843811168246,-1.4700398193359374,-0.6272808349609375
32.35844326019287,-0.9837794806661168,-0.05027823486328125,-0.21787235107421873
32.37831950187683,-0.9664594193867837,-0.7852981445312499,-0.46686932373046874
32.398314237594604,-0.9620627884466453,-0.5219359619140624,-0.30406361083984373
32.41824388504028,-0.8910505372013799,-0.5722141967773438,-1.458068811035156
32.43857264518738,-0.7747396641486279,0.08379705810546874,-0.7110778930664062
32.45875430107117,-0.6744165399691066,0.8930372192382812,-0.7158662963867187
32.478989601135254,-0.6524333852684147,-0.02633621826171875,-0.9696516723632812
32.498499393463135,-0.6618928033517426,1.0438719238281249,-0.062249243164062495
32.51899456977844,-0.6560306287648915,0.45968671875,-0.16519991455078123
32.539257287979126,-0.6212572749656152,0.08858546142578125,-0.18435352783203124
32.55831003189087,-0.5623690666158828,-0.21308394775390624,-0.9265560424804687
32.57829689979553,-0.5065451768001863,-0.4740519287109375,-0.9026140258789062
32.5985472202301,-0.45511791792462825,-0.016759411621093748,-1.4963760375976562
32.619093894958496,-0.3987611031464907,-1.0486603271484374,-1.3742717529296875
32.63861536979675,-0.34959877536130696,0.4381389038085937,-0.47644613037109373
32.65834188461304,-0.2848483924247234,-0.19632453613281248,-0.40940848388671874
32.678319215774536,-0.2665957124611186,-1.0319009155273438,-0.9983820922851562
32.69830393791199,-0.24061562054211902,-0.24181436767578124,-0.7757213378906249
32.71844458580017,-0.2503415011066676,-1.8842367065429686,-0.3280056274414062
32.73835778236389,-0.2258269528343808,-0.28490999755859375,-0.6105214233398437
32.75838756561279,-0.20357733565246838,-1.3168109130859373,0.3184288208007812
32.77838492393494,-0.16094333865718705,-0.9840168823242187,-1.0127473022460938
32.798393964767456,-0.08326952538140886,-1.6998831787109374,-1.2856862915039062
32.81841731071472,-0.002398162330984575,-1.1037269653320312,-1.1516109985351561
32.83856248855591,0.044232771882604376,-0.699106884765625,-0.9983820922851562
32.85833263397217,0.053558958725322174,-1.0941501586914062,-0.1388636962890625
32.87828350067139,0.10098928038257265,-1.01514150390625,-0.8786720092773437
32.89823246002197,0.11897549786495697,-0.21308394775390624,-0.4070142822265625
32.91832661628723,0.1669387444846485,-0.16041151123046873,-0.28490999755859375
32.9383909702301,0.20384379813368886,-0.6464344482421874,-0.59376201171875
32.958399057388306,0.21556814730739124,-0.40940848388671874,-0.5434837768554687
32.97839426994324,0.224894334150109,-0.9504980590820312,-0.49799394531249996
32.99847722053528,0.24727718257263173,-0.7015010864257812,-0.17956512451171874
33.01862406730652,0.2917764169364566,-0.6847416748046875,-0.21308394775390624
33.03859496116638,0.3244180708859689,-0.9361328491210937,-0.4860229370117187
33.05855464935303,0.3336110264880764,-0.8690952026367187,-0.6823474731445313
33.078370332717896,0.38250689179203967,-1.5825672973632812,-0.9624690673828125
33.09834313392639,0.4607136300302589,-1.1348515869140625,-0.6344634399414062
33.11853003501892,0.5054793268753043,-0.5506663818359374,-0.45968671875
33.1384379863739,0.5458483927802112,-0.8810662109374999,-0.2537853759765625
33.15868043899536,0.577690659286062,-0.6200982299804687,-0.49320554199218747
33.17863726615906,0.599140889024313,-0.41419688720703124,-0.7876923461914062
33.19843292236328,0.6293843806428407,-0.3591302490234375,-0.6919242797851562
33.21845293045044,0.6629586532766247,-0.6584054565429687,-0.8188169677734375
33.23838520050049,0.6857411954209782,-0.45968671875,-0.22026655273437498
33.258453130722046,0.7218468616263571,-0.7230489013671875,-0.0718260498046875
33.27844524383545,0.759551302719059,-0.9002198242187499,-0.3950432739257812
33.298651456832886,0.8003200623457968,-1.0773907470703123,-0.30406361083984373
33.31856083869934,0.8346937224232424,-0.8379705810546875,-0.4908113403320312
33.338425636291504,0.8709326198692314,-0.737414111328125,-1.0438719238281249
33.35872006416321,0.9109019920523077,-0.7589619262695312,-0.8738836059570312
33.37847709655762,0.9540689140100301,-0.4955997436523437,-0.689530078125
33.39858055114746,0.9877764178844244,-0.19632453613281248,-0.41898529052734373
33.41842246055603,1.0317427272858082,0.033518823242187495,-0.5817910034179687
33.43839693069458,1.0237488528491931,0.12449848632812499,-0.6919242797851562
33.45832681655884,1.0645176124759308,0.040701428222656245,-0.19871873779296872
33.47853708267212,1.0671822372881359,-0.44053310546874996,-0.201112939453125
33.49910116195679,1.049995407249413,-0.47165772705078124,-0.41898529052734373
33.518878698349,1.0296110274360442,-0.46208092041015625,0.17956512451171874
33.53858041763306,1.0212174592775982,-0.3016694091796875,-0.12689268798828124
33.5584020614624,0.9992343045769063,-0.2346317626953125,-0.11013327636718749
33.57828903198242,0.9703231253644811,-0.28012159423828126,-0.14604630126953125
33.598472356796265,0.9125007669396308,0.37828386230468747,0.09576806640624999
33.618483543395996,0.8458851466345038,0.10295067138671875,0.12449848632812499
33.63853740692139,0.7953905064432174,0.15562310791015624,0.16998831787109375
33.65826225280762,0.7818009199009714,0.6560112548828124,0.49799394531249996
33.67839002609253,0.7698101082460486,0.5147533569335937,-0.12689268798828124
33.69858908653259,0.7508912720793924,0.39264907226562495,0.23702596435546874
33.71860647201538,0.6885390514737936,-0.22505495605468748,0.16519991455078123
33.738431215286255,0.6348468615078611,-0.143652099609375,0.1149216796875
33.758267879486084,0.5898147021815952,-0.3232172241210937,0.296881005859375
33.77846026420593,0.544649311614719,-0.0718260498046875,0.28969840087890625
33.798502683639526,0.4990842273260121,-0.277727392578125,0.3902548706054687
33.81905388832092,0.4616462487145307,-0.016759411621093748,0.1867477294921875
33.838377714157104,0.4535191430373052,-0.05746083984375,-0.3758896606445312
33.85842990875244,0.4231424201781672,0.076614453125,-0.06464344482421874
33.87833333015442,0.3947641659281831,-0.23223756103515625,-0.1388636962890625
33.89837288856506,0.37104900509955785,-0.1388636962890625,-0.00239420166015625
33.918949365615845,0.3437366007744557,0.076614453125,0.22026655273437498
33.93841600418091,0.3013690662603949,-0.023942016601562498,0.19393033447265623
33.958402156829834,0.25273966343765214,0.316034619140625,0.5123591552734374
33.9785270690918,0.19958039843416073,0.05746083984375,0.41898529052734373
33.99897527694702,0.14109188380625914,-0.1005564697265625,0.1771709228515625
34.01887631416321,0.09819142432975732,-0.29448680419921874,0.29927520751953124
34.03849697113037,0.07714088831333717,-0.29448680419921874,0.00718260498046875
34.058430194854736,0.06848085767367064,-0.2346317626953125,-0.14604630126953125
34.07847809791565,0.04023583466429676,-0.29927520751953124,-0.28012159423828126
34.09843945503235,0.012390505376753637,-0.3184288208007812,0.2609679809570312
34.1186957359314,-0.0018652373685435584,-0.1292868896484375,0.38786066894531246
34.138712882995605,-0.013189892820415163,-0.3327940307617187,-0.40222587890625
34.15852332115173,-0.037304747370871166,-0.1580173095703125,-0.5817910034179687
34.17822289466858,-0.044099540641994124,0.0909796630859375,-0.45010991210937495
34.198511600494385,-0.026113323159609816,0.34237083740234375,-0.2154781494140625
34.21886873245239,-0.016254211354451008,0.09816226806640624,-0.6081272216796875
34.23848366737366,0.004663093421358896,-0.06464344482421874,-0.09576806640624999
34.25878405570984,0.0305099540997482,0.076614453125,-0.033518823242187495
34.27844834327698,0.01438897398590745,-0.13646949462890623,-0.229843359375
34.29858040809631,0.012523736617363892,-0.5243301635742187,0.11252747802734374
34.31873536109924,0.011191424211261349,-0.6703764648437499,-0.20350714111328125
34.33858036994934,-0.010125574286379316,-0.35673604736328124,-0.11731588134765625
34.35842537879944,-0.019318529888486854,-0.33758243408203126,-0.488417138671875
34.37842535972595,-0.05222664631921963,-0.6967126831054687,0.0143652099609375
34.39853239059448,-0.07807350699760894,-0.6464344482421874,0.08140285644531249
34.41875958442688,-0.07727411955394742,-0.3184288208007812,-0.19632453613281248
34.43845582008362,-0.10432006139782901,-1.0007762939453124,-0.296881005859375
34.45832347869873,-0.14788667707738212,-0.9983820922851562,0.29927520751953124
34.47872710227966,-0.22289586554095522,-1.235408056640625,0.6512228515624999
34.498300313949585,-0.3076309345690769,-1.0103531005859374,0.5123591552734374
34.51907801628113,-0.37358039867115267,-1.3838485595703125,0.6607996582031249
34.53849220275879,-0.43966309401383874,-1.8363526733398436,-0.6823474731445313
34.55868649482727,-0.4788330787532535,-0.49799394531249996,0.3687070556640625
34.5783257484436,-0.4897580404832943,-0.3280056274414062,-0.0430956298828125
34.59842491149902,-0.5172036760490066,-1.0606313354492187,-0.7637503295898437
34.618759870529175,-0.5184027572144989,-0.507570751953125,-0.4070142822265625
34.63893938064575,-0.5306600313506423,-0.6560112548828124,-0.16041151123046873
34.65865087509155,-0.5589050543600161,-0.3854664672851562,-0.1388636962890625
34.67855644226074,-0.5778238905266723,-0.277727392578125,-0.12449848632812499
34.69839406013489,-0.614329250453882,-0.603338818359375,-0.229843359375
34.71863555908203,-0.6538989289151275,-0.5434837768554687,-0.055066638183593745
34.73862886428833,-0.6738836150066655,-0.8762778076171874,-0.16519991455078123
34.75858211517334,-0.7022618692566497,-0.7996633544921875,0.2920926025390625
34.77852201461792,-0.7334379795594491,-0.74699091796875,-0.11252747802734374
34.798548460006714,-0.7972557438117609,-1.3407529296874998,-0.06703764648437499
34.81847357749939,-0.8719984697941136,-0.8403647827148437,0.9145850341796874
34.83835315704346,-0.9179632478046512,-0.6272808349609375,0.13168109130859373
34.85844922065735,-0.9609969385217634,-0.9840168823242187,-0.181959326171875
34.87847709655762,-0.992839205027614,-0.22505495605468748,-0.05985504150390625
34.8987295627594,-1.015888209653188,-0.5458779785156249,-0.35673604736328124
34.91860032081604,-1.0441332326625619,-0.9074024291992187,-0.2920926025390625
34.93867206573486,-1.0465313949935464,-0.0909796630859375,0.076614453125
34.95842146873474,-1.0441332326625619,-0.7158662963867187,-0.1867477294921875
34.97849655151367,-1.0336079646543517,-0.51714755859375,-1.0007762939453124
34.99928522109985,-1.0302771836390954,-0.5339069702148437,-0.5219359619140624
35.01877427101135,-1.028545177511162,-0.469263525390625,-0.201112939453125
35.038567543029785,-1.0309433398421468,-0.74699091796875,-0.6057330200195312
35.05839395523071,-1.0066952540510805,-0.3495534423828125,-0.6105214233398437
35.07836985588074,-0.9617963259654247,-0.469263525390625,-0.5195417602539062
35.09842324256897,-0.9402128649865636,-0.5506663818359374,-0.7206546997070312
35.11868906021118,-0.9111684545335282,0.2346317626953125,-0.40462008056640625
35.13844347000122,-0.8590750394549188,0.4261678955078125,-0.7876923461914062
35.15861892700195,-0.7985880562178636,0.46686932373046874,-0.5913678100585937
35.178383111953735,-0.7822006136228021,0.7350199096679687,-0.45010991210937495
35.19843125343323,-0.7927258816310122,0.7422025146484375,-0.7015010864257812
35.21905970573425,-0.7712756518927614,0.48123453369140623,-0.5913678100585937
35.23882341384888,-0.7329050545970082,0.5339069702148437,-0.74699091796875
35.25856399536133,-0.6709525277132399,0.25139117431640623,-0.7757213378906249
35.2788245677948,-0.593944870640513,-0.07900865478515624,-1.209071838378906
35.298956871032715,-0.535189893531391,-0.5578489868164063,-1.3192051147460937
35.31871676445007,-0.46977335439175616,0.12210428466796874,-0.9552864624023437
35.33878445625305,-0.4002266467932035,-0.25139117431640623,-0.33758243408203126
35.35849118232727,-0.3617228182568401,-0.08379705810546874,-0.6967126831054687
35.37828993797302,-0.3458683006242198,-0.2059013427734375,-0.689530078125
35.39853286743164,-0.3230857584798663,0.2442085693359375,-0.38786066894531246
35.41847229003906,-0.3177565088554562,0.086191259765625,-0.1771709228515625
35.438416719436646,-0.3078973970502974,0.2705447875976562,-0.5913678100585937
35.458478927612305,-0.27658805550688764,0.1197100830078125,-0.7637503295898437
35.47806477546692,-0.23848392069235497,-0.0047884033203125,-0.373495458984375
35.49872899055481,-0.2153016848261707,-0.0383072265625,-0.7302315063476562
35.51938796043396,-0.17080245046234582,-0.3495534423828125,-1.0438719238281249
35.54010534286499,-0.11044869846590069,-0.05027823486328125,-0.55545478515625
35.55906319618225,-0.06941347635794241,0.023942016601562498,-0.6296750366210937
35.57889699935913,-0.026513016881440577,-0.22505495605468748,-0.8667010009765624
35.598933696746826,0.027978560528153375,0.01915361328125,-0.46208092041015625
35.619609355926514,0.04543185304809667,-0.13407529296874998,-0.33758243408203126
35.63884687423706,0.04543185304809667,-0.23223756103515625,-0.5530605834960938
35.6587016582489,0.0383705972957532,-0.3806780639648437,0.1484405029296875
35.67893028259277,0.009326186842717792,0.033518823242187495,-0.08858546142578125
35.69873857498169,-0.014788667707738212,-0.39264907226562495,0.7158662963867187
35.71907925605774,-0.03743797861148142,0.0143652099609375,-0.32082302246093747
35.7392373085022,-0.0747427259823526,-0.28969840087890625,-0.2753331909179687
35.75909113883972,-0.059287902071563106,0.1005564697265625,-0.3495534423828125
35.778966426849365,-0.05156049011616837,-0.19632453613281248,-0.8164227661132812
35.799861669540405,-0.031975497746460996,-0.16759411621093748,-0.5434837768554687
35.82020568847656,0.0010658499248820332,-0.201112939453125,-0.4836287353515625
35.83891201019287,0.006794793271122962,-0.16998831787109375,-0.16519991455078123
35.85879111289978,0.021583460978861175,-0.5386953735351562,-0.6344634399414062
35.87869143486023,0.021849923460081685,-0.737414111328125,-0.258573779296875
35.89876747131348,0.02571362943777905,-0.09337386474609374,0.181959326171875
35.91930389404297,0.017586523760553547,-1.209071838378906,-0.5315127685546874
35.938679456710815,0.0464977029729787,-1.1875240234375,-0.06464344482421874
35.9587824344635,0.14162480876870018,-1.1013327636718748,-1.6328455322265625
35.9790198802948,0.22969065881207817,-1.158793603515625,-0.9959878906249999
35.99954056739807,0.3194885149833895,-1.7094599853515624,-2.0542250244140625
36.019389629364014,0.39543032213123436,-1.5825672973632812,-0.74699091796875
36.03873920440674,0.4543185304809667,-0.7230489013671875,-0.1771709228515625
36.05891966819763,0.46604287965466906,0.29927520751953124,-0.0383072265625
36.07866454124451,0.48749310939292,-0.6871358764648438,0.36631285400390623
36.09865093231201,0.5001500772508941,-0.8068459594726562,-0.5051765502929687
36.119356870651245,0.5036140895067608,-0.17238251953125,-0.70868369140625
36.13917398452759,0.5058790205971351,-0.8738836059570312,-0.21787235107421873
36.15880560874939,0.47803369130959195,0.009576806640625,-0.4381389038085937
36.17860269546509,0.5421179180431241,-1.1252747802734375,-0.00239420166015625
36.19905924797058,0.6109984694386256,-0.7493851196289062,-0.6775590698242188
36.219465017318726,0.6516339978247531,-0.82360537109375,-0.16759411621093748
36.23872447013855,0.7245114864385621,-1.93451494140625,-0.8499415893554687
36.25870895385742,0.7879295569690431,-0.5674257934570313,-0.9576806640625
36.2786979675293,0.8590750394549188,-1.8363526733398436,-0.28730419921875
36.29904365539551,0.8770612569373032,0.08379705810546874,-0.2059013427734375
36.31908130645752,0.87013323242557,-1.158793603515625,-0.34715924072265625
36.33898425102234,0.8537457898305086,-0.5722141967773438,-0.16280571289062498
36.35875105857849,0.8521470149431856,-0.5147533569335937,0.5051765502929687
36.37859797477722,0.8662695264478726,-1.0127473022460938,-0.143652099609375
36.39870834350586,0.9191623289701435,-0.02633621826171875,-0.8451531860351562
36.418766498565674,0.9741868313421784,-0.8738836059570312,-0.3950432739257812
36.43859815597534,1.0136232785628136,-0.28490999755859375,-1.209071838378906
36.458903789520264,1.0449326201062235,-0.8116343627929687,0.00239420166015625
36.47861981391907,1.0232159278867519,-0.8571241943359375,-0.7685387329101562
36.498615026474,1.055724350595654,-0.3758896606445312,0.5626373901367188
36.51879000663757,1.031609496045198,-1.350329736328125,0.07422025146484375
36.538633823394775,1.0054961728855882,-0.09576806640624999,-0.11731588134765625
36.55920934677124,0.9583323137095582,-0.852335791015625,0.1771709228515625
36.57884979248047,0.9216937225417383,-0.2537853759765625,0.49320554199218747
36.59864544868469,0.9109019920523077,-0.36391865234375,-0.3280056274414062
36.6188178062439,0.8894517623140569,-0.21068974609375,0.3280056274414062
36.638625383377075,0.8726646259971648,-0.00718260498046875,0.0718260498046875
36.658875703811646,0.8314961726485962,0.36152445068359373,-0.07422025146484375
36.678741216659546,0.7619494650500436,0.7565677246093749,0.24660277099609373
36.6986517906189,0.7114548248587573,0.5315127685546874,0.28730419921875
36.71881461143494,0.678813170909245,0.5746083984375,0.02154781494140625
36.73862838745117,0.6544318538775684,0.13646949462890623,0.7709329345703124
36.75871729850769,0.5980750390994309,-0.143652099609375,0.63206923828125
36.77911710739136,0.517869832252058,-0.411802685546875,0.3232172241210937
36.798882722854614,0.4627120986394127,-1.22583125,-0.21787235107421873
36.81900906562805,0.44752373720984373,-0.39264907226562495,-0.1197100830078125
36.83920645713806,0.43073660089295174,-0.6967126831054687,0.0526724365234375
36.858755111694336,0.42940428848684914,-0.36631285400390623,0.16280571289062498
36.87895321846008,0.42114395156901346,-0.28490999755859375,0.12210428466796874
36.89888310432434,0.38237366055142946,-0.39983167724609375,0.2442085693359375
36.91863679885864,0.3346768764129585,0.143652099609375,-0.0430956298828125
36.93864297866821,0.28618070483082597,0.016759411621093748,0.45968671875
36.95861101150513,0.24727718257263173,-0.2609679809570312,0.5913678100585937
36.97893929481506,0.2090398165174888,-0.21308394775390624,0.3232172241210937
36.99912428855896,0.15428177662667433,-0.4740519287109375,-0.4261678955078125
37.01906108856201,0.12896784091072602,-0.6272808349609375,0.3950432739257812
37.03865909576416,0.11711026049641342,-0.6200982299804687,-0.17238251953125
37.05887150764465,0.08646707515605495,-0.9744400756835937,-0.12449848632812499
37.078596115112305,0.06488361417719378,-0.5315127685546874,-0.5458779785156249
37.098610639572144,0.06728177650817835,-0.5482721801757812,0.38786066894531246
37.11862587928772,-0.01438897398590745,-0.689530078125,0.5434837768554687
37.13857984542847,-0.041301684589178794,-0.181959326171875,0.24181436767578124
37.1586537361145,-0.06328483928987072,-0.4381389038085937,0.3136404174804687
37.179314851760864,-0.06994640132038345,-0.46686932373046874,-0.689530078125
37.19880700111389,-0.05675650849996827,-0.17238251953125,-0.9193734375
37.21912908554077,-0.036238897445989134,-0.09576806640624999,-0.229843359375
37.23897075653076,0.004130168458917879,0.08858546142578125,-0.8283937744140625
37.2588677406311,0.027578866806322613,-0.5051765502929687,-0.5674257934570313
37.27856254577637,0.036505359927209644,-0.3854664672851562,0.26815058593749996
37.298909425735474,0.028111791768763626,-0.5410895751953124,-0.3016694091796875
37.31877946853638,0.010258805526989571,-1.3407529296874998,0.11013327636718749
37.33902359008789,-0.002398162330984575,-0.1292868896484375,-0.13407529296874998
37.358869552612305,-0.022915773384963714,-1.5394716674804687,0.40462008056640625
37.378803730010986,-0.023315467106794475,0.15322890625,-0.13646949462890623
37.39896297454834,-0.03956967846124549,-1.1875240234375,-0.22266075439453123
37.41887640953064,-0.06301837680865022,0.38307226562499996,-0.507570751953125
37.43862223625183,-0.11444563568420833,-1.5490484741210937,0.9097966308593749
37.45869255065918,-0.21610107226983225,-1.0462661254882812,-0.3399766357421875
37.47880220413208,-0.33534303261600973,-2.482787121582031,0.44532150878906246
37.498509883880615,-0.41408269581666995,-1.22583125,1.0869675537109373
37.51885533332825,-0.45978101134598715,-1.3646949462890625,0.74699091796875
37.53878474235535,-0.4696401231511459,-1.3910311645507811,-1.4915876342773438
37.558842182159424,-0.4798989286781355,-0.679953271484375,-0.5386953735351562
37.57889437675476,-0.4846952533401046,-0.00239420166015625,-0.16280571289062498
37.5987753868103,-0.48123124108423804,-1.0319009155273438,0.031124621582031248
37.61866068840027,-0.46404441104551525,-0.42377369384765623,-0.18914193115234373
37.63861346244812,-0.4513874431875411,-1.47482822265625,-0.8116343627929687
37.658546924591064,-0.4537856055185257,-0.41419688720703124,-0.04548983154296875
37.67857313156128,-0.4668422670983306,-1.1133037719726562,-0.7350199096679687
37.69854211807251,-0.5255972442074527,-0.9983820922851562,0.3902548706054687
37.71864676475525,-0.5830199089104722,-1.0749965454101562,0.7900865478515624
37.73861050605774,-0.6624257283141838,-1.5825672973632812,0.8714894042968749
37.75852394104004,-0.731839204672126,-0.603338818359375,0.6248866333007812
37.778544187545776,-0.8220367545652681,-1.7094599853515624,0.4860229370117187
37.79858732223511,-0.8929157745699234,-0.2059013427734375,-0.36631285400390623
37.819584608078,-0.9346171528809329,-1.3838485595703125,-0.7302315063476562
37.8385956287384,-0.944609495926702,0.45489831542968745,0.11252747802734374
37.858516693115234,-0.9388805525804611,-0.9888052856445312,-0.4740519287109375
37.87852215766907,-0.9388805525804611,-0.16519991455078123,0.18435352783203124
37.89853835105896,-0.9504716705135533,-0.9600748657226562,-0.9888052856445312
37.91870141029358,-0.9825803995006245,-0.4213794921875,0.6607996582031249
37.938700437545776,-0.9872434929219834,-0.928950244140625,-0.4285620971679687
37.95895504951477,-0.9993675358175166,-0.833182177734375,0.19632453613281248
37.978721380233765,-0.9800490059290297,-0.00718260498046875,-0.6057330200195312
37.99872899055481,-0.9977687609301935,-0.8020575561523438,-0.41419688720703124
38.018755197525024,-0.9908407364184603,0.16041151123046873,-0.6512228515624999
38.03886008262634,-0.969257275439599,-0.5530605834960938,-0.258573779296875
38.05904507637024,-0.9073047485558309,0.3064578125,-0.9026140258789062
38.07916855812073,-0.8211041358809964,-0.3687070556640625,-0.42377369384765623
38.09869599342346,-0.7696768770054383,0.8738836059570312,-0.7158662963867187
38.11878848075867,-0.7271761112507673,-0.8116343627929687,-1.8818425048828125
38.13875865936279,-0.6754823898939886,0.6009446166992187,-0.612915625
38.15879940986633,-0.6195252688376819,-0.4644751220703125,-1.37906015625
38.17860221862793,-0.5610367542097803,0.1149216796875,0.1484405029296875
38.198819637298584,-0.49615314003258654,0.32561142578124996,-0.9648632690429687
38.21870493888855,-0.4737702916100638,-0.852335791015625,-0.5458779785156249
38.23893618583679,-0.43899693781078747,0.32082302246093747,-0.7829039428710937
38.25892901420593,-0.42514088878732104,-1.0534487304687499,0.29448680419921874
38.27888035774231,-0.38250689179203967,0.28490999755859375,-1.199495031738281
38.29939794540405,-0.36731853036247075,-0.9959878906249999,-0.1771709228515625
38.318549394607544,-0.34693415054910187,0.3016694091796875,-0.33518823242187495
38.33867621421814,-0.3244180708859689,-1.0079588989257813,-0.7493851196289062
38.35862851142883,-0.27339050573224155,0.3711012573242187,-0.8499415893554687
38.378729820251465,-0.2250275653907193,-0.689530078125,-1.1947066284179686
38.39860486984253,-0.18865543670411988,-0.04548983154296875,-0.1292868896484375
38.41859459877014,-0.14468912730273603,-0.2537853759765625,-0.7350199096679687
38.43858981132507,-0.11018223598468019,-0.33039982910156246,-0.3950432739257812
38.45866370201111,-0.07740735079455767,0.22026655273437498,-0.7445967163085937
38.478609800338745,-0.049562021507014546,-0.6967126831054687,-0.13168109130859373
38.49873757362366,-0.008926493120887028,-0.373495458984375,-0.0430956298828125
38.518632650375366,0.014522205226517705,-0.5913678100585937,-0.3184288208007812
38.53859233856201,0.025047473234727783,0.08858546142578125,-0.35194764404296874
38.558815002441406,0.02118376725703041,-0.40462008056640625,-0.047884033203124995
38.57872295379639,0.0031975497746461,0.22505495605468748,-0.38786066894531246
38.598947525024414,-0.005595712105630674,-0.19393033447265623,0.47884033203125
38.619149923324585,-0.020251148572758632,-0.0909796630859375,-0.023942016601562498
38.63854742050171,-0.041834609551619814,-0.6081272216796875,-0.24181436767578124
38.65890860557556,-0.04343338443894285,-0.023942016601562498,0.21308394775390624
38.67883491516113,-0.0511607963943376,-1.0031704956054688,-0.16280571289062498
38.69917678833008,-0.01732006127933304,0.055066638183593745,0.239420166015625
38.71869730949402,-0.016387442595061263,-0.6943184814453125,-0.9026140258789062
38.73883676528931,-0.003464012255866608,0.45489831542968745,-0.7206546997070312
38.758670806884766,0.006128637068071691,-0.2561795776367187,0.30406361083984373
38.7786169052124,0.01532159267017923,0.00718260498046875,-0.076614453125
38.799521923065186,0.00479632466196915,-0.33039982910156246,0.12689268798828124
38.818912982940674,-0.0058621745868511835,-0.6440402465820312,-0.25139117431640623
38.83871245384216,-0.021716692219471426,-0.12689268798828124,0.3711012573242187
38.85872840881348,-0.021849923460081685,0.2825157958984375,0.076614453125
38.87871336936951,-0.036771822408430146,-0.39983167724609375,-0.040701428222656245
38.899532318115234,-0.03797090357392244,0.0,0.29927520751953124
38.91904020309448,-0.04210107203284032,-0.11013327636718749,-1.1180921752929687
38.93885588645935,-0.06768147023000912,-0.6416460449218749,-0.09816226806640624
38.95872259140015,-0.02424808579106626,0.6536170532226562,0.21308394775390624
38.97870755195618,-0.0033307810152563544,-1.1228805786132812,-0.4740519287109375
38.99947142601013,0.01692036755750228,-1.2497732666015624,-1.3263877197265623
39.01876354217529,0.02531393571594829,0.23702596435546874,-0.14604630126953125
39.03891682624817,0.04250076575467108,-1.5514426757812498,0.023942016601562498
39.058804988861084,0.10898315481918791,-1.438915197753906,-1.4149731811523436
39.07862091064453,0.21210413505152462,-1.5346832641601562,-1.2521674682617188
39.09893798828125,0.31495865280264085,-1.915361328125,-1.2330138549804688
39.11911749839783,0.41208422720751614,-0.26336218261718747,-1.43652099609375
39.13889956474304,0.43500000059247984,-1.66636435546875,1.1276689819335937
39.15882086753845,0.4517871369093719,1.5634136840820312,-0.0526724365234375
39.17875790596008,0.4537856055185257,-2.0733786376953125,0.30406361083984373
39.19873404502869,0.48176416604667904,-0.5889736083984375,1.235408056640625
39.21873641014099,0.4965528337544173,-0.12210428466796874,-1.1180921752929687
39.23869347572327,0.5194686071393809,-0.5003881469726562,-0.08379705810546874
39.25874733924866,0.5374548246217653,-0.4477157104492187,-1.1444283935546875
39.27851176261902,0.5886156210161029,-0.09576806640624999,-0.30406361083984373
39.29866981506348,0.6441730483505789,0.02154781494140625,0.5770026000976562
39.31892800331116,0.6689540591040861,-0.814028564453125,-1.2378022583007813
39.33877182006836,0.6753491586533784,-0.9026140258789062,-0.2753331909179687
39.35871362686157,0.6870735078270808,-0.6727706665039062,0.7685387329101562
39.37901210784912,0.6874732015489115,-0.5530605834960938,-0.699106884765625
39.398725271224976,0.7181163868892699,-0.5195417602539062,-0.5410895751953124
39.418708086013794,0.7732741205019151,-1.3263877197265623,0.0718260498046875
39.43870425224304,0.8341607974608013,-0.9504980590820312,-1.3096283081054687
39.45874381065369,0.9097029108868154,-1.2569558715820313,-1.3000515014648437
39.478625774383545,0.9964364485240909,-1.1133037719726562,-0.4525041137695312
39.49861407279968,1.0454655450686645,-0.6703764648437499,-1.6831237670898436
39.51866888999939,1.0873001546202843,-0.4333505004882812,-0.6847416748046875
39.53887438774109,1.0926294042446945,-0.3806780639648437,1.254561669921875
39.55868434906006,1.1272695268033606,-0.44532150878906246,-0.4740519287109375
39.57882356643677,1.1167442587951504,-0.6919242797851562,-0.34715924072265625
39.598865032196045,1.0806385925897715,-0.9026140258789062,1.22583125
39.61941933631897,1.00642879156986,-0.44532150878906246,0.10295067138671875
39.63962268829346,0.9017090364502002,-1.3311761230468748,0.5578489868164063
39.65941762924194,0.8031179183986121,-0.076614453125,1.2114660400390624
39.67910861968994,0.6990643194820036,-0.8571241943359375,0.5530605834960938
39.69884181022644,0.6220566624092766,-0.5434837768554687,1.637633935546875
39.71869158744812,0.5743598782708057,-1.4604630126953124,-0.43574470214843747
39.73875069618225,0.535189893531391,-0.41898529052734373,0.19393033447265623
39.75870871543884,0.5223996944328066,-1.6400281372070311,-0.5051765502929687
39.77882504463196,0.5174701385302272,0.3016694091796875,0.4477157104492187
39.798901081085205,0.4820306285278995,-0.7900865478515624,-0.229843359375
39.819493532180786,0.44032925021689,0.0526724365234375,-0.040701428222656245
39.838907957077026,0.4231424201781672,0.076614453125,0.5602431884765625
39.858625650405884,0.42420827010304923,0.49320554199218747,-0.16041151123046873
39.87861132621765,0.41221745844812635,1.0127473022460938,0.7278373046875
39.898913621902466,0.38796937265706016,0.19393033447265623,-0.59376201171875
39.918569564819336,0.35066462528618897,0.5961562133789062,-0.06943184814453125
39.93864035606384,0.3264165394951227,-0.6177040283203125,0.5147533569335937
39.958717346191406,0.28751301723692846,0.05027823486328125,0.40222587890625
39.97885251045227,0.26406431888952375,-0.948103857421875,0.1484405029296875
39.99860072135925,0.22222970933790392,-0.38786066894531246,-0.5602431884765625
40.01889419555664,0.18266003087665847,-0.584185205078125,0.9911994873046874
40.038848638534546,0.14055895884381814,0.06943184814453125,-0.41419688720703124
40.058714866638184,0.08953139369009079,-1.0797849487304687,-0.033518823242187495
40.07858753204346,0.03890352225819422,0.25139117431640623,0.679953271484375
40.09860873222351,-0.013056661579804908,-0.7685387329101562,0.5363011718749999
40.11866068840027,-0.09725880564548554,-0.22744915771484372,0.09337386474609374
40.13911461830139,-0.1398928026407669,-0.21787235107421873,1.01514150390625
40.158974409103394,-0.14202450249053092,-0.5889736083984375,0.10773907470703124
40.178653955459595,-0.09206278726168562,0.5410895751953124,-0.6847416748046875
40.19880485534668,-0.06754823898939886,-0.9050082275390624,-0.8164227661132812
40.21989560127258,0.016520673835671518,0.8116343627929687,-0.9624690673828125
40.23897385597229,0.0514272588755581,-0.7206546997070312,-0.062249243164062495
40.25877237319946,0.0607534457182759,0.34715924072265625,0.17238251953125
40.27873492240906,0.03503981628049684,-1.5155296508789062,-0.13646949462890623
40.2988224029541,0.03490658503988659,-0.4644751220703125,-0.25139117431640623
40.31862664222717,-0.011724349173702367,-0.6871358764648438,0.6703764648437499
40.338730335235596,-0.11058192970651096,-1.3383587280273437,1.0342951171875
40.358800411224365,-0.24807657001629327,-1.3455413330078123,0.13646949462890623
40.37852644920349,-0.35572741242937866,-2.1906945190429687,0.7613561279296874
40.398707151412964,-0.40968606487653153,-1.1731588134765625,0.15083470458984374
40.41880512237549,-0.4326018382614953,-1.4508862060546874,0.10295067138671875
40.43873310089111,-0.45618376784951026,-0.9097966308593749,-0.9313444458007812
40.45910573005676,-0.4685742732262639,-0.74699091796875,-0.1292868896484375
40.478702545166016,-0.4757687602192176,-0.26815058593749996,-0.718260498046875
40.49884915351868,-0.4913568153706174,-1.1061211669921875,0.43574470214843747
40.51855778694153,-0.49175650909244817,-0.15562310791015624,-0.4381389038085937
40.53871512413025,-0.5144058199961913,-0.9265560424804687,0.23702596435546874
40.55884027481079,-0.5429173054867857,0.24660277099609373,-0.2154781494140625
40.578720569610596,-0.5968759579339387,-1.3527239379882812,0.033518823242187495
40.59870791435242,-0.5591715168412367,0.37828386230468747,-0.5027823486328125
40.61873269081116,-0.48163093480606883,-0.055066638183593745,-0.354341845703125
40.638848304748535,-0.4011592654774753,0.45489831542968745,-1.5346832641601562
40.65899181365967,-0.3476003067521531,-0.13407529296874998,-0.7541735229492187
40.678839921951294,-0.2860474735902157,0.36631285400390623,-1.4125789794921875
40.698617458343506,-0.23621898960198062,-0.17238251953125,-0.32082302246093747
40.71917748451233,-0.1732006127933304,0.22026655273437498,-0.584185205078125
40.73882246017456,-0.1325650844072029,-0.5722141967773438,-0.5123591552734374
40.758784532547,-0.11737672297763392,-0.2561795776367187,-0.24181436767578124
40.77858233451843,-0.10884992357857766,-0.7278373046875,-0.6751648681640625
40.798665046691895,-0.09446094959267021,-0.031124621582031248,0.296881005859375
40.818859815597534,-0.06515007665841428,0.03591302490234375,-0.9457096557617187
40.838895320892334,-0.04862940282274277,0.0526724365234375,-0.4070142822265625
40.85890507698059,-0.005595712105630674,0.30406361083984373,-0.30885201416015623
40.87875819206238,-0.005196018383799912,-0.031124621582031248,-0.27293898925781246
40.89860415458679,0.012656967857974145,0.06703764648437499,-0.36152445068359373
40.918729066848755,-0.002531393571594829,-0.06703764648437499,0.16519991455078123
40.93882465362549,-0.004663093421358896,0.15083470458984374,0.06464344482421874
40.95881485939026,-0.015588055151399738,-0.39743747558593745,0.3687070556640625
40.97901225090027,-0.03530627876171736,-0.0383072265625,-1.1659762084960936
40.99933576583862,-0.033041347671343035,-0.4285620971679687,0.9361328491210937
41.01868009567261,-0.046098009251147945,-0.1484405029296875,-0.05746083984375
41.03871130943298,-0.0369050536490404,-1.0726023437499999,-0.9528922607421875
41.058661699295044,-0.017586523760553547,-0.9720458740234375,1.0103531005859374
41.078651905059814,-0.006661562030512709,0.2561795776367187,-1.139639990234375
41.09863591194153,-0.010658499248820334,-0.6679822631835937,0.1005564697265625
41.11866235733032,0.002531393571594829,0.3232172241210937,0.4429273071289062
41.13872003555298,-0.022249617181912446,-0.13646949462890623,-0.16041151123046873
41.158769607543945,-0.028644716731204646,-0.4477157104492187,0.5578489868164063
41.17876935005188,-0.02717917308449185,0.3280056274414062,-0.10295067138671875
41.198705434799194,-0.0305099540997482,-1.3000515014648437,-0.8068459594726562
41.21888279914856,-0.030909647821578966,0.3112462158203125,0.6009446166992187
41.23915243148804,-0.017586523760553547,-1.0989385620117187,0.33039982910156246
41.258530378341675,-0.0302434916185277,-0.17238251953125,-0.8834604125976562
41.27849197387695,-0.02971056665608668,-0.16041151123046873,-0.9121908325195311
41.29856586456299,-0.02691271060327134,-1.448492004394531,-0.17956512451171874
41.31848382949829,-0.01851914244482533,-0.5482721801757812,-0.3232172241210937
41.33871078491211,-0.005995405827461438,0.11731588134765625,-0.05985504150390625
41.35880374908447,-0.01345635530163567,1.3048399047851562,0.40462008056640625
41.37855529785156,0.007061255752343471,-1.4125789794921875,-0.14125789794921875
41.398600578308105,-0.0021316998497640663,0.18435352783203124,-0.4908113403320312
41.41940259933472,-0.03397396635561481,-0.5195417602539062,-0.0047884033203125
41.43867635726929,0.003863705977697371,0.5363011718749999,-1.4437036010742186
41.45879769325256,-0.0002664624812205083,-0.24181436767578124,0.29927520751953124
41.47895121574402,-0.0063950995492922,0.08140285644531249,-0.30885201416015623
41.49852252006531,-0.011324655451871604,-1.3383587280273437,0.2537853759765625
41.51910924911499,-0.010125574286379316,-0.9959878906249999,-0.19632453613281248
41.538832664489746,-0.011724349173702367,-0.296881005859375,-0.7038952880859375
41.558757066726685,-0.018785604926045835,-0.7876923461914062,-0.47884033203125
41.57864451408386,-0.01438897398590745,-0.6631938598632812,-0.5746083984375
41.5985107421875,0.0029310872934255917,-0.9241618408203125,1.0390835205078124
41.61913585662842,0.0013323124061025418,-0.82360537109375,0.5578489868164063
41.63874554634094,0.00159877488732305,-0.6775590698242188,-0.5793968017578125
41.65901589393616,0.0029310872934255917,-0.6751648681640625,-0.9026140258789062
41.678937673568726,-0.002797856052815337,-1.1563994018554686,-0.8044517578125
41.69931602478027,0.0074609494741742334,0.32082302246093747,1.2425906616210938
41.71872282028198,-0.005329249624410167,-2.9855694702148434,-0.6943184814453125
41.73867058753967,0.016520673835671518,-0.34237083740234375,-0.833182177734375
41.75877070426941,0.017186830038722786,-0.39264907226562495,-0.28730419921875
41.77890634536743,0.012923430339194655,-0.5243301635742187,0.25139117431640623
41.79902243614197,-0.004396630940138387,-0.35194764404296874,0.21787235107421873
41.81888794898987,-0.008393568158446012,-2.0829554443359375,-1.3311761230468748
41.83883881568909,0.00159877488732305,0.1388636962890625,-0.19871873779296872
41.85877013206482,-0.020517611053979142,-0.23223756103515625,-0.8786720092773437
41.87861251831055,-0.0191852986478766,-1.0295067138671874,-0.32082302246093747
41.89860129356384,-0.03477335379927634,-0.5291185668945312,0.2705447875976562
41.918516874313354,-0.025047473234727783,-0.6607996582031249,1.3263877197265623
41.93882393836975,-0.03970290970185574,-0.5889736083984375,-1.5346832641601562
41.958608865737915,-0.029577335415476424,-0.13646949462890623,-0.21308394775390624
41.97863411903381,-0.02145022973825092,-0.22266075439453123,0.22266075439453123
41.998828649520874,-0.016520673835671518,-0.7493851196289062,-0.6775590698242188
42.0193350315094,-0.013056661579804908,-0.5626373901367188,-0.5195417602539062
42.03882646560669,0.00479632466196915,-0.6392518432617187,-0.679953271484375
42.05874824523926,0.012523736617363892,-0.93852705078125,0.0383072265625
42.07845377922058,0.0037304747370871167,-0.5913678100585937,-0.5530605834960938
42.0989043712616,0.009459418083328047,-0.9433154541015625,0.603338818359375
42.11970591545105,0.0003996937218307625,-0.39743747558593745,-0.3016694091796875
42.13893008232117,-0.0013323124061025418,0.46686932373046874,-0.06703764648437499
42.15892744064331,-0.024514548272286763,-1.6519991455078125,-0.47165772705078124
42.17866849899292,-0.033041347671343035,0.30885201416015623,-1.24498486328125
42.19865965843201,-0.054491577409593955,0.430956298828125,0.9097966308593749
42.21903443336487,-0.054091883687763194,-1.0630255371093749,-0.1580173095703125
42.2389657497406,-0.054091883687763194,-0.07900865478515624,-0.16041151123046873
42.25868821144104,-0.05475803989081446,-1.0678139404296874,-1.2641384765625
42.27895426750183,-0.04263399699528134,-0.6296750366210937,-0.74699091796875
42.29846215248108,-0.03877029101758396,-0.49799394531249996,0.2561795776367187
42.31905007362366,-0.027845329287543123,-1.8315642700195311,0.18435352783203124
42.33889698982239,-0.007860643196004996,0.03591302490234375,-0.3591302490234375
42.35885834693909,0.03370750387439431,-0.03591302490234375,-0.086191259765625
42.37886905670166,0.00159877488732305,-0.5123591552734374,-0.5027823486328125
42.39890241622925,-0.011457886692481857,-0.9552864624023437,-0.24899697265624998
42.41884231567383,0.005062787143189658,0.6440402465820312,0.22505495605468748
42.43878245353699,-0.0003996937218307625,-0.3184288208007812,-0.9504980590820312
42.4589307308197,0.007860643196004996,0.35673604736328124,-0.105344873046875
42.47878408432007,-0.018652373685435583,-0.22266075439453123,-1.1228805786132812
42.49876379966736,-0.03144257278401998,-1.1827356201171875,0.8116343627929687
42.518718242645264,-0.03144257278401998,-0.603338818359375,0.5746083984375
42.538946866989136,-0.035705972483548114,-0.7996633544921875,-0.00239420166015625
42.5587682723999,-0.02971056665608668,-0.0383072265625,-0.4477157104492187
42.57889747619629,-0.032508422708902016,-1.3048399047851562,-0.5219359619140624
42.599191427230835,-0.01438897398590745,0.22266075439453123,0.7398083129882812
42.61869168281555,-0.01532159267017923,-1.9105729248046874,0.19871873779296872
42.63883328437805,-0.032774885190122525,1.5849614990234373,0.12449848632812499
42.65892791748047,0.007727411955394742,-1.927332336425781,-0.6775590698242188
42.678993940353394,0.02078407353519965,-0.5267243652343749,-0.4644751220703125
42.698927879333496,0.026379785640830326,0.05746083984375,0.4525041137695312
42.719743728637695,0.011324655451871604,-1.675941162109375,0.201112939453125
42.73969078063965,0.011457886692481857,-0.01915361328125,-0.05746083984375
42.758827209472656,-0.002797856052815337,-0.5578489868164063,-0.47644613037109373
42.77866244316101,-0.011324655451871604,-1.197100830078125,-0.22744915771484372
42.79866671562195,-0.01345635530163567,-0.03591302490234375,0.9720458740234375
42.818641662597656,-0.01372281778285618,-1.6256629272460936,0.6631938598632812
42.838622093200684,-0.026379785640830326,-0.4261678955078125,-1.3096283081054687
42.85899090766907,-0.016787136316892024,-0.6009446166992187,-0.22505495605468748
42.87843132019043,-0.013323124061025418,-0.00718260498046875,-0.9457096557617187
42.89845561981201,-0.009992343045769061,-0.3232172241210937,-0.14604630126953125
42.91840672492981,0.0063950995492922,-0.29448680419921874,0.3136404174804687
42.9386465549469,0.009725880564548555,-0.7805097412109374,-1.6998831787109374
42.958537340164185,0.019318529888486854,-0.1292868896484375,0.5578489868164063
42.978456258773804,0.013856049023466432,-0.3064578125,-0.3711012573242187
42.99918603897095,0.006261868308681946,-1.3742717529296875,-0.13168109130859373
43.01845717430115,0.005995405827461438,-0.17477672119140625,0.258573779296875
43.038448095321655,0.000799387443661525,-1.177947216796875,-0.6919242797851562
43.05878281593323,-0.018652373685435583,-0.33518823242187495,-1.2832920898437499
43.078694105148315,-0.013056661579804908,-0.8499415893554687,-0.488417138671875
43.09840703010559,-0.023448698347404734,-0.9193734375,0.13646949462890623
43.118226289749146,-0.016120980113840753,-1.9847931762695312,1.1516109985351561
43.13876986503601,-0.023848392069235495,0.4740519287109375,-0.05027823486328125
43.158888816833496,-0.04383307816077362,-0.8283937744140625,-1.668758557128906
43.178722858428955,-0.040502297145517265,-0.6177040283203125,0.5099649536132812
43.19856333732605,-0.044099540641994124,-0.5123591552734374,-0.3280056274414062
43.21838974952698,-0.035972434964768624,-1.1516109985351561,-0.373495458984375
43.2386589050293,-0.016387442595061263,0.6057330200195312,-0.9145850341796874
43.25865626335144,-0.006928024511733216,-0.7924807495117187,-0.852335791015625
43.27855062484741,-0.0003996937218307625,-0.23223756103515625,-1.0702081420898437
43.29858326911926,0.005062787143189658,-0.7422025146484375,0.4429273071289062
43.31895971298218,0.020650842294589397,-0.4333505004882812,-0.00718260498046875
43.33856010437012,-0.004263399699528133,-0.19393033447265623,-1.0917559570312498
43.35851764678955,-0.004263399699528133,-0.086191259765625,0.33039982910156246
43.37849974632263,-0.02624655440022007,-0.35194764404296874,-0.42377369384765623
43.3985161781311,-0.03530627876171736,-0.5530605834960938,-0.21308394775390624
43.4187068939209,-0.0287779479718149,0.13646949462890623,0.8547299926757812
43.43855857849121,-0.04743032165725048,-1.2928688964843749,-0.9696516723632812
43.45841097831726,-0.049029096544573526,-0.03591302490234375,-0.4213794921875
43.4786159992218,-0.05475803989081446,-1.3934253662109375,-0.6009446166992187
43.49836015701294,-0.0607534457182759,-1.5682020874023437,-0.4908113403320312
43.51837229728699,-0.03970290970185574,-0.9433154541015625,1.3718775512695311
43.53839564323425,-0.019052067407266345,0.08858546142578125,0.1388636962890625
43.55852460861206,-0.02624655440022007,-1.388636962890625,-0.9864110839843749
43.57848930358887,-0.008526799399056265,0.86191259765625,-0.15562310791015624
43.59840226173401,-0.019318529888486854,-1.0271125122070313,-0.5267243652343749
43.61821436882019,0.005462480865020421,-0.086191259765625,-0.5913678100585937
43.6384973526001,0.023049004625573973,0.4740519287109375,-0.0718260498046875
43.658318758010864,0.002531393571594829,-0.9169792358398436,-1.2114660400390624
43.67854142189026,-0.014522205226517705,0.3711012573242187,-0.7661445312499999
43.698538303375244,-0.027845329287543123,-0.3232172241210937,0.9792284790039062
43.71846413612366,-0.028111791768763626,-1.5083470458984374,0.33758243408203126
43.738747358322144,-0.024114854550456002,-0.19393033447265623,-0.201112939453125
43.75844597816467,-0.022382848422522698,-0.3280056274414062,-0.469263525390625
43.779099464416504,-0.018652373685435583,0.055066638183593745,-0.26336218261718747
43.798426389694214,-0.022915773384963714,-0.354341845703125,0.277727392578125
43.81891322135925,-0.0003996937218307625,0.28490999755859375,0.3758896606445312
43.838762283325195,-0.017186830038722786,-0.41898529052734373,-0.7398083129882812
43.85843515396118,0.0003996937218307625,0.39743747558593745,0.49799394531249996
43.878663301467896,0.01185758041431262,-0.5363011718749999,-0.9888052856445312
43.8989794254303,0.009326186842717792,-0.5626373901367188,0.03591302490234375
43.91955280303955,0.015454823910789483,0.09816226806640624,0.5674257934570313
43.93892312049866,0.006128637068071691,-1.3000515014648437,-0.9576806640625
43.95872974395752,0.010924961730040842,0.23223756103515625,-0.43574470214843747
43.97896456718445,0.007061255752343471,-0.9050082275390624,-0.5267243652343749
43.999351263046265,0.0058621745868511835,-0.12449848632812499,0.35673604736328124
44.01875162124634,0.009326186842717792,-1.5418658691406248,0.852335791015625
44.03879165649414,0.002264931090374321,0.7302315063476562,-0.24899697265624998
44.05855703353882,-0.014921898948348467,-2.051830822753906,-0.5410895751953124
44.07858753204346,-0.01438897398590745,-0.3711012573242187,-0.2346317626953125
44.098798990249634,-0.013589586542245924,0.05985504150390625,0.45010991210937495
44.118475675582886,-0.026379785640830326,-0.6464344482421874,-0.24899697265624998
44.13911247253418,-0.017719755001163805,-0.42377369384765623,-0.6655880615234374
44.158512592315674,-0.005329249624410167,-1.0414777221679687,0.02154781494140625
44.17861819267273,-0.0018652373685435584,-0.29927520751953124,0.15083470458984374
44.19862222671509,0.007061255752343471,-0.5386953735351562,0.7924807495117187
44.21859860420227,0.011990811654922875,-0.8188169677734375,-0.32561142578124996
44.238434076309204,0.007993874436615249,-0.5530605834960938,-0.7445967163085937
44.25847864151001,0.01505513018895872,-0.8810662109374999,-0.7685387329101562
44.27832531929016,0.01212404289553313,0.26336218261718747,0.38786066894531246
44.29838752746582,0.03370750387439431,-0.7110778930664062,0.3016694091796875
44.31825613975525,-0.0029310872934255917,-0.229843359375,0.9241618408203125
44.338507652282715,-0.023182235866184224,-0.38307226562499996,-0.9433154541015625
44.35848093032837,-0.02598009191899956,-0.28490999755859375,0.5027823486328125
44.37830400466919,-0.03863705977697371,-0.737414111328125,-0.06943184814453125
44.39825105667114,-0.0433001531983326,-0.7278373046875,-0.19153613281249998
44.41828989982605,-0.028644716731204646,-0.3447650390625,0.143652099609375
44.43845343589783,-0.027845329287543123,-0.93852705078125,-1.2665326782226562
44.45838642120361,-0.020517611053979142,-0.814028564453125,-0.3136404174804687
44.478248596191406,-0.0013323124061025418,-0.47165772705078124,-0.9600748657226562
44.49839687347412,-0.0075941807147844875,-1.8148048583984373,0.21787235107421873
44.51864051818848,0.013056661579804908,-1.0342951171875,-0.46208092041015625
44.538750410079956,0.016653905076281773,-0.6200982299804687,-0.076614453125
44.55911111831665,0.006528330789902454,0.15562310791015624,-0.22744915771484372
44.57875204086304,-0.010258805526989571,-0.7972691528320313,0.354341845703125
44.59886336326599,-0.02851148549059439,-1.3910311645507811,0.21068974609375
44.619388818740845,-0.016520673835671518,0.296881005859375,0.70868369140625
44.63908314704895,-0.03011026037791744,0.08379705810546874,-0.6200982299804687
44.65863037109375,-0.04383307816077362,-0.4860229370117187,-1.2880804931640624
44.67864656448364,-0.04369984692016337,-0.9121908325195311,-0.40222587890625
44.69875168800354,-0.05995405827461438,-2.152387292480469,0.2442085693359375
44.71850848197937,-0.03410719759622506,-0.2753331909179687,1.8650830932617186
44.73869347572327,-0.036505359927209644,-0.7805097412109374,0.023942016601562498
44.759056091308594,-0.031042879062189218,-0.7326257080078125,-1.20667763671875
44.77852439880371,-0.036505359927209644,-0.44532150878906246,0.19153613281249998
44.798736572265625,-0.032774885190122525,-0.55545478515625,-0.11013327636718749
44.81865644454956,-0.0039969372183076245,-0.16998831787109375,0.076614453125
44.83892107009888,0.0011990811654922875,-0.7015010864257812,-0.4572925170898437
44.858497619628906,0.023315467106794475,0.17238251953125,-0.45010991210937495
44.87846112251282,0.0035972434964768626,-1.1109095703125,-1.707065783691406
44.898380756378174,-0.0075941807147844875,-0.7972691528320313,0.6655880615234374
44.91873049736023,-0.033041347671343035,-0.9840168823242187,0.70868369140625
44.93867492675781,0.004929555902579405,0.277727392578125,0.277727392578125
44.95857548713684,0.00159877488732305,-1.7932570434570312,-0.354341845703125
44.97853374481201,0.03357427263378405,1.4149731811523436,-0.16280571289062498
44.999205350875854,-0.028378254249984136,-1.0438719238281249,0.3184288208007812
45.01840329170227,-0.040768759626737774,-1.2282254516601563,0.23702596435546874
45.038649559020996,-0.03490658503988659,-0.5363011718749999,0.15083470458984374
45.058502435684204,-0.044898928085655654,-0.4429273071289062,-0.40940848388671874
45.078476905822754,-0.018785604926045835,0.22505495605468748,0.3687070556640625
45.098231077194214,-0.020517611053979142,-0.38307226562499996,-0.055066638183593745
45.11870884895325,-0.010258805526989571,-1.5442600708007812,-0.5458779785156249
45.139009952545166,0.012923430339194655,-0.2753331909179687,-0.01915361328125
45.15876793861389,0.017852986241774057,-0.8212111694335937,-1.0797849487304687
45.17875671386719,0.033307810152563545,0.19632453613281248,-0.13646949462890623
45.1983323097229,0.041434915829789046,-1.35990654296875,0.016759411621093748
45.218419313430786,0.02997702913730719,-0.5482721801757812,0.9576806640625
45.23882055282593,0.006661562030512709,-0.6512228515624999,-0.2705447875976562
45.25840139389038,0.0035972434964768626,-0.9265560424804687,-0.8499415893554687
45.27908682823181,-0.010392036767599824,-0.023942016601562498,-0.5386953735351562
45.298957109451294,-0.025180704475338038,-0.062249243164062495,0.74699091796875
45.318899154663086,-0.017852986241774057,-1.1109095703125,-0.1771709228515625
45.33864760398865,-0.026646248122050836,-0.8954314208984374,-0.8643067993164062
45.3590030670166,-0.022116385941302188,0.08379705810546874,-0.2561795776367187
45.378509283065796,-0.01851914244482533,-0.9624690673828125,-0.6655880615234374
45.3985869884491,-0.02131699849764067,-0.718260498046875,-0.27293898925781246
45.41884469985962,0.0063950995492922,-1.2234370483398436,0.23702596435546874
45.43895721435547,-0.0029310872934255917,-0.36152445068359373,0.1197100830078125
45.458781003952026,0.00866003063966652,-1.6400281372070311,-1.1731588134765625
45.47844123840332,0.0074609494741742334,-0.6560112548828124,-0.9217676391601562
45.49839973449707,0.002797856052815337,-0.8044517578125,0.38307226562499996
45.51878523826599,0.004130168458917879,-0.9959878906249999,0.6775590698242188
45.53866124153137,-0.005196018383799912,-1.0438719238281249,0.3711012573242187
45.55855679512024,-0.026379785640830326,-1.0965443603515623,-2.521094348144531
45.578548431396484,-0.0334410413931738,-0.2609679809570312,0.7661445312499999
45.59830927848816,-0.041434915829789046,-0.74699091796875,-0.258573779296875
45.61852502822876,-0.02531393571594829,-0.45489831542968745,0.6009446166992187
45.63859176635742,-0.0005329249624410166,-0.7637503295898437,-0.7326257080078125
45.6588408946991,-0.022782542144353463,-0.6775590698242188,-0.32082302246093747
45.67884802818298,-0.02571362943777905,0.1197100830078125,-0.86191259765625
45.69854664802551,-0.020251148572758632,-1.4125789794921875,0.488417138671875
45.71866273880005,-0.005196018383799912,-0.22744915771484372,0.296881005859375
45.73890519142151,-0.006661562030512709,-0.5123591552734374,-0.5626373901367188
45.75848340988159,-0.003464012255866608,-0.7398083129882812,-0.49320554199218747
45.779263973236084,-0.01958499236970736,-0.6081272216796875,-0.8068459594726562
45.7985622882843,-0.023848392069235495,-0.6775590698242188,0.9864110839843749
45.81846523284912,-0.021716692219471426,-0.9840168823242187,0.23223756103515625
45.83865714073181,-0.02398162330984575,-0.4908113403320312,0.21308394775390624
45.858426332473755,-0.02851148549059439,-0.8403647827148437,-1.0366893188476562
45.87835669517517,-0.023848392069235495,-0.5865794067382812,-0.9648632690429687
45.89953112602234,-0.04703062793541972,-2.0063409912109376,-0.1197100830078125
45.91841101646423,-0.021716692219471426,-1.3958195678710936,-0.13646949462890623
45.93859076499939,-0.01851914244482533,-0.23223756103515625,1.2497732666015624
45.958460092544556,-0.041434915829789046,-1.2497732666015624,-1.4101847778320311
45.97910118103027,-0.05555742733447598,-0.8690952026367187,-0.239420166015625
45.999796628952026,-0.0671485452675681,-1.1420341918945311,0.062249243164062495
46.01904010772705,-0.039969372183076245,0.39743747558593745,0.36391865234375
46.03877782821655,-0.012523736617363892,-0.2154781494140625,-0.7038952880859375
46.0585720539093,-0.010924961730040842,-1.218648645019531,-1.0749965454101562
46.07845997810364,0.003863705977697371,-0.16280571289062498,-1.0893617553710937
46.098596811294556,-0.007194486992953725,-0.9576806640625,-0.00239420166015625
46.118491888046265,0.004529862180748642,-0.5746083984375,0.3711012573242187
46.13873648643494,0.01732006127933304,-1.0797849487304687,0.2609679809570312
46.15873694419861,0.012923430339194655,0.2920926025390625,-0.82360537109375
46.1789972782135,-0.006528330789902454,-0.1867477294921875,-0.0047884033203125
46.198803424835205,-0.018785604926045835,-0.8379705810546875,-0.21787235107421873
46.218433141708374,-0.010658499248820334,-0.5458779785156249,0.5195417602539062
46.23885893821716,-0.019318529888486854,-0.6943184814453125,0.23223756103515625
46.25855374336243,-0.00985911180515881,-0.6392518432617187,-0.4213794921875
46.27858567237854,-0.028245023009373885,-0.5267243652343749,-0.9552864624023437
46.298890113830566,-0.02438131703167651,-0.34715924072265625,0.44053310546874996
46.318596839904785,-0.01732006127933304,-1.8076222534179687,-0.411802685546875
46.33861422538757,-0.011591117933092112,0.3280056274414062,0.16041151123046873
46.358657121658325,0.006128637068071691,-1.5298948608398437,-0.9002198242187499
46.3788001537323,0.004663093421358896,1.0390835205078124,-0.9888052856445312
46.398497581481934,0.02145022973825092,-1.3479355346679687,0.5913678100585937
46.41862511634827,0.023315467106794475,-1.5394716674804687,-0.20829554443359374
46.43865370750427,0.027845329287543123,-0.38786066894531246,-0.17956512451171874
46.458528995513916,0.01945176112909711,-0.6727706665039062,-0.689530078125
46.47857093811035,0.0057289433462409285,-0.46208092041015625,-0.1388636962890625
46.498374462127686,-0.0019984686091538122,0.22744915771484372,1.4724340209960938
46.51824641227722,-0.00479632466196915,-1.4891934326171874,0.5626373901367188
46.53872013092041,-0.005196018383799912,-0.51714755859375,-0.28730419921875
46.55852961540222,-0.017453292519943295,-0.05985504150390625,-0.39264907226562495
46.57839107513428,-0.0255803981971688,-0.04548983154296875,0.28012159423828126
46.598490953445435,-0.0019984686091538122,-1.1252747802734375,-0.6392518432617187
46.61821937561035,-0.01705359879811253,0.5626373901367188,0.6967126831054687
46.63864254951477,-0.021849923460081685,-1.2210428466796874,-0.28012159423828126
46.65838956832886,-0.018119448722994567,-0.36152445068359373,-1.1324573852539062
46.678566694259644,-0.008926493120887028,-0.13168109130859373,-0.47644613037109373
46.69824433326721,0.0127901990985844,-0.45968671875,0.9337386474609375
46.71841287612915,-0.03370750387439431,-1.2641384765625,-0.011971008300781249
46.73855113983154,0.0074609494741742334,-0.33518823242187495,0.6847416748046875
46.75918912887573,-0.0021316998497640663,-0.7278373046875,-1.3958195678710936
46.77865982055664,-0.025180704475338038,-0.6392518432617187,0.11013327636718749
46.79889631271362,-0.03464012255866608,-0.411802685546875,-0.19871873779296872
46.81878471374512,-0.02145022973825092,-1.6160861206054686,0.0143652099609375
46.83864402770996,-0.02851148549059439,-0.05985504150390625,-0.0143652099609375
46.858484745025635,-0.011058192970651094,-2.1619640991210938,-0.17238251953125
46.87840461730957,-0.022116385941302188,-0.3112462158203125,-1.1611878051757811
46.89844012260437,-0.029843797896696934,-0.74699091796875,-0.2753331909179687
46.91842865943909,-0.015854517632620246,-0.18914193115234373,0.8259995727539062
46.93842959403992,-0.026779479362661087,-0.5339069702148437,0.16998831787109375
46.95858669281006,-0.025447166956558548,-0.3687070556640625,-0.9337386474609375
46.97889161109924,-0.03064318534035846,-0.28490999755859375,-1.9728221679687499
46.99871349334717,-0.048229709100912004,-0.22744915771484372,0.5770026000976562
47.01863718032837,-0.028911179212425153,-0.076614453125,1.429338391113281
47.03845453262329,-0.020384379813368887,-1.4101847778320311,-1.1085153686523437
47.05842041969299,-0.013189892820415163,0.373495458984375,-1.0630255371093749
47.0784547328949,-0.003464012255866608,-0.8475473876953125,-0.6057330200195312
47.0984411239624,-0.018785604926045835,-1.5227122558593749,-0.9648632690429687
47.11875939369202,-0.011591117933092112,-0.373495458984375,1.0678139404296874
47.13841772079468,-0.009725880564548555,-0.8858546142578124,0.41898529052734373
47.15882921218872,-0.019052067407266345,-0.8020575561523438,-0.8954314208984374
47.17871570587158,-0.05182695259738887,-0.39264907226562495,-0.6584054565429687
47.198429346084595,-0.056090352296917,-0.27293898925781246,0.37828386230468747
47.21837091445923,-0.03916998473941472,-0.2657563842773437,0.19393033447265623
47.23874068260193,-0.027978560528153375,-0.5458779785156249,-0.3495534423828125
47.25874447822571,-0.016520673835671518,-1.3192051147460937,-0.8858546142578124
47.27853798866272,-0.010791730489430587,0.3711012573242187,-0.7134720947265625
47.298436641693115,-0.008393568158446012,-1.656787548828125,0.2346317626953125
47.31844520568848,0.009059724361497283,0.32082302246093747,-0.3232172241210937
47.338722467422485,0.02145022973825092,0.16519991455078123,0.11731588134765625
47.358686447143555,0.02145022973825092,-0.5626373901367188,-0.6464344482421874
47.378626585006714,0.006128637068071691,-0.8786720092773437,0.08858546142578125
47.39875054359436,-0.006794793271122962,-0.612915625,-0.6703764648437499
47.41901421546936,-0.010658499248820334,-0.040701428222656245,0.11252747802734374
47.438950300216675,-0.010258805526989571,0.143652099609375,0.4213794921875
47.459046602249146,-0.026513016881440577,-0.7805097412109374,-0.45489831542968745
47.47908806800842,-0.01212404289553313,-0.02154781494140625,-0.7110778930664062
47.49869441986084,-0.024514548272286763,-0.8858546142578124,-0.047884033203124995
47.51859259605408,-0.005595712105630674,0.5626373901367188,0.6009446166992187
47.53877925872803,-0.01052526800821008,-1.2832920898437499,-0.8475473876953125
47.558717489242554,-0.003863705977697371,0.49799394531249996,-0.5386953735351562
47.57844161987305,-0.003863705977697371,-0.3447650390625,-0.1867477294921875
47.598835945129395,0.016520673835671518,-0.7230489013671875,0.2753331909179687
47.61897563934326,0.0127901990985844,-0.6105214233398437,0.30406361083984373
47.63940691947937,0.01438897398590745,-0.36391865234375,-0.3064578125
47.65877652168274,0.012257274136143382,-0.5961562133789062,-0.8834604125976562
47.678621768951416,0.004529862180748642,-0.3950432739257812,-0.5003881469726562
47.69862508773804,0.00013323124061025415,-0.507570751953125,0.09337386474609374
47.718382120132446,-0.005196018383799912,-1.4724340209960938,0.16041151123046873
47.73896598815918,0.0031975497746461,0.22505495605468748,0.42377369384765623
47.75882124900818,0.0073277182335639785,-1.915361328125,-1.1252747802734375
47.778372287750244,-0.01958499236970736,1.4987702392578124,-0.6416460449218749
47.798447608947754,-0.023315467106794475,-2.094926452636719,0.3854664672851562
47.81836819648743,-0.013856049023466432,-0.8906430175781249,-0.17956512451171874
47.83884000778198,-0.017719755001163805,-0.258573779296875,0.5578489868164063
47.858755350112915,-0.026113323159609816,-0.9074024291992187,-0.7589619262695312
47.87862944602966,-0.03850382853636345,-0.373495458984375,-0.4572925170898437
47.89858055114746,-0.035705972483548114,-1.139639990234375,0.8882488159179687
47.91838836669922,-0.024781010753507273,-1.8363526733398436,0.7206546997070312
47.93895077705383,-0.0063950995492922,-0.08140285644531249,1.350329736328125
47.95876979827881,-0.010791730489430587,-0.5985504150390625,-1.7286135986328124
47.97857737541199,-0.015588055151399738,-0.41898529052734373,-0.09816226806640624
47.998788356781006,-0.012390505376753637,-0.7996633544921875,-0.24899697265624998
48.01886606216431,0.008127105677225504,0.39743747558593745,0.6871358764648438
48.03867530822754,0.0057289433462409285,-1.448492004394531,-1.2521674682617188
48.05886769294739,-0.0018652373685435584,-0.00239420166015625,-0.1484405029296875
48.0786566734314,-0.012390505376753637,-0.7038952880859375,-0.41419688720703124
48.09862756729126,-0.019984686091538122,-1.0414777221679687,-0.16519991455078123
48.11848521232605,-0.01851914244482533,0.028730419921875,0.45489831542968745
48.138835191726685,-0.028245023009373885,-0.6607996582031249,0.11252747802734374
48.15877318382263,-0.037304747370871166,-0.45010991210937495,-0.5458779785156249
48.178561210632324,-0.053026033762881154,-0.488417138671875,-0.8259995727539062
48.19832229614258,-0.049695252747624805,-0.8403647827148437,0.44053310546874996
48.21846890449524,-0.03357427263378405,-0.4836287353515625,0.239420166015625
48.23856782913208,-0.039969372183076245,-1.218648645019531,0.33758243408203126
48.25891160964966,-0.010791730489430587,-1.6448165405273436,-1.5083470458984374
48.278295040130615,-0.025047473234727783,0.28012159423828126,-0.7948749511718749
48.29888200759888,-0.02145022973825092,-0.928950244140625,0.15083470458984374
48.318918228149414,-0.014788667707738212,-1.6927005737304686,-0.6057330200195312
48.33854651451111,-0.005595712105630674,-0.7900865478515624,0.7326257080078125
48.35875201225281,-0.01505513018895872,-0.9002198242187499,-1.0702081420898437
48.37860345840454,-0.02598009191899956,0.055066638183593745,-0.1388636962890625
48.39857316017151,-0.045565084288706925,-0.16280571289062498,-0.3112462158203125
48.41872501373291,-0.01345635530163567,0.11731588134765625,0.45010991210937495
48.43869495391846,-0.01532159267017923,-0.7302315063476562,-0.3854664672851562
48.458754777908325,-0.015188361429568975,0.4429273071289062,-0.12449848632812499
48.47868752479553,-0.023848392069235495,-0.70868369140625,-0.9720458740234375
48.4984610080719,-0.036372128686599385,-0.44053310546874996,-0.08858546142578125
48.518468618392944,-0.027712098046932865,-1.3670891479492187,0.5099649536132812
48.53899621963501,0.0019984686091538122,-2.1308394775390624,-0.36152445068359373
48.559088945388794,0.00866003063966652,0.5793968017578125,-0.13646949462890623
48.578471422195435,-0.00159877488732305,-0.9361328491210937,-0.7422025146484375
48.598719120025635,-0.004663093421358896,-0.6943184814453125,-0.7637503295898437
48.618654012680054,0.0058621745868511835,-0.9840168823242187,0.5363011718749999
48.63902807235718,0.0030643185340358454,-0.6536170532226562,-0.10295067138671875
48.65887784957886,0.008260336917835759,-0.8355763793945312,0.0430956298828125
48.67836833000183,0.00159877488732305,0.8643067993164062,-0.6919242797851562
48.69834899902344,-0.006261868308681946,-1.9488801513671874,-0.36152445068359373
48.7183096408844,0.0005329249624410166,0.8810662109374999,0.22744915771484372
48.738659381866455,-0.0035972434964768626,0.679953271484375,0.5027823486328125
48.758522748947144,-0.00985911180515881,-1.139639990234375,-0.9840168823242187
48.778682708740234,-0.005462480865020421,-0.143652099609375,-0.19153613281249998
48.79838180541992,-0.011191424211261349,-1.2282254516601563,-0.5961562133789062
48.81896352767944,-0.010791730489430587,-0.6536170532226562,0.9026140258789062
48.8389527797699,-0.007860643196004996,1.0199299072265624,0.3280056274414062
48.85888123512268,-0.0005329249624410166,-1.9608511596679685,-1.1013327636718748
48.878955602645874,0.003464012255866608,-0.2609679809570312,-0.5243301635742187
48.89877390861511,-0.008526799399056265,-0.7948749511718749,-0.9552864624023437
48.91860866546631,0.01572128639200999,-0.3687070556640625,0.2920926025390625
48.93841528892517,0.021849923460081685,-0.8667010009765624,-0.6488286499023437
48.958576917648315,0.029177641693645662,0.7110778930664062,0.181959326171875
48.97868323326111,0.012656967857974145,-0.9935936889648437,-0.814028564453125
48.99869632720947,-0.014788667707738212,-0.59376201171875,-0.6272808349609375
49.01876735687256,-0.0003996937218307625,0.44053310546874996,0.9313444458007812
49.0386643409729,-0.011324655451871604,-1.4245499877929686,-0.7230489013671875
49.05856204032898,-0.016520673835671518,0.0,-0.622492431640625
49.07863140106201,-0.02131699849764067,-1.0989385620117187,-0.679953271484375
49.09858727455139,-0.03357427263378405,-0.354341845703125,-0.06703764648437499
49.11834502220154,-0.032508422708902016,-0.9361328491210937,0.7445967163085937
49.138604164123535,-0.021849923460081685,-1.3431471313476562,0.8068459594726562
49.15866756439209,-0.018785604926045835,-0.9983820922851562,-1.0462661254882812
49.17816758155823,-0.05196018383799912,-0.011971008300781249,0.06464344482421874
49.198134899139404,-0.06461715169597326,-2.4899697265625,-0.3711012573242187
49.21818470954895,-0.06115313944010666,-0.316034619140625,0.5243301635742187
49.23865580558777,-0.0767411945915064,-0.9145850341796874,-0.20350714111328125
49.25876593589783,-0.10751761117247512,-1.1324573852539062,-0.4381389038085937
49.27849817276001,-0.16374119471000237,-0.8307879760742187,-0.3902548706054687
49.29889893531799,-0.26233231276159047,-2.3582886352539063,0.6607996582031249
49.31888556480408,-0.32894793306671755,0.41419688720703124,0.5243301635742187
49.338844537734985,-0.41474885201972117,-1.2378022583007813,0.8116343627929687
49.3584566116333,-0.4668422670983306,-0.44532150878906246,1.4939818359375
49.378669023513794,-0.4781669225502022,-0.44053310546874996,-1.6017209106445311
49.398813247680664,-0.554108729698047,-0.45010991210937495,0.055066638183593745
49.41880416870117,-0.5798223591358261,-0.7326257080078125,-0.9050082275390624
49.43888545036316,-0.608600307107641,0.1292868896484375,0.354341845703125
49.45852875709534,-0.6261868308681946,-0.46208092041015625,-1.0223241088867188
49.47840666770935,-0.6472373668846148,-0.6057330200195312,-1.1133037719726562
49.49839115142822,-0.5477136301487548,0.9576806640625,-0.43574470214843747
49.51822519302368,-0.4592480863835461,-0.24181436767578124,-1.1420341918945311
49.53853988647461,-0.37104900509955785,0.8643067993164062,0.39264907226562495
49.55873489379883,-0.337075038743943,0.46686932373046874,-0.7541735229492187
49.57842135429382,-0.29377488554561043,0.086191259765625,-0.22505495605468748
49.5985004901886,-0.2514073510315496,0.5865794067382812,-0.47165772705078124
49.618388414382935,-0.20877335403626826,-0.6607996582031249,-0.6943184814453125
49.638689279556274,-0.15694640143887942,-0.11731588134765625,0.08140285644531249
49.65883708000183,-0.14309035241541299,-0.17238251953125,-2.214636535644531
49.67870831489563,-0.12510413493302866,-1.7214309936523438,-0.55545478515625
49.69830250740051,-0.09685911192365478,0.5602431884765625,0.4740519287109375
49.71848130226135,-0.041434915829789046,-1.388636962890625,-1.0797849487304687
49.7383816242218,0.0058621745868511835,-0.55545478515625,-1.3192051147460937
49.75836634635925,0.04210107203284032,0.8954314208984374,0.2442085693359375
49.77824878692627,0.0287779479718149,-0.8044517578125,-1.0510545288085937
49.798781394958496,0.012656967857974145,-0.9696516723632812,0.51714755859375
49.81852889060974,-0.008926493120887028,-1.47482822265625,-0.44532150878906246
49.838428020477295,-0.0029310872934255917,-0.6703764648437499,0.239420166015625
49.85853314399719,-0.014655436467127957,0.12449848632812499,0.031124621582031248
49.8788321018219,-0.03370750387439431,-1.0678139404296874,-0.7924807495117187
49.898369789123535,-0.040768759626737774,-1.0007762939453124,0.8690952026367187
49.91833019256592,-0.035705972483548114,-0.9552864624023437,0.4860229370117187
49.938719034194946,-0.01985145485092787,0.0,-0.08379705810546874
49.95864272117615,0.0018652373685435584,-0.9337386474609375,-1.0630255371093749
49.978562116622925,0.020917304775809907,-0.143652099609375,-0.01915361328125
49.99865674972534,0.035705972483548114,-0.02633621826171875,0.21787235107421873
50.01863169670105,0.02584686067838931,-1.1228805786132812,-0.05746083984375
50.03869986534119,0.0287779479718149,-0.3136404174804687,1.0031704956054688
50.058513879776,0.004130168458917879,-0.4955997436523437,-1.1276689819335937
50.07835626602173,-0.013056661579804908,-0.9816226806640624,-0.29927520751953124
50.09845232963562,-0.009326186842717792,-0.967257470703125,0.14604630126953125
50.118292570114136,-0.02131699849764067,-1.5275006591796874,0.8954314208984374
50.13894176483154,-0.008260336917835759,-0.7805097412109374,-0.37828386230468747
50.1587975025177,-0.02078407353519965,-1.369483349609375,-0.9504980590820312
50.17853260040283,-0.019318529888486854,-1.24498486328125,-0.21308394775390624
50.198384523391724,-0.024114854550456002,-0.4572925170898437,0.4860229370117187
50.21841645240784,-0.0037304747370871167,-1.0965443603515623,0.33039982910156246
50.23858189582825,-0.0013323124061025418,-0.7613561279296874,-1.5466542724609373
50.25853705406189,0.011058192970651094,-0.32082302246093747,-0.5626373901367188
50.278531551361084,0.009192955602107537,-0.14604630126953125,-0.7230489013671875
50.29834008216858,0.011058192970651094,-0.15562310791015624,-0.05027823486328125
50.31827425956726,0.009459418083328047,-0.7278373046875,0.296881005859375
50.33841300010681,-0.0005329249624410166,-0.2657563842773437,0.16998831787109375
50.35866594314575,-0.025180704475338038,-0.4477157104492187,-0.5889736083984375
50.37873339653015,-0.045298621807486415,0.00718260498046875,-0.59376201171875
50.39860010147095,-0.05502450237203497,-1.1923124267578125,0.26336218261718747
50.41874718666077,-0.05049464019128633,-1.2569558715820313,0.55545478515625
50.43900227546692,-0.036238897445989134,0.507570751953125,0.6823474731445313
50.458619832992554,-0.027712098046932865,-1.5298948608398437,-1.6400281372070311
50.47826099395752,-0.017453292519943295,-0.0430956298828125,-0.28012159423828126
50.49858021736145,0.0029310872934255917,-0.9241618408203125,0.1005564697265625
50.51898217201233,0.015188361429568975,-0.39983167724609375,-0.507570751953125
50.53874588012695,0.011591117933092112,0.842758984375,1.908178723144531
50.558627128601074,0.015188361429568975,1.3934253662109375,1.9009961181640624
50.57881832122803,0.02598009191899956,-4.187458703613281,-3.7612908081054686
50.598634481430054,-0.07274425737319877,1.3742717529296875,-0.7637503295898437
50.61907196044922,-0.0961929557206035,-1.68551796875,-0.8355763793945312
50.638497829437256,-0.13749464030978228,0.9648632690429687,0.033518823242187495
50.65894937515259,-0.1247044412111979,-0.02154781494140625,-1.4006079711914061
50.67831897735596,-0.12510413493302866,-2.511517541503906,-1.6448165405273436
50.698829889297485,-0.07794027575699868,0.19632453613281248,1.9105729248046874
50.71856355667114,-0.05515773361264523,-2.384624853515625,-0.8164227661132812
50.73884057998657,-0.028378254249984136,0.16519991455078123,-0.08140285644531249
50.7586989402771,-0.01945176112909711,0.5482721801757812,0.2561795776367187
50.77860188484192,0.0013323124061025418,-2.2385785522460937,-1.5969325073242187
50.79839205741882,0.014788667707738212,-1.16837041015625,-1.2808978881835937
50.81841850280762,0.04236753451406082,-1.5538368774414062,-0.11252747802734374
50.83872389793396,0.07740735079455767,0.3232172241210937,0.8403647827148437
50.85844016075134,0.07754058203516792,-1.7166425903320313,-1.8531120849609375
50.878381967544556,0.04716385917602997,-0.3064578125,-0.9121908325195311
50.89892029762268,0.018652373685435583,-0.7517793212890624,0.6272808349609375
50.91862344741821,0.004130168458917879,0.15562310791015624,-0.1771709228515625
50.93863129615784,-0.03384073511500456,0.37828386230468747,-0.22026655273437498
50.95906448364258,-0.0005329249624410166,-0.22266075439453123,-0.5195417602539062
50.97855043411255,-0.049695252747624805,-0.055066638183593745,-0.17477672119140625
50.999245405197144,-0.07061255752343472,-1.0917559570312498,-1.0654197387695312
51.01857805252075,-0.05662327725935802,-0.469263525390625,0.37828386230468747
51.038581132888794,-0.06275191432742971,-1.0031704956054688,-0.06464344482421874
51.058886766433716,-0.07341041357625004,-0.4525041137695312,-0.5530605834960938
51.07835936546326,-0.06914701387672191,-1.6065093139648436,-1.3479355346679687
51.098501682281494,-0.07287748861380902,0.0,-0.4860229370117187
51.11946392059326,-0.05156049011616837,-2.81558115234375,-0.062249243164062495
51.13868260383606,-0.018785604926045835,-0.6296750366210937,-0.20350714111328125
51.15869665145874,0.005595712105630674,-0.5961562133789062,-0.05985504150390625
51.1786630153656,0.027845329287543123,-1.158793603515625,-1.39821376953125
51.19846272468567,0.039969372183076245,-0.7565677246093749,-0.5386953735351562
51.218530893325806,0.05688973974057853,-1.7525556152343749,-0.8068459594726562
51.23845553398132,0.06435068921475276,-0.43574470214843747,0.06464344482421874
51.258604764938354,0.06515007665841428,-0.229843359375,-0.6392518432617187
51.278656005859375,0.0770076570727269,-0.7685387329101562,-0.63206923828125
51.29837942123413,0.11964165406800824,-4.553771557617187,-2.683900061035156
51.31847834587097,0.058754977109122086,-0.7158662963867187,-0.35194764404296874
51.33843636512756,0.013323124061025418,1.599326708984375,-0.26815058593749996
51.35867142677307,0.04223430327345057,-0.011971008300781249,0.9696516723632812
51.378363370895386,0.09579326199877274,1.4628572143554686,0.2825157958984375
51.3984591960907,0.09672588068304452,0.7110778930664062,-1.7477672119140624
51.418620347976685,0.006661562030512709,-2.9759926635742184,4.505887524414062
51.438711404800415,-0.03490658503988659,1.2282254516601563,0.0383072265625
51.45858573913574,-0.03557274124293786,-1.675941162109375,-0.6967126831054687
51.47874617576599,-0.022782542144353463,-1.3814543579101561,-0.3136404174804687
51.49859428405762,-0.013189892820415163,0.3447650390625,-1.216254443359375
51.518399715423584,-0.00866003063966652,-2.051830822753906,0.5674257934570313
51.53848719596863,-0.008526799399056265,0.5961562133789062,-0.47165772705078124
51.55878925323486,-0.0014655436467127959,-1.6831237670898436,0.6943184814453125
51.578317642211914,0.027712098046932865,0.6823474731445313,-1.458068811035156
51.59818935394287,0.00985911180515881,-0.38307226562499996,-0.6655880615234374
51.61842942237854,-0.004929555902579405,-1.7022773803710936,1.1348515869140625
51.63842511177063,-0.011990811654922875,0.040701428222656245,0.9097966308593749
51.658385038375854,-0.057955589665460557,-1.2042834350585936,-1.2234370483398436
51.67821979522705,-0.09179632478046512,0.852335791015625,-1.465251416015625
51.69813585281372,-0.06435068921475276,-0.2346317626953125,0.2825157958984375
51.71831822395325,-0.04849617158213252,-0.0909796630859375,-0.8355763793945312
51.73844385147095,-0.027045941843881597,0.1484405029296875,-0.5506663818359374
51.758408308029175,-0.0039969372183076245,-0.062249243164062495,-0.0909796630859375
51.77858805656433,-0.004130168458917879,-0.49320554199218747,-0.1149216796875
51.79858636856079,0.014788667707738212,0.6536170532226562,0.2154781494140625
51.818591833114624,0.0011990811654922875,0.011971008300781249,0.7206546997070312
51.838425636291504,-0.00985911180515881,-1.2737152832031249,0.28969840087890625
51.8590362071991,-0.01692036755750228,0.5626373901367188,-0.9193734375
51.87867069244385,-0.026646248122050836,-0.5770026000976562,0.086191259765625
51.89848303794861,-0.036238897445989134,-0.1292868896484375,-0.38307226562499996
51.919116497039795,-0.026646248122050836,-0.5219359619140624,0.2059013427734375
51.93923592567444,-0.011058192970651094,-0.00718260498046875,-0.009576806640625
51.958707094192505,-0.028911179212425153,-0.09576806640624999,-0.7876923461914062
51.97854924201965,-0.028111791768763626,-0.8954314208984374,0.26815058593749996
51.999194383621216,-0.05635681477813751,-0.277727392578125,-0.34715924072265625
52.018845319747925,-0.036372128686599385,-2.059013427734375,1.0223241088867188
52.038960218429565,-0.03956967846124549,0.70868369140625,0.7685387329101562
52.05880880355835,-0.03144257278401998,-2.4756045166015626,-1.7501614135742187
52.078455686569214,-0.021983154700691936,-0.9720458740234375,-0.8451531860351562
52.09866404533386,-0.025447166956558548,0.2825157958984375,0.8930372192382812
52.11843824386597,-0.03264165394951227,-0.45489831542968745,-0.105344873046875
52.139233350753784,0.005995405827461438,0.8188169677734375,-0.07900865478515624
52.15858769416809,0.018119448722994567,-1.68551796875,-2.923320227050781
52.178603649139404,-0.014255742745297196,1.6639701538085936,0.6727706665039062
52.19859957695007,-0.046098009251147945,-0.13646949462890623,0.9816226806640624
52.21898603439331,-0.06115313944010666,-1.3263877197265623,-0.7493851196289062
52.23873019218445,-0.02438131703167651,-0.3280056274414062,-0.09337386474609374
52.2586452960968,-0.005329249624410167,-0.5363011718749999,-0.7158662963867187
52.27849864959717,0.0029310872934255917,0.48123453369140623,-0.7038952880859375
52.298580169677734,0.0010658499248820332,-1.5682020874023437,-0.08379705810546874
52.318254709243774,0.008926493120887028,-0.1292868896484375,-0.10295067138671875
52.33868980407715,0.015854517632620246,-0.5123591552734374,0.201112939453125
52.35852289199829,0.016653905076281773,-0.5099649536132812,-0.6177040283203125
52.37841081619263,0.025047473234727783,0.5147533569335937,0.47165772705078124
52.39840602874756,0.016120980113840753,-1.2785036865234374,-0.031124621582031248
52.41836190223694,0.006128637068071691,-0.5315127685546874,0.5027823486328125
52.43878650665283,-0.00159877488732305,-0.316034619140625,0.1771709228515625
52.45870542526245,-0.007860643196004996,-1.139639990234375,-1.2234370483398436
52.47872757911682,0.0073277182335639785,-0.13168109130859373,-0.5410895751953124
52.49943232536316,-0.0127901990985844,-1.5155296508789062,-0.12689268798828124
52.51832103729248,0.007727411955394742,-2.4109610717773435,0.06943184814453125
52.53891968727112,0.0035972434964768626,0.5386953735351562,-0.1388636962890625
52.5584990978241,0.0035972434964768626,-0.7661445312499999,-0.44532150878906246
52.578463554382324,-0.024781010753507273,-1.1228805786132812,-0.8092401611328125
52.598793745040894,-0.02744563556571236,-4.752490295410156,0.5123591552734374
52.61839151382446,0.004396630940138387,0.2442085693359375,0.6440402465820312
52.638896465301514,-0.01052526800821008,-0.8547299926757812,-0.622492431640625
52.658621311187744,-0.0030643185340358454,-0.16280571289062498,-0.35194764404296874
52.678486824035645,-0.017586523760553547,-0.5363011718749999,-1.3383587280273437
52.69863510131836,-0.007727411955394742,-0.6655880615234374,0.45968671875
52.71863555908203,0.010392036767599824,-0.031124621582031248,0.5506663818359374
52.739498138427734,0.006928024511733216,-1.7549498168945312,0.565031591796875
52.75859022140503,0.03384073511500456,0.5458779785156249,-1.0223241088867188
52.7787070274353,-0.015588055151399738,-0.2442085693359375,0.2561795776367187
52.798479080200195,-0.015188361429568975,-0.6344634399414062,-0.011971008300781249
52.81856608390808,-0.020384379813368887,-0.6296750366210937,0.3758896606445312
52.838868856430054,-0.02371516082862524,-0.15322890625,0.8283937744140625
52.858707427978516,-0.0383705972957532,-1.8052280517578123,-1.5777788940429687
52.87834644317627,-0.027978560528153375,-0.16519991455078123,-0.1292868896484375
52.89833879470825,-0.03863705977697371,-1.2018892333984375,-0.603338818359375
52.91863417625427,-0.028245023009373885,-1.39821376953125,-0.01915361328125
52.93876934051514,-0.013989280264076687,0.9959878906249999,0.7805097412109374
52.95883345603943,-0.015454823910789483,-2.0973206542968748,-0.49320554199218747
52.97863507270813,-0.0011990811654922875,1.879448303222656,0.28012159423828126
52.998719215393066,-0.026513016881440577,-0.8044517578125,0.7613561279296874
53.018505334854126,-0.012656967857974145,-1.5131354492187499,-0.5123591552734374
53.03881645202637,-0.01945176112909711,0.3687070556640625,-0.5195417602539062
53.058520555496216,-0.0302434916185277,-0.5674257934570313,0.06703764648437499
53.078289270401,-0.01212404289553313,0.13646949462890623,0.16041151123046873
53.098416805267334,-0.03770444109270193,0.15083470458984374,0.4836287353515625
53.11846089363098,-0.020251148572758632,-2.118868469238281,0.4261678955078125
53.138644218444824,-0.02105053601642016,-0.1484405029296875,-0.26815058593749996
53.158631801605225,-0.023049004625573973,-0.6272808349609375,-0.9433154541015625
53.17877912521362,-0.032508422708902016,-0.16519991455078123,-0.5243301635742187
53.19859528541565,-0.041434915829789046,-0.9002198242187499,0.47165772705078124
53.21871876716614,-0.03077641658096871,0.105344873046875,0.1771709228515625
53.23868227005005,-0.032508422708902016,-1.4006079711914061,0.6488286499023437
53.25848340988159,-0.03503981628049684,-0.5219359619140624,-1.6519991455078125
53.278449058532715,-0.06794793271122962,-0.8379705810546875,-0.4285620971679687
53.298715353012085,-0.03557274124293786,-0.40222587890625,-0.3711012573242187
53.31906700134277,-0.007194486992953725,0.34715924072265625,-0.19871873779296872
53.338834285736084,0.024781010753507273,-1.1061211669921875,0.5147533569335937
53.358591079711914,0.019052067407266345,-0.011971008300781249,-1.5921441040039062
53.37848448753357,0.011990811654922875,-0.229843359375,0.469263525390625
53.39864945411682,-0.021716692219471426,-0.5243301635742187,-0.39983167724609375
53.418667793273926,-0.014122511504686942,-1.2689268798828124,0.45489831542968745
53.438812017440796,-0.03437366007744557,0.12449848632812499,0.3758896606445312
53.45848059654236,-0.036505359927209644,-2.1021090576171875,-1.1180921752929687
53.47896218299866,-0.032108728987071254,0.01915361328125,-0.373495458984375
53.498618841171265,-0.02598009191899956,-0.41898529052734373,-0.22026655273437498
53.51862978935242,0.03370750387439431,-1.6112977172851561,0.10773907470703124
53.53889012336731,-0.0002664624812205083,-0.16998831787109375,0.33039982910156246
53.55867910385132,-0.01438897398590745,-1.0845733520507812,-1.7525556152343749
53.57833647727966,-0.0030643185340358454,0.11013327636718749,-1.2641384765625
53.59851431846619,0.032375191468291764,-0.05027823486328125,0.6200982299804687
53.618847131729126,0.01705359879811253,-1.2042834350585936,0.201112939453125
53.63861632347107,0.011990811654922875,-0.05027823486328125,-0.3399766357421875
53.65842127799988,0.016653905076281773,-0.6272808349609375,-1.0869675537109373
53.6784348487854,0.01345635530163567,-0.19632453613281248,-0.9600748657226562
53.69856667518616,0.010658499248820334,-0.5051765502929687,0.2609679809570312
53.71841311454773,-0.0005329249624410166,-0.49320554199218747,-0.25139117431640623
53.73878836631775,0.004529862180748642,-0.5051765502929687,0.11731588134765625
53.75846815109253,-0.002398162330984575,-0.5267243652343749,-0.928950244140625
53.778298139572144,-0.02118376725703041,-0.05746083984375,-0.22266075439453123
53.79841327667236,-0.022516079663132953,-1.1156979736328125,-0.28730419921875
53.81836700439453,-0.0305099540997482,-0.7876923461914062,0.2753331909179687
53.838778495788574,-0.0075941807147844875,-0.3232172241210937,0.8068459594726562
53.858455657958984,-0.015454823910789483,-1.0079588989257813,-0.5482721801757812
53.87821865081787,-0.004929555902579405,0.6368576416015624,-0.45489831542968745
53.89832901954651,-0.020251148572758632,-2.138022082519531,-0.47884033203125
53.91907262802124,0.01732006127933304,0.3902548706054687,-0.10295067138671875
53.93863892555237,0.02464777951289702,-0.143652099609375,0.7302315063476562
53.96076250076294,0.006661562030512709,-0.8643067993164062,-1.197100830078125
53.97852420806885,-0.0014655436467127959,0.24660277099609373,-0.32561142578124996
53.998515129089355,-0.021983154700691936,-1.0079588989257813,-0.22266075439453123
54.018478870391846,-0.036372128686599385,-1.4341267944335936,-0.08140285644531249
54.038610219955444,-0.013856049023466432,1.4700398193359374,0.3280056274414062
54.059441566467285,-0.0302434916185277,-2.212242333984375,-0.9959878906249999
54.07848119735718,-0.02904441045303541,0.6009446166992187,-1.0414777221679687
54.098483085632324,-0.03850382853636345,-1.0271125122070313,-0.19632453613281248
54.11837840080261,-0.016520673835671518,0.36152445068359373,0.2059013427734375
54.13879370689392,-0.0030643185340358454,-0.2442085693359375,0.9050082275390624
54.1591157913208,0.003464012255866608,-0.15322890625,-0.1580173095703125
54.178767681121826,-0.01985145485092787,-0.4333505004882812,-0.8738836059570312
54.1985821723938,-0.028378254249984136,-0.8762778076171874,0.239420166015625
54.21845197677612,-0.02424808579106626,0.14125789794921875,0.20829554443359374
54.238667011260986,-0.026646248122050836,-1.0079588989257813,0.46686932373046874
54.25899529457092,-0.02531393571594829,0.59376201171875,-0.8858546142578124
54.27864122390747,-0.026513016881440577,-1.4437036010742186,-0.201112939453125
54.29867243766785,-0.01705359879811253,-0.46686932373046874,-0.63206923828125
54.31841230392456,-0.015588055151399738,-0.6727706665039062,0.5315127685546874
54.33876276016235,-0.002531393571594829,-0.0430956298828125,0.2705447875976562
54.35869288444519,-0.014122511504686942,-1.3072341064453123,-0.8643067993164062
54.37866544723511,-0.016653905076281773,0.6368576416015624,-0.26336218261718747
54.39854383468628,-0.04356661567955311,-1.7501614135742187,0.016759411621093748
54.41855049133301,-0.037304747370871166,-0.7996633544921875,-0.3399766357421875
54.43864154815674,-0.036505359927209644,-0.11731588134765625,1.1468225952148436
54.459062576293945,-0.048229709100912004,-1.8076222534179687,-1.3766659545898436
54.47855758666992,-0.05062787143189658,-0.5578489868164063,-0.6057330200195312
54.4984188079834,-0.06728177650817835,-0.8595183959960937,-0.35194764404296874
54.518654108047485,-0.02717917308449185,-1.1875240234375,-0.3902548706054687
54.538575887680054,0.005329249624410167,-0.22026655273437498,0.3112462158203125
54.55837368965149,0.0302434916185277,-0.5051765502929687,-0.82360537109375
54.5786075592041,0.01985145485092787,-0.1771709228515625,-0.6081272216796875
54.59852051734924,0.0095926493239383,-0.3447650390625,-0.17238251953125
54.618488788604736,-0.0011990811654922875,-0.1484405029296875,-0.1484405029296875
54.63866186141968,-0.01851914244482533,-0.6919242797851562,-0.46208092041015625
54.65862274169922,-0.032108728987071254,-0.086191259765625,-0.33758243408203126
54.678420066833496,-0.0334410413931738,-0.5219359619140624,-0.6392518432617187
54.698264598846436,-0.01345635530163567,-0.3232172241210937,-0.229843359375
54.71864628791809,-0.002398162330984575,-0.14604630126953125,0.2920926025390625
54.73882579803467,0.0035972434964768626,-1.599326708984375,0.13646949462890623
54.75845646858215,0.0019984686091538122,-0.34715924072265625,-0.23702596435546874
54.778934478759766,-0.03384073511500456,-0.6512228515624999,-0.9265560424804687
54.798848152160645,0.003464012255866608,-0.9361328491210937,-0.9816226806640624
54.818912506103516,0.004529862180748642,-0.6871358764648438,0.277727392578125
54.83883500099182,-0.0073277182335639785,-1.1348515869140625,-0.08379705810546874
54.85893416404724,0.005595712105630674,-1.5538368774414062,-0.5123591552734374
54.878262758255005,0.009459418083328047,0.5746083984375,-0.689530078125
54.89844012260437,0.0002664624812205083,-1.158793603515625,-0.4213794921875
54.918296098709106,0.017453292519943295,-1.4006079711914061,-0.105344873046875
54.93880105018616,0.010791730489430587,0.1388636962890625,0.2059013427734375
54.95886945724487,0.0058621745868511835,-1.199495031738281,-0.6943184814453125
54.97919225692749,0.00013323124061025415,1.1540052001953125,-0.6392518432617187
54.99919366836548,-0.017186830038722786,-2.31758720703125,-0.16998831787109375
55.01903700828552,-0.017719755001163805,0.05746083984375,-0.8762778076171874
55.038779973983765,-0.013589586542245924,-1.1444283935546875,0.1005564697265625
55.05866813659668,-0.002264931090374321,-0.03591302490234375,-0.22744915771484372
55.078540325164795,-0.0255803981971688,-0.2537853759765625,-0.70868369140625
55.09900665283203,-0.01732006127933304,-0.6248866333007812,-0.011971008300781249
55.11871337890625,-0.0073277182335639785,-0.622492431640625,0.17956512451171874
55.13882255554199,0.0058621745868511835,-1.1540052001953125,0.6512228515624999
55.15907645225525,-0.009459418083328047,-0.15083470458984374,-0.7254431030273437
55.17855978012085,-0.022516079663132953,-0.928950244140625,-0.6464344482421874
55.19871187210083,-0.010258805526989571,-0.46686932373046874,-0.4285620971679687
55.218684911727905,-0.015588055151399738,-1.0510545288085937,0.41898529052734373
55.23869514465332,-0.010125574286379316,-0.737414111328125,-0.29927520751953124
55.25840950012207,-0.016387442595061263,-1.1563994018554686,-0.39264907226562495
55.278306007385254,-0.017453292519943295,0.7206546997070312,0.03591302490234375
55.29893946647644,-0.029177641693645662,-2.398990063476562,-0.7876923461914062
55.31891655921936,-0.010258805526989571,0.9648632690429687,0.5386953735351562
55.33907866477966,-0.01532159267017923,-0.03591302490234375,-0.028730419921875
55.35878038406372,-0.008926493120887028,-0.967257470703125,0.25139117431640623
55.378562927246094,-0.01851914244482533,0.7230489013671875,-0.19871873779296872
55.39835524559021,-0.04596477801053769,-1.3718775512695311,-0.21068974609375
55.418580532073975,-0.05182695259738887,0.1580173095703125,-0.3184288208007812
55.43877816200256,-0.044099540641994124,0.09576806640624999,0.5506663818359374
55.45885872840881,-0.044765696845045395,-1.608903515625,-1.0223241088867188
55.47881817817688,-0.03503981628049684,-0.2442085693359375,-1.0893617553710937
55.49872398376465,-0.02078407353519965,-1.024718310546875,-0.076614453125
55.518656730651855,0.004396630940138387,0.29448680419921874,0.1197100830078125
55.53873562812805,0.01212404289553313,-0.8259995727539062,-0.08379705810546874
55.55872297286987,0.011058192970651094,0.2753331909179687,-0.9816226806640624
55.57856321334839,-0.015987748873230498,-0.4908113403320312,-0.09576806640624999
55.598835468292236,-0.022116385941302188,0.143652099609375,0.6560112548828124
55.61873126029968,-0.0006661562030512709,-0.6057330200195312,0.00718260498046875
55.638885736465454,-0.03317457891195329,-1.3575123413085937,0.39743747558593745
55.658732414245605,-0.04023583466429676,-0.44053310546874996,-1.2641384765625
55.67865228652954,-0.06781470147061937,-1.9512743530273435,-0.7757213378906249
55.698402404785156,-0.06621592658329632,-0.06943184814453125,-1.350329736328125
55.71866416931152,-0.027045941843881597,-0.9744400756835937,0.7805097412109374
55.73869442939758,-0.00866003063966652,-0.4860229370117187,-0.01915361328125
55.758965253829956,0.008793261880276773,-1.2234370483398436,-0.699106884765625
55.77900457382202,0.007860643196004996,0.74699091796875,-0.0143652099609375
55.79841470718384,-0.012523736617363892,-1.678335363769531,-0.7876923461914062
55.81849455833435,0.008393568158446012,-1.3311761230468748,-0.2154781494140625
55.83869290351868,0.005329249624410167,-0.22505495605468748,0.062249243164062495
55.85960268974304,-0.0063950995492922,-0.7996633544921875,-0.11252747802734374
55.878523111343384,-0.01732006127933304,0.09576806640624999,-0.5458779785156249
55.89832043647766,-0.01851914244482533,-1.5298948608398437,-0.30406361083984373
55.91870450973511,-0.008127105677225504,-0.5865794067382812,0.3447650390625
55.93870687484741,-0.0037304747370871167,-0.46208092041015625,0.6823474731445313
55.95865201950073,-0.001732006127933304,-0.6679822631835937,-0.2753331909179687
55.978753328323364,-0.00159877488732305,-0.28969840087890625,-1.0941501586914062
55.99868106842041,0.010125574286379316,-0.7326257080078125,-0.5530605834960938
56.018876791000366,-0.004663093421358896,-0.3280056274414062,-0.08140285644531249
56.03896927833557,0.0013323124061025418,-0.9959878906249999,0.06464344482421874
56.05862855911255,0.006928024511733216,-0.32082302246093747,-0.373495458984375
56.07870388031006,0.0011990811654922875,-0.842758984375,-0.6081272216796875
56.09869456291199,-0.03144257278401998,-0.6248866333007812,-0.967257470703125
56.118849992752075,-0.009326186842717792,-1.1061211669921875,0.2753331909179687
56.13887119293213,0.012390505376753637,-0.5506663818359374,0.5602431884765625
56.158721685409546,0.012656967857974145,-0.30406361083984373,-0.3902548706054687
56.17859935760498,0.0026646248122050836,-1.2473790649414063,-0.7517793212890624
56.19817852973938,-0.00866003063966652,-0.34237083740234375,-0.584185205078125
56.21838855743408,-0.005062787143189658,-0.4740519287109375,-0.06703764648437499
56.23875427246094,-0.004529862180748642,-1.5682020874023437,-0.3184288208007812
56.25844478607178,0.01052526800821008,-0.28730419921875,-0.6153098266601562
56.27885985374451,-0.005329249624410167,0.00239420166015625,-0.22505495605468748
56.29862880706787,-0.026646248122050836,-0.9050082275390624,0.05027823486328125
56.31862783432007,-0.009459418083328047,-0.5003881469726562,0.028730419921875
56.338517904281616,-0.026779479362661087,-1.6041151123046875,0.3854664672851562
56.35857701301575,-0.011191424211261349,0.239420166015625,-0.08379705810546874
56.37858867645264,-0.03850382853636345,0.49320554199218747,-0.7038952880859375
56.39842391014099,-0.06821439519245012,-1.0175357055664063,-0.6775590698242188
56.418442487716675,-0.03543951000232761,-0.5291185668945312,0.11013327636718749
56.43884062767029,-0.013056661579804908,-0.5793968017578125,0.6416460449218749
56.4584436416626,0.00159877488732305,-0.5363011718749999,-0.6344634399414062
56.478376150131226,-0.006261868308681946,0.0143652099609375,-0.6679822631835937
56.49900031089783,-0.0035972434964768626,-0.6368576416015624,-0.0383072265625
56.51862931251526,0.0029310872934255917,-0.22744915771484372,0.34715924072265625
56.53858733177185,0.012656967857974145,0.22505495605468748,0.4165910888671875
56.558703899383545,-0.009059724361497283,-0.6464344482421874,-0.612915625
56.57898807525635,-0.024781010753507273,-0.06943184814453125,0.3758896606445312
56.59830927848816,-0.04449923436382489,-0.21068974609375,-0.1197100830078125
56.61852312088013,-0.057422664703019544,-1.1851298217773436,-0.39983167724609375
56.63888335227966,-0.05342572748471192,-0.6416460449218749,0.45010991210937495
56.65889310836792,-0.050361408950676076,-0.7805097412109374,-0.4213794921875
56.67887854576111,-0.049961715228845315,0.2442085693359375,-0.584185205078125
56.698312520980835,-0.04716385917602997,-1.7262193969726563,-0.6560112548828124
56.71872329711914,-0.023049004625573973,0.7805097412109374,0.565031591796875
56.738643169403076,-0.01958499236970736,-0.6967126831054687,0.3950432739257812
56.75844621658325,0.0063950995492922,-0.8571241943359375,-0.7350199096679687
56.77836036682129,0.011724349173702367,-0.18435352783203124,-0.852335791015625
56.798413038253784,-0.010125574286379316,-0.47165772705078124,-0.20350714111328125
56.81856441497803,-0.002531393571594829,0.2059013427734375,0.5123591552734374
56.838454246520996,-0.019984686091538122,-0.39264907226562495,0.36391865234375
56.8589870929718,-0.02624655440022007,-1.3575123413085937,-0.5386953735351562
56.87845849990845,-0.04689739669480947,0.18435352783203124,-0.7661445312499999
56.89837026596069,-0.059021439590342596,-0.718260498046875,-0.6967126831054687
56.91860342025757,-0.026379785640830326,0.258573779296875,-0.105344873046875
56.93876075744629,-0.0075941807147844875,-0.8930372192382812,0.09816226806640624
56.95900344848633,-0.0009326186842717792,0.05746083984375,-0.51714755859375
56.97880554199219,-0.007727411955394742,-0.27293898925781246,-0.03591302490234375
56.99918460845947,-0.015454823910789483,-0.009576806640625,-0.19871873779296872
57.01917600631714,-0.029444104174866172,-1.2785036865234374,-0.7015010864257812
57.03954529762268,-0.011058192970651094,0.12210428466796874,0.3112462158203125
57.058807373046875,-0.016387442595061263,-0.7637503295898437,-0.47644613037109373
57.078803062438965,-0.004929555902579405,-0.6823474731445313,-0.5746083984375
57.09885120391846,-0.03357427263378405,0.2753331909179687,-1.656787548828125
57.11933445930481,0.012390505376753637,-1.0821791503906248,-0.0430956298828125
57.13893175125122,0.018119448722994567,-0.41419688720703124,-0.07422025146484375
57.158591985702515,0.026113323159609816,-0.9121908325195311,0.19153613281249998
57.17849516868591,0.013589586542245924,-0.5243301635742187,-0.7206546997070312
57.19925284385681,0.013856049023466432,-1.22583125,-0.6967126831054687
57.21878147125244,0.004396630940138387,0.076614453125,-0.062249243164062495
57.23929715156555,-0.014921898948348467,-1.3862427612304686,-0.5339069702148437
57.25873160362244,-0.0073277182335639785,0.16280571289062498,0.0430956298828125
57.2786819934845,-0.016387442595061263,-0.5267243652343749,-0.718260498046875
57.29850101470947,-0.026513016881440577,-1.5729904907226562,-2.2002713256835937
57.31877017021179,-0.010924961730040842,-0.26336218261718747,0.4740519287109375
57.338529109954834,-0.0014655436467127959,-0.4213794921875,0.296881005859375
57.35830068588257,0.0191852986478766,-0.4261678955078125,-0.09337386474609374
57.378764629364014,0.010924961730040842,-0.32082302246093747,-1.0079588989257813
57.39872646331787,0.020517611053979142,-0.8164227661132812,-0.430956298828125
57.41883087158203,0.013323124061025418,0.229843359375,-0.181959326171875
57.43876528739929,0.017852986241774057,-0.05027823486328125,0.3399766357421875
57.458779096603394,0.006128637068071691,-0.5985504150390625,-0.23702596435546874
57.47842001914978,-0.013189892820415163,-0.3591302490234375,-0.9552864624023437
57.49874567985535,-0.020251148572758632,-0.7541735229492187,-0.3280056274414062
57.51883029937744,-0.013323124061025418,-0.7015010864257812,-0.16041151123046873
57.538512229919434,-0.006661562030512709,0.12449848632812499,1.199495031738281
57.55845642089844,-0.03770444109270193,-0.9193734375,-1.1707646118164061
57.5788996219635,-0.02691271060327134,-0.9864110839843749,-0.70868369140625
57.598928928375244,-0.037171516130260915,-0.5267243652343749,-0.6967126831054687
57.61863470077515,-0.028378254249984136,-0.5506663818359374,-0.1197100830078125
57.63847541809082,-0.021716692219471426,-1.0127473022460938,0.4213794921875
57.65841770172119,-0.002264931090374321,-0.2154781494140625,-0.7781155395507812
57.67817664146423,-0.013589586542245924,0.22026655273437498,-0.258573779296875
57.6985878944397,-0.015854517632620246,-1.0773907470703123,-0.9361328491210937
57.71842312812805,0.008260336917835759,0.055066638183593745,1.4245499877929686
57.73855948448181,-0.0006661562030512709,-1.3096283081054687,-0.5315127685546874
57.75830030441284,-0.008260336917835759,0.0430956298828125,-1.0366893188476562
57.77856969833374,-0.017986217482384312,0.3758896606445312,-0.8475473876953125
57.798693895339966,-0.036105666205378875,-0.8762778076171874,0.11252747802734374
57.818793058395386,-0.03503981628049684,0.201112939453125,-0.28012159423828126
57.83877635002136,-0.044232771882604376,-0.7924807495117187,0.2537853759765625
57.85848045349121,-0.03503981628049684,0.852335791015625,-0.34715924072265625
57.878647327423096,-0.0383705972957532,-1.0845733520507812,-0.7062894897460937
57.89818453788757,-0.017453292519943295,-0.09576806640624999,-0.737414111328125
57.918487787246704,-0.010791730489430587,-1.0797849487304687,0.040701428222656245
57.938735008239746,0.0002664624812205083,-0.18914193115234373,0.6631938598632812
57.95892810821533,-0.006128637068071691,-0.5195417602539062,-0.9648632690429687
57.97825765609741,-0.00013323124061025415,-0.46686932373046874,-0.19632453613281248
57.99829125404358,0.0075941807147844875,0.28730419921875,-0.2537853759765625
58.018399477005005,0.004130168458917879,-1.2952630981445312,-0.6823474731445313
58.038567543029785,0.03370750387439431,-0.5722141967773438,0.23223756103515625
58.05927014350891,0.04170137831100955,-1.8100164550781248,-2.0973206542968748
58.07879853248596,0.1119142421126135,-0.25139117431640623,-2.3247698120117186
58.098479986190796,0.20610872922406318,-1.8698714965820311,-1.5298948608398437
58.11843395233154,0.32654977073573294,-1.1468225952148436,-0.3806780639648437
58.13843369483948,0.42660643243403384,-2.3870190551757813,-1.3742717529296875
58.158362865448,0.4760352227004381,0.05985504150390625,0.06703764648437499
58.178337812423706,0.48269678473095085,-0.4477157104492187,-0.4477157104492187
58.19832253456116,0.4786998475126432,-0.39264907226562495,-0.3184288208007812
58.21846055984497,0.5281286377790475,-1.0989385620117187,-0.35194764404296874
58.238659143447876,0.5286615627414886,-1.1875240234375,-0.28490999755859375
58.25861358642578,0.5185359884551092,-1.7381904052734374,-0.8212111694335937
58.27853512763977,0.5359892809750525,0.6416460449218749,-0.5099649536132812
58.29857420921326,0.5347901998095602,-1.2952630981445312,-0.4333505004882812
58.31869101524353,0.5736937220677545,-0.718260498046875,0.16759411621093748
58.33865213394165,0.6063353760172666,-0.9648632690429687,0.2825157958984375
58.35838007926941,0.6832098018493833,-0.6847416748046875,-1.2593500732421874
58.37826085090637,0.7628820837343153,-0.7326257080078125,-0.8571241943359375
58.39828896522522,0.7844655447131764,-0.9409212524414062,-0.9002198242187499
58.418413400650024,0.9127672294208513,-0.4860229370117187,-0.023942016601562498
58.43872284889221,0.935150077843374,-1.0534487304687499,-0.5530605834960938
58.45829725265503,0.9631286383715274,-0.430956298828125,-0.34237083740234375
58.478724002838135,0.9908407364184603,-0.46686932373046874,-0.26336218261718747
58.498220682144165,1.0101592663069472,-0.8307879760742187,-0.13168109130859373
58.51848912239075,1.0220168467212598,-1.3048399047851562,0.9816226806640624
58.53838562965393,1.0350735083010645,-0.6919242797851562,0.17477672119140625
58.558478116989136,1.0554578881144334,-0.49320554199218747,0.1867477294921875
58.57833433151245,1.0617197564231153,-0.842758984375,-0.48123453369140623
58.5983304977417,1.0417350703315773,-0.7637503295898437,0.4213794921875
58.61868619918823,0.9667258818680042,-0.18435352783203124,1.419761584472656
58.63851475715637,0.8977120992318925,0.51714755859375,0.41419688720703124
58.65850281715393,0.8416217469349755,0.5123591552734374,0.5219359619140624
58.67855262756348,0.8119111802788889,-0.612915625,0.7254431030273437
58.69837260246277,0.776871363998392,0.047884033203124995,0.9648632690429687
58.71844124794006,0.7305068922660236,-0.1149216796875,0.9050082275390624
58.738364934921265,0.7149188371146239,0.6200982299804687,0.4644751220703125
58.75833821296692,0.6105987757167949,-1.3958195678710936,-0.7924807495117187
58.77812385559082,0.5795558966546056,0.2442085693359375,1.2832920898437499
58.79818058013916,0.5410520681182421,-0.70868369140625,0.6105214233398437
58.81836462020874,0.5443828491334985,-0.7661445312499999,1.7286135986328124
58.83854651451111,0.4794992349563047,0.0430956298828125,-1.3670891479492187
58.85847783088684,0.4429938750290951,-0.7972691528320313,0.28490999755859375
58.87822413444519,0.4339341506675978,-1.0582371337890624,0.9696516723632812
58.89868211746216,0.3730474737087116,-0.45010991210937495,0.4525041137695312
58.918537855148315,0.31868912753972795,-0.5003881469726562,0.16759411621093748
58.93853044509888,0.25793568182145205,0.7254431030273437,0.9313444458007812
58.95844578742981,0.19931393595294022,-0.488417138671875,0.47884033203125
58.97857713699341,0.1807947935081149,-0.8571241943359375,0.3064578125
58.9984564781189,0.16001071997291527,0.7589619262695312,0.1388636962890625
59.018635749816895,0.16027718245413575,-0.15322890625,-0.05746083984375
59.03866767883301,0.13856049023466432,-0.34237083740234375,-0.11013327636718749
59.058666467666626,0.12377182252692612,-0.44532150878906246,-0.17477672119140625
59.07841753959656,0.10365390519477774,-0.39264907226562495,0.6368576416015624
59.09862732887268,0.05982082703400412,-0.08379705810546874,-0.12689268798828124
59.11848545074463,0.019984686091538122,-0.3184288208007812,0.2561795776367187
59.13877296447754,-0.03437366007744557,-1.0342951171875,-0.5961562133789062
59.15843987464905,-0.03437366007744557,-0.5003881469726562,0.9433154541015625
59.17851400375366,-0.07767381327577817,-0.5315127685546874,1.1324573852539062
59.198315382003784,-0.08899846872764978,0.41419688720703124,0.6368576416015624
59.2186381816864,-0.09512710579572148,-2.2457611572265623,-0.18435352783203124
59.23878788948059,-0.07993874436615249,0.9600748657226562,-1.1755530151367186
59.258487939834595,-0.08540122523117291,-0.6607996582031249,-0.5506663818359374
59.278440952301025,-0.08753292508093698,-0.8834604125976562,-0.411802685546875
59.298285722732544,-0.09352833090839843,-0.679953271484375,0.32082302246093747
59.318451166152954,-0.09366156214900867,-0.967257470703125,-0.5363011718749999
59.33887600898743,-0.07354364481686029,0.08379705810546874,-0.105344873046875
59.35879302024841,-0.06928024511733216,-0.5506663818359374,1.1348515869140625
59.37851309776306,-0.14841960203982313,-1.6352397338867186,0.033518823242187495
59.39848828315735,-0.2496753449036163,-1.3192051147460937,-0.086191259765625
59.41835951805115,-0.33161255787892263,-2.252943762207031,0.16759411621093748
59.43849778175354,-0.39609647833428563,-1.2928688964843749,1.3215993164062498
59.45845007896423,-0.4310030633741722,-0.6751648681640625,-1.5227122558593749
59.478424072265625,-0.43180245081783375,-0.17238251953125,1.13006318359375
59.498396158218384,-0.45418529924035644,-0.8547299926757812,-0.7445967163085937
59.51847553253174,-0.39276569731902927,0.622492431640625,-0.3687070556640625
59.53851079940796,-0.34040581975919937,0.718260498046875,-0.5602431884765625
59.55850672721863,-0.23568606463953962,0.0143652099609375,-1.1516109985351561
59.57845401763916,-0.1979816235468377,0.34715924072265625,-0.10295067138671875
59.59835386276245,-0.1590781012886435,0.21308394775390624,-1.3646949462890625
59.61870193481445,-0.10245482402928546,-0.08379705810546874,-0.49320554199218747
59.638757944107056,-0.032108728987071254,-0.08140285644531249,-1.4796166259765624
59.658517599105835,0.024781010753507273,-0.5770026000976562,-1.0199299072265624
59.678462743759155,0.04263399699528134,-0.8092401611328125,-0.21068974609375
59.69823169708252,0.05062787143189658,-0.5889736083984375,0.047884033203124995
59.7184476852417,0.03810413481453269,-1.3431471313476562,-0.5961562133789062
59.738635778427124,0.071811638688927,-1.4053963745117186,-0.5458779785156249
59.75846242904663,0.05382542120654268,-0.011971008300781249,-1.1540052001953125
59.77842736244202,0.03850382853636345,-2.085349645996094,-0.8714894042968749
59.79835772514343,0.00013323124061025415,-0.469263525390625,0.2561795776367187
59.81835436820984,0.016787136316892024,-1.235408056640625,0.7637503295898437
59.83872747421265,-0.029177641693645662,-1.6807295654296874,-1.8722656982421875
59.85849046707153,-0.037171516130260915,0.1388636962890625,-0.411802685546875
59.87842679023743,-0.04210107203284032,-0.4955997436523437,0.22744915771484372
59.89846992492676,-0.03770444109270193,-0.6584054565429687,0.25139117431640623
59.91846752166748,-0.0464977029729787,-1.3215993164062498,0.10295067138671875
59.93874549865723,-0.06808116395183987,-0.5315127685546874,-0.16519991455078123
59.958351135253906,-0.08593415019361393,-0.19153613281249998,-0.8451531860351562
59.97844409942627,-0.04343338443894285,0.37828386230468747,-0.05027823486328125
59.99903845787048,0.0021316998497640663,-0.39983167724609375,-0.46686932373046874
60.01846694946289,0.024114854550456002,-0.19393033447265623,-0.488417138671875
60.0387761592865,0.03490658503988659,-0.19153613281249998,-0.49320554199218747
60.05856108665466,0.012923430339194655,-0.7709329345703124,-0.7900865478515624
60.0784866809845,0.010924961730040842,-1.4221557861328125,0.44532150878906246
60.09838008880615,0.009725880564548555,-0.8379705810546875,1.120486376953125
60.11923289299011,-0.0035972434964768626,-0.5913678100585937,-0.29927520751953124
60.13878011703491,-0.08753292508093698,-1.8650830932617186,-0.8714894042968749
60.158592224121094,-0.19531699873463262,-0.6871358764648438,-0.6248866333007812
60.1785192489624,-0.29550689167354377,-2.7557261108398436,1.8315642700195311
60.19839024543762,-0.36092343081317857,0.42377369384765623,1.0295067138671874
60.218585729599,-0.40209188416174707,-1.936909143066406,0.3711012573242187
60.23848748207092,-0.4284716698025774,-1.4245499877929686,-0.32082302246093747
60.25838851928711,-0.4531194493154744,-0.7278373046875,-2.068590234375
60.2784686088562,-0.4731041354070125,-1.2401964599609374,0.19871873779296872
60.298419713974,-0.48895865303963276,-0.0430956298828125,0.2346317626953125
60.31842517852783,-0.5098759578154427,-0.16041151123046873,0.2154781494140625
60.33845114707947,-0.5230658506358579,-0.19871873779296872,0.22505495605468748
60.358407497406006,-0.5566401232696419,-1.2713210815429687,-0.086191259765625
60.378305435180664,-0.5967427266933284,-0.4860229370117187,-0.4165910888671875
60.3982994556427,-0.6082006133858102,-0.45489831542968745,0.00718260498046875
60.41844034194946,-0.6415084235383739,-0.7589619262695312,-0.277727392578125
60.43843340873718,-0.667754977938594,-0.5770026000976562,-0.5770026000976562
60.458396196365356,-0.7031944879409215,-0.6679822631835937,-0.9576806640625
60.47843027114868,-0.7532894344103771,-0.32561142578124996,0.8355763793945312
60.498268604278564,-0.8044502308047147,-0.4525041137695312,0.040701428222656245
60.518439292907715,-0.8775941818997443,-1.3407529296874998,0.00718260498046875
60.538458585739136,-0.9291546720159125,-1.3814543579101561,-0.5793968017578125
60.55831599235535,-0.9556676888973532,-0.1292868896484375,0.5458779785156249
60.57860469818115,-0.9976355296895832,-0.8882488159179687,-0.21308394775390624
60.598740577697754,-1.0318759585264186,-0.7254431030273437,-0.12689268798828124
60.61825656890869,-1.0653169999195922,-1.0390835205078124,-1.1180921752929687
60.63906145095825,-1.0738437993186485,-0.49320554199218747,-0.32561142578124996
60.65883493423462,-1.0841026048456381,-0.7302315063476562,0.023942016601562498
60.678608655929565,-1.0900980106730995,-0.8212111694335937,-0.6727706665039062
60.69837737083435,-1.1006232786813097,-0.7972691528320313,-0.411802685546875
60.718745708465576,-1.1130137840580634,-0.6248866333007812,-0.9840168823242187
60.73861908912659,-1.1271362955627502,-0.22026655273437498,-0.5339069702148437
60.75862669944763,-1.131266464021668,-0.9169792358398436,-0.07900865478515624
60.77881407737732,-1.0858346109735715,0.22026655273437498,-0.48123453369140623
60.798418283462524,-1.0040306292388754,-0.21308394775390624,-1.8195932617187498
60.81865382194519,-0.9061056673903386,0.5363011718749999,-0.21787235107421873
60.838550329208374,-0.8306967852049347,-0.4381389038085937,-1.3168109130859373
60.85853552818298,-0.7583522215535667,-0.1771709228515625,-2.099714855957031
60.878275632858276,-0.7078575813622804,0.055066638183593745,-0.9935936889648437
60.8982572555542,-0.6870735078270808,0.047884033203124995,-0.6751648681640625
60.918272972106934,-0.6557641662836711,0.612915625,-0.36391865234375
60.9386944770813,-0.6592281785395376,-0.26336218261718747,-0.9074024291992187
60.95836520195007,-0.6324486991768765,0.6584054565429687,0.3854664672851562
60.978856563568115,-0.6152618691381538,-0.6607996582031249,-1.1180921752929687
60.99894833564758,-0.599140889024313,0.33518823242187495,0.19632453613281248
61.01894211769104,-0.5634349165407648,-0.105344873046875,-1.599326708984375
61.0386803150177,-0.5331914249222371,0.0,-0.49320554199218747
61.05847883224487,-0.479632466196915,0.3136404174804687,-0.5434837768554687
61.078309774398804,-0.455517611646459,-0.967257470703125,-1.1516109985351561
61.09844923019409,-0.44312710626970536,-0.17956512451171874,-0.9050082275390624
61.11850357055664,-0.4271393573964748,-0.7038952880859375,-0.5195417602539062
61.13902544975281,-0.3914333849129268,-0.8738836059570312,0.1149216796875
61.15847206115723,-0.35239663141412225,-0.7781155395507812,-2.138022082519531
61.17826318740845,-0.27605513054444664,-1.6017209106445311,-0.1388636962890625
61.19843077659607,-0.2063751917052837,-1.1109095703125,-1.5418658691406248
61.21826362609863,-0.13189892820415164,-0.9816226806640624,-2.166752502441406
61.23847150802612,-0.10032312417952138,-0.488417138671875,0.2657563842773437
61.25831985473633,-0.06008728951522463,-0.36152445068359373,-0.9600748657226562
61.27825212478638,-0.011990811654922875,-0.8954314208984374,0.11013327636718749
61.298645973205566,0.03583920372415837,-0.8762778076171874,-1.1516109985351561
61.31839418411255,0.04436600312321464,-0.9002198242187499,-0.5315127685546874
61.33846306800842,0.05915467083095285,-0.239420166015625,-0.3327940307617187
61.358421087265015,0.05662327725935802,-1.2210428466796874,-0.2705447875976562
61.378453731536865,0.08433537530629089,-0.1005564697265625,-0.086191259765625
61.3987021446228,0.07794027575699868,-2.1835119140624997,-0.8786720092773437
61.41836762428284,0.11364624824054681,-0.047884033203124995,-0.7996633544921875
61.43856239318848,0.16120980113840752,-2.1356278808593747,-0.9313444458007812
61.458457469940186,0.22635987779682182,-0.033518823242187495,-1.024718310546875
61.47820496559143,0.3092297094563999,-1.6735469604492186,-0.7422025146484375
61.4983344078064,0.3421378258871327,-0.59376201171875,-0.19393033447265623
61.51833510398865,0.40675497758310597,-1.668758557128906,0.055066638183593745
61.5385525226593,0.42514088878732104,-0.0909796630859375,-0.05746083984375
61.55825710296631,0.46604287965466906,-0.6153098266601562,-0.5147533569335937
61.578399896621704,0.4792327724750842,-0.4908113403320312,-0.4908113403320312
61.59834289550781,0.49575344631075574,-0.19393033447265623,-0.6392518432617187
61.61841583251953,0.49175650909244817,-0.9959878906249999,-0.5961562133789062
61.6388373374939,0.5271960190947758,-0.55545478515625,-0.4477157104492187
61.65859007835388,0.5610367542097803,-1.3479355346679687,-0.8547299926757812
61.67891335487366,0.6173935689879179,-0.469263525390625,0.12689268798828124
61.698710680007935,0.6745497712097168,-1.9584569580078124,-1.3407529296874998
61.71826481819153,0.7106554374150957,-0.737414111328125,-0.22505495605468748
61.738521337509155,0.7406324665524029,-1.3527239379882812,-1.0175357055664063
61.75834012031555,0.7807350699760893,-0.507570751953125,-0.4644751220703125
61.7785587310791,0.7992542124209148,-1.1013327636718748,0.16759411621093748
61.79850459098816,0.831895866370427,0.06943184814453125,-0.15562310791015624
61.8184859752655,0.8513476274995241,-1.4125789794921875,-0.06703764648437499
61.8385009765625,0.8759954070124212,0.1388636962890625,-1.0582371337890624
61.85848045349121,0.9062388986309488,-1.0869675537109373,-0.181959326171875
61.87825036048889,0.9195620226919743,0.4333505004882812,-0.6823474731445313
61.89839196205139,0.9490061268668405,-0.622492431640625,-0.08379705810546874
61.918580770492554,0.9474073519795174,0.07900865478515624,-0.3064578125
61.938692808151245,0.9101026046086461,-0.6607996582031249,0.4477157104492187
61.958524227142334,0.8155084237753657,0.6871358764648438,0.239420166015625
61.97850203514099,0.7167840744831674,0.3711012573242187,0.8571241943359375
61.9984655380249,0.6451056670348507,0.689530078125,0.7733271362304687
62.018452882766724,0.5920796332719694,0.6919242797851562,0.6703764648437499
62.03865194320679,0.5377212871029858,-0.4860229370117187,0.3184288208007812
62.058523178100586,0.47763399758776115,0.44053310546874996,0.5363011718749999
62.078468799591064,0.4311362946147825,-0.74699091796875,0.2442085693359375
62.09904360771179,0.4086202149516495,0.12689268798828124,0.1771709228515625
62.11856818199158,0.3983614094246599,-0.9792284790039062,-0.30885201416015623
62.13851022720337,0.39023430374743445,-0.08140285644531249,0.28012159423828126
62.15850043296814,0.3651868305127066,-0.8595183959960937,0.36152445068359373
62.178759813308716,0.32894793306671755,-0.12210428466796874,-0.13168109130859373
62.19835352897644,0.2755222055820056,-1.0845733520507812,0.7398083129882812
62.21833610534668,0.24114854550456005,0.181959326171875,0.258573779296875
62.23866009712219,0.20704134790833498,-0.9074024291992187,0.507570751953125
62.258663177490234,0.14428943358090526,0.181959326171875,-0.22505495605468748
62.27851581573486,0.11284686079688527,-0.12210428466796874,0.38307226562499996
62.29884195327759,0.07021286380160395,-0.04548983154296875,0.14604630126953125
62.318366289138794,0.05822205214668107,-0.12689268798828124,-0.35673604736328124
62.3387348651886,0.036771822408430146,-0.3711012573242187,0.3399766357421875
62.35886478424072,0.007061255752343471,-0.42377369384765623,0.6871358764648438
62.378679275512695,-0.02744563556571236,-0.7685387329101562,-0.7781155395507812
62.39902949333191,-0.04383307816077362,0.07900865478515624,0.737414111328125
62.41891312599182,-0.049695252747624805,-0.6967126831054687,-0.6679822631835937
62.43884229660034,-0.03983614094246599,-0.4477157104492187,0.30406361083984373
62.45855712890625,-0.023448698347404734,0.5243301635742187,-0.4525041137695312
62.47855496406555,-0.01438897398590745,-0.8810662109374999,-0.0143652099609375
62.499250173568726,0.003464012255866608,0.34715924072265625,-0.8355763793945312
62.519086837768555,0.0039969372183076245,-0.4261678955078125,-0.08858546142578125
62.53890562057495,0.0026646248122050836,-0.1580173095703125,-0.4908113403320312
62.55877351760864,0.007194486992953725,-0.040701428222656245,0.354341845703125
62.57871127128601,-0.012923430339194655,-0.39264907226562495,-0.5363011718749999
62.59867978096008,-0.023848392069235495,-0.373495458984375,-0.06943184814453125
62.61976885795593,-0.029577335415476424,-0.9097966308593749,0.4525041137695312
62.638867139816284,-0.03943644722063524,0.22266075439453123,-0.30885201416015623
62.65871977806091,-0.02598009191899956,-0.8930372192382812,1.13006318359375
62.678550481796265,-0.023182235866184224,0.09337386474609374,-1.4796166259765624
62.6989061832428,-0.023049004625573973,-0.8283937744140625,-0.63206923828125
62.719032287597656,-0.021983154700691936,0.1388636962890625,0.02633621826171875
62.738741874694824,-0.021583460978861175,0.4333505004882812,-0.15083470458984374
62.758615493774414,-0.021583460978861175,-1.4772224243164063,0.7062894897460937
62.77860188484192,-0.010791730489430587,0.3399766357421875,-0.1580173095703125
62.79885792732239,-0.016387442595061263,-0.9074024291992187,-1.0175357055664063
62.81887364387512,-0.0255803981971688,-0.11731588134765625,0.21787235107421873
62.8389413356781,-0.03011026037791744,-0.2825157958984375,-0.74699091796875
62.85890817642212,-0.046098009251147945,-0.4908113403320312,-0.8667010009765624
62.87871503829956,-0.04356661567955311,-0.5602431884765625,-1.1563994018554686
62.89855647087097,-0.004663093421358896,-0.20829554443359374,0.5674257934570313
62.91897940635681,0.01372281778285618,-0.00718260498046875,-1.2210428466796874
62.93899130821228,0.00013323124061025415,0.33758243408203126,0.055066638183593745
62.958718061447144,-0.02424808579106626,-0.5985504150390625,-0.30885201416015623
62.97870326042175,-0.01971822361031762,-0.14125789794921875,0.82360537109375
62.99857687950134,-0.03144257278401998,-0.9409212524414062,-0.3950432739257812
63.01881289482117,-0.036238897445989134,-0.04548983154296875,-0.411802685546875
63.03880333900452,-0.02691271060327134,-0.74699091796875,-1.7932570434570312
63.058783769607544,-0.020650842294589397,-0.0526724365234375,0.04548983154296875
63.07869911193848,-0.016254211354451008,-0.5003881469726562,0.3280056274414062
63.09882140159607,-0.0021316998497640663,-1.0702081420898437,-0.7422025146484375
63.118905544281006,0.0005329249624410166,-0.6272808349609375,-0.14125789794921875
63.138797760009766,0.009059724361497283,-0.5961562133789062,-1.6400281372070311
63.15889358520508,0.002531393571594829,0.23223756103515625,-0.105344873046875
63.178733587265015,0.002797856052815337,-1.4628572143554686,0.373495458984375
63.19896602630615,0.004663093421358896,-0.27293898925781246,0.40462008056640625
63.21883583068848,-0.0127901990985844,-0.7709329345703124,-0.7254431030273437
63.238933086395264,-0.024781010753507273,-0.1771709228515625,-0.2705447875976562
63.25876998901367,-0.01532159267017923,-1.668758557128906,-0.28012159423828126
63.278658390045166,-0.0037304747370871167,0.46208092041015625,0.44053310546874996
63.29891324043274,-0.000799387443661525,-0.11013327636718749,-0.24181436767578124
63.319273471832275,-0.0058621745868511835,-0.4261678955078125,-0.5434837768554687
63.338868856430054,-0.004263399699528133,0.24181436767578124,0.1149216796875
63.35865759849548,0.005595712105630674,-0.36391865234375,-0.06464344482421874
63.37865090370178,0.004130168458917879,-0.19632453613281248,-0.0909796630859375
63.39866542816162,0.006528330789902454,-0.7350199096679687,0.38786066894531246
63.419108390808105,0.006128637068071691,-0.6009446166992187,-0.29448680419921874
63.43877816200256,-0.004396630940138387,-1.455674609375,-1.199495031738281
63.45894503593445,0.007194486992953725,0.41419688720703124,-0.16519991455078123
63.478806018829346,0.0011990811654922875,-1.9800047729492187,0.5339069702148437
63.49892258644104,0.013056661579804908,0.9911994873046874,-0.16280571289062498
63.5187771320343,0.0039969372183076245,-0.7900865478515624,-0.3112462158203125
63.53874230384827,-0.008393568158446012,-0.7422025146484375,-0.9074024291992187
63.55877733230591,-0.01345635530163567,0.10295067138671875,0.25139117431640623
63.57858633995056,-0.021716692219471426,-1.0582371337890624,-0.0909796630859375
63.59892225265503,-0.010791730489430587,0.24899697265624998,0.44532150878906246
63.61930274963379,-0.036238897445989134,0.2059013427734375,-0.21787235107421873
63.63881969451904,-0.02464777951289702,-1.180341418457031,-0.5793968017578125
63.65872383117676,-0.01971822361031762,0.05746083984375,0.0
63.67875790596008,-0.017986217482384312,-0.488417138671875,-0.21787235107421873
63.69871973991394,-0.0026646248122050836,0.30406361083984373,-0.0143652099609375
63.71871638298035,-0.011990811654922875,-1.2569558715820313,-0.9313444458007812
63.738741874694824,-0.006928024511733216,0.411802685546875,-0.8259995727539062
63.75864028930664,-0.00159877488732305,-1.218648645019531,0.4740519287109375
63.77886652946472,-0.016387442595061263,-0.25139117431640623,0.3232172241210937
63.798906564712524,-0.04170137831100955,-0.8451531860351562,-0.22505495605468748
63.8189435005188,-0.059021439590342596,-0.3902548706054687,-0.13407529296874998
63.83891153335571,-0.08846554376520875,-1.1516109985351561,-1.0893617553710937
63.8590304851532,-0.11897549786495697,-0.7015010864257812,0.3806780639648437
63.87869834899902,-0.1578790201231512,-0.488417138671875,-0.28969840087890625
63.89893865585327,-0.24461255776042665,-0.8810662109374999,0.47165772705078124
63.91972589492798,-0.3394732010749276,-2.2649147705078123,1.0295067138671874
63.938859939575195,-0.4090199086734803,-0.5003881469726562,-0.2609679809570312
63.95890259742737,-0.473370597888233,-1.3766659545898436,-0.15562310791015624
63.978963136672974,-0.5018820833788274,0.3016694091796875,0.296881005859375
63.99884390830994,-0.5333246561628474,0.07422025146484375,-0.49320554199218747
64.0194845199585,-0.5642343039844263,-2.6527754394531247,-1.0726023437499999
64.0386712551117,-0.5703629410524981,0.6105214233398437,0.4477157104492187
64.05884265899658,-0.5972756516557693,-1.20667763671875,-0.38786066894531246
64.07899713516235,-0.6119310881228974,-0.7230489013671875,0.5698199951171875
64.09877347946167,-0.631649311733215,-0.6751648681640625,-0.8116343627929687
64.1194519996643,-0.6606937221862504,-0.6751648681640625,0.15562310791015624
64.13911008834839,-0.6742833087284963,-0.6464344482421874,-1.1827356201171875
64.15895533561707,-0.7126539060242495,-0.01915361328125,-0.09576806640624999
64.1788547039032,-0.7399663103493517,-0.6272808349609375,0.4860229370117187
64.19893431663513,-0.7839326197507355,-0.7015010864257812,-0.8690952026367187
64.21927666664124,-0.8231026044901503,-0.5482721801757812,-0.09816226806640624
64.23895001411438,-0.8553445647178317,-0.9217676391601562,-1.2473790649414063
64.2588210105896,-0.9038407362999643,-0.3902548706054687,0.10295067138671875
64.2788016796112,-0.9704563566050913,-0.24899697265624998,0.2657563842773437
64.29876327514648,-0.9893751927717475,-0.97683427734375,0.6512228515624999
64.31884932518005,-1.055724350595654,-0.9696516723632812,-1.0319009155273438
64.3390007019043,-1.0722450244313255,-0.3950432739257812,0.622492431640625
64.35862064361572,-1.0701133245815615,-0.833182177734375,-0.8044517578125
64.37880110740662,-1.082503829958315,-0.2753331909179687,0.06464344482421874
64.39919638633728,-1.1062189907869404,-0.6464344482421874,-0.6727706665039062
64.41936779022217,-1.1074180719524327,-0.7158662963867187,-1.3670891479492187
64.43888545036316,-1.1006232786813097,-0.55545478515625,-0.009576806640625
64.4587779045105,-1.0539923444677206,-0.34715924072265625,-0.13168109130859373
64.47883009910583,-0.99070750517785,-0.5147533569335937,-1.8124106567382812
64.4988341331482,-0.9192955602107538,0.15083470458984374,-1.2401964599609374
64.5194251537323,-0.8678683013351955,0.36631285400390623,-0.6464344482421874
64.53879904747009,-0.8290980103176117,0.5626373901367188,-0.42377369384765623
64.55877375602722,-0.8037840746016635,-0.22026655273437498,-1.6112977172851561
64.57874202728271,-0.7877963257284328,0.3447650390625,-0.49320554199218747
64.59868001937866,-0.7843323134725663,0.7326257080078125,0.13646949462890623
64.61968731880188,-0.7078575813622804,0.15083470458984374,-0.5770026000976562
64.63888549804688,-0.6808116395183987,-0.16519991455078123,-2.157175695800781
64.65877389907837,-0.6511010728623121,0.105344873046875,0.24181436767578124
64.67871427536011,-0.6084670758670309,-0.24899697265624998,-0.5123591552734374
64.6989529132843,-0.5649004601874777,-0.7015010864257812,-1.22583125
64.71962785720825,-0.5202679945830425,-0.16041151123046873,-1.13006318359375
64.73906540870667,-0.4838958658964432,-0.584185205078125,-0.4644751220703125
64.75872731208801,-0.4351332318330901,0.7110778930664062,-0.36631285400390623
64.77859044075012,-0.4208774890877929,-1.2904746948242187,-1.1324573852539062
64.79887986183167,-0.3909004599504857,0.0526724365234375,-0.296881005859375
64.82014513015747,-0.3839724354387525,-1.0342951171875,-0.4908113403320312
64.83924436569214,-0.3677182240843015,-0.8212111694335937,-0.46208092041015625
64.8586573600769,-0.33067993919465083,-0.37828386230468747,-1.1156979736328125
64.8786563873291,-0.2845819299435029,-1.350329736328125,0.229843359375
64.89866280555725,-0.22143032189424242,-0.6081272216796875,-0.8930372192382812
64.91892099380493,-0.16081010741657678,-1.1180921752929687,-1.5897499023437498
64.93893527984619,-0.10525268008210079,-1.5251064575195312,-0.6344634399414062
64.95874285697937,-0.056090352296917,-0.14604630126953125,-0.8188169677734375
64.97880601882935,-0.016520673835671518,-0.9959878906249999,0.3064578125
64.99874901771545,0.024781010753507273,0.20829554443359374,-0.5027823486328125
65.01871848106384,0.04036906590490701,-1.7669208251953124,-0.1197100830078125
65.03882789611816,0.053159265003491406,-0.06464344482421874,-0.16280571289062498
65.05893611907959,0.0610199081994964,-2.0781670410156248,0.023942016601562498
65.0787456035614,0.08366921910323963,0.031124621582031248,-0.258573779296875
65.09879112243652,0.09366156214900867,-1.9728221679687499,-1.13006318359375
65.11863398551941,0.12483767245180814,-0.028730419921875,0.718260498046875
65.13866853713989,0.1529494642205718,-1.5011644409179687,-1.2689268798828124
65.15898203849792,0.20757427287077598,-0.488417138671875,-0.2346317626953125
65.17872333526611,0.29071056701157455,-1.0007762939453124,-1.39821376953125
65.19872117042542,0.3645206743096554,-0.9002198242187499,-1.5873557006835937
65.21882224082947,0.4226094952157262,-0.7038952880859375,-0.7326257080078125
65.23916435241699,0.4512542119469308,-0.39743747558593745,-0.9002198242187499
65.25892186164856,0.4768346101440996,-1.484405029296875,0.2920926025390625
65.27882289886475,0.48802603435536096,-0.0430956298828125,-0.23223756103515625
65.29876685142517,0.4966860649950275,-0.9864110839843749,-0.0526724365234375
65.31908512115479,0.5144058199961913,-0.24181436767578124,-0.296881005859375
65.33897757530212,0.5303935688694218,-0.6153098266601562,-0.40222587890625
65.35879945755005,0.5550413483823189,-0.5219359619140624,-0.7062894897460937
65.3788890838623,0.6157947941005948,-0.6512228515624999,-0.35673604736328124
65.39863538742065,0.6688208278634759,-0.6775590698242188,-1.1085153686523437
65.4188187122345,0.7202480867390341,-0.833182177734375,-0.34237083740234375
65.43883800506592,0.7651470148246896,-1.2234370483398436,-0.8762778076171874
65.45882558822632,0.7953905064432174,-0.45010991210937495,-0.19632453613281248
65.47854113578796,0.8159081174971965,-1.199495031738281,-0.6440402465820312
65.49880719184875,0.8505482400558625,-0.3902548706054687,0.09576806640624999
65.51877665519714,0.870666157388011,-1.608903515625,-0.7661445312499999
65.53903818130493,0.9039739675405745,0.28969840087890625,-0.09337386474609374
65.55869674682617,0.9022419614126412,-1.369483349609375,0.32561142578124996
65.57868909835815,0.9275558971285894,0.4213794921875,-0.296881005859375
65.5986680984497,0.9570000013034556,-1.6639701538085936,-0.08140285644531249
65.61948084831238,0.9920398175839524,-0.06943184814453125,-0.5674257934570313
65.63893389701843,1.0246814715334647,-1.6400281372070311,0.20829554443359374
65.65885782241821,1.018419603224783,-0.0718260498046875,-0.6943184814453125
65.67881155014038,1.0197519156308854,-0.8547299926757812,-0.19153613281249998
65.69877195358276,1.0093598788632856,-0.3399766357421875,-0.3687070556640625
65.71920561790466,1.0034977042764344,-0.02154781494140625,0.06464344482421874
65.73872351646423,0.986577336718932,-1.2593500732421874,-0.28730419921875
65.758713722229,0.9800490059290297,-0.1388636962890625,-0.15322890625
65.77869153022766,0.969257275439599,-0.6775590698242188,0.27293898925781246
65.79867839813232,0.9633951008527478,-0.22026655273437498,-0.10295067138671875
65.81913161277771,0.9556676888973532,-0.5961562133789062,0.0430956298828125
65.83899641036987,0.959797857356271,-0.7900865478515624,-0.5889736083984375
65.8588798046112,0.9724548252142451,-0.5458779785156249,-0.5363011718749999
65.87858819961548,0.9536692202881992,-0.4644751220703125,-0.031124621582031248
65.8987295627594,0.9546018389724711,-0.3112462158203125,-0.055066638183593745
65.91881537437439,0.9748529875452298,0.0143652099609375,-0.16998831787109375
65.93891286849976,0.9596646261156607,-0.0526724365234375,-0.23223756103515625
65.95874071121216,0.9039739675405745,0.28969840087890625,0.09816226806640624
65.97899413108826,0.8300306290018835,0.5865794067382812,0.38307226562499996
66.00050759315491,0.7347702919655518,0.5865794067382812,0.6248866333007812
66.01871848106384,0.7033277191815317,0.40462008056640625,0.6727706665039062
66.03869223594666,0.676681471059481,0.469263525390625,0.15562310791015624
66.05877113342285,0.6415084235383739,-0.10295067138671875,0.5602431884765625
66.07857060432434,0.5583721293975752,0.19153613281249998,0.201112939453125
66.0986053943634,0.48522817830254567,0.05985504150390625,0.17956512451171874
66.11885237693787,0.4377978566452952,-0.4572925170898437,0.45010991210937495
66.13890814781189,0.42367534514060823,-0.009576806640625,0.3758896606445312
66.15879440307617,0.407820827507988,-0.5698199951171875,-0.11731588134765625
66.1786994934082,0.3798422669798346,-0.5746083984375,-0.0526724365234375
66.19863653182983,0.35959111840707597,-0.5722141967773438,-0.1771709228515625
66.21882915496826,0.35133078148924024,-0.15562310791015624,0.062249243164062495
66.23885416984558,0.33520980137539946,-0.5363011718749999,0.03591302490234375
66.25926661491394,0.3003032163355129,0.06464344482421874,0.29927520751953124
66.27907514572144,0.22889127136841667,0.4429273071289062,0.6105214233398437
66.29883813858032,0.16840428813136127,-0.21787235107421873,0.33758243408203126
66.31874561309814,0.12976722835438756,-0.07900865478515624,0.009576806640625
66.3387804031372,0.09006431865253181,-0.10773907470703124,0.08379705810546874
66.35849571228027,0.06648238906451683,-0.4070142822265625,-0.009576806640625
66.37864851951599,0.045565084288706925,-0.2154781494140625,-0.49320554199218747
66.39848780632019,0.008526799399056265,-0.19871873779296872,0.03591302490234375
66.41862559318542,-0.018385911204215073,-0.4955997436523437,0.3495534423828125
66.43883633613586,-0.041834609551619814,-0.258573779296875,0.47165772705078124
66.45880246162415,-0.0656830016208553,-0.9648632690429687,0.15562310791015624
66.47946357727051,-0.05982082703400412,0.30406361083984373,0.36152445068359373
66.49878692626953,-0.059021439590342596,-0.7709329345703124,-0.507570751953125
66.51850414276123,-0.0369050536490404,-0.08858546142578125,-0.3016694091796875
66.53885173797607,0.002264931090374321,-0.0430956298828125,-0.9121908325195311
66.55886554718018,0.021849923460081685,0.05985504150390625,-0.5123591552734374
66.57937669754028,0.03264165394951227,-0.354341845703125,-0.0143652099609375
66.59878921508789,0.01945176112909711,-0.8092401611328125,-0.15322890625
66.6188097000122,0.022516079663132953,-1.216254443359375,-0.13168109130859373
66.63952827453613,0.03317457891195329,-0.7134720947265625,-0.25139117431640623
66.65882158279419,0.004529862180748642,-1.85790048828125,-0.24181436767578124
66.67910599708557,-0.011990811654922875,-0.105344873046875,-0.4477157104492187
66.6988377571106,-0.04436600312321464,-1.5921441040039062,0.43574470214843747
66.7188036441803,-0.044898928085655654,-0.06703764648437499,0.028730419921875
66.73893713951111,-0.031575804024630234,-0.7541735229492187,-0.11013327636718749
66.75897097587585,-0.04316692195772235,-1.1923124267578125,-0.076614453125
66.77925372123718,-0.04223430327345057,0.5530605834960938,-0.6823474731445313
66.79873991012573,-0.058888208349732345,-1.1061211669921875,-0.4165910888671875
66.81899380683899,-0.0302434916185277,0.9792284790039062,-0.1197100830078125
66.8389458656311,0.000799387443661525,0.4165910888671875,-0.2609679809570312
66.85903000831604,-0.006528330789902454,0.47644613037109373,-0.47884033203125
66.87887072563171,-0.01692036755750228,0.9983820922851562,0.033518823242187495
66.8991904258728,-0.023315467106794475,0.00718260498046875,-0.37828386230468747
66.9189248085022,-0.02744563556571236,0.009576806640625,-0.14125789794921875
66.93906164169312,-0.016520673835671518,-0.5770026000976562,-0.2154781494140625
66.95919609069824,-0.02118376725703041,-0.70868369140625,-0.4165910888671875
66.97939205169678,-0.03384073511500456,-1.1228805786132812,-0.11013327636718749
66.99860143661499,-0.037171516130260915,-0.296881005859375,-0.5434837768554687
67.01866507530212,-0.016787136316892024,-1.429338391113281,0.08379705810546874
67.03916192054749,0.01212404289553313,0.33518823242187495,-0.1867477294921875
67.06009101867676,0.024114854550456002,-0.9265560424804687,0.011971008300781249
67.07913780212402,0.03503981628049684,0.7517793212890624,-0.7876923461914062
67.09890294075012,0.014122511504686942,0.0718260498046875,-0.5626373901367188
67.11859130859375,0.02131699849764067,0.46208092041015625,0.1197100830078125
67.1387825012207,-0.003464012255866608,0.3711012573242187,-0.5195417602539062
67.15868830680847,-0.004663093421358896,-0.3399766357421875,0.82360537109375
67.17871618270874,-0.036238897445989134,-0.0383072265625,-0.55545478515625
67.19870853424072,-0.03850382853636345,-0.6536170532226562,-0.040701428222656245
67.21865057945251,-0.03290811643073278,-0.5674257934570313,0.41419688720703124
67.23880195617676,-0.03410719759622506,0.15083470458984374,-0.679953271484375
67.25889205932617,-0.020251148572758632,-1.407790576171875,-0.316034619140625
67.27915048599243,-0.007993874436615249,-0.7685387329101562,-0.16759411621093748
67.299152135849,0.016653905076281773,-0.7924807495117187,-0.7924807495117187
67.31869721412659,0.03037672285913795,0.8738836059570312,0.16519991455078123
67.33851480484009,0.0191852986478766,-0.1292868896484375,0.5506663818359374
67.35845708847046,0.009459418083328047,-0.2609679809570312,-1.0749965454101562
67.3789553642273,-0.005595712105630674,-0.0047884033203125,0.062249243164062495
67.40013241767883,-0.013189892820415163,-0.0383072265625,-0.22744915771484372
67.41873526573181,-0.013989280264076687,-1.0295067138671874,-0.41419688720703124
67.43928360939026,-0.002797856052815337,-0.45968671875,-0.5099649536132812
67.45892977714539,-0.009326186842717792,0.6655880615234374,0.5147533569335937
67.47887921333313,-0.01732006127933304,-1.1875240234375,-0.6177040283203125
67.49878978729248,0.002398162330984575,-0.1292868896484375,-0.00718260498046875
67.51907801628113,-0.0030643185340358454,-0.7254431030273437,-1.1659762084960936
67.53881072998047,0.0029310872934255917,0.09816226806640624,-0.016759411621093748
67.5587899684906,-0.0063950995492922,0.4333505004882812,-0.3280056274414062
67.57879376411438,-0.007860643196004996,-0.3232172241210937,0.7852981445312499
67.59857511520386,-0.022782542144353463,-1.7932570434570312,-0.7541735229492187
67.61860942840576,-0.020650842294589397,0.06464344482421874,0.5865794067382812
67.63883876800537,-0.008260336917835759,-0.6296750366210937,-0.0383072265625
67.65860629081726,-0.027578866806322613,-0.4213794921875,-0.23702596435546874
67.67858934402466,-0.019318529888486854,-1.0438719238281249,-0.2059013427734375
67.69850420951843,-0.009192955602107537,-1.0319009155273438,0.354341845703125
67.71846866607666,-0.00159877488732305,-0.6703764648437499,-1.3144167114257812
67.73940777778625,0.005595712105630674,0.6200982299804687,-0.22266075439453123
67.75893187522888,0.006928024511733216,-1.6208745239257811,0.21308394775390624
67.77876019477844,0.010125574286379316,0.6464344482421874,-0.3854664672851562
67.79875254631042,-0.0037304747370871167,-0.8283937744140625,1.369483349609375
67.81873726844788,-0.02464777951289702,-1.1516109985351561,-1.649604943847656
67.83882236480713,-0.04210107203284032,0.8643067993164062,0.20829554443359374
67.85852122306824,-0.03930321598002497,-1.2593500732421874,-0.33518823242187495
67.87879657745361,-0.02105053601642016,-0.016759411621093748,0.4572925170898437
67.89899039268494,-0.027045941843881597,0.27293898925781246,0.3687070556640625
67.9188380241394,-0.016387442595061263,-2.2098481323242187,-0.7637503295898437
67.9388861656189,-0.012923430339194655,0.18914193115234373,-1.0486603271484374
67.95860743522644,-0.01052526800821008,-1.675941162109375,-0.2561795776367187
67.97878503799438,-0.012656967857974145,-0.70868369140625,0.0430956298828125
67.99930262565613,0.002264931090374321,-0.8667010009765624,1.4413093994140624
68.01858615875244,-0.0021316998497640663,0.2059013427734375,-0.70868369140625
68.03873777389526,-0.025447166956558548,-0.6153098266601562,-0.17238251953125
68.05889844894409,-0.05249310880044014,0.06703764648437499,-1.22583125
68.07877969741821,-0.04569831552931718,-0.0047884033203125,0.34715924072265625
68.09873104095459,-0.03530627876171736,-0.9145850341796874,0.15562310791015624
68.11876440048218,-0.02531393571594829,0.2753331909179687,-1.1372457885742187
68.13876605033875,-0.014122511504686942,-1.0534487304687499,-0.1771709228515625
68.15873980522156,-0.023182235866184224,-0.5865794067382812,-0.3112462158203125
68.17873120307922,-0.011990811654922875,-0.7517793212890624,0.0909796630859375
68.19853568077087,-0.01372281778285618,-1.6160861206054686,0.43574470214843747
68.21846318244934,-0.0075941807147844875,-1.0366893188476562,-0.8571241943359375
68.2388424873352,-0.0033307810152563544,0.028730419921875,0.258573779296875
68.2590799331665,-0.007061255752343471,-1.7238251953125,-0.36391865234375
68.27887082099915,-0.001732006127933304,-0.6847416748046875,-0.6560112548828124
68.29907417297363,-0.011990811654922875,-0.6177040283203125,0.59376201171875
68.31902980804443,0.03370750387439431,-1.0271125122070313,-0.967257470703125
68.33884596824646,-0.006128637068071691,0.40222587890625,-0.1197100830078125
68.35959434509277,-0.011191424211261349,-1.158793603515625,-1.0223241088867188
68.38004112243652,-0.005995405827461438,-0.7637503295898437,-0.7038952880859375
68.39867162704468,-0.0029310872934255917,-0.3902548706054687,1.1324573852539062
68.41854786872864,-0.0003996937218307625,-0.699106884765625,-0.6727706665039062
68.43868350982666,0.0010658499248820332,-0.21308394775390624,-0.00718260498046875
68.45880794525146,-0.00985911180515881,-0.296881005859375,-0.6392518432617187
68.47863054275513,-0.020384379813368887,-0.8882488159179687,0.0143652099609375
68.49856662750244,-0.02438131703167651,-1.675941162109375,0.055066638183593745
68.51862382888794,-0.011591117933092112,0.0718260498046875,-0.48123453369140623
68.5386962890625,-0.013056661579804908,-1.22583125,-0.7685387329101562
68.55920791625977,-0.01212404289553313,-0.033518823242187495,0.1005564697265625
68.57877945899963,-0.005329249624410167,-0.6631938598632812,0.1388636962890625
68.59858894348145,-0.006528330789902454,-1.714248388671875,-0.076614453125
68.61883425712585,0.00985911180515881,-0.35673604736328124,-0.023942016601562498
68.63909125328064,0.016520673835671518,-1.2497732666015624,-0.5386953735351562
68.65884041786194,0.005062787143189658,-0.1292868896484375,0.28730419921875
68.67885661125183,0.002264931090374321,-0.5363011718749999,0.13168109130859373
68.69878578186035,-0.011058192970651094,-1.649604943847656,0.4740519287109375
68.7188184261322,0.0035972434964768626,-0.5961562133789062,-0.8738836059570312
68.73892545700073,-0.007194486992953725,0.3902548706054687,-0.5961562133789062
68.75880551338196,-0.01945176112909711,-0.8188169677734375,0.229843359375
68.77875280380249,-0.023848392069235495,-0.8499415893554687,-1.0773907470703123
68.79863572120667,-0.029444104174866172,-1.867477294921875,0.5434837768554687
68.81865692138672,-0.018785604926045835,-0.04548983154296875,-1.1611878051757811
68.83872699737549,-0.01372281778285618,0.3854664672851562,-0.354341845703125
68.8588035106659,-0.018918836166656093,-1.6352397338867186,-0.5363011718749999
68.87862038612366,-0.02118376725703041,-0.44532150878906246,-0.34237083740234375
68.8986439704895,-0.001732006127933304,-0.8954314208984374,0.5793968017578125
68.92054915428162,0.009059724361497283,-0.29927520751953124,-0.7015010864257812
68.93894338607788,0.0030643185340358454,-0.047884033203124995,-0.13168109130859373
68.95865559577942,0.0057289433462409285,0.00239420166015625,-0.05027823486328125
68.97877645492554,-0.007194486992953725,-0.9457096557617187,-0.44532150878906246
68.99935102462769,-0.00159877488732305,-0.689530078125,0.8643067993164062
69.01864504814148,-0.020251148572758632,0.229843359375,-0.5315127685546874
69.03877568244934,-0.03037672285913795,-1.1276689819335937,-0.39264907226562495
69.05864810943604,-0.031176110302799476,0.3902548706054687,-0.02633621826171875
69.0786361694336,-0.029843797896696934,-1.2234370483398436,0.011971008300781249
69.09862899780273,-0.030909647821578966,-0.8906430175781249,-0.14604630126953125
69.11930179595947,-0.02624655440022007,-1.0390835205078124,0.2753331909179687
69.13877081871033,-0.010658499248820334,-0.143652099609375,-1.1659762084960936
69.15881776809692,-0.015188361429568975,-1.649604943847656,-0.12689268798828124
69.17865014076233,-0.017852986241774057,0.6488286499023437,-0.354341845703125
69.1985969543457,-0.009725880564548555,-1.8770541015625,0.5123591552734374
69.21857833862305,-0.007194486992953725,-1.120486376953125,0.5602431884765625
69.2388117313385,-0.032241960227681506,0.16041151123046873,-0.63206923828125
69.25854539871216,-0.05102756515372735,-1.0031704956054688,0.7398083129882812
69.27858066558838,-0.10218836154806493,0.0430956298828125,-1.1755530151367186
69.29854702949524,-0.031575804024630234,-0.6560112548828124,1.7357962036132812
69.31851005554199,-0.02105053601642016,-0.9840168823242187,-0.8882488159179687
69.3404700756073,-0.021983154700691936,0.5698199951171875,-0.1388636962890625
69.35897922515869,-0.013589586542245924,-0.6847416748046875,-0.4261678955078125
69.37889242172241,-0.021983154700691936,-0.603338818359375,-0.4477157104492187
69.39903283119202,-0.0063950995492922,-1.5203180541992187,0.5817910034179687
69.41852307319641,-0.01572128639200999,0.00718260498046875,-0.18914193115234373
69.43879699707031,-0.008526799399056265,-0.6368576416015624,0.05027823486328125
69.45833420753479,-0.013589586542245924,0.2753331909179687,-0.1867477294921875
69.47848987579346,-0.018119448722994567,-1.0342951171875,-0.12689268798828124
69.49835276603699,-0.01052526800821008,-0.6751648681640625,0.14604630126953125
69.51841187477112,0.0002664624812205083,-0.29927520751953124,-0.047884033203124995
69.53854012489319,0.0019984686091538122,-1.4413093994140624,-1.2018892333984375
69.55867624282837,-0.012257274136143382,0.32082302246093747,0.2609679809570312
69.57824921607971,-0.018918836166656093,-1.6160861206054686,-0.6248866333007812
69.59833455085754,-0.021849923460081685,-1.0893617553710937,0.4213794921875
69.61835026741028,-0.015454823910789483,-0.1197100830078125,0.086191259765625
69.63848233222961,-0.04756355289786074,-1.2210428466796874,-0.6943184814453125
69.65836691856384,-0.08406891282507037,-1.2737152832031249,-0.01915361328125
69.67826819419861,-0.16094333865718705,-0.6775590698242188,1.467645617675781
69.69827079772949,-0.26233231276159047,-1.9009961181640624,0.8451531860351562
69.7182104587555,-0.35999081212890677,-0.5913678100585937,-0.6200982299804687
69.73829579353333,-0.43433384438942857,-1.9823989746093749,0.16041151123046873
69.7582278251648,-0.48789280311475075,-0.38786066894531246,-0.40222587890625
69.77854061126709,-0.5168039823271758,-0.6943184814453125,-0.8044517578125
69.7983500957489,-0.5277289440572167,-1.35990654296875,-0.3016694091796875
69.81853604316711,-0.5502450237203498,-0.4333505004882812,-2.042254016113281
69.8385169506073,-0.5559739670665906,-0.47165772705078124,0.15562310791015624
69.8584976196289,-0.5597044418036777,-0.2825157958984375,-0.7206546997070312
69.87826657295227,-0.556240429547811,-0.1197100830078125,0.45968671875
69.89822268486023,-0.5696967848494467,-0.9241618408203125,-0.6105214233398437
69.91833519935608,-0.590214395903426,-0.5865794067382812,-1.0558429321289062
69.93841505050659,-0.6097993882731333,-0.6081272216796875,-0.21308394775390624
69.95846104621887,-0.6538989289151275,-0.5602431884765625,0.3280056274414062
69.97867441177368,-0.687206739067691,-0.63206923828125,0.1292868896484375
69.99924516677856,-0.7490260347108489,-0.3447650390625,0.03591302490234375
70.01831340789795,-0.8040505370828839,-0.7015010864257812,-0.06703764648437499
70.03847980499268,-0.8688009200194674,-0.5410895751953124,0.7589619262695312
70.05848526954651,-0.9435436460018201,-0.7709329345703124,0.4213794921875
70.07856464385986,-1.0081607976977933,-1.2832920898437499,0.7517793212890624
70.09828686714172,-1.0483966323620901,-0.9576806640625,-0.7493851196289062
70.11822652816772,-1.0775742740557357,-1.2856862915039062,-1.0797849487304687
70.1389422416687,-1.0968928039442225,-0.6631938598632812,-0.36152445068359373
70.15843486785889,-1.1079509969148738,-0.031124621582031248,-0.469263525390625
70.17847728729248,-1.10608575954633,-0.9026140258789062,-0.06703764648437499
70.19859337806702,-1.110215928005248,-1.2785036865234374,-1.4149731811523436
70.21824359893799,-1.0662496186038641,0.4477157104492187,-0.40462008056640625
70.23912072181702,-1.0170872908186803,-0.46208092041015625,-0.852335791015625
70.25877094268799,-0.8869203687424619,-0.36152445068359373,-1.1707646118164061
70.27849006652832,-0.7730076580206947,-0.584185205078125,-2.616862414550781
70.29856944084167,-0.6828101081275526,-0.5626373901367188,-0.3711012573242187
70.31839990615845,-0.6239218997778202,-0.8451531860351562,-1.1228805786132812
70.33858609199524,-0.5804885153388775,-1.2330138549804688,-2.2194249389648437
70.35862326622009,-0.5678315474809033,-0.8595183959960937,0.6536170532226562
70.37853717803955,-0.5586385918787957,-0.3016694091796875,-0.6081272216796875
70.39831376075745,-0.5474471676675343,-0.9983820922851562,-0.2753331909179687
70.418447971344,-0.5169372135677861,-0.15083470458984374,-0.6344634399414062
70.43867015838623,-0.4493889745783873,-0.2705447875976562,-1.1061211669921875
70.45856356620789,-0.39742879074038817,-0.11013327636718749,-0.7230489013671875
70.47846913337708,-0.3693169989716245,0.9121908325195311,-0.70868369140625
70.49868822097778,-0.392099541115978,0.07422025146484375,0.105344873046875
70.51875829696655,-0.39076722870987546,1.209071838378906,-0.062249243164062495
70.53875350952148,-0.3706493113777271,-0.21787235107421873,-0.0718260498046875
70.55915021896362,-0.34347013829323525,0.2657563842773437,-1.0486603271484374
70.57884335517883,-0.30243491618527696,-0.7326257080078125,-0.8643067993164062
70.5984959602356,-0.27752067419115944,-0.15083470458984374,-0.5985504150390625
70.61834740638733,-0.24447932651981638,-0.30885201416015623,-1.3575123413085937
70.63862156867981,-0.19584992369707363,-0.14604630126953125,0.39264907226562495
70.65840911865234,-0.14135834628747967,-0.34237083740234375,-0.8307879760742187
70.67858028411865,-0.0866003063966652,-0.6440402465820312,-1.6352397338867186
70.6982433795929,-0.022649310903743208,-0.13407529296874998,-0.4333505004882812
70.71814036369324,0.04023583466429676,0.0047884033203125,-1.0821791503906248
70.73848628997803,0.09152986229924462,-0.08140285644531249,-0.35194764404296874
70.75849199295044,0.11271362955627502,-0.29927520751953124,0.08379705810546874
70.77847409248352,0.07540888218540386,-0.16998831787109375,-0.45489831542968745
70.7983169555664,0.02598009191899956,-0.45489831542968745,0.24181436767578124
70.81826663017273,-0.026513016881440577,0.55545478515625,0.9744400756835937
70.83837580680847,-0.06781470147061937,-0.430956298828125,0.06703764648437499
70.85850167274475,-0.07940581940371148,0.2154781494140625,0.09576806640624999
70.87834239006042,-0.07634150086967564,-0.9457096557617187,-0.229843359375
70.89827942848206,-0.05968759579339387,-0.2705447875976562,-1.388636962890625
70.91832756996155,-0.03583920372415837,-1.7310078002929687,-0.8667010009765624
70.93854236602783,-0.005329249624410167,-0.74699091796875,0.19632453613281248
70.95829892158508,0.03583920372415837,-0.5386953735351562,0.22505495605468748
70.97861528396606,0.04756355289786074,-0.842758984375,-0.6296750366210937
70.9992778301239,0.024914241994117528,-0.12689268798828124,0.076614453125
71.01830267906189,-0.003863705977697371,0.39743747558593745,0.028730419921875
71.0385377407074,-0.04436600312321464,-0.01915361328125,-0.2346317626953125
71.0584282875061,-0.046764165454199216,0.09816226806640624,0.239420166015625
71.07849144935608,-0.04743032165725048,-0.09576806640624999,-0.03591302490234375
71.09822630882263,-0.02598009191899956,-0.584185205078125,0.2753331909179687
71.11900448799133,-0.032375191468291764,-0.30406361083984373,-0.9002198242187499
71.13882780075073,-0.02971056665608668,0.0383072265625,0.2753331909179687
71.15870356559753,-0.014788667707738212,0.0,-0.3950432739257812
71.17840909957886,0.007194486992953725,-1.5658078857421873,-0.5674257934570313
71.19830298423767,0.041035222107958284,-0.20350714111328125,-0.59376201171875
71.2186758518219,0.035705972483548114,-1.0630255371093749,-0.8475473876953125
71.23858261108398,0.049961715228845315,-0.07900865478515624,0.7422025146484375
71.25869345664978,0.09765849936731631,-1.0869675537109373,-0.30406361083984373
71.27831888198853,0.1724012253496689,-1.7645266235351562,-1.6041151123046875
71.29833793640137,0.26139969407731867,-1.4628572143554686,-0.15322890625
71.31832313537598,0.3350765701347892,-1.9129671264648436,-0.6296750366210937
71.33858060836792,0.39543032213123436,-1.3359645263671873,-1.8698714965820311
71.35868406295776,0.42793874484013633,-0.5027823486328125,-0.4333505004882812
71.37886643409729,0.4459249623225207,-2.6048914062499997,0.18914193115234373
71.39849781990051,0.44432618743519764,-0.5219359619140624,-0.51714755859375
71.41847634315491,0.51893568217694,-1.0726023437499999,-0.17956512451171874
71.43847584724426,0.5335911186440679,0.6919242797851562,-1.1372457885742187
71.45837187767029,0.546248086502042,-1.3479355346679687,-0.430956298828125
71.47824788093567,0.5758254219175185,-0.6727706665039062,-0.32561142578124996
71.49820733070374,0.6044701386487231,-1.13006318359375,0.8667010009765624
71.51826095581055,0.6379111800418968,-0.23702596435546874,-0.6823474731445313
71.53848600387573,0.6528330789902455,-0.7900865478515624,0.19871873779296872
71.55874967575073,0.6757488523752091,0.17956512451171874,-0.9624690673828125
71.57822227478027,0.6916033700078293,-2.3965958618164063,0.6488286499023437
71.5986475944519,0.7603506901627206,-0.3854664672851562,-0.15322890625
71.61903262138367,0.7844655447131764,-1.5322890624999999,-0.7781155395507812
71.63863706588745,0.861739664267124,-0.33039982910156246,-0.469263525390625
71.65841841697693,0.9019754989314207,-0.9624690673828125,-0.6679822631835937
71.67828488349915,0.9279555908504203,-1.1444283935546875,0.20829554443359374
71.6983494758606,0.9861776429971013,-0.12449848632812499,0.39264907226562495
71.71822881698608,1.0245482402928545,0.0047884033203125,-0.584185205078125
71.73865175247192,1.068914243416069,-0.19632453613281248,-0.7733271362304687
71.75851774215698,1.1083506906367044,-1.0941501586914062,0.2920926025390625
71.7782781124115,1.1070183782306018,-1.70467158203125,0.9528922607421875
71.7983009815216,1.1159448713514888,-0.32082302246093747,-0.00718260498046875
71.818195104599,1.1002235849594788,-0.22026655273437498,0.0383072265625
71.83861136436462,1.0647840749571513,-0.5506663818359374,0.277727392578125
71.85849452018738,1.0214839217588187,-0.7613561279296874,1.4317325927734375
71.87821435928345,0.984978561831609,-0.34237083740234375,0.277727392578125
71.89837503433228,0.9651271069806812,-0.023942016601562498,0.28012159423828126
71.91836428642273,0.9647274132588505,-1.3407529296874998,0.24899697265624998
71.93859958648682,0.9804486996508605,-1.0223241088867188,0.2154781494140625
71.95842051506042,0.9841791743879476,-0.6703764648437499,-0.30406361083984373
71.97840189933777,0.9808483933726911,-0.37828386230468747,0.0909796630859375
71.99859094619751,0.9649938757400709,-0.9528922607421875,1.2521674682617188
72.01862621307373,0.9264900472037074,-0.9193734375,-0.201112939453125
72.03850722312927,0.8729310884783853,-0.833182177734375,-0.45010991210937495
72.05835890769958,0.8244349168962527,-0.9648632690429687,1.3215993164062498
72.0782585144043,0.7786033701263253,-0.38307226562499996,0.28012159423828126
72.09834051132202,0.7065252689561778,-0.2346317626953125,1.209071838378906
72.1187436580658,0.5967427266933284,0.12689268798828124,-0.19153613281249998
72.13869261741638,0.5008162334539454,-0.14125789794921875,1.3383587280273437
72.1586263179779,0.47190505424152024,0.6440402465820312,0.3758896606445312
72.17828512191772,0.4949540588670942,0.7493851196289062,0.411802685546875
72.19830369949341,0.505346095634694,0.09337386474609374,-0.8475473876953125
72.21841192245483,0.5225329256734168,0.143652099609375,0.0383072265625
72.23858284950256,0.5086768766499504,-0.0430956298828125,-0.02633621826171875
72.25859522819519,0.4861607969868174,0.0430956298828125,-1.1563994018554686
72.27823448181152,0.4820306285278995,-1.2689268798828124,0.2657563842773437
72.29820728302002,0.4585819301804948,-0.35194764404296874,1.3335703247070312
72.31822681427002,0.3811745793859372,0.16759411621093748,-0.3016694091796875
72.3385317325592,0.30190199122283595,-0.06943184814453125,0.076614453125
72.35865044593811,0.19518376749402233,-0.06703764648437499,-0.27293898925781246
72.37832140922546,0.1404257276032079,-0.3591302490234375,1.216254443359375
72.39851140975952,0.0961929557206035,-0.086191259765625,0.8930372192382812
72.41851735115051,0.06648238906451683,-0.28490999755859375,-0.239420166015625
72.43862628936768,0.045565084288706925,0.9026140258789062,0.6536170532226562
72.45835900306702,0.0305099540997482,-0.09337386474609374,-0.9864110839843749
72.47818207740784,0.041967840792230066,0.12689268798828124,-0.009576806640625
72.49874687194824,0.04836294034152226,-0.34237083740234375,-0.5099649536132812
72.51856112480164,0.04036906590490701,0.16280571289062498,0.2154781494140625
72.53888773918152,0.00866003063966652,-0.201112939453125,0.9840168823242187
72.55889534950256,-0.016653905076281773,0.21787235107421873,0.02633621826171875
72.5785608291626,-0.03930321598002497,-0.4333505004882812,0.411802685546875
72.5986385345459,-0.049961715228845315,-0.09816226806640624,0.11731588134765625
72.61857557296753,-0.0514272588755581,-0.47644613037109373,-0.5291185668945312
72.63837218284607,-0.03477335379927634,-0.0718260498046875,-0.34715924072265625
72.65855383872986,-0.008926493120887028,-0.062249243164062495,-0.24181436767578124
72.67845630645752,0.008260336917835759,-0.3591302490234375,-0.4836287353515625
72.69831728935242,0.017186830038722786,0.4860229370117187,-0.4836287353515625
72.71888184547424,0.012390505376753637,-0.26815058593749996,0.6823474731445313
72.7390832901001,0.01372281778285618,0.6177040283203125,0.143652099609375
72.75857853889465,-0.00013323124061025415,-0.11252747802734374,-0.3136404174804687
72.7786979675293,-0.046231240491758196,-1.0438719238281249,0.19632453613281248
72.79829144477844,-0.07247779489197827,0.22744915771484372,-0.05027823486328125
72.81834745407104,-0.0961929557206035,-1.1516109985351561,0.5746083984375
72.83868885040283,-0.09725880564548554,-0.9888052856445312,-1.8171990600585937
72.85874271392822,-0.1325650844072029,-0.01915361328125,-0.38307226562499996
72.87833142280579,-0.1819938746736072,-0.5315127685546874,1.924938134765625
72.89834094047546,-0.25580398197168797,-2.003946789550781,-1.0079588989257813
72.91870212554932,-0.3198882087052203,-0.5482721801757812,0.16759411621093748
72.93877673149109,-0.353862175060835,-1.5346832641601562,0.928950244140625
72.95831608772278,-0.3863705977697371,-0.6416460449218749,-1.637633935546875
72.97846055030823,-0.415681470703993,-0.6368576416015624,-0.12689268798828124
72.99938797950745,-0.46644257337649986,-0.46208092041015625,-0.26336218261718747
73.0183174610138,-0.5255972442074527,0.41898529052734373,0.20829554443359374
73.0387225151062,-0.5593047480818469,-0.7757213378906249,0.6081272216796875
73.05841994285583,-0.5968759579339387,-0.488417138671875,-0.5363011718749999
73.07842803001404,-0.6423078109820354,-0.35673604736328124,0.41419688720703124
73.09858846664429,-0.6864073516240294,-0.679953271484375,-0.5722141967773438
73.11839532852173,-0.698797857000783,0.040701428222656245,-0.031124621582031248
73.14008617401123,-0.7131868309866906,-0.3806780639648437,-0.13407529296874998
73.15835881233215,-0.7261102613258852,-1.0773907470703123,-1.2713210815429687
73.17835426330566,-0.732238898393957,-0.201112939453125,0.55545478515625
73.1983540058136,-0.7488928034702387,-0.7733271362304687,-0.296881005859375
73.21850061416626,-0.7638147024185872,-0.7015010864257812,-0.8212111694335937
73.2383542060852,-0.776871363998392,-0.35673604736328124,-0.5817910034179687
73.25860810279846,-0.8113782553164479,-0.4477157104492187,0.9504980590820312
73.27832317352295,-0.8569433396051548,-0.29448680419921874,0.1292868896484375
73.29834580421448,-0.9041071987811847,-0.5291185668945312,-1.2952630981445312
73.31825256347656,-0.9819142432975733,-1.37906015625,0.21787235107421873
73.33863735198975,-1.0629188375886076,-1.2785036865234374,0.40940848388671874
73.35840487480164,-1.108617153117925,-0.5793968017578125,-0.6607996582031249
73.37837338447571,-1.115411946389048,-0.00239420166015625,0.603338818359375
73.39832067489624,-1.1238055145474939,-0.3064578125,-0.2705447875976562
73.41874575614929,-1.1288683016906835,-0.8714894042968749,-1.675941162109375
73.43905234336853,-1.121274120975899,-0.02633621826171875,-0.11013327636718749
73.45853352546692,-1.0805053613491613,-0.699106884765625,0.17477672119140625
73.47896885871887,-1.0249479340146852,-0.2920926025390625,-1.9967641845703124
73.49864673614502,-0.9715222065299735,-0.43574470214843747,-0.1867477294921875
73.5186755657196,-0.9540689140100301,-0.4740519287109375,-0.9313444458007812
73.53843784332275,-0.9478070457013481,-0.3591302490234375,-0.8068459594726562
73.55850195884705,-0.957666157506507,-1.1659762084960936,-0.296881005859375
73.57868695259094,-0.9719219002518041,-0.05985504150390625,-1.180341418457031
73.59863805770874,-0.9653935694619017,-0.4333505004882812,0.74699091796875
73.6183671951294,-0.9741868313421784,-0.06703764648437499,-0.5291185668945312
73.6389548778534,-0.9828468619818449,-0.4644751220703125,0.26815058593749996
73.65862464904785,-0.9965696797647011,-0.8690952026367187,-1.209071838378906
73.6785352230072,-1.0025650855921626,-0.814028564453125,-0.7637503295898437
73.6984658241272,-1.0013660044266703,-0.8451531860351562,-0.565031591796875
73.71879720687866,-0.9935053612306652,-0.5267243652343749,-0.612915625
73.7388801574707,-0.9855114867940501,-0.7038952880859375,-0.3806780639648437
73.75892925262451,-0.9669923443492248,-0.3950432739257812,-0.6057330200195312
73.77843308448792,-0.968191425514717,-0.9504980590820312,-0.3902548706054687
73.7985200881958,-0.9575329262658967,-0.12689268798828124,-0.6392518432617187
73.81846022605896,-0.9889754990499167,-1.235408056640625,-0.6943184814453125
73.83855056762695,-0.951937214160266,-0.033518823242187495,-0.6248866333007812
73.85835146903992,-0.9564670763410147,-1.429338391113281,-0.9457096557617187
73.87854266166687,-0.9649938757400709,-0.055066638183593745,0.4525041137695312
73.8985321521759,-0.9812480870945219,-1.120486376953125,-0.4213794921875
73.9185848236084,-1.0166875970968496,-0.3854664672851562,0.16998831787109375
73.94027256965637,-0.9899081177341884,-0.565031591796875,-0.1149216796875
73.95887970924377,-1.0314762648045877,-0.8858546142578124,-0.181959326171875
73.97894096374512,-1.0277457900675007,-0.23223756103515625,-0.1580173095703125
73.99904561042786,-1.0232159278867519,-0.7709329345703124,-0.26815058593749996
74.01910877227783,-1.0254808589771263,-0.40222587890625,-0.411802685546875
74.03915810585022,-1.0013660044266703,-0.612915625,-0.41419688720703124
74.0584671497345,-0.9877764178844244,-0.7302315063476562,-0.6488286499023437
74.07824158668518,-0.97498621878584,-0.09337386474609374,-0.26336218261718747
74.09838080406189,-0.9212940288199075,-0.3902548706054687,-0.35673604736328124
74.11854720115662,-0.9534027578069788,-0.181959326171875,-0.15322890625
74.13874530792236,-0.9552679951755223,-0.13646949462890623,-0.316034619140625
74.15841364860535,-0.9086370609619334,0.5889736083984375,-0.40940848388671874
74.1787416934967,-0.8612067393046828,0.2825157958984375,-0.5889736083984375
74.19879007339478,-0.8049831557671556,0.4908113403320312,-0.7062894897460937
74.21894907951355,-0.7534226656509874,0.22505495605468748,-0.8834604125976562
74.23873782157898,-0.7142526809115726,0.14604630126953125,-0.8020575561523438
74.2585084438324,-0.6710857589538503,0.22744915771484372,-0.6272808349609375
74.27848267555237,-0.5879494648130517,-0.03591302490234375,-0.8307879760742187
74.29843211174011,-0.5322588062379654,-0.39264907226562495,-0.8954314208984374
74.31854939460754,-0.4784333850314227,-0.2442085693359375,-0.7230489013671875
74.33844947814941,-0.44832312465350527,-0.3016694091796875,-0.5051765502929687
74.35841965675354,-0.44845635589411553,-0.44532150878906246,-0.5219359619140624
74.37834215164185,-0.42287595769694675,-0.0047884033203125,-0.5722141967773438
74.39840245246887,-0.38663706025095756,-0.4285620971679687,-0.48123453369140623
74.41869735717773,-0.34293721333079424,-0.02633621826171875,-0.411802685546875
74.43861794471741,-0.2996370601324616,0.055066638183593745,-0.3232172241210937
74.45918560028076,-0.28404900498106184,-0.39264907226562495,-0.36631285400390623
74.478431224823,-0.26966003099515445,-0.05027823486328125,-0.7757213378906249
74.49831366539001,-0.21676722847288354,-0.1771709228515625,-0.4525041137695312
74.51833271980286,-0.17892955613957134,-0.13407529296874998,-0.5123591552734374
74.53862118721008,-0.13962634015954636,-0.45968671875,-0.6440402465820312
74.55833888053894,-0.135762634181849,-0.32561142578124996,-0.46686932373046874
74.578364610672,-0.07314395109502954,-0.7900865478515624,-0.24660277099609373
74.59821009635925,-0.053159265003491406,-0.5674257934570313,-0.29927520751953124
74.61901879310608,-0.044898928085655654,-0.9935936889648437,-0.3495534423828125
74.63856983184814,-0.046231240491758196,-0.7062894897460937,-0.2537853759765625
74.65845561027527,-0.0010658499248820332,-0.8930372192382812,-0.5530605834960938
74.67822027206421,0.046764165454199216,-0.7015010864257812,-0.8355763793945312
74.698557138443,0.11750995421824417,-1.599326708984375,-1.180341418457031
74.71838593482971,0.17160183790600736,-1.5610194824218748,-0.97683427734375
74.73828935623169,0.2797856052815338,-1.3718775512695311,-1.1276689819335937
74.7584617137909,0.3246845333671894,-1.3383587280273437,-0.6679822631835937
74.77839589118958,0.3487993879176454,-0.833182177734375,-0.47644613037109373
74.79850316047668,0.3514640127298505,-0.3232172241210937,0.19153613281249998
74.81845164299011,0.343869832015066,-0.8834604125976562,0.11013327636718749
74.83847427368164,0.3329448702850252,-0.6943184814453125,-0.040701428222656245
74.85891842842102,0.3236186834423074,-0.3854664672851562,-0.35194764404296874
74.87859630584717,0.3236186834423074,-0.47884033203125,-0.3399766357421875
74.89819002151489,0.367984686565522,-0.8379705810546875,-0.26336218261718747
74.91826319694519,0.4270061261558646,-0.8020575561523438,-0.699106884765625
74.9387423992157,0.5319923437567449,-1.0582371337890624,-0.8882488159179687
74.95846438407898,0.6003399701898052,-0.6560112548828124,-1.0295067138671874
74.97839260101318,0.6328483928987073,-0.45489831542968745,-0.6057330200195312
74.99913907051086,0.653632466433907,-0.24660277099609373,0.21068974609375
75.01872301101685,0.6708192964726297,-0.4955997436523437,-0.19393033447265623
75.03838229179382,0.6493690667343788,-1.0726023437499999,-0.09576806640624999
75.05840563774109,0.5621026041346623,0.24899697265624998,0.6751648681640625
75.07835531234741,0.424075038862439,0.009576806640625,0.08858546142578125
75.09836053848267,0.31375957163714857,0.5147533569335937,0.5003881469726562
75.1182279586792,0.2676615623860006,0.45010991210937495,0.7254431030273437
75.138840675354,0.248476263738124,0.35194764404296874,0.7565677246093749
75.15848302841187,0.20824042907382725,0.19632453613281248,0.22026655273437498
75.17837715148926,0.12070750399289026,-0.2059013427734375,-0.055066638183593745
75.19838833808899,0.07434303226052183,-0.1149216796875,0.076614453125
75.21830201148987,0.07740735079455767,-0.28730419921875,0.21787235107421873
75.23883175849915,0.07314395109502954,-0.5291185668945312,-0.08379705810546874
75.2584958076477,0.04210107203284032,-0.679953271484375,0.009576806640625
75.2786557674408,0.012257274136143382,-0.430956298828125,0.40940848388671874
75.29840850830078,-0.018652373685435583,-0.44532150878906246,-0.05985504150390625
75.31836867332458,-0.04236753451406082,-0.373495458984375,0.28969840087890625
75.33852243423462,-0.050361408950676076,-0.02154781494140625,0.20350714111328125
75.35856437683105,-0.053692189965932426,-0.12689268798828124,-0.38307226562499996
75.37833070755005,-0.04636447173236845,-0.1484405029296875,-0.01915361328125
75.39834451675415,-0.02744563556571236,0.05985504150390625,-0.28012159423828126
75.41836333274841,-0.003863705977697371,-0.023942016601562498,-0.4908113403320312
75.43866777420044,0.014255742745297196,-0.5243301635742187,0.031124621582031248
75.45884776115417,0.03170903526524049,-0.3112462158203125,-0.1005564697265625
75.47895050048828,0.02691271060327134,-0.35673604736328124,-0.2705447875976562
75.49860882759094,0.005196018383799912,-0.7302315063476562,0.086191259765625
75.51828622817993,-0.0011990811654922875,0.062249243164062495,-0.18435352783203124
75.53883528709412,-0.01705359879811253,-0.6727706665039062,-0.076614453125
75.55846452713013,-0.03450689131805583,-0.2059013427734375,0.2609679809570312
75.57833552360535,-0.032108728987071254,-0.296881005859375,-0.3280056274414062
75.59832000732422,-0.032774885190122525,-0.679953271484375,-0.23223756103515625
75.61862182617188,-0.02078407353519965,0.4908113403320312,-0.011971008300781249
75.63852953910828,-0.01345635530163567,-0.6392518432617187,-0.4285620971679687
75.65874671936035,-0.03384073511500456,0.16041151123046873,0.49799394531249996
75.67839074134827,-0.0006661562030512709,-0.5386953735351562,-0.05027823486328125
75.69824123382568,-0.0073277182335639785,0.507570751953125,-0.6823474731445313
75.71832084655762,-0.005196018383799912,-0.9504980590820312,-0.0383072265625
75.73875045776367,-0.016787136316892024,0.1005564697265625,-0.1197100830078125
75.75853395462036,-0.014255742745297196,0.49799394531249996,0.2059013427734375
75.77855777740479,-0.031176110302799476,-0.4644751220703125,-0.2705447875976562
75.79850220680237,-0.006128637068071691,0.19871873779296872,-1.3215993164062498
75.8183958530426,-0.012390505376753637,0.3687070556640625,0.8355763793945312
75.83872509002686,0.005462480865020421,-0.5386953735351562,-0.33518823242187495
75.85882067680359,-0.009192955602107537,0.0526724365234375,-0.3902548706054687
75.87839698791504,-0.004929555902579405,-0.9959878906249999,-0.05985504150390625
75.89842510223389,-0.016653905076281773,-0.15083470458984374,-0.7613561279296874
75.91840291023254,-0.02118376725703041,-1.3048399047851562,0.6560112548828124
75.93861103057861,-0.008526799399056265,0.38307226562499996,-0.11252747802734374
75.95847940444946,-0.009326186842717792,-0.4213794921875,-0.09816226806640624
75.97967743873596,-0.0006661562030512709,-0.6631938598632812,-0.316034619140625
75.99877882003784,0.001732006127933304,0.1867477294921875,0.04548983154296875
76.01960825920105,0.011324655451871604,-0.2657563842773437,0.30406361083984373
76.04020595550537,0.012257274136143382,0.9696516723632812,-0.3016694091796875
76.05875301361084,-0.005329249624410167,-0.6488286499023437,-0.25139117431640623
76.07852673530579,-0.0011990811654922875,0.7900865478515624,-0.3447650390625
76.09879875183105,-0.007727411955394742,-0.5147533569335937,-0.06703764648437499
76.11877489089966,-0.002531393571594829,-0.04548983154296875,-0.2657563842773437
76.13998985290527,-0.008127105677225504,0.14125789794921875,-0.016759411621093748
76.1593747138977,-0.0033307810152563544,-0.6296750366210937,-0.21068974609375
76.17861986160278,-0.009059724361497283,-0.3280056274414062,-0.8403647827148437
76.19889545440674,0.0030643185340358454,0.1197100830078125,0.30406361083984373
76.21865701675415,0.002531393571594829,-0.239420166015625,0.3280056274414062
76.23918676376343,-0.0074609494741742334,-1.1276689819335937,-0.8643067993164062
76.259361743927,-0.00479632466196915,0.0430956298828125,0.44053310546874996
76.27877569198608,-0.012923430339194655,-0.5003881469726562,-0.5530605834960938
76.29905676841736,-0.00159877488732305,0.28490999755859375,-0.2753331909179687
76.3184700012207,-0.007993874436615249,-1.2234370483398436,0.2753331909179687
76.33915066719055,-0.0035972434964768626,-0.7398083129882812,-0.3902548706054687
76.35882043838501,-0.001732006127933304,0.612915625,-0.4477157104492187
76.37906312942505,0.004663093421358896,-0.6631938598632812,0.4165910888671875
76.39861106872559,-0.011324655451871604,-0.718260498046875,-0.7398083129882812
76.41878461837769,-0.010392036767599824,-1.5131354492187499,0.51714755859375
76.43903374671936,-0.01732006127933304,-1.2856862915039062,-1.697488977050781
76.45896768569946,-0.0037304747370871167,0.6919242797851562,0.565031591796875
76.47869443893433,-0.013189892820415163,-1.3838485595703125,-0.3447650390625
76.49962091445923,-0.01185758041431262,-0.0718260498046875,-0.35673604736328124
76.51875185966492,-0.02105053601642016,-0.39983167724609375,0.18914193115234373
76.53933882713318,-0.035705972483548114,-0.5003881469726562,-0.7613561279296874
76.55893182754517,-0.033307810152563545,-0.05746083984375,0.5913678100585937
76.57883143424988,-0.02571362943777905,0.00718260498046875,-0.5267243652343749
76.59888458251953,-0.021849923460081685,-0.5817910034179687,0.05746083984375
76.61885499954224,-0.01851914244482533,-0.8930372192382812,-0.3399766357421875
76.6389057636261,-0.01505513018895872,-1.0821791503906248,0.055066638183593745
76.65902209281921,-0.011058192970651094,-0.21308394775390624,0.40940848388671874
76.67881464958191,-0.009059724361497283,-0.59376201171875,-0.6200982299804687
76.69885396957397,-0.009059724361497283,-0.679953271484375,-0.16280571289062498
76.7189290523529,-0.023581929588014985,-0.93852705078125,-0.26336218261718747
76.7392942905426,-0.02717917308449185,-0.4644751220703125,-0.18435352783203124
76.75912499427795,-0.01971822361031762,0.8810662109374999,-0.20829554443359374
76.77888655662537,-0.009725880564548555,-1.9584569580078124,-0.02633621826171875
76.79895663261414,-0.01052526800821008,1.2497732666015624,-0.63206923828125
76.81888771057129,-0.011990811654922875,-0.9840168823242187,1.1372457885742187
76.83950209617615,-0.017186830038722786,-1.5059528442382812,-0.612915625
76.85902571678162,-0.01532159267017923,0.8810662109374999,-0.0909796630859375
76.87859058380127,-0.011191424211261349,-1.3958195678710936,0.1149216796875
76.89898777008057,-0.015188361429568975,-0.09337386474609374,0.1484405029296875
76.91885495185852,-0.032508422708902016,-0.22505495605468748,0.9528922607421875
76.93942880630493,-0.03450689131805583,-1.4101847778320311,-0.7158662963867187
76.95884442329407,-0.0302434916185277,0.5985504150390625,-0.06703764648437499
76.97898149490356,-0.015987748873230498,-0.9074024291992187,-0.5410895751953124
76.9986207485199,-0.01345635530163567,-0.47644613037109373,0.2059013427734375
77.0188102722168,-0.016520673835671518,-2.0925322509765625,0.14604630126953125
77.03956270217896,-0.005995405827461438,-0.6727706665039062,0.20350714111328125
77.05857634544373,-0.005462480865020421,-1.0702081420898437,-0.12689268798828124
77.07879710197449,0.0029310872934255917,0.19393033447265623,-0.36631285400390623
77.09878444671631,-0.015854517632620246,-0.5195417602539062,0.12689268798828124
77.11839699745178,-0.010258805526989571,-1.3958195678710936,0.2154781494140625
77.13942313194275,-0.0029310872934255917,0.7254431030273437,-0.28490999755859375
77.15862250328064,-0.00866003063966652,-0.8690952026367187,-0.26336218261718747
77.17845225334167,0.005595712105630674,0.354341845703125,-0.0526724365234375
77.1983106136322,0.004396630940138387,-1.1827356201171875,-1.0366893188476562
77.21843838691711,-0.0003996937218307625,-1.3048399047851562,-0.6967126831054687
77.23858284950256,0.02598009191899956,-0.842758984375,0.023942016601562498
77.2584924697876,0.06421745797414251,-1.4532804077148436,-0.2657563842773437
77.27819061279297,0.143623277377854,-1.5873557006835937,-1.0749965454101562
77.29828763008118,0.22609341531560131,-1.149216796875,-1.3455413330078123
77.31832647323608,0.31975497746460996,-1.8555062866210936,-1.2665326782226562
77.33880496025085,0.3869035227321781,-0.9217676391601562,0.37828386230468747
77.35875129699707,0.4404624814575003,-0.7015010864257812,-1.3383587280273437
77.3785285949707,0.4661761108952793,0.009576806640625,0.17238251953125
77.39844274520874,0.4922894340548891,-1.139639990234375,-0.46686932373046874
77.41832852363586,0.5266630941323347,-1.218648645019531,-0.8571241943359375
77.43849468231201,0.5395865244715293,-0.6464344482421874,1.1276689819335937
77.45842337608337,0.567698316240293,0.3447650390625,-0.8595183959960937
77.47845768928528,0.5707626347743289,-1.3670891479492187,0.0
77.49845767021179,0.5999402764679745,-0.43574470214843747,-0.6727706665039062
77.51860213279724,0.6281852994773484,-1.0702081420898437,1.0414777221679687
77.5386266708374,0.6417748860195943,-0.44053310546874996,-1.180341418457031
77.55865097045898,0.6569632474491632,-0.6488286499023437,-0.3447650390625
77.57842826843262,0.6973323133540703,0.2537853759765625,-0.2561795776367187
77.59850311279297,0.7378346104995875,-1.0821791503906248,-0.0909796630859375
77.61910629272461,0.7692771832836076,-0.5482721801757812,0.24181436767578124
77.63855409622192,0.8147090363317042,-0.19393033447265623,-0.814028564453125
77.65944790840149,0.8749295570875391,-1.2832920898437499,-0.2537853759765625
77.67846751213074,0.9478070457013481,-0.3064578125,-0.6871358764648438
77.69825339317322,1.015355284690747,-1.659181750488281,0.033518823242187495
77.71829724311829,1.0350735083010645,-0.9457096557617187,0.14125789794921875
77.73867225646973,1.068914243416069,-0.5243301635742187,-0.6344634399414062
77.75877666473389,1.0831699861613664,-0.814028564453125,-0.23702596435546874
77.77841901779175,1.09556049153812,-0.6631938598632812,-0.411802685546875
77.79871821403503,1.1144793277047762,-1.0726023437499999,0.9552864624023437
77.81841468811035,1.0479969386402592,-0.2920926025390625,0.38786066894531246
77.83853602409363,0.9480735081825686,1.0726023437499999,-0.05746083984375
77.858811378479,0.8449525279502319,-0.047884033203124995,0.07900865478515624
77.87842583656311,0.8016523747518992,0.5315127685546874,0.6440402465820312
77.89835572242737,0.7937917315558943,0.7972691528320313,1.3862427612304686
77.91826272010803,0.7534226656509874,0.033518823242187495,0.0718260498046875
77.9385941028595,0.6933353761357627,0.15083470458984374,0.18914193115234373
77.95856165885925,0.6385773362449482,0.13646949462890623,0.5913678100585937
77.97827434539795,0.5895482397003747,-0.9145850341796874,0.6919242797851562
77.99828886985779,0.5605038292473392,0.29927520751953124,0.2346317626953125
78.01840591430664,0.5287947939820988,-0.29927520751953124,0.22744915771484372
78.03833866119385,0.4849617158213252,0.852335791015625,0.28012159423828126
78.05853581428528,0.43073660089295174,-0.737414111328125,0.12449848632812499
78.07829976081848,0.3898346100256037,-0.8714894042968749,0.8259995727539062
78.09829688072205,0.3424042883683532,0.2561795776367187,-0.23223756103515625
78.1183214187622,0.3109617155843332,-0.44053310546874996,0.277727392578125
78.1386501789093,0.273124043251021,-0.4381389038085937,-0.16280571289062498
78.15844583511353,0.25300612591887267,0.37828386230468747,0.603338818359375
78.17831873893738,0.22662634027804232,-0.22505495605468748,0.5961562133789062
78.19836640357971,0.19758192982500694,0.14604630126953125,-0.5458779785156249
78.21803092956543,0.1572128639200999,-0.7254431030273437,-0.4429273071289062
78.23861575126648,0.11924196034617748,-0.7709329345703124,0.5099649536132812
78.25856852531433,0.09232924974290613,-0.6248866333007812,0.411802685546875
78.27837419509888,0.07807350699760894,-0.689530078125,1.2521674682617188
78.29857039451599,0.01945176112909711,-1.0366893188476562,-1.1228805786132812
78.31849837303162,-0.0002664624812205083,0.076614453125,1.3287819213867187
78.33878636360168,-0.0814042880128653,-0.39264907226562495,-0.181959326171875
78.3586893081665,-0.06928024511733216,-1.0821791503906248,0.5530605834960938
78.37874460220337,-0.04170137831100955,0.1388636962890625,-0.45968671875
78.39864373207092,-0.02971056665608668,-2.085349645996094,-1.4915876342773438
78.4186646938324,-0.032508422708902016,-0.2442085693359375,-0.70868369140625
78.43859958648682,-0.017186830038722786,-1.1540052001953125,-0.26336218261718747
78.45858097076416,0.014122511504686942,-1.3670891479492187,0.9888052856445312
78.47857642173767,0.015854517632620246,-0.40940848388671874,0.35194764404296874
78.4982967376709,0.009992343045769061,-1.8507178833007811,-1.889025109863281
78.51836133003235,0.007061255752343471,0.11252747802734374,-0.28490999755859375
78.53917574882507,-0.028911179212425153,-0.9026140258789062,-0.30406361083984373
78.55883073806763,-0.026779479362661087,-0.5817910034179687,0.47165772705078124
78.5783166885376,-0.032508422708902016,-0.49799394531249996,-0.23702596435546874
78.59828925132751,-0.007194486992953725,-0.5817910034179687,-0.10773907470703124
78.61826181411743,-0.0037304747370871167,0.6727706665039062,-0.32561142578124996
78.63924813270569,-0.013056661579804908,-0.9193734375,-0.41419688720703124
78.65883111953735,0.021583460978861175,0.033518823242187495,0.18914193115234373
78.67890477180481,0.00013323124061025415,-0.8571241943359375,-0.9097966308593749
78.69824743270874,0.0005329249624410166,-0.033518823242187495,-0.29448680419921874
78.7182559967041,-0.013323124061025418,0.17238251953125,-0.22744915771484372
78.73872923851013,-0.029444104174866172,-1.5490484741210937,0.6488286499023437
78.7582380771637,-0.07927258816310122,-2.1260510742187497,1.0821791503906248
78.77861738204956,-0.16653905076281772,-1.5322890624999999,0.6488286499023437
78.79806447029114,-0.27712098046932865,-2.0254946044921875,-0.737414111328125
78.81835389137268,-0.3647871367908759,-0.8714894042968749,0.5315127685546874
78.83844900131226,-0.4361990817579721,-1.7549498168945312,0.4381389038085937
78.8583459854126,-0.4643108735267358,-0.17477672119140625,-0.82360537109375
78.87843799591064,-0.49042419668634557,-0.4860229370117187,0.8355763793945312
78.89832830429077,-0.47803369130959195,-1.6519991455078125,-1.9416975463867185
78.91848874092102,-0.5156049011616837,-0.22744915771484372,0.5961562133789062
78.93850493431091,-0.5331914249222371,-1.2473790649414063,-0.852335791015625
78.9585382938385,-0.5418514555619037,-0.277727392578125,0.239420166015625
78.9788875579834,-0.5593047480818469,-0.011971008300781249,0.49320554199218747
78.99840664863586,-0.585018377519626,-0.6919242797851562,-0.1580173095703125
79.0183458328247,-0.6100658507543538,-0.17956512451171874,-0.1484405029296875
79.03884506225586,-0.6337810115829791,-0.5243301635742187,0.15083470458984374
79.05852341651917,-0.6660229718106606,-0.6344634399414062,0.047884033203124995
79.07849645614624,-0.7309065859878544,-0.29448680419921874,-0.9169792358398436
79.09849691390991,-0.7904609505406379,-1.01514150390625,0.34715924072265625
79.11858534812927,-0.8626722829513956,-0.6464344482421874,0.011971008300781249
79.13867235183716,-0.9118346107365795,-0.814028564453125,0.8762778076171874
79.15832686424255,-0.9652603382212914,-0.28490999755859375,-0.40222587890625
79.17831707000732,-1.0029647793139933,-1.1875240234375,-1.158793603515625
79.19832992553711,-1.0110918849912187,-0.6464344482421874,-0.8116343627929687
79.2191550731659,-1.02215007796187,-0.49320554199218747,-0.023942016601562498
79.23864698410034,-1.0486630948433104,-1.2785036865234374,-1.216254443359375
79.25856161117554,-1.0605206752576233,-0.34237083740234375,0.12689268798828124
79.2783534526825,-1.0642511499947103,-0.603338818359375,-0.9720458740234375
79.29859662055969,-1.0754425742059717,-0.2561795776367187,0.30885201416015623
79.31893873214722,-1.080372130108551,-0.9002198242187499,-0.6272808349609375
79.33904719352722,-1.0962266477411713,-0.5027823486328125,-0.3806780639648437
79.35844469070435,-1.0823705987177048,-0.9624690673828125,-1.7334020019531249
79.37870478630066,-1.072511486912546,-0.41898529052734373,-0.5506663818359374
79.39841532707214,-1.0450658513468336,-0.1867477294921875,-0.5913678100585937
79.418701171875,-1.0225497716837006,-0.584185205078125,-1.5418658691406248
79.43911266326904,-1.002298623110942,-0.8595183959960937,-1.1085153686523437
79.45845079421997,-1.0097595725851163,-0.469263525390625,-0.05746083984375
79.4783046245575,-1.009093416382065,-0.43574470214843747,-0.0718260498046875
79.49840593338013,-1.0181531407435622,-0.6081272216796875,-1.2952630981445312
79.51844668388367,-0.9869770304407628,-0.70868369140625,-0.07900865478515624
79.53856229782104,-0.9355497715652047,-0.6871358764648438,-0.8643067993164062
79.55858635902405,-0.840289434528873,-1.139639990234375,-1.9608511596679685
79.57880449295044,-0.7628820837343153,-0.6440402465820312,-0.3902548706054687
79.59850573539734,-0.7018621755348189,-1.2306196533203124,-1.675941162109375
79.61857771873474,-0.662558959554794,-0.74699091796875,-0.6943184814453125
79.63912510871887,-0.6192588063564614,-1.4101847778320311,-0.7996633544921875
79.65864539146423,-0.5874165398506107,-0.6416460449218749,-1.177947216796875
79.67854595184326,-0.549845329998519,-0.7829039428710937,-0.22026655273437498
79.69831037521362,-0.5056125581159145,0.09576806640624999,-1.35990654296875
79.7183005809784,-0.44485911239763865,-0.47165772705078124,-0.49320554199218747
79.73859715461731,-0.3911669224317062,0.5051765502929687,-0.41898529052734373
79.75843501091003,-0.35985758088829645,0.028730419921875,-0.9145850341796874
79.77848291397095,-0.3806416544234961,0.6655880615234374,-0.05027823486328125
79.79830765724182,-0.3877029101758396,0.7637503295898437,0.040701428222656245
79.81836438179016,-0.3914333849129268,-0.02154781494140625,-0.3806780639648437
79.83859634399414,-0.3665191429188092,0.3232172241210937,-0.181959326171875
79.85852360725403,-0.3667856054000297,-0.24660277099609373,-0.9792284790039062
79.87851452827454,-0.3264165394951227,-0.3327940307617187,-0.8188169677734375
79.89856791496277,-0.30043644757612314,-0.5434837768554687,-0.5770026000976562
79.91849303245544,-0.2534058196407034,0.06943184814453125,-0.7541735229492187
79.93835520744324,-0.20704134790833498,-0.5578489868164063,-0.07422025146484375
79.95856833457947,-0.14775344583677189,-0.06703764648437499,-1.4030021728515625
79.97863054275513,-0.08926493120887029,-0.6200982299804687,-0.2059013427734375
79.9992573261261,-0.023448698347404734,-0.0430956298828125,-0.9864110839843749
80.01862788200378,0.0014655436467127959,-0.22505495605468748,-0.9433154541015625
80.03843760490417,0.09819142432975732,-0.6272808349609375,-1.39821376953125
80.05839705467224,0.1482863707992129,-0.0047884033203125,-0.6847416748046875
80.07827711105347,0.1758652376055355,-0.4740519287109375,-0.3711012573242187
80.0986795425415,0.13003369083560806,0.30406361083984373,0.40462008056640625
80.11840891838074,0.062218989364988694,0.18914193115234373,0.45968671875
80.13849925994873,-0.011457886692481857,-0.16998831787109375,0.9193734375
80.15859746932983,-0.05049464019128633,0.3950432739257812,0.0526724365234375
80.17872071266174,-0.07607503838845513,-0.6967126831054687,-0.21068974609375
80.19852137565613,-0.07927258816310122,-0.05027823486328125,0.0143652099609375
80.21848034858704,-0.0720781011701475,-0.4908113403320312,-1.1731588134765625
80.2383234500885,-0.044232771882604376,-1.3168109130859373,0.8475473876953125
80.25848913192749,-0.01052526800821008,-0.011971008300781249,-1.7238251953125
80.27833485603333,0.020517611053979142,-0.08858546142578125,0.8595183959960937
80.29843258857727,0.0464977029729787,-0.3399766357421875,0.63206923828125
80.31884860992432,0.03037672285913795,-0.16041151123046873,-2.0302830078125
80.33870458602905,0.011324655451871604,0.3064578125,1.22583125
80.35844254493713,-0.004529862180748642,0.26336218261718747,-0.4955997436523437
80.37856698036194,-0.01052526800821008,-0.5865794067382812,0.6248866333007812
80.39832377433777,0.022782542144353463,0.1771709228515625,0.32561142578124996
80.4184262752533,0.017852986241774057,-1.6903063720703124,-1.62805712890625
80.43868088722229,0.03037672285913795,0.4165910888671875,-0.2059013427734375
80.45835542678833,0.053558958725322174,-1.1707646118164061,0.0383072265625
80.47810792922974,0.1269693723015722,-1.1324573852539062,-2.6216508178710938
80.49825286865234,0.20504287929918116,-1.2497732666015624,-0.22026655273437498
80.51869535446167,0.3406722822404199,-2.5139117431640625,-0.0909796630859375
80.5382730960846,0.38303981675448073,-0.5626373901367188,-1.956062756347656
80.55836606025696,0.4223430327345057,-3.172317199707031,-0.1867477294921875
80.57827663421631,0.455517611646459,1.1635820068359375,1.120486376953125
80.59878492355347,0.49069065916756605,-1.3168109130859373,-0.5889736083984375
80.61856770515442,0.5080107204468991,-1.3120225097656248,-0.8690952026367187
80.63862204551697,0.5589050543600161,-0.009576806640625,0.612915625
80.65839695930481,0.5672986225184622,-0.8714894042968749,-1.7764976318359373
80.67830467224121,0.5959433392496668,-0.07422025146484375,-0.32082302246093747
80.69830441474915,0.6188591126346307,-0.6200982299804687,0.28730419921875
80.71850633621216,0.6526998477496352,-0.0047884033203125,-0.6368576416015624
80.73827791213989,0.669353752825917,-1.3766659545898436,0.06943184814453125
80.75834679603577,0.6977320070759011,-0.8547299926757812,-0.24181436767578124
80.77838230133057,0.705592650271906,-0.28730419921875,-0.181959326171875
80.79821181297302,0.7158514557988956,-1.1109095703125,0.33518823242187495
80.81846117973328,0.7311730484690748,-0.70868369140625,-0.3016694091796875
80.83852195739746,0.7743399704267973,-0.5793968017578125,-0.8044517578125
80.85862016677856,0.8294977040394423,-0.9169792358398436,0.5434837768554687
80.87838292121887,0.8910505372013799,-1.005564697265625,-0.41898529052734373
80.89871025085449,0.9700566628832606,-1.0965443603515623,-1.5370774658203123
80.91865539550781,1.0416018390909672,-1.0534487304687499,0.14604630126953125
80.93833327293396,1.0790398177024485,-0.9911994873046874,-1.2952630981445312
80.95855140686035,1.0815712112740434,-1.1444283935546875,-0.45489831542968745
80.97820472717285,1.1015558973655815,-0.36631285400390623,1.3575123413085937
80.99871253967285,1.1159448713514888,-0.3184288208007812,-0.9145850341796874
81.01860976219177,1.1019555910874121,-0.9864110839843749,-1.0271125122070313
81.0386266708374,1.092362941763474,-0.316034619140625,0.9265560424804687
81.05848479270935,1.0527932633022283,-0.07900865478515624,0.3902548706054687
81.07846522331238,1.0182863719841726,-0.34715924072265625,0.565031591796875
81.09858131408691,0.9889754990499167,-0.3495534423828125,-0.24181436767578124
81.1183271408081,0.9837794806661168,-0.8571241943359375,0.37828386230468747
81.13880920410156,0.9903078114560192,-0.6344634399414062,0.5602431884765625
81.15855383872986,0.993905054952496,-0.3806780639648437,-0.3064578125
81.17862582206726,0.9705895878457016,-0.32561142578124996,0.7038952880859375
81.19854760169983,0.9580658512283377,-1.0630255371093749,-0.5793968017578125
81.21855878829956,0.937281777693138,-0.7254431030273437,1.2401964599609374
81.23866271972656,0.9034410425781335,-0.6153098266601562,-0.8547299926757812
81.25843119621277,0.9006431865253182,-0.5913678100585937,0.7637503295898437
81.27844142913818,0.9062388986309488,-0.8690952026367187,-0.7661445312499999
81.29836583137512,0.9390137838210714,-0.5315127685546874,0.5410895751953124
81.31825947761536,0.9615298634842043,-1.0414777221679687,-1.4053963745117186
81.33832907676697,0.9711225128081425,-0.44053310546874996,0.10295067138671875
81.3582751750946,0.9880428803656449,-1.1228805786132812,-0.488417138671875
81.37827372550964,0.9948376736367679,-0.0526724365234375,0.24660277099609373
81.39827275276184,0.9800490059290297,-1.3120225097656248,0.055066638183593745
81.41828322410583,0.9647274132588505,0.062249243164062495,0.143652099609375
81.43826389312744,0.9460750395734148,-0.8283937744140625,0.08858546142578125
81.45842266082764,0.9406125587083944,-0.42377369384765623,-0.062249243164062495
81.47817897796631,0.9585987761907787,-0.09337386474609374,-0.14604630126953125
81.49827146530151,0.9715222065299735,-0.59376201171875,-0.4525041137695312
81.51827454566956,0.9759188374701118,-0.0430956298828125,-0.27293898925781246
81.53856658935547,0.9748529875452298,-0.689530078125,-0.09816226806640624
81.55845093727112,0.9853782555534398,-0.7493851196289062,0.34715924072265625
81.57885980606079,0.9989678420956857,-0.565031591796875,-0.2561795776367187
81.5989282131195,0.9991010733362959,-0.8738836059570312,-0.076614453125
81.61944675445557,1.0076278727353523,-1.1731588134765625,-0.239420166015625
81.63967370986938,1.0045635542013165,-0.5410895751953124,-0.19153613281249998
81.65873074531555,0.9943047486743268,-0.852335791015625,-0.22505495605468748
81.67863440513611,0.9709892815675323,-0.5339069702148437,0.33758243408203126
81.69873571395874,0.955134763934912,-0.38786066894531246,0.08140285644531249
81.71870517730713,0.9468744270170764,-0.6057330200195312,0.01915361328125
81.73927354812622,0.9190290977295332,-0.09337386474609374,-0.1197100830078125
81.75881886482239,0.86493721404177,0.7685387329101562,0.24899697265624998
81.7788290977478,0.8304303227237142,0.430956298828125,0.1149216796875
81.79853844642639,0.8011194497894583,0.7302315063476562,0.40462008056640625
81.81916379928589,0.7806018387354792,0.30885201416015623,0.36391865234375
81.83935809135437,0.7363690668528747,0.5315127685546874,0.488417138671875
81.85855984687805,0.6616263408705222,-0.07422025146484375,0.6560112548828124
81.87851190567017,0.5714287909773801,-0.24899697265624998,0.6871358764648438
81.89853119850159,0.5165375198459554,-0.22026655273437498,0.8978256225585937
81.91848802566528,0.48056508488118677,-0.679953271484375,0.41419688720703124
81.9387583732605,0.43659877547980286,-0.6512228515624999,0.0383072265625
81.9588131904602,0.3998269530713727,-0.49799394531249996,-0.0718260498046875
81.97891974449158,0.3815742731077679,0.05985504150390625,0.277727392578125
81.99890565872192,0.3623889744598913,-0.277727392578125,-0.040701428222656245
82.018967628479,0.35292955637656326,-0.11013327636718749,0.11013327636718749
82.03910326957703,0.34347013829323525,0.26815058593749996,-0.009576806640625
82.05877876281738,0.30096937253856415,0.0383072265625,0.258573779296875
82.07858395576477,0.2459448701665292,0.07900865478515624,0.229843359375
82.09870958328247,0.2058422667428427,-0.0430956298828125,0.354341845703125
82.1188862323761,0.16813782565014074,0.1580173095703125,0.8092401611328125
82.13876843452454,0.10938284854101867,-0.45010991210937495,0.1484405029296875
82.15861988067627,0.07167840744831674,-0.0909796630859375,0.5243301635742187
82.17858505249023,0.037171516130260915,-0.296881005859375,0.2705447875976562
82.19864511489868,-0.0058621745868511835,-0.74699091796875,-0.2346317626953125
82.21859002113342,-0.027978560528153375,-0.2920926025390625,0.033518823242187495
82.23876118659973,-0.03557274124293786,-0.23702596435546874,0.36631285400390623
82.25880980491638,-0.05862174586851183,-0.3399766357421875,-0.16759411621093748
82.2786705493927,-0.03903675349880447,0.39983167724609375,-0.5410895751953124
82.29890131950378,-0.03317457891195329,-0.41419688720703124,-0.4860229370117187
82.31859850883484,-0.028378254249984136,0.05985504150390625,0.32082302246093747
82.33857154846191,-0.008127105677225504,-0.29927520751953124,-0.40222587890625
82.359610080719,0.005995405827461438,-0.3950432739257812,-0.4955997436523437
82.378741979599,0.009725880564548555,-0.076614453125,-0.12449848632812499
82.39852213859558,0.012656967857974145,-0.5243301635742187,-0.14125789794921875
82.41849708557129,-0.003863705977697371,-0.603338818359375,-0.06703764648437499
82.43923020362854,-0.012923430339194655,-0.833182177734375,0.51714755859375
82.45851945877075,-0.022116385941302188,0.3064578125,-0.14604630126953125
82.47834944725037,-0.037837672333312186,-0.7422025146484375,0.086191259765625
82.49846410751343,-0.05475803989081446,-0.45489831542968745,-0.016759411621093748
82.51881408691406,-0.08526799399056267,-0.38786066894531246,-0.2920926025390625
82.53890180587769,-0.10045635542013163,-1.0295067138671874,0.08379705810546874
82.55850911140442,-0.11444563568420833,-0.46686932373046874,-0.19871873779296872
82.57835125923157,-0.15388208290484356,-0.9792284790039062,0.7158662963867187
82.59837484359741,-0.2057090355022324,-0.45010991210937495,0.6560112548828124
82.61834478378296,-0.3156248090056921,-1.6208745239257811,0.7829039428710937
82.63895559310913,-0.37664471720518855,-0.7613561279296874,0.28969840087890625
82.65856456756592,-0.44858958713472574,-1.9847931762695312,-0.086191259765625
82.67839050292969,-0.4924226652954994,0.02154781494140625,0.9888052856445312
82.69823956489563,-0.4986845336041813,-0.5482721801757812,-0.2561795776367187
82.71863460540771,-0.5411852993588524,-1.2641384765625,-0.28490999755859375
82.73896479606628,-0.5534425734949958,-0.20350714111328125,-0.2705447875976562
82.75868439674377,-0.5880826960536619,-1.197100830078125,-0.20350714111328125
82.77830386161804,-0.5940781018811233,0.00239420166015625,0.12689268798828124
82.79841423034668,-0.6116646256416768,-0.8355763793945312,0.22505495605468748
82.81856226921082,-0.6443062795911891,-0.2753331909179687,-0.3112462158203125
82.8384940624237,-0.654165391396348,-0.49320554199218747,-0.1292868896484375
82.85852122306824,-0.6793460958716859,-0.833182177734375,-0.11013327636718749
82.87816858291626,-0.6934686073763728,-0.45968671875,-0.430956298828125
82.89826774597168,-0.730240429784803,-1.39821376953125,0.00239420166015625
82.91843247413635,-0.7755390515922894,-0.076614453125,0.7398083129882812
82.93880605697632,-0.826166923024186,-1.3120225097656248,0.055066638183593745
82.95854568481445,-0.8985114866755541,-0.9983820922851562,0.13168109130859373
82.97865152359009,-0.921560491301128,-1.0726023437499999,-0.05027823486328125
82.99926042556763,-1.0093598788632856,-0.63206923828125,-0.07422025146484375
83.01827692985535,-1.0292113337142135,-0.5578489868164063,0.74699091796875
83.0383996963501,-1.051460950896126,-0.7805097412109374,-0.3854664672851562
83.05861043930054,-1.0675819310099666,-0.5003881469726562,-0.14604630126953125
83.07835555076599,-1.0537258819865003,-0.33758243408203126,-0.354341845703125
83.09847712516785,-1.0449326201062235,-0.5746083984375,-0.2825157958984375
83.1184196472168,-1.0313430335639775,-0.26815058593749996,-0.7613561279296874
83.13841152191162,-1.0045635542013165,-0.833182177734375,-0.3854664672851562
83.15852308273315,-0.9828468619818449,-0.7230489013671875,-0.14125789794921875
83.1781702041626,-0.9611301697623735,-0.5003881469726562,-0.5386953735351562
83.1982524394989,-0.9303537531814048,-0.7493851196289062,-0.612915625
83.21854496002197,-0.9111684545335282,0.016759411621093748,-0.23223756103515625
83.23853850364685,-0.9005099552847079,-0.4525041137695312,-0.41419688720703124
83.25863432884216,-0.8971791742694515,-0.2609679809570312,-0.565031591796875
83.27838277816772,-0.8700000011849597,0.7924807495117187,0.1388636962890625
83.29852175712585,-0.8144425738504838,0.143652099609375,-0.40940848388671874
83.31855535507202,-0.7767381327577818,0.46208092041015625,-0.45968671875
83.33850431442261,-0.761150077606382,0.32082302246093747,-0.6200982299804687
83.35870599746704,-0.7269096487695467,0.20829554443359374,-0.86191259765625
83.378488779068,-0.6946676885418652,-0.28730419921875,-0.8499415893554687
83.39847135543823,-0.6066018384984873,0.612915625,-0.5578489868164063
83.41870284080505,-0.5034808582661505,0.02154781494140625,-0.4477157104492187
83.43896627426147,-0.4361990817579721,-0.44532150878906246,-1.5801730957031248
83.45889377593994,-0.40595559013944443,-0.45010991210937495,-0.9792284790039062
83.4784345626831,-0.3743797861148142,-0.28730419921875,-0.3399766357421875
83.49857306480408,-0.3593246559258555,-0.3806780639648437,-0.05985504150390625
83.51908588409424,-0.34666768806788134,-0.45968671875,-0.16998831787109375
83.53862810134888,-0.3432036758120147,-0.49320554199218747,-0.3327940307617187
83.55850577354431,-0.3377411949469943,0.00239420166015625,-0.3758896606445312
83.578204870224,-0.3101623281406717,-0.11013327636718749,-0.689530078125
83.59841918945312,-0.27445635565712356,-0.258573779296875,-0.6248866333007812
83.61843776702881,-0.22076416569119114,0.09576806640624999,-0.26336218261718747
83.63940501213074,-0.1537488516642333,-0.23702596435546874,-0.86191259765625
83.65856051445007,-0.1087166923379674,-0.11731588134765625,-0.8571241943359375
83.67884421348572,-0.09019754989314206,-0.5626373901367188,-0.00718260498046875
83.69854474067688,-0.08153751925347555,-0.47884033203125,-0.2753331909179687
83.71850824356079,-0.08566768771239343,-1.2306196533203124,0.10773907470703124
83.73841047286987,-0.04276722823589159,-0.7972691528320313,-0.3232172241210937
83.7582437992096,0.02371516082862524,-1.149216796875,-1.429338391113281
83.77841663360596,0.09286217470534716,-1.16837041015625,-0.9864110839843749
83.79865074157715,0.19465084253158133,-1.5729904907226562,-1.1851298217773436
83.81876277923584,0.2508744260691086,-1.3910311645507811,-1.1755530151367186
83.83829283714294,0.2768545179881082,-1.0726023437499999,-0.41898529052734373
83.8584156036377,0.2900444108085233,-0.3902548706054687,-0.39983167724609375
83.8783917427063,0.30096937253856415,-0.7709329345703124,0.062249243164062495
83.89846706390381,0.2935084230643899,-0.8188169677734375,0.06464344482421874
83.91859006881714,0.27392343069468256,-0.6248866333007812,-0.33758243408203126
83.93848395347595,0.2675283311453904,-0.6919242797851562,-0.19871873779296872
83.9584391117096,0.28911179212425153,-0.2346317626953125,-0.3687070556640625
83.9783947467804,0.3345436451723482,-0.3112462158203125,-0.4908113403320312
83.99929237365723,0.4132833083730084,-0.181959326171875,-0.8906430175781249
84.01881885528564,0.48003215991874576,-0.7206546997070312,-0.7445967163085937
84.03858041763306,0.525730475448063,-0.9074024291992187,-0.9840168823242187
84.05847358703613,0.5983415015806515,-1.458068811035156,-0.5123591552734374
84.07834815979004,0.654698316358789,-0.9361328491210937,-0.7565677246093749
84.09829640388489,0.7061255752343472,-1.3215993164062498,-0.6272808349609375
84.11865735054016,0.7267764175289364,-0.9337386474609375,-0.2561795776367187
84.13893032073975,0.736502298093485,-0.7254431030273437,-0.2059013427734375
84.1584861278534,0.7295742735817518,-0.7158662963867187,0.0909796630859375
84.17841601371765,0.7143859121521828,-1.0773907470703123,-0.07422025146484375
84.1984007358551,0.7317059734315159,-0.603338818359375,-0.39983167724609375
84.21826434135437,0.7912603379842994,-0.4261678955078125,-0.8355763793945312
84.2383680343628,0.8612067393046828,-0.4165910888671875,-0.8475473876953125
84.25835847854614,0.9175635540828204,-0.16998831787109375,-0.6727706665039062
84.27838969230652,0.9847120993503885,-0.4644751220703125,-0.8451531860351562
84.29818105697632,1.0453323138280541,-0.8882488159179687,-0.9648632690429687
84.31840062141418,1.080372130108551,-0.7996633544921875,-0.7613561279296874
84.33898377418518,1.0683813184536282,-0.46686932373046874,-0.033518823242187495
84.35849261283875,1.0619862189043359,-0.8068459594726562,0.43574470214843747
84.37826991081238,1.0369387456696082,-0.13646949462890623,-0.26815058593749996
84.39848756790161,0.9980352234114139,-0.612915625,0.296881005859375
84.41843271255493,0.9585987761907787,-0.5051765502929687,0.028730419921875
84.43838310241699,0.9584655449501684,-0.4285620971679687,-0.040701428222656245
84.45837879180908,0.97498621878584,-0.3136404174804687,-0.3950432739257812
84.47838687896729,0.9801822371696399,0.10773907470703124,-0.22744915771484372
84.49825525283813,0.9909739676590705,-0.0526724365234375,-0.239420166015625
84.51878809928894,1.0032312417952138,-0.11013327636718749,-0.44532150878906246
84.53843426704407,1.0036309355170445,-0.1388636962890625,-0.11731588134765625
84.55845904350281,0.9852450243128296,-0.3854664672851562,-0.16280571289062498
84.57843494415283,0.9900413489747987,-0.3687070556640625,0.11013327636718749
84.59840989112854,0.9955038298398191,-0.22026655273437498,-0.2561795776367187
84.61826181411743,0.9871102616813732,-0.49799394531249996,-0.0383072265625
84.6386775970459,0.9888422678093065,-0.3447650390625,-0.08379705810546874
84.65850114822388,0.9491393581074506,-0.47165772705078124,-0.33758243408203126
84.67837595939636,0.9600643198374915,-0.32082302246093747,-0.2825157958984375
84.69879674911499,0.9625957134090863,-0.354341845703125,-0.07422025146484375
84.71843695640564,0.9667258818680042,-0.15083470458984374,-0.1149216796875
84.73866105079651,0.9663261881461735,-0.1580173095703125,-0.14604630126953125
84.75826597213745,0.9824471682600142,-0.2657563842773437,-0.59376201171875
84.77851986885071,0.9847120993503885,-0.36152445068359373,-0.047884033203124995
84.79913544654846,0.9883093428468653,-0.22744915771484372,-0.34715924072265625
84.81846499443054,1.0046967854419266,-0.3854664672851562,-0.02154781494140625
84.83847522735596,1.0181531407435622,-0.3327940307617187,-0.23702596435546874
84.8586494922638,1.0072281790135216,-0.5219359619140624,-0.023942016601562498
84.87829756736755,0.9897748864935781,-0.2609679809570312,-0.086191259765625
84.8981614112854,0.9955038298398191,-0.28969840087890625,-0.086191259765625
84.91831302642822,0.9877764178844244,-0.5530605834960938,0.21787235107421873
84.93855166435242,0.9323522217905587,-0.39983167724609375,-0.1484405029296875
84.95870733261108,0.8734640134408262,-0.24660277099609373,0.3591302490234375
84.97850823402405,0.7896615630969763,0.06943184814453125,0.4381389038085937
84.99986290931702,0.7061255752343472,-0.055066638183593745,0.3902548706054687
85.01857876777649,0.6480367543282762,-0.028730419921875,0.6631938598632812
85.03841233253479,0.6024716700395693,0.23223756103515625,0.4477157104492187
85.05849528312683,0.5716952534586007,-0.34237083740234375,-0.086191259765625
85.07858371734619,0.5397197557121396,-0.17956512451171874,-0.12210428466796874
85.0984992980957,0.53465696856895,-0.5099649536132812,-0.37828386230468747
85.1184356212616,0.5193353758987708,-0.7062894897460937,0.05985504150390625
85.1387403011322,0.5037473207473709,-0.43574470214843747,-0.12210428466796874
85.15841007232666,0.48283001597156106,-0.8810662109374999,-0.08858546142578125
85.1783664226532,0.4511209807063206,-0.277727392578125,0.3758896606445312
85.19855332374573,0.400493109274424,-0.5458779785156249,0.19393033447265623
85.21842622756958,0.3426707508495737,-0.39743747558593745,0.41419688720703124
85.23877835273743,0.2821837676125183,-0.2705447875976562,0.21308394775390624
85.25872373580933,0.2721914245667493,-0.21308394775390624,0.2537853759765625
85.27871775627136,0.21969831576630913,-0.229843359375,0.13407529296874998
85.29863405227661,0.18745635553862763,-0.18435352783203124,-0.00239420166015625
85.31842970848083,0.1546814703485051,-0.29927520751953124,0.09816226806640624
85.33820462226868,0.13069984703865933,-0.28490999755859375,-0.023942016601562498
85.35873055458069,0.10725114869125461,-0.49799394531249996,-0.0383072265625
85.378338098526,0.07301071985441929,-0.47884033203125,0.17956512451171874
85.39889907836914,0.04596477801053769,-0.5027823486328125,0.12689268798828124
85.41828203201294,0.019984686091538122,-0.4740519287109375,0.016759411621093748
85.43833351135254,-0.011724349173702367,-0.4165910888671875,0.0047884033203125
85.4585177898407,-0.045565084288706925,-0.3806780639648437,-0.15083470458984374
85.47846293449402,-0.06355130177109124,-0.18914193115234373,0.10773907470703124
85.49850177764893,-0.07554211342601411,-0.16041151123046873,-0.047884033203124995
85.51821660995483,-0.09699234316426504,-0.32082302246093747,-0.12689268798828124
85.53833293914795,-0.111647779631393,-0.13407529296874998,-0.02154781494140625
85.558842420578,-0.12830168470767475,-0.229843359375,-0.00718260498046875
85.57835578918457,-0.16960336929685357,-0.21308394775390624,0.296881005859375
85.59827494621277,-0.2153016848261707,-0.4213794921875,0.469263525390625
85.61834502220154,-0.3105620218625025,-0.622492431640625,0.612915625
85.63869071006775,-0.3947641659281831,-0.7709329345703124,0.4165910888671875
85.65854263305664,-0.4703062793541972,-0.6248866333007812,0.5913678100585937
85.67855024337769,-0.5172036760490066,-0.5003881469726562,0.5147533569335937
85.69826817512512,-0.5414517618400729,-0.5698199951171875,-0.040701428222656245
85.71858668327332,-0.5663660038341906,-0.45489831542968745,-0.4955997436523437
85.73862481117249,-0.5692970911276161,-0.16998831787109375,-0.3184288208007812
85.75848364830017,-0.5770245030830108,-0.16041151123046873,-0.2705447875976562
85.77833127975464,-0.5871500773693901,-0.0909796630859375,0.21787235107421873
85.7985372543335,-0.6129969380477793,-0.20350714111328125,-0.0526724365234375
85.81823682785034,-0.6400428798916611,-0.19153613281249998,0.18914193115234373
85.83844900131226,-0.6841424205336551,-0.43574470214843747,0.0718260498046875
85.85844111442566,-0.7175834619268289,-0.4165910888671875,0.22505495605468748
85.878089427948,-0.8326952538140885,-0.39264907226562495,0.49320554199218747
85.8983907699585,-0.8891852998328362,-0.44532150878906246,0.4860229370117187
85.91820812225342,-0.9240918848727229,-0.316034619140625,0.0047884033203125
85.93850421905518,-0.9251577347976049,-0.37828386230468747,0.19393033447265623
85.95852947235107,-0.9451424208891431,-0.16041151123046873,-0.4213794921875
85.97837734222412,-0.9829800932224552,-0.040701428222656245,-0.373495458984375
85.99818825721741,-1.0025650855921626,-0.3112462158203125,0.15083470458984374
86.01825976371765,-0.997502298448973,-0.24181436767578124,0.08858546142578125
86.03849077224731,-0.9977687609301935,0.11731588134765625,-0.04548983154296875
86.05839467048645,-1.0141562035252547,0.0383072265625,-0.4955997436523437
86.07820653915405,-1.0202848405933265,-0.49320554199218747,0.17238251953125
86.09839081764221,-1.004830016682537,-0.18914193115234373,-0.2537853759765625
86.11836004257202,-1.0056294041261984,-0.2537853759765625,-0.13407529296874998
86.13838958740234,-0.9893751927717475,-0.5386953735351562,-0.15322890625
86.15910744667053,-1.0041638604794856,-0.19871873779296872,-0.46686932373046874
86.17863297462463,-0.9740536001015682,-0.5434837768554687,-0.3016694091796875
86.1988320350647,-0.9672588068304452,-0.229843359375,-0.1292868896484375
86.21827936172485,-0.9885758053280859,-0.44053310546874996,-0.17238251953125
86.23826456069946,-0.9868437992001525,-0.35194764404296874,-0.46208092041015625
86.25841951370239,-0.9853782555534398,-0.05985504150390625,0.16280571289062498
86.27853322029114,-1.0012327731860602,-0.18914193115234373,-0.0718260498046875
86.29816508293152,-1.0054961728855882,-0.5291185668945312,0.00239420166015625
86.3181471824646,-1.0232159278867519,-0.13168109130859373,-0.34715924072265625
86.33845233917236,-0.9720551314924144,-0.040701428222656245,-0.03591302490234375
86.35852670669556,-0.9423445648363277,0.12210428466796874,-0.86191259765625
86.37840032577515,-0.8582756520112573,0.4213794921875,-1.1516109985351561
86.39842915534973,-0.7381010729808081,0.8762778076171874,-0.22744915771484372
86.41884779930115,-0.6745497712097168,-0.06464344482421874,-0.9840168823242187
86.4382860660553,-0.6261868308681946,0.13646949462890623,-0.21068974609375
86.45858144760132,-0.5867503836475593,-0.00239420166015625,-0.45010991210937495
86.47826647758484,-0.555174579622929,-0.1388636962890625,-0.26336218261718747
86.49839854240417,-0.5422511492837344,-0.8762778076171874,-0.4836287353515625
86.5183265209198,-0.5307932625912526,-0.35194764404296874,-0.3016694091796875
86.53856992721558,-0.5126738138682579,-0.22026655273437498,-0.2705447875976562
86.55846881866455,-0.48442879085888413,-0.21068974609375,-0.39264907226562495
86.57827401161194,-0.45298621807486417,-0.30885201416015623,-0.36391865234375
86.59832739830017,-0.4034241965678496,-0.2154781494140625,-0.6871358764648438
86.61817574501038,-0.3462679943460506,-0.08379705810546874,-0.7278373046875
86.63869953155518,-0.30909647821578967,-0.06703764648437499,-0.6200982299804687
86.65852928161621,-0.26552986253623656,-0.0718260498046875,-0.8595183959960937
86.678635597229,-0.2220964780972937,-0.143652099609375,-0.4525041137695312
86.6989598274231,-0.18092802474872516,-0.17477672119140625,-0.49320554199218747
86.71851420402527,-0.16267534478512033,-0.23223756103515625,-0.4836287353515625
86.73912715911865,-0.15161715181446922,-0.3064578125,-0.12449848632812499
86.7589180469513,-0.1398928026407669,-0.411802685546875,-0.39743747558593745
86.77857851982117,-0.09232924974290613,-0.6560112548828124,-0.6009446166992187
86.79866337776184,-0.05222664631921963,-0.33518823242187495,-0.7589619262695312
86.81853556632996,0.000799387443661525,0.03591302490234375,-0.7996633544921875
86.8389778137207,0.037837672333312186,-0.3591302490234375,-0.5195417602539062
86.85849809646606,0.06941347635794241,0.07900865478515624,-0.5363011718749999
86.8786518573761,0.07021286380160395,0.1388636962890625,0.2346317626953125
86.8985071182251,0.04743032165725048,0.19632453613281248,-0.26815058593749996
86.9184319972992,0.015588055151399738,-0.3327940307617187,0.296881005859375
86.93858504295349,-0.011457886692481857,-0.3327940307617187,0.2825157958984375
86.95863270759583,-0.035173047521107094,-0.3136404174804687,0.08140285644531249
86.978679895401,-0.06088667695888615,-0.7206546997070312,-0.4285620971679687
86.99860835075378,-0.058888208349732345,-0.4070142822265625,-0.3016694091796875
87.01869368553162,-0.031176110302799476,-0.21308394775390624,-0.3399766357421875
87.03887557983398,-0.0037304747370871167,-0.32561142578124996,-0.22505495605468748
87.05869221687317,0.031842266505850744,0.35673604736328124,-0.4740519287109375
87.07861852645874,0.033307810152563545,-0.33518823242187495,-0.507570751953125
87.09870791435242,0.026779479362661087,-0.24660277099609373,-0.1771709228515625
87.11872673034668,0.01705359879811253,0.062249243164062495,-0.10295067138671875
87.13873863220215,-0.007727411955394742,-1.0893617553710937,-0.15562310791015624
87.15900588035583,-0.01572128639200999,0.0909796630859375,-0.011971008300781249
87.17857599258423,-0.029444104174866172,-0.1388636962890625,0.07900865478515624
87.19889378547668,-0.050094946469455566,-0.7996633544921875,-0.6943184814453125
87.21853256225586,-0.03916998473941472,0.4860229370117187,-0.08379705810546874
87.23837876319885,-0.02011791733214838,-0.9002198242187499,-0.17956512451171874
87.25859808921814,0.0018652373685435584,0.6344634399414062,-0.32082302246093747
87.27857565879822,0.011324655451871604,-0.6368576416015624,-1.1133037719726562
87.29855751991272,0.020517611053979142,0.852335791015625,0.033518823242187495
87.31856226921082,0.004663093421358896,-0.7637503295898437,-1.0103531005859374
87.33864879608154,0.000799387443661525,0.38307226562499996,-0.5793968017578125
87.35854911804199,-0.009192955602107537,-0.7134720947265625,0.7517793212890624
87.3783221244812,-0.012523736617363892,-0.076614453125,-0.7278373046875
87.39856910705566,-0.013856049023466432,0.1197100830078125,0.0430956298828125
87.41850113868713,-0.02531393571594829,0.15083470458984374,-0.21308394775390624
87.43865966796875,-0.020650842294589397,-0.2442085693359375,-0.21308394775390624
87.46064877510071,-0.014788667707738212,-0.239420166015625,-0.4381389038085937
87.47831511497498,-0.0039969372183076245,-0.47165772705078124,-0.17956512451171874
87.49870896339417,0.0058621745868511835,0.3399766357421875,-0.5051765502929687
87.51863694190979,0.005196018383799912,-0.16041151123046873,0.22505495605468748
87.53860378265381,0.0009326186842717792,-0.06703764648437499,0.06943184814453125
87.55904006958008,-0.011324655451871604,-0.36391865234375,-0.2825157958984375
87.57859134674072,-0.026646248122050836,-0.6057330200195312,-0.28012159423828126
87.59861016273499,-0.028111791768763626,-0.4572925170898437,0.1149216796875
87.61931991577148,-0.025447166956558548,0.41419688720703124,-0.22266075439453123
87.63874983787537,-0.032375191468291764,-1.0319009155273438,-0.3950432739257812
87.6593165397644,-0.030909647821578966,0.8738836059570312,-0.2609679809570312
87.67871594429016,-0.020650842294589397,-0.7900865478515624,0.2657563842773437
87.69869709014893,-0.01052526800821008,0.27293898925781246,-0.06703764648437499
87.71833539009094,-0.01971822361031762,-0.20829554443359374,-0.9074024291992187
87.73846483230591,-0.021716692219471426,-0.43574470214843747,-0.031124621582031248
87.75906920433044,-0.033307810152563545,-0.28730419921875,-0.18435352783203124
87.77877378463745,-0.03011026037791744,-0.5578489868164063,0.5147533569335937
87.7987711429596,-0.028644716731204646,-0.36631285400390623,-1.5610194824218748
87.81891512870789,-0.027712098046932865,-0.15322890625,0.6009446166992187
87.83861064910889,-0.0014655436467127959,-0.7398083129882812,0.04548983154296875
87.8589723110199,-0.02624655440022007,-1.1707646118164061,-0.4429273071289062
87.8785092830658,0.006794793271122962,0.411802685546875,0.8643067993164062
87.89850687980652,-0.009326186842717792,-0.055066638183593745,-0.9935936889648437
87.91833472251892,-0.02624655440022007,0.8475473876953125,0.6368576416015624
87.93849587440491,-0.04583154676992743,-1.0821791503906248,-1.1611878051757811
87.9588348865509,-0.03543951000232761,0.6584054565429687,0.05027823486328125
87.97854495048523,-0.02145022973825092,0.2442085693359375,-0.08858546142578125
87.99946451187134,-0.024114854550456002,-0.5195417602539062,-0.7230489013671875
88.01903009414673,-0.03850382853636345,-0.7924807495117187,-0.7757213378906249
88.03868007659912,-0.06821439519245012,-1.7717092285156248,0.076614453125
88.05870652198792,-0.032508422708902016,-1.3646949462890625,0.16519991455078123
88.07829642295837,-0.03464012255866608,-0.622492431640625,-0.8116343627929687
88.09849619865417,-0.036638591167819895,-0.9313444458007812,-0.277727392578125
88.11864709854126,-0.028111791768763626,0.1867477294921875,-0.43574470214843747
88.13836669921875,-0.017586523760553547,-1.4101847778320311,0.15562310791015624
88.15873146057129,0.01372281778285618,-1.1923124267578125,0.011971008300781249
88.17835354804993,0.022782542144353463,0.5315127685546874,-1.0462661254882812
88.19866991043091,0.049428790266404295,-0.7541735229492187,-0.09816226806640624
88.21855354309082,0.05968759579339387,-0.009576806640625,-0.8643067993164062
88.2386748790741,0.04636447173236845,-1.0941501586914062,0.22505495605468748
88.25901865959167,0.02438131703167651,-0.016759411621093748,0.29927520751953124
88.27861261367798,0.007194486992953725,0.8858546142578124,-0.011971008300781249
88.29887676239014,-0.017186830038722786,-0.9313444458007812,-0.5363011718749999
88.31899166107178,-0.04809647786030175,-0.33758243408203126,0.033518823242187495
88.33870100975037,-0.04596477801053769,-1.2928688964843749,0.7493851196289062
88.35860896110535,-0.03956967846124549,-1.2138602416992186,-0.17238251953125
88.37897491455078,-0.021849923460081685,-0.9744400756835937,-1.9800047729492187
88.39861941337585,-0.00159877488732305,0.086191259765625,0.3280056274414062
88.41847968101501,0.0095926493239383,-0.17238251953125,0.011971008300781249
88.43880820274353,0.032241960227681506,-0.9409212524414062,-0.23702596435546874
88.45868730545044,0.032108728987071254,-1.2737152832031249,-0.1867477294921875
88.47866702079773,0.05728943346240929,-0.8044517578125,-0.5793968017578125
88.49844908714294,0.03903675349880447,-0.40222587890625,0.3136404174804687
88.51833915710449,0.022915773384963714,-0.5722141967773438,-0.19393033447265623
88.53832817077637,-0.0035972434964768626,-0.9074024291992187,0.51714755859375
88.5585069656372,-0.015854517632620246,-1.0414777221679687,0.7733271362304687
88.57823133468628,-0.02624655440022007,0.2154781494140625,-0.4381389038085937
88.59846925735474,-0.03464012255866608,-1.4867992309570313,-0.105344873046875
88.61832308769226,-0.04170137831100955,0.8379705810546875,-0.5363011718749999
88.63859605789185,-0.048229709100912004,-1.8100164550781248,0.34237083740234375
88.65854692459106,-0.03810413481453269,-1.62805712890625,0.11013327636718749
88.67835259437561,-0.0287779479718149,0.45489831542968745,-0.12210428466796874
88.69871592521667,-0.000799387443661525,-1.0390835205078124,-0.36152445068359373
88.71863102912903,-0.012257274136143382,-0.4740519287109375,-0.6081272216796875
88.73874688148499,-0.0074609494741742334,-0.48123453369140623,0.82360537109375
88.75862240791321,-0.0021316998497640663,-1.3335703247070312,0.06943184814453125
88.77856040000916,0.002797856052815337,0.10773907470703124,-0.8044517578125
88.79944276809692,0.004130168458917879,-0.21068974609375,0.5698199951171875
88.81877827644348,0.004663093421358896,0.15562310791015624,0.00718260498046875
88.8386492729187,-0.012923430339194655,-1.946485949707031,-0.28730419921875
88.85860967636108,-0.01958499236970736,0.40222587890625,0.22026655273437498
88.87862610816956,-0.0255803981971688,-1.0199299072265624,-0.15322890625
88.89845681190491,-0.027978560528153375,0.5602431884765625,-1.0031704956054688
88.91821813583374,-0.0005329249624410166,-0.5195417602539062,-0.22026655273437498
88.93854570388794,-0.02011791733214838,-0.35194764404296874,0.82360537109375
88.95889854431152,-0.03903675349880447,-0.24660277099609373,0.25139117431640623
88.9785487651825,-0.021583460978861175,-0.44532150878906246,-0.2059013427734375
88.9993782043457,-0.028644716731204646,-0.16519991455078123,-1.3168109130859373
89.01867246627808,-0.035173047521107094,-0.9864110839843749,-0.086191259765625
89.03868627548218,-0.04383307816077362,-1.2425906616210938,0.011971008300781249
89.05876851081848,-0.03503981628049684,-1.9776105712890624,-0.15083470458984374
89.07848930358887,-0.0383705972957532,-0.8068459594726562,-0.00239420166015625
89.09867429733276,-0.022516079663132953,-2.2266075439453124,-1.0271125122070313
89.1183557510376,-0.03477335379927634,-0.047884033203124995,-0.27293898925781246
89.13834071159363,-0.031975497746460996,-1.1659762084960936,-0.04548983154296875
89.15875506401062,0.0073277182335639785,-0.584185205078125,-0.4333505004882812
89.17863130569458,-0.0005329249624410166,-0.3016694091796875,-0.6751648681640625
89.19838953018188,0.005062787143189658,-0.17477672119140625,0.22266075439453123
89.21839833259583,-0.009192955602107537,-0.2154781494140625,-0.45489831542968745
89.23840284347534,-0.026646248122050836,-0.967257470703125,0.07422025146484375
89.25862550735474,-0.027045941843881597,-0.9528922607421875,0.10295067138671875
89.27874803543091,-0.0006661562030512709,-1.0678139404296874,-1.2330138549804688
89.29869818687439,-0.032375191468291764,0.13168109130859373,-0.08858546142578125
89.31837224960327,-0.014522205226517705,-0.36391865234375,-0.967257470703125
89.33838057518005,0.004663093421358896,-0.8978256225585937,0.09816226806640624
89.35865759849548,0.014788667707738212,-0.7398083129882812,0.22744915771484372
89.37852764129639,0.021983154700691936,-0.9816226806640624,-0.8595183959960937
89.39836096763611,0.009326186842717792,-0.6177040283203125,-0.6703764648437499
89.41907691955566,0.013323124061025418,0.44053310546874996,0.3495534423828125
89.43875002861023,0.006128637068071691,-1.47482822265625,-0.5482721801757812
89.45840048789978,0.0026646248122050836,-1.4053963745117186,0.33039982910156246
89.4785966873169,-0.000799387443661525,-0.5099649536132812,-0.4285620971679687
89.49849009513855,-0.0095926493239383,-1.0414777221679687,-0.584185205078125
89.51833868026733,-0.005995405827461438,0.35194764404296874,-0.4381389038085937
89.53842902183533,-0.018918836166656093,-1.867477294921875,0.32082302246093747
89.55836796760559,-0.0095926493239383,-1.0893617553710937,-0.1388636962890625
89.57842922210693,-0.005595712105630674,0.0909796630859375,-0.3854664672851562
89.59838914871216,-0.0013323124061025418,-0.9744400756835937,0.1388636962890625
89.61834955215454,-0.011324655451871604,-0.02154781494140625,0.17956512451171874
89.63841795921326,-0.02438131703167651,-0.9744400756835937,0.20350714111328125
89.6585066318512,-0.004396630940138387,-0.7398083129882812,-0.2609679809570312
89.67844128608704,0.007993874436615249,0.718260498046875,-0.5674257934570313
89.69824957847595,0.022116385941302188,-1.5155296508789062,-0.718260498046875
89.71832370758057,0.023182235866184224,0.06464344482421874,-0.47165772705078124
89.73832273483276,0.005329249624410167,-1.0606313354492187,0.20350714111328125
89.75854897499084,0.012257274136143382,-0.13407529296874998,0.4213794921875
89.77886509895325,-0.002264931090374321,-1.0462661254882812,-0.6488286499023437
89.79847884178162,-0.009059724361497283,0.4908113403320312,-0.3232172241210937
89.81855058670044,-0.013056661579804908,-0.45489831542968745,-0.01915361328125
89.83834433555603,-0.023049004625573973,-0.5865794067382812,-0.12210428466796874
89.85840201377869,-0.035972434964768624,-0.9409212524414062,0.5722141967773438
89.87837767601013,-0.02598009191899956,-0.239420166015625,0.19153613281249998
89.89820504188538,-0.023182235866184224,-0.2825157958984375,-0.4165910888671875
89.9183144569397,-0.017852986241774057,0.08379705810546874,0.28012159423828126
89.93832349777222,-0.029444104174866172,-0.6440402465820312,-0.3399766357421875
89.9586169719696,-0.025047473234727783,-1.218648645019531,0.09816226806640624
89.97850966453552,-0.005062787143189658,0.011971008300781249,-0.46686932373046874
89.9996395111084,0.03384073511500456,-1.3096283081054687,-0.5674257934570313
90.0183539390564,0.0018652373685435584,1.0271125122070313,-0.229843359375
90.03833818435669,-0.0014655436467127959,-2.1906945190429687,-0.47644613037109373
90.05851244926453,0.004529862180748642,-0.584185205078125,0.34237083740234375
90.07848238945007,-0.007727411955394742,0.1867477294921875,-0.1771709228515625
90.0982506275177,0.03384073511500456,-0.5339069702148437,-0.05027823486328125
90.11823391914368,-0.03384073511500456,-0.3758896606445312,-0.6272808349609375
90.13860321044922,-0.049828483988235056,-1.2569558715820313,0.6560112548828124
90.15901374816895,-0.04729709041664023,-1.1444283935546875,0.2705447875976562
90.17850828170776,-0.054091883687763194,0.3758896606445312,0.6703764648437499
90.19835114479065,-0.03850382853636345,-0.24899697265624998,-0.8020575561523438
90.21834421157837,-0.05049464019128633,-0.93852705078125,-1.005564697265625
90.23828864097595,-0.04756355289786074,-1.4341267944335936,0.21787235107421873
90.25841116905212,-0.02717917308449185,-0.26815058593749996,0.6057330200195312
90.27838206291199,-0.010791730489430587,-1.0917559570312498,0.20829554443359374
90.29834747314453,-0.008260336917835759,-0.062249243164062495,-0.8355763793945312
90.31834888458252,-0.012257274136143382,-1.0606313354492187,-0.028730419921875
90.33813261985779,-0.021716692219471426,-1.0342951171875,-0.4572925170898437
90.35882210731506,0.00013323124061025415,0.4213794921875,0.9074024291992187
90.37850713729858,0.013056661579804908,-1.0103531005859374,-0.9888052856445312
90.39847826957703,0.010258805526989571,-0.14125789794921875,-0.8259995727539062
90.41822862625122,0.02438131703167651,-0.4836287353515625,0.2753331909179687
90.43821978569031,0.01958499236970736,-1.5777788940429687,-0.8379705810546875
90.45843052864075,0.044232771882604376,-0.4908113403320312,0.32561142578124996
90.47838807106018,0.0720781011701475,-1.6424223388671875,-0.6584054565429687
90.49823236465454,0.15707963267948966,-0.9864110839843749,-1.3934253662109375
90.5183494091034,0.24914241994117528,-0.37828386230468747,-1.3383587280273437
90.53835368156433,0.34946554412069664,-1.848323681640625,-1.9704279663085937
90.55888080596924,0.4212771828096237,-0.9361328491210937,0.82360537109375
90.5783805847168,0.4657764171734486,-0.8068459594726562,-1.0606313354492187
90.59833979606628,0.4973522211980788,-0.09337386474609374,0.12689268798828124
90.6181116104126,0.49961715228845316,-1.7334020019531249,-0.8212111694335937
90.6385190486908,0.536255743456273,-0.7038952880859375,0.08140285644531249
90.65869188308716,0.5394532932309191,-0.9361328491210937,0.20350714111328125
90.67841100692749,0.5559739670665906,0.009576806640625,-0.6296750366210937
90.6983733177185,0.5731607971053133,-0.51714755859375,0.1388636962890625
90.71837830543518,0.5932787144374618,-0.7110778930664062,-1.199495031738281
90.73825120925903,0.6360459426733533,-1.2042834350585936,0.9864110839843749
90.75875449180603,0.6668223592543221,-0.622492431640625,0.1867477294921875
90.77853536605835,0.7126539060242495,-0.928950244140625,-1.3527239379882812
90.79843997955322,0.7646140898622487,-0.1580173095703125,0.11013327636718749
90.81849431991577,0.8107120991133967,-1.3431471313476562,-1.0941501586914062
90.83886432647705,0.866535988929093,-1.6328455322265625,0.3854664672851562
90.85845184326172,0.9147656980300051,-0.7924807495117187,0.12689268798828124
90.87849926948547,0.9435436460018201,-1.0127473022460938,-0.5913678100585937
90.89838671684265,0.9737871376203477,-0.14125789794921875,-0.29448680419921874
90.91830229759216,0.9993675358175166,-1.024718310546875,-0.7302315063476562
90.93843674659729,1.0388039830381517,-1.2856862915039062,0.35194764404296874
90.95869755744934,1.0590551316109105,-0.10773907470703124,0.40222587890625
90.97863554954529,1.065183768678982,-0.3399766357421875,-0.0526724365234375
90.99945163726807,1.0737105680780383,-0.16280571289062498,-0.43574470214843747
91.01862788200378,1.0978254226284943,-0.40222587890625,0.1484405029296875
91.03876090049744,1.1138131715017248,-1.1923124267578125,0.6272808349609375
91.05859565734863,1.1094165405615866,-0.8714894042968749,1.024718310546875
91.0784227848053,1.0963598789817814,0.15322890625,-0.4213794921875
91.09825873374939,1.0376049018726594,-0.06464344482421874,0.11252747802734374
91.11820864677429,0.9459418083328046,-0.8451531860351562,1.7453730102539062
91.13837838172913,0.8490826964091497,-0.06943184814453125,0.29448680419921874
91.15844392776489,0.7362358356122646,0.009576806640625,-0.37828386230468747
91.17841267585754,0.6697534465477477,-0.031124621582031248,2.1715409057617188
91.19841194152832,0.6187258813940204,-0.07422025146484375,0.201112939453125
91.21837568283081,0.608600307107641,0.5291185668945312,-0.39983167724609375
91.23860239982605,0.608600307107641,-0.6392518432617187,-0.19393033447265623
91.25859236717224,0.6129969380477793,0.4261678955078125,-0.49320554199218747
91.27847170829773,0.6012725888740771,-0.45489831542968745,-0.6871358764648438
91.29873824119568,0.5994073515055335,-0.17956512451171874,0.5698199951171875
91.31871724128723,0.6091332320700821,-0.7709329345703124,1.2665326782226562
91.33828163146973,0.625387443424533,-0.9241618408203125,-0.737414111328125
91.35854291915894,0.5962098017308874,-0.7565677246093749,-0.09816226806640624
91.37842202186584,0.5342572748471192,-1.7764976318359373,0.7134720947265625
91.39857482910156,0.4336676881863773,-1.3383587280273437,2.480392919921875
91.4185779094696,0.3743797861148142,-1.1037269653320312,-0.2442085693359375
91.43818664550781,0.26819448734844165,-2.327164013671875,0.9935936889648437
91.45841813087463,0.21636753475105278,-0.5961562133789062,-0.105344873046875
91.47841954231262,0.17226799410905863,-0.51714755859375,0.5674257934570313
91.49827241897583,0.13069984703865933,0.2920926025390625,0.24899697265624998
91.5182638168335,0.08180398173469605,-1.8195932617187498,-0.16280571289062498
91.53825640678406,0.06994640132038345,-0.05746083984375,0.28969840087890625
91.55843925476074,0.07540888218540386,-1.3958195678710936,0.19871873779296872
91.57843494415283,0.05262634004105039,-0.5051765502929687,0.45968671875
91.59840846061707,0.040901990867348026,-0.8930372192382812,-0.8667010009765624
91.61848497390747,0.016787136316892024,-1.0438719238281249,-0.22266075439453123
91.6386308670044,0.010658499248820334,-0.16519991455078123,0.22266075439453123
91.65869903564453,0.023315467106794475,-1.0510545288085937,0.24899697265624998
91.6786572933197,0.0006661562030512709,-0.4381389038085937,-0.39743747558593745
91.69851112365723,-0.03823736605514295,-0.5482721801757812,0.14604630126953125
91.71870350837708,-0.12843491594828502,-1.43652099609375,0.28490999755859375
91.73824739456177,-0.22036447196936038,-0.9409212524414062,1.1180921752929687
91.7588312625885,-0.3096294031782307,-1.8315642700195311,0.47165772705078124
91.778653383255,-0.37318070494932193,-1.388636962890625,0.5434837768554687
91.79845023155212,-0.4048897402145624,-0.45968671875,0.6344634399414062
91.81881713867188,-0.4154150082227725,-1.2641384765625,-0.5027823486328125
91.83858013153076,-0.45365237427791544,-1.1037269653320312,-0.6368576416015624
91.85885334014893,-0.45058805574387956,-0.36391865234375,-0.4381389038085937
91.87900519371033,-0.43966309401383874,-0.814028564453125,0.22505495605468748
91.89841556549072,-0.4411286376605515,-0.39743747558593745,-0.37828386230468747
91.9184410572052,-0.44485911239763865,-0.5817910034179687,-0.07422025146484375
91.9387309551239,-0.4771010726253202,-1.0295067138671874,-0.11252747802734374
91.95865941047668,-0.535189893531391,-0.5003881469726562,0.20829554443359374
91.97876787185669,-0.585551302482067,-1.3670891479492187,-0.16759411621093748
91.99838042259216,-0.607001532220318,-0.35673604736328124,0.031124621582031248
92.01842188835144,-0.6064686072578769,-0.3447650390625,-0.031124621582031248
92.03845882415771,-0.6421745797414251,-0.7757213378906249,-0.7445967163085937
92.05847382545471,-0.6132634005289999,0.507570751953125,-0.06703764648437499
92.07841515541077,-0.5050796331534736,0.1388636962890625,-1.3742717529296875
92.09840154647827,-0.4114180710044648,0.3806780639648437,-0.9576806640625
92.11823534965515,-0.34773353799276335,0.44053310546874996,-0.7254431030273437
92.13847374916077,-0.29950382889185134,-0.30406361083984373,-1.2114660400390624
92.1587266921997,-0.2440796327979856,0.1388636962890625,-0.7493851196289062
92.17828893661499,-0.16520673835671518,-0.15083470458984374,-1.0534487304687499
92.19831347465515,-0.10525268008210079,0.10773907470703124,-0.19632453613281248
92.218337059021,-0.09472741207389071,0.1005564697265625,-0.09576806640624999
92.23831963539124,-0.08153751925347555,-0.699106884765625,-0.45489831542968745
92.25875854492188,-0.06515007665841428,-0.26336218261718747,-0.28969840087890625
92.278395652771,-0.03956967846124549,-0.45489831542968745,-0.10295067138671875
92.29830503463745,-0.002797856052815337,-0.3711012573242187,-0.6607996582031249
92.31840229034424,0.011724349173702367,0.27293898925781246,-0.5985504150390625
92.33830690383911,0.02851148549059439,-0.3232172241210937,-0.45010991210937495
92.35875964164734,0.023848392069235495,0.33758243408203126,-0.01915361328125
92.37852811813354,0.019984686091538122,-0.105344873046875,0.011971008300781249
92.39837718009949,0.002797856052815337,-0.3591302490234375,-0.181959326171875
92.41841554641724,-0.0302434916185277,0.3447650390625,0.6536170532226562
92.43851852416992,-0.041035222107958284,-0.4908113403320312,0.16041151123046873
92.45849800109863,-0.05475803989081446,0.2657563842773437,0.18435352783203124
92.47845101356506,-0.03890352225819422,-0.4572925170898437,-0.5506663818359374
92.49816918373108,-0.03064318534035846,0.17477672119140625,-0.2537853759765625
92.51842045783997,-0.013856049023466432,-0.3327940307617187,-0.7805097412109374
92.53842234611511,0.0037304747370871167,-0.00718260498046875,-0.0047884033203125
92.55837178230286,0.026779479362661087,0.2059013427734375,0.07422025146484375
92.57875943183899,0.022915773384963714,-0.43574470214843747,-0.38307226562499996
92.59869885444641,0.025180704475338038,0.1388636962890625,0.13407529296874998
92.61882901191711,0.008260336917835759,0.1197100830078125,-0.2537853759765625
92.63860964775085,-0.003464012255866608,-0.3064578125,-0.40462008056640625
92.65885257720947,-0.015854517632620246,-0.24660277099609373,0.00718260498046875
92.67859888076782,-0.0401026034236865,-0.21308394775390624,-0.46686932373046874
92.69838333129883,-0.054091883687763194,-0.6727706665039062,0.5770026000976562
92.71844840049744,-0.06355130177109124,-1.1252747802734375,-0.5746083984375
92.73843145370483,-0.05688973974057853,-0.9145850341796874,0.6679822631835937
92.75857090950012,-0.1119142421126135,-1.5801730957031248,-0.51714755859375
92.77875590324402,-0.1805283310268944,-1.3192051147460937,-0.5793968017578125
92.79871439933777,-0.29404134802683096,-0.7230489013671875,1.5945383056640625
92.8186252117157,-0.37864318581434236,-2.0638018310546875,0.8355763793945312
92.83874940872192,-0.42514088878732104,-0.5243301635742187,-0.5339069702148437
92.85852789878845,-0.44752373720984373,-2.0350714111328125,-0.39983167724609375
92.8788046836853,-0.4641776422861255,-0.08379705810546874,-0.7733271362304687
92.8986234664917,-0.4834961721746124,-0.3447650390625,0.6392518432617187
92.91831254959106,-0.49202297157366864,-0.4381389038085937,-0.9696516723632812
92.9386100769043,-0.49002450296451483,-0.7015010864257812,0.6655880615234374
92.95881271362305,-0.48109800984362777,-0.8858546142578124,-0.7733271362304687
92.97869443893433,-0.4922894340548891,-0.7230489013671875,-0.3016694091796875
92.99931740760803,-0.5365222059374936,-1.1707646118164061,-0.13407529296874998
93.0185706615448,-0.5851516087602363,-0.17238251953125,-0.03591302490234375
93.03882813453674,-0.6356462489515226,-0.7062894897460937,0.32082302246093747
93.058598279953,-0.7001301694068857,-0.8499415893554687,-0.6081272216796875
93.0784854888916,-0.783133232307074,-1.2593500732421874,0.6105214233398437
93.09855008125305,-0.8457519153938935,-0.6200982299804687,-0.21787235107421873
93.1188452243805,-0.8939816244948054,-0.9504980590820312,0.430956298828125
93.1385555267334,-0.9204946413762459,-0.7350199096679687,-1.6424223388671875
93.15852499008179,-0.9300872907001844,-0.17956512451171874,1.024718310546875
93.17842316627502,-0.9415451773926661,-0.4213794921875,-0.9217676391601562
93.1982274055481,-0.9424777960769379,-0.7062894897460937,-0.39743747558593745
93.21833562850952,-0.9280888220910305,-0.7398083129882812,-0.5003881469726562
93.23837161064148,-0.8600076581391907,0.3447650390625,-1.2401964599609374
93.25849175453186,-0.7720750393364229,0.05985504150390625,-0.4285620971679687
93.27835774421692,-0.729707504822362,0.5865794067382812,-1.2210428466796874
93.29827952384949,-0.709722818730824,-0.05027823486328125,-0.7230489013671875
93.31843638420105,-0.6777473209843629,1.0438719238281249,-1.2928688964843749
93.33850312232971,-0.6252542121839227,0.00718260498046875,0.0047884033203125
93.35861706733704,-0.5626355290971032,0.229843359375,-1.189918225097656
93.37850379943848,-0.49468759638587373,-0.3854664672851562,-0.3591302490234375
93.39845442771912,-0.4432603375103156,-0.5386953735351562,-1.1420341918945311
93.41832733154297,-0.4170137831100955,-0.277727392578125,-1.2737152832031249
93.43874740600586,-0.37384686115237314,-0.6081272216796875,0.028730419921875
93.45835995674133,-0.3374747324657738,0.2705447875976562,-1.235408056640625
93.47830891609192,-0.2993705976512411,-0.316034619140625,0.8762778076171874
93.49834775924683,-0.27658805550688764,-0.15562310791015624,-1.7812860351562498
93.51847791671753,-0.2653966312956263,-0.16759411621093748,-0.49320554199218747
93.53846907615662,-0.22915773384963717,0.02633621826171875,-0.6847416748046875
93.55872559547424,-0.20037978587782226,0.08858546142578125,-0.9888052856445312
93.57851552963257,-0.16200918858206906,-0.5386953735351562,0.0
93.59847617149353,-0.11790964794007493,-0.02154781494140625,-1.7286135986328124
93.618643283844,-0.0814042880128653,-0.15083470458984374,0.737414111328125
93.63865756988525,-0.06008728951522463,0.28969840087890625,-1.1348515869140625
93.6585705280304,-0.0287779479718149,-0.967257470703125,-0.3112462158203125
93.67846441268921,0.010924961730040842,-0.6512228515624999,-0.3399766357421875
93.69840407371521,0.03437366007744557,-0.0909796630859375,-0.699106884765625
93.71848845481873,0.03757120985209167,-1.2904746948242187,-0.25139117431640623
93.73838305473328,0.013056661579804908,0.4333505004882812,-0.7757213378906249
93.75855040550232,0.001732006127933304,-0.41898529052734373,1.0989385620117187
93.77870535850525,-0.036105666205378875,0.30406361083984373,-1.13006318359375
93.79842734336853,-0.023448698347404734,-1.6711527587890624,0.34237083740234375
93.8185305595398,-0.011324655451871604,-0.3711012573242187,-0.0430956298828125
93.8384735584259,-0.030909647821578966,-0.9074024291992187,-1.2689268798828124
93.8586220741272,0.023182235866184224,-0.6464344482421874,0.8188169677734375
93.87836647033691,0.08420214406568063,-0.8954314208984374,-1.70467158203125
93.89841222763062,0.21117151636725284,-1.8602946899414061,-0.8044517578125
93.91863679885864,0.31296018419348703,-1.9201497314453124,-1.0869675537109373
93.93873810768127,0.4042235840115111,-1.0582371337890624,-2.427720483398437
93.95909667015076,0.4412618689011618,-0.814028564453125,1.5275006591796874
93.97921919822693,0.4680413482638229,0.26815058593749996,-0.7972691528320313
93.99922680854797,0.49095712164878663,-1.43652099609375,0.12449848632812499
94.01839709281921,0.5176033697708374,-0.10295067138671875,-0.41898529052734373
94.03828120231628,0.5181362947332785,-0.5817910034179687,-0.354341845703125
94.05853319168091,0.5369218996593242,-0.5602431884765625,0.6344634399414062
94.07867527008057,0.538387443306037,-0.6464344482421874,-1.8435352783203125
94.09848237037659,0.5549081171417086,-1.4053963745117186,-0.3758896606445312
94.11827111244202,0.5818208277449799,-0.6967126831054687,1.3096283081054687
94.13823080062866,0.6020719763177386,-0.19153613281249998,-1.20667763671875
94.15905165672302,0.6097993882731333,-0.8379705810546875,-0.08140285644531249
94.17865943908691,0.6221898936498869,-0.6488286499023437,-1.0678139404296874
94.19847226142883,0.6556309350430608,-1.0462661254882812,-0.3280056274414062
94.21851587295532,0.6933353761357627,-0.3591302490234375,0.6655880615234374
94.23867177963257,0.7049264940688548,-0.1867477294921875,-0.8116343627929687
94.25885677337646,0.6790796333904655,0.076614453125,0.8690952026367187
94.27888870239258,0.6125972443259486,0.143652099609375,-0.22266075439453123
94.29890036582947,0.48003215991874576,0.25139117431640623,1.5322890624999999
94.31858468055725,0.39862787190588045,0.05985504150390625,1.5562310791015623
94.33830952644348,0.3453353756617788,-0.2705447875976562,-0.5698199951171875
94.35889887809753,0.2963062791172053,0.01915361328125,0.9002198242187499
94.37887477874756,0.24834303249751374,0.4070142822265625,0.5602431884765625
94.39847588539124,0.2098392039611503,-1.0414777221679687,-0.3232172241210937
94.41839742660522,0.1945176112909711,0.17238251953125,0.6607996582031249
94.4389317035675,0.18918836166656092,-1.0271125122070313,-1.1085153686523437
94.4588987827301,0.18585758065130456,-0.8643067993164062,-0.28012159423828126
94.47861766815186,0.1721347628684484,-0.6057330200195312,0.23702596435546874
94.49846982955933,0.14775344583677189,-0.6296750366210937,-0.7110778930664062
94.51835227012634,0.1540153141454538,-1.6448165405273436,1.62805712890625
94.53822493553162,0.17026952549990482,-0.469263525390625,-1.1348515869140625
94.55866646766663,0.07833996947882944,-2.1164742675781247,-0.040701428222656245
94.57849907875061,0.03264165394951227,-0.737414111328125,1.0654197387695312
94.59837007522583,-0.08913169996826004,-1.7405846069335937,-0.033518823242187495
94.61836171150208,-0.13203215944476188,-0.948103857421875,0.3184288208007812
94.6388750076294,-0.2095727414799298,-2.3726538452148436,-0.10773907470703124
94.65892791748047,-0.23088973997757045,0.35673604736328124,0.2154781494140625
94.67850971221924,-0.26299846896464174,-2.1164742675781247,-0.39983167724609375
94.6986346244812,-0.28418223622167216,0.35194764404296874,-1.5897499023437498
94.71891331672668,-0.3062986221629743,-0.8882488159179687,0.814028564453125
94.73838210105896,-0.30576569720053326,0.02633621826171875,-0.2609679809570312
94.75838565826416,-0.32894793306671755,-0.622492431640625,0.3854664672851562
94.77832531929016,-0.3499984690831377,-0.46686932373046874,-0.5961562133789062
94.7982850074768,-0.39489739716879335,-0.7422025146484375,0.16519991455078123
94.81839871406555,-0.41501531450094176,-0.12449848632812499,0.239420166015625
94.83833122253418,-0.4631117923612435,-0.8499415893554687,0.02154781494140625
94.85876321792603,-0.5403859119151909,-0.8786720092773437,0.6368576416015624
94.87833142280579,-0.6036707512050616,-1.0438719238281249,0.8068459594726562
94.89826583862305,-0.6497687604562096,-0.38786066894531246,0.143652099609375
94.91864585876465,-0.6998637069256651,-1.6807295654296874,-0.09576806640624999
94.93869209289551,-0.7329050545970082,-0.9026140258789062,-0.70868369140625
94.9588737487793,-0.7464946411392541,-0.7062894897460937,0.2705447875976562
94.97860431671143,-0.7508912720793924,-0.8355763793945312,-0.6344634399414062
94.99868083000183,-0.7659464022683512,-0.4908113403320312,-0.2753331909179687
95.01890707015991,-0.7788698326075458,-0.39743747558593745,-0.43574470214843747
95.03850817680359,-0.8119111802788889,-0.7733271362304687,0.2059013427734375
95.05861043930054,-0.8456186841532832,-0.4572925170898437,-0.39743747558593745
95.07832479476929,-0.9033078113375232,-0.8547299926757812,0.4644751220703125
95.09858584403992,-0.928355284572251,-0.34715924072265625,-0.5530605834960938
95.1185405254364,-0.973387443898517,-0.82360537109375,0.44532150878906246
95.13860511779785,-1.0062955603292498,-0.55545478515625,-0.3711012573242187
95.15862536430359,-1.0443996951437824,-0.8738836059570312,0.2657563842773437
95.17849040031433,-1.0465313949935464,-0.0526724365234375,-0.7493851196289062
95.1984977722168,-1.0412021453691362,-0.29927520751953124,0.3280056274414062
95.21836256980896,-1.0245482402928545,-0.5099649536132812,-1.2138602416992186
95.23827075958252,-1.0236156216085828,-0.6967126831054687,0.016759411621093748
95.25853490829468,-0.9495390518292814,0.9624690673828125,-1.0271125122070313
95.27870154380798,-0.8763951007342519,-0.29927520751953124,-0.25139117431640623
95.29823422431946,-0.8416217469349755,0.9265560424804687,-0.9624690673828125
95.31822109222412,-0.8388238908821603,-0.20829554443359374,-0.6512228515624999
95.33824634552002,-0.8104456366321761,0.8858546142578124,-0.9911994873046874
95.35832691192627,-0.7552879030195309,-0.21068974609375,-0.28969840087890625
95.3785457611084,-0.6869402765864705,0.35673604736328124,-1.2737152832031249
95.39841103553772,-0.6125972443259486,-0.1197100830078125,-0.29448680419921874
95.4184045791626,-0.5510444111640111,0.9074024291992187,-1.1180921752929687
95.43852639198303,-0.514272588755581,-0.9337386474609375,-0.6248866333007812
95.45859050750732,-0.4553843804058487,0.507570751953125,-0.7062894897460937
95.47824025154114,-0.44219448758543356,-0.6248866333007812,-0.3447650390625
95.49861764907837,-0.3499984690831377,0.47165772705078124,-0.9624690673828125
95.51853466033936,-0.33241194532258417,-0.5027823486328125,-0.05027823486328125
95.53825688362122,-0.30949617193762047,0.24899697265624998,-0.5123591552734374
95.55892705917358,-0.2952404291923232,-0.43574470214843747,0.023942016601562498
95.57856822013855,-0.27099234340125694,0.34715924072265625,-0.928950244140625
95.59844398498535,-0.25220673847521113,-0.4572925170898437,0.6009446166992187
95.61867880821228,-0.2186324658414271,0.3280056274414062,-1.1731588134765625
95.63870120048523,-0.18732312429801734,-0.5027823486328125,-0.2154781494140625
95.65927743911743,-0.13189892820415164,0.488417138671875,-0.7805097412109374
95.67843055725098,-0.08500153150934216,-0.5027823486328125,-0.5458779785156249
95.69872522354126,-0.026113323159609816,0.11252747802734374,-0.9433154541015625
95.71861743927002,0.0029310872934255917,-0.3447650390625,-0.2537853759765625
95.7384901046753,0.04063552838612752,-0.02633621826171875,-0.7637503295898437
95.7589819431305,0.04170137831100955,-0.5985504150390625,0.0909796630859375
95.77853965759277,0.05022817771006582,0.4477157104492187,-0.34715924072265625
95.79872703552246,0.03983614094246599,-1.1851298217773436,0.26815058593749996
95.81877756118774,0.05982082703400412,-0.6057330200195312,0.36631285400390623
95.83839464187622,0.05968759579339387,-0.8116343627929687,-0.6967126831054687
95.85859656333923,0.07194486992953725,-0.5698199951171875,-0.6081272216796875
95.87839460372925,0.1025880552698957,-1.39821376953125,-0.6967126831054687
95.89824724197388,0.15414854538606407,-0.009576806640625,-0.70868369140625
95.91842842102051,0.23328790230855506,-1.6112977172851561,-0.7757213378906249
95.9383339881897,0.3589249622040247,-1.7645266235351562,-1.0462661254882812
95.95883655548096,0.43166921957722354,-1.1372457885742187,-1.3527239379882812
95.97859716415405,0.4600474738272076,-1.1252747802734375,-1.7405846069335937
95.99910306930542,0.46457733600795625,-0.55545478515625,0.5578489868164063
96.01825833320618,0.47563552897860734,-1.4245499877929686,-0.16519991455078123
96.03861737251282,0.49828483988235056,-0.27293898925781246,0.5099649536132812
96.05845713615417,0.5174701385302272,-1.1276689819335937,-0.20350714111328125
96.07816481590271,0.543583461689837,0.04548983154296875,-0.5482721801757812
96.09856343269348,0.5818208277449799,-0.9576806640625,-0.3806780639648437
96.11860013008118,0.6128637068071692,-0.05746083984375,-0.7134720947265625
96.13863563537598,0.6573629411709941,-0.7541735229492187,-0.0430956298828125
96.15857100486755,0.6713522214350708,-0.2705447875976562,-0.488417138671875
96.17837357521057,0.6846753454960961,-0.7996633544921875,0.22026655273437498
96.19819688796997,0.6836094955712142,-0.4285620971679687,-0.5722141967773438
96.21856474876404,0.7189157743329315,-1.5251064575195312,-0.10773907470703124
96.23853945732117,0.7872634007659919,-0.8403647827148437,-0.9935936889648437
96.25856447219849,0.8472174590406062,-1.5466542724609373,-0.9026140258789062
96.27861142158508,0.9117013794959692,-0.5722141967773438,-0.40940848388671874
96.29847884178162,0.9688575817177683,-2.0063409912109376,-0.5865794067382812
96.31829285621643,0.9988346108550754,-0.09816226806640624,0.1388636962890625
96.33829760551453,1.0348070458198442,-0.7422025146484375,-0.12210428466796874
96.35859155654907,1.0445329263843925,0.0718260498046875,-0.4477157104492187
96.3783061504364,1.0595880565733513,-1.199495031738281,0.5530605834960938
96.39840054512024,1.057856050445418,-0.17238251953125,-0.6775590698242188
96.41823267936707,1.0523935695803976,-0.7613561279296874,0.46208092041015625
96.43836808204651,1.0349402770604543,-0.04548983154296875,-0.316034619140625
96.45858693122864,1.02734609634567,-0.5195417602539062,0.40462008056640625
96.47830605506897,1.0208177655557673,-0.354341845703125,-0.26815058593749996
96.49829030036926,1.0030980105546037,-0.0047884033203125,0.5363011718749999
96.51837873458862,0.9916401238621217,-1.0295067138671874,-0.9361328491210937
96.53821063041687,0.9707228190863119,0.0143652099609375,0.7445967163085937
96.55865383148193,0.9432771835205994,-1.9201497314453124,-0.13646949462890623
96.57839727401733,0.9364823902494765,0.21308394775390624,0.6919242797851562
96.5981137752533,0.9140995418269539,-1.7190367919921874,0.430956298828125
96.61836504936218,0.8869203687424619,0.19153613281249998,-0.25139117431640623
96.63832640647888,0.8545451772741702,-0.26815058593749996,0.13646949462890623
96.65846943855286,0.8413552844537551,0.22026655273437498,0.1484405029296875
96.67849826812744,0.815641655015976,0.9457096557617187,0.033518823242187495
96.69817781448364,0.7751393578704587,0.33758243408203126,-0.17477672119140625
96.71842527389526,0.7707427269303204,0.6200982299804687,0.3495534423828125
96.73841786384583,0.7375681480183671,0.4525041137695312,0.22266075439453123
96.75858402252197,0.6881393577519628,-0.45489831542968745,0.7398083129882812
96.77863383293152,0.608600307107641,-0.12449848632812499,0.21787235107421873
96.7982931137085,0.5454486990583806,-0.21068974609375,0.6727706665039062
96.81862163543701,0.4918897403330584,-0.4070142822265625,0.1771709228515625
96.83860230445862,0.4491225120971668,-0.5578489868164063,0.316034619140625
96.85871577262878,0.4195451766816904,-1.2378022583007813,-0.03591302490234375
96.87859559059143,0.392099541115978,0.076614453125,0.22505495605468748
96.8983404636383,0.36358805562538365,-0.5363011718749999,-0.00718260498046875
96.91831350326538,0.367984686565522,0.22266075439453123,-0.15322890625
96.93845272064209,0.34133843844347117,-0.047884033203124995,-0.21787235107421873
96.9586250782013,0.3106952531031127,0.031124621582031248,0.40462008056640625
96.97924494743347,0.27072588092003647,0.3232172241210937,-0.143652099609375
96.99874925613403,0.2287580401278064,-0.239420166015625,0.28490999755859375
97.01863050460815,0.19864777974988895,0.22266075439453123,0.5434837768554687
97.03881454467773,0.15254977049874102,-1.0893617553710937,0.36152445068359373
97.05869603157043,0.09352833090839843,-1.1563994018554686,-0.1388636962890625
97.07832789421082,0.07047932628282445,-0.1771709228515625,0.3280056274414062
97.09829473495483,0.05555742733447598,-1.3168109130859373,-0.12449848632812499
97.11889505386353,0.05862174586851183,0.15083470458984374,-0.36391865234375
97.13869452476501,0.06315160804926047,-1.3407529296874998,-0.5602431884765625
97.15869855880737,0.03064318534035846,-1.5083470458984374,0.06464344482421874
97.17844653129578,-0.008926493120887028,-0.32082302246093747,0.5123591552734374
97.19849967956543,-0.0909969373368036,-1.3192051147460937,0.45489831542968745
97.21849656105042,-0.16733843820647926,-2.094926452636719,0.24181436767578124
97.23838829994202,-0.23475344595526784,-1.177947216796875,0.8379705810546875
97.2586042881012,-0.28924502336486174,-0.8283937744140625,0.4429273071289062
97.27818751335144,-0.30616539092236406,-0.28012159423828126,0.5386953735351562
97.29853296279907,-0.3480000004739839,-0.7422025146484375,0.11013327636718749
97.31829357147217,-0.3671852991218605,-0.32082302246093747,-0.2537853759765625
97.33824920654297,-0.384771822882414,-0.4644751220703125,0.229843359375
97.3585422039032,-0.4138162333354494,-0.47165772705078124,0.05027823486328125
97.37830829620361,-0.42487442630610056,-0.44532150878906246,-0.0430956298828125
97.3985526561737,-0.43966309401383874,-0.7445967163085937,-0.33758243408203126
97.41829752922058,-0.4596477801053769,-0.3806780639648437,0.07422025146484375
97.43830180168152,-0.4865604907086482,-0.7781155395507812,-0.07422025146484375
97.45844340324402,-0.5287947939820988,-1.2401964599609374,0.17477672119140625
97.47826862335205,-0.5743598782708057,-0.8259995727539062,0.22744915771484372
97.49820756912231,-0.6388437987261687,-1.0917559570312498,0.27293898925781246
97.51829147338867,-0.6882725889925729,-0.8451531860351562,0.1580173095703125
97.5384464263916,-0.7542220530946488,-0.8595183959960937,0.30885201416015623
97.55861902236938,-0.7928591128716225,-0.9696516723632812,0.04548983154296875
97.57863354682922,-0.8209709046403861,-0.6416460449218749,-0.14125789794921875
97.598304271698,-0.8412220532131448,-0.5410895751953124,-0.4285620971679687
97.61831879615784,-0.8557442584396625,-0.25139117431640623,0.16519991455078123
97.63867855072021,-0.8676018388539751,-0.6368576416015624,-0.24899697265624998
97.65860080718994,-0.8958468618633489,-0.6464344482421874,0.1292868896484375
97.67823433876038,-0.9125007669396308,-0.37828386230468747,0.38307226562499996
97.69831013679504,-0.9009096490065386,-0.5506663818359374,-0.016759411621093748
97.71829605102539,-0.9086370609619334,-0.28490999755859375,-0.1149216796875
97.73831248283386,-0.9274226658879792,-0.12689268798828124,-0.028730419921875
97.75889658927917,-0.8849219001333082,0.40940848388671874,-0.603338818359375
97.77863883972168,-0.8524134774244061,-0.239420166015625,-1.2138602416992186
97.79869222640991,-0.7221133241075776,0.718260498046875,-0.22744915771484372
97.8183605670929,-0.658428791095876,0.26336218261718747,-0.63206923828125
97.8387143611908,-0.6360459426733533,-0.22744915771484372,-1.4508862060546874
97.85888600349426,-0.6050030636111642,-0.02154781494140625,-0.7350199096679687
97.87844777107239,-0.5186692196957194,0.08858546142578125,-0.4333505004882812
97.89832782745361,-0.4604471675490384,-0.016759411621093748,-0.7900865478515624
97.91832304000854,-0.4139494645760597,0.17477672119140625,-0.3758896606445312
97.93833446502686,-0.3798422669798346,-0.12689268798828124,-0.5722141967773438
97.95864033699036,-0.3670520678812502,-0.3232172241210937,-0.8499415893554687
97.97869086265564,-0.35652679987304015,-0.016759411621093748,-0.40940848388671874
97.99860501289368,-0.31495865280264085,-0.38307226562499996,-0.469263525390625
98.018479347229,-0.2856477798683849,-0.00718260498046875,-0.2920926025390625
98.03862977027893,-0.2570030631371803,-0.3184288208007812,-0.27293898925781246
98.0588071346283,-0.22622664655621155,-0.488417138671875,-0.7685387329101562
98.07847118377686,-0.17479938768065348,-0.316034619140625,-0.6679822631835937
98.0984251499176,-0.13496324673818746,-0.1484405029296875,-0.5482721801757812
98.11879706382751,-0.08446860654690114,0.0718260498046875,-0.3711012573242187
98.13941431045532,-0.050361408950676076,-0.27293898925781246,-0.4285620971679687
98.1588830947876,-0.017986217482384312,-0.05027823486328125,-0.1867477294921875
98.17843794822693,0.02624655440022007,-0.35673604736328124,-0.22505495605468748
98.19869232177734,0.03543951000232761,-0.3136404174804687,-0.181959326171875
98.21836805343628,0.03290811643073278,-0.21787235107421873,-0.07900865478515624
98.23872590065002,0.02691271060327134,-0.239420166015625,-0.42377369384765623
98.25838232040405,0.0006661562030512709,-0.17477672119140625,0.06703764648437499
98.27841353416443,-0.02118376725703041,-0.36391865234375,0.2825157958984375
98.29845118522644,-0.019318529888486854,0.09337386474609374,-0.16519991455078123
98.3184106349945,-0.045165390566876164,-0.38786066894531246,-0.11252747802734374
98.3383858203888,-0.032375191468291764,-0.0909796630859375,-0.3016694091796875
98.35837459564209,-0.018652373685435583,-0.43574470214843747,-0.5746083984375
98.37840700149536,-0.005062787143189658,-0.05746083984375,-0.18914193115234373
98.39831280708313,0.013989280264076687,-0.24181436767578124,-0.7805097412109374
98.41839981079102,0.022116385941302188,-0.5291185668945312,0.6536170532226562
98.43885660171509,0.016387442595061263,-0.15083470458984374,-0.8667010009765624
98.45853185653687,0.0018652373685435584,-0.7517793212890624,0.59376201171875
98.47852158546448,0.00866003063966652,-0.143652099609375,-0.8355763793945312
98.4982180595398,-0.0073277182335639785,-0.7134720947265625,0.38307226562499996
98.5181303024292,0.005062787143189658,0.2537853759765625,-0.4955997436523437
98.53870964050293,-0.0014655436467127959,-0.8643067993164062,0.0047884033203125
98.55838012695312,0.0011990811654922875,-0.19393033447265623,-0.7972691528320313
98.57834243774414,0.00013323124061025415,-0.5913678100585937,0.22026655273437498
98.5983817577362,-0.0005329249624410166,0.22505495605468748,-0.6847416748046875
98.61835622787476,0.0026646248122050836,-0.6416460449218749,0.47165772705078124
98.63857698440552,-0.006661562030512709,-0.10295067138671875,-1.2018892333984375
98.65853714942932,-0.01345635530163567,-0.5865794067382812,0.7493851196289062
98.6785089969635,-0.013989280264076687,0.13646949462890623,-0.6272808349609375
98.6982753276825,-0.015588055151399738,-0.06464344482421874,0.3854664672851562
98.71877670288086,-0.0030643185340358454,-0.2561795776367187,0.076614453125
98.73849558830261,-0.0013323124061025418,-0.18435352783203124,-0.09816226806640624
98.75845837593079,-0.008260336917835759,-0.45010991210937495,0.3758896606445312
98.77837681770325,-0.01851914244482533,0.1005564697265625,-1.2378022583007813
98.79837369918823,0.001732006127933304,0.23702596435546874,0.7015010864257812
98.81843733787537,-0.020650842294589397,-0.35673604736328124,-0.5530605834960938
98.83879208564758,-0.017719755001163805,0.181959326171875,-0.229843359375
98.85924673080444,-0.020384379813368887,-0.9169792358398436,1.438915197753906
98.87843441963196,-0.014122511504686942,-0.5961562133789062,-1.5490484741210937
98.89980959892273,-0.013589586542245924,-0.4165910888671875,0.047884033203124995
98.91839289665222,0.003464012255866608,-0.39983167724609375,-0.23702596435546874
98.9384355545044,-0.009059724361497283,-0.29448680419921874,-1.149216796875
98.95845222473145,-0.006928024511733216,-0.23702596435546874,0.08140285644531249
98.97838306427002,0.01438897398590745,0.16759411621093748,0.02154781494140625
98.99924921989441,-0.007860643196004996,-0.3806780639648437,-0.5961562133789062
99.01861262321472,-0.009059724361497283,0.181959326171875,-0.5602431884765625
99.03930401802063,-0.02424808579106626,-0.277727392578125,-0.09816226806640624
99.05895018577576,-0.03011026037791744,-0.6512228515624999,-0.5243301635742187
99.0785346031189,-0.022649310903743208,-0.5051765502929687,0.08858546142578125
99.09844732284546,-0.03077641658096871,-0.82360537109375,-0.24899697265624998
99.1183729171753,-0.02011791733214838,-0.7230489013671875,-0.49320554199218747
99.13888931274414,-0.017986217482384312,0.48123453369140623,0.2825157958984375
99.15848541259766,-0.0058621745868511835,-0.17477672119140625,-0.5865794067382812
99.17847657203674,-0.019318529888486854,0.028730419921875,-0.8379705810546875
99.19841718673706,-0.027978560528153375,-0.2920926025390625,0.2657563842773437
99.21841335296631,-0.027845329287543123,-1.350329736328125,-0.24181436767578124
99.23861169815063,-0.02371516082862524,0.22505495605468748,0.18435352783203124
99.25842714309692,-0.03797090357392244,-2.2481553588867187,0.5602431884765625
99.27840542793274,-0.032241960227681506,-0.9816226806640624,0.3112462158203125
99.29810094833374,-0.03503981628049684,-0.040701428222656245,-0.9528922607421875
99.31837916374207,-0.03490658503988659,-0.7829039428710937,-0.10773907470703124
99.33836722373962,-0.03170903526524049,-0.16280571289062498,0.37828386230468747
99.35845303535461,-0.036505359927209644,-1.8770541015625,-0.39264907226562495
99.37836337089539,-0.011724349173702367,0.2657563842773437,-0.6560112548828124
99.39837455749512,0.010125574286379316,-0.16280571289062498,0.0430956298828125
99.41849660873413,0.008260336917835759,0.28490999755859375,0.7685387329101562
99.43843483924866,0.002264931090374321,-0.7876923461914062,-0.354341845703125
99.45841002464294,-0.010924961730040842,-0.7589619262695312,-0.105344873046875
99.47834587097168,-0.06754823898939886,-0.41419688720703124,0.32561142578124996
99.4982283115387,-0.02598009191899956,-0.7948749511718749,-1.0821791503906248
99.51836466789246,-0.041301684589178794,-0.5506663818359374,-0.507570751953125
99.53854393959045,-0.05209341507860938,0.49320554199218747,-0.12210428466796874
99.55868005752563,-0.057422664703019544,-1.9536685546875,0.3184288208007812
99.57836318016052,-0.03144257278401998,0.4165910888671875,-0.105344873046875
99.59814643859863,-0.0191852986478766,0.33758243408203126,-0.6943184814453125
99.61840677261353,0.010392036767599824,-1.0295067138671874,-0.6536170532226562
99.63852262496948,0.031042879062189218,-0.2561795776367187,-0.2825157958984375
99.65840792655945,0.03850382853636345,-1.1133037719726562,0.01915361328125
99.67857813835144,0.050094946469455566,0.12210428466796874,-0.6272808349609375
99.69864964485168,0.04436600312321464,0.584185205078125,-0.4429273071289062
99.71834802627563,0.06088667695888615,-1.4149731811523436,-0.4525041137695312
99.73857378959656,0.08073813180981403,-0.22266075439453123,-0.040701428222656245
99.7584171295166,0.08473506902812164,-0.9409212524414062,-0.430956298828125
99.77838587760925,0.11204747335322376,0.08379705810546874,-0.8858546142578124
99.79837584495544,0.14815313955860265,-0.948103857421875,-0.1867477294921875
99.81835222244263,0.22356202174400647,-0.17477672119140625,-0.6679822631835937
99.83844685554504,0.3133598779153178,-2.43250888671875,-2.1452046874999997
99.85837817192078,0.4028912716054086,-0.5219359619140624,-0.5219359619140624
99.87837767601013,0.4552511491652385,-1.0678139404296874,0.4908113403320312
99.89809942245483,0.5088101078905607,-0.679953271484375,-2.1811177124023438
99.91823387145996,0.5204012258236528,-0.9193734375,0.8451531860351562
99.93838381767273,0.5637013790219854,-0.7206546997070312,-0.3016694091796875
99.95837211608887,0.6135298630102205,-0.9457096557617187,1.350329736328125
99.97811126708984,0.5884823897754926,-1.0534487304687499,-1.0869675537109373
99.99847769737244,0.5931454831968516,-0.5410895751953124,-0.0909796630859375
100.01847052574158,0.6103323132355744,-1.1037269653320312,-0.55545478515625
100.03842520713806,0.6359127114327431,-0.09816226806640624,0.07900865478515624
100.05884981155396,0.6661562030512709,-1.467645617675781,0.0718260498046875
100.07841992378235,0.6908039825641679,-0.23702596435546874,0.3232172241210937
100.09835386276245,0.7167840744831674,0.062249243164062495,-1.2497732666015624
100.11815190315247,0.7576860653505154,-1.199495031738281,-0.6153098266601562
100.1387288570404,0.8282986228739502,-0.8667010009765624,-0.373495458984375
100.15844082832336,0.904773354984236,-1.0917559570312498,-0.07900865478515624
100.17836546897888,0.9415451773926661,-0.6105214233398437,-1.1348515869140625
100.19838690757751,0.9760520687107219,-0.8283937744140625,-0.5698199951171875
100.21838331222534,1.0140229722846446,-0.8762778076171874,-0.20350714111328125
100.2384729385376,1.044666157625003,-0.9121908325195311,0.814028564453125
100.25843000411987,1.0702465558221717,-0.9002198242187499,0.6943184814453125
100.27845883369446,1.0717120994688845,0.12689268798828124,-0.7038952880859375
100.29848313331604,1.0717120994688845,-0.7709329345703124,-0.6464344482421874
100.318274974823,1.086633998417233,-0.7829039428710937,1.0438719238281249
100.33818674087524,1.0967595727036121,-0.70868369140625,0.011971008300781249
100.35857033729553,1.0984915788315455,0.51714755859375,-0.033518823242187495
100.37828707695007,1.0631853000698281,-0.5482721801757812,-0.29927520751953124
100.39827179908752,1.0318759585264186,-0.5123591552734374,0.8283937744140625
100.4181854724884,0.9940382861931064,-0.49320554199218747,0.6440402465820312
100.43835234642029,0.9688575817177683,0.296881005859375,0.01915361328125
100.45857572555542,0.9464747332952456,-1.0749965454101562,0.06943184814453125
100.47838830947876,0.9350168466027637,-1.1348515869140625,1.7908628417968748
100.49822998046875,0.928888209534692,-1.0342951171875,-0.22026655273437498
100.51814484596252,0.9164977041579384,-0.6200982299804687,-0.28969840087890625
100.53836154937744,0.9235589599102818,-1.2497732666015624,0.10773907470703124
100.55847787857056,0.922093416263569,-0.5291185668945312,-0.5674257934570313
100.57817363739014,0.913166923142682,-1.3479355346679687,-0.16759411621093748
100.59835720062256,0.9192955602107538,-0.40222587890625,1.2282254516601563
100.61855936050415,0.9240918848727229,-0.7062894897460937,-0.9576806640625
100.63865041732788,0.953535989047589,-1.0486603271484374,0.43574470214843747
100.6585283279419,0.9723215939736348,-0.9337386474609375,-1.0199299072265624
100.67813062667847,0.9877764178844244,-1.1133037719726562,-0.04548983154296875
100.69832062721252,0.9884425740874756,-0.2705447875976562,0.679953271484375
100.71811270713806,0.9991010733362959,-1.1324573852539062,-0.277727392578125
100.73842644691467,1.0138897410440342,0.12689268798828124,0.48123453369140623
100.75860857963562,1.0241485465710238,-1.2593500732421874,-1.0079588989257813
100.77831602096558,1.0304104148797057,-0.36631285400390623,0.4860229370117187
100.79836797714233,1.018419603224783,-0.6607996582031249,-0.86191259765625
100.81837105751038,1.0041638604794856,-0.2346317626953125,0.5889736083984375
100.83866715431213,0.9575329262658967,-0.28490999755859375,-0.06943184814453125
100.85864472389221,0.910502298330477,-0.47165772705078124,0.7637503295898437
100.87844109535217,0.8525467086650164,-0.296881005859375,0.28012159423828126
100.89824891090393,0.799920368623966,-0.48123453369140623,1.1037269653320312
100.91833877563477,0.7363690668528747,-0.16280571289062498,0.22505495605468748
100.9384696483612,0.6854747329397577,-0.5889736083984375,0.22266075439453123
100.95880794525146,0.6303169993271124,-1.7884686401367187,0.0526724365234375
100.978679895401,0.5726278721428724,-0.6943184814453125,0.7158662963867187
100.99937391281128,0.4993506898072326,-1.70467158203125,0.5339069702148437
101.01864266395569,0.46750842330138187,-0.4429273071289062,0.201112939453125
101.03863453865051,0.4451255748788592,-1.2761094848632812,0.13407529296874998
101.05860686302185,0.4182128642755878,-0.7565677246093749,-0.18435352783203124
101.07858967781067,0.40875344619225973,-0.8762778076171874,-0.296881005859375
101.09845328330994,0.39316539104086007,-0.699106884765625,-0.23223756103515625
101.11833882331848,0.38930168506316265,-0.6823474731445313,-0.07422025146484375
101.13842964172363,0.3885022976195011,-0.6967126831054687,-0.05027823486328125
101.15875124931335,0.3675849928436912,-0.7996633544921875,-0.2561795776367187
101.17873287200928,0.3264165394951227,-0.679953271484375,0.22505495605468748
101.19839644432068,0.27045941843881594,-0.7422025146484375,0.21308394775390624
101.2181830406189,0.20224502324636584,-1.0726023437499999,0.4836287353515625
101.23846888542175,0.14575497722761804,-0.679953271484375,0.7015010864257812
101.25854182243347,0.0929954059459574,-0.8762778076171874,0.5961562133789062
101.27849459648132,0.027845329287543123,-0.7805097412109374,0.239420166015625
101.29833030700684,-0.0073277182335639785,-0.9433154541015625,-0.24899697265624998
101.31829810142517,-0.017453292519943295,-0.7757213378906249,-0.24660277099609373
101.33820676803589,-0.017453292519943295,-0.7517793212890624,-0.13646949462890623
101.35873031616211,-0.014255742745297196,-0.6272808349609375,-0.19393033447265623
101.3784487247467,-0.024514548272286763,-0.5817910034179687,-0.23223756103515625
101.39821910858154,-0.04663093421358895,-0.4644751220703125,0.02633621826171875
101.41820406913757,-0.07820673823821919,-0.3136404174804687,0.055066638183593745
101.43827199935913,-0.12856814718889525,-0.469263525390625,0.17238251953125
101.45870232582092,-0.1781301686959098,-0.507570751953125,0.5961562133789062
101.47849702835083,-0.24114854550456005,-0.4070142822265625,0.33039982910156246
101.49831414222717,-0.3069647783660256,-0.5315127685546874,0.4740519287109375
101.51820397377014,-0.37997549822044485,-0.7062894897460937,0.3064578125
101.53825736045837,-0.4439264937133669,-0.7398083129882812,0.27293898925781246
101.55862140655518,-0.4772343038659304,-0.74699091796875,-0.011971008300781249
101.57831597328186,-0.4976186836792993,-0.5123591552734374,-0.033518823242187495
101.59830784797668,-0.5004165397321146,-0.3136404174804687,-0.34237083740234375
101.61834812164307,-0.49721898995746855,-0.5817910034179687,-0.6368576416015624
101.63860774040222,-0.49948392104784284,-0.6536170532226562,-0.354341845703125
101.6585910320282,-0.5128070451088683,-0.2346317626953125,0.19153613281249998
101.67840814590454,-0.5570398169914726,-0.5482721801757812,0.28490999755859375
101.6984932422638,-0.6188591126346307,-0.6775590698242188,0.08140285644531249
101.71861505508423,-0.6873399703083013,-0.6823474731445313,0.4525041137695312
101.73831725120544,-0.743297091364608,-0.28730419921875,0.584185205078125
101.75853037834167,-0.7985880562178636,-0.5458779785156249,-0.0718260498046875
101.77817058563232,-0.8358928035887346,-0.3591302490234375,0.08858546142578125
101.7982976436615,-0.8745298633657084,-0.3112462158203125,0.1197100830078125
101.81831336021423,-0.9061056673903386,-0.4860229370117187,0.19153613281249998
101.83832216262817,-0.8954471681415183,-0.2705447875976562,0.22026655273437498
101.85833883285522,-0.8873200624642927,-0.9121908325195311,0.1771709228515625
101.87818574905396,-0.904240430021795,-0.22744915771484372,0.14604630126953125
101.89851450920105,-0.9460750395734148,0.11252747802734374,1.1180921752929687
101.9186623096466,-0.9973690672083626,-0.5315127685546874,-0.08858546142578125
101.93851089477539,-1.012690659878542,-0.18914193115234373,0.86191259765625
101.9583306312561,-1.04306738273768,-0.47884033203125,0.24899697265624998
101.97818326950073,-1.0629188375886076,-0.40222587890625,0.14125789794921875
101.99836850166321,-1.0565237380393155,-0.24899697265624998,-0.7661445312499999
102.0182249546051,-1.0393369080005928,-0.3591302490234375,0.06703764648437499
102.03845047950745,-1.0181531407435622,-0.5315127685546874,-1.1348515869140625
102.058424949646,-0.9516707516790455,0.028730419921875,-0.603338818359375
102.0781762599945,-0.8330949475359193,0.38786066894531246,-0.7541735229492187
102.09869742393494,-0.7635482399373665,-0.03591302490234375,-1.2976572998046874
102.11850428581238,-0.7290413486193108,0.258573779296875,-0.9816226806640624
102.13891863822937,-0.7185160806111007,0.4429273071289062,-0.7038952880859375
102.15863943099976,-0.6722848401193425,0.37828386230468747,-0.45968671875
102.17829298973083,-0.6014058201146874,0.12449848632812499,-0.584185205078125
102.19832015037537,-0.5631684540595444,-0.1149216796875,-0.6536170532226562
102.21815037727356,-0.5285283315008783,-0.13168109130859373,-0.7038952880859375
102.23901438713074,-0.5028147020630992,-0.17956512451171874,-0.5434837768554687
102.25898480415344,-0.49815160864174035,-0.469263525390625,-0.40940848388671874
102.27841138839722,-0.46630934213588954,-0.086191259765625,-0.33518823242187495
102.2982804775238,-0.4159479331852135,-0.23223756103515625,-0.5243301635742187
102.31847524642944,-0.3647871367908759,-0.41898529052734373,-0.8643067993164062
102.33840560913086,-0.3464012255866608,0.031124621582031248,-0.6584054565429687
102.3583824634552,-0.3194885149833895,-0.08379705810546874,-0.45968671875
102.37820434570312,-0.27392343069468256,0.12210428466796874,-0.4644751220703125
102.39823746681213,-0.22276263430034499,-0.14604630126953125,-0.19393033447265623
102.41830086708069,-0.1970490048625659,-0.1388636962890625,-0.39983167724609375
102.43897342681885,-0.17346707527455094,0.15562310791015624,-0.3687070556640625
102.45844507217407,-0.14322358365602322,-0.3447650390625,-0.7038952880859375
102.47832870483398,-0.10272128651050597,-0.10295067138671875,-0.6631938598632812
102.49842095375061,-0.06781470147061937,-0.201112939453125,-0.49320554199218747
102.51858639717102,-0.03077641658096871,-0.3687070556640625,-0.6679822631835937
102.53853344917297,0.008526799399056265,-0.51714755859375,-0.5291185668945312
102.5586621761322,0.040502297145517265,-0.2442085693359375,-0.7206546997070312
102.57847809791565,0.03464012255866608,0.047884033203124995,-0.3854664672851562
102.59842872619629,0.031042879062189218,-0.39743747558593745,-0.06943184814453125
102.6184709072113,0.01958499236970736,-0.42377369384765623,0.277727392578125
102.63870310783386,-0.004130168458917879,0.02633621826171875,0.20350714111328125
102.65839338302612,-0.022116385941302188,-0.5410895751953124,0.03591302490234375
102.6782693862915,-0.03703828488965066,0.031124621582031248,-0.11252747802734374
102.6982672214508,-0.04263399699528134,-0.4477157104492187,-0.08858546142578125
102.71834182739258,-0.03797090357392244,-0.13646949462890623,-0.055066638183593745
102.73826766014099,-0.016520673835671518,-0.3591302490234375,-0.6009446166992187
102.75885581970215,0.0019984686091538122,-0.16280571289062498,-0.24181436767578124
102.77862000465393,0.014522205226517705,-0.3902548706054687,-0.5530605834960938
102.79830813407898,0.027045941843881597,-0.2753331909179687,-0.028730419921875
102.81839442253113,0.03064318534035846,-0.11731588134765625,-0.21308394775390624
102.83830165863037,0.011191424211261349,-0.5722141967773438,-0.16280571289062498
102.8583447933197,-0.004263399699528133,0.10773907470703124,0.19393033447265623
102.87851095199585,-0.02717917308449185,-0.33039982910156246,0.028730419921875
102.89813947677612,-0.06461715169597326,-0.39743747558593745,-0.12689268798828124
102.91829919815063,-0.06914701387672191,-0.45968671875,-0.0143652099609375
102.93838167190552,-0.06768147023000912,-0.8595183959960937,-0.4836287353515625
102.95857310295105,-0.09659264944243427,-0.9409212524414062,-0.011971008300781249
102.97837996482849,-0.1456217459870078,-1.4532804077148436,0.2825157958984375
102.9984986782074,-0.2503415011066676,-1.944091748046875,0.833182177734375
103.01847720146179,-0.3452021444211686,-2.123656872558594,0.82360537109375
103.03848624229431,-0.4159479331852135,-1.2880804931640624,1.2928688964843749
103.05834197998047,-0.4367320067204131,-0.9433154541015625,0.13168109130859373
103.0785984992981,-0.49095712164878663,-1.9009961181640624,-0.2753331909179687
103.09821200370789,-0.48696018443047895,0.20350714111328125,-1.0271125122070313
103.118723154068,-0.5088101078905607,-1.4820108276367188,-0.46686932373046874
103.13882398605347,-0.496419602513807,0.36631285400390623,-0.7589619262695312
103.1586754322052,-0.48802603435536096,-1.1156979736328125,0.33758243408203126
103.17866778373718,-0.5090765703717811,0.143652099609375,-0.21787235107421873
103.19855618476868,-0.535189893531391,-0.42377369384765623,0.43574470214843747
103.21886849403381,-0.5920796332719694,-0.45968671875,-0.040701428222656245
103.23836755752563,-0.6273859120336868,0.0143652099609375,-0.05027823486328125
103.258225440979,-0.683076570608773,-1.254561669921875,0.24181436767578124
103.27828407287598,-0.7403660040711824,-0.5602431884765625,-0.07422025146484375
103.29845595359802,-0.7534226656509874,-0.8355763793945312,0.05027823486328125
103.3184974193573,-0.7423644726803361,-0.3687070556640625,-0.07900865478515624
103.33826541900635,-0.7361026043716543,-0.507570751953125,-0.718260498046875
103.35822057723999,-0.7147856058740136,-0.6177040283203125,-0.8355763793945312
103.3783061504364,-0.6113981631604564,0.8475473876953125,-1.2378022583007813
103.39823246002197,-0.5114747327027658,-0.16280571289062498,-1.22583125
103.41846752166748,-0.40129249671808553,0.737414111328125,-0.9552864624023437
103.4384377002716,-0.3526630938953428,0.1388636962890625,-0.9121908325195311
103.45824027061462,-0.33694180750333275,0.46208092041015625,-0.1388636962890625
103.47836256027222,-0.30056967881673335,0.8547299926757812,-0.24660277099609373
103.49824547767639,-0.27592189930383637,-0.43574470214843747,-0.6368576416015624
103.51826763153076,-0.2418147017076113,0.3854664672851562,-0.2657563842773437
103.53826355934143,-0.2142358349012887,-0.181959326171875,-0.28969840087890625
103.55853366851807,-0.21277029125457592,-0.488417138671875,-0.4429273071289062
103.57838273048401,-0.18132771847055593,-0.3758896606445312,-0.430956298828125
103.5982415676117,-0.1409586525656489,-1.0726023437499999,-0.40462008056640625
103.61823320388794,-0.07101225124526546,0.1771709228515625,-0.852335791015625
103.63858556747437,-0.015588055151399738,-0.9935936889648437,-0.5578489868164063
103.65830707550049,0.041168453348568536,0.7637503295898437,-0.6703764648437499
103.67859745025635,0.07341041357625004,-0.8188169677734375,-0.6967126831054687
103.69828939437866,0.07780704451638844,0.00718260498046875,-0.00239420166015625
103.71871137619019,0.07341041357625004,0.6009446166992187,-0.30406361083984373
103.73861479759216,0.039969372183076245,-0.8379705810546875,0.4477157104492187
103.75956630706787,-0.0039969372183076245,0.354341845703125,-0.6727706665039062
103.7785575389862,-0.048895865303963275,-0.9265560424804687,0.36631285400390623
103.79853916168213,-0.06515007665841428,0.6775590698242188,-0.36391865234375
103.81824469566345,-0.06408422673353224,-1.0702081420898437,-0.3112462158203125
103.83819389343262,-0.046231240491758196,0.354341845703125,-0.5602431884765625
103.85856413841248,-0.01705359879811253,-0.6200982299804687,-0.2753331909179687
103.87855267524719,0.004663093421358896,0.21068974609375,-0.9026140258789062
103.89835476875305,0.023315467106794475,-0.8499415893554687,0.1388636962890625
103.91824269294739,0.031176110302799476,-0.22266075439453123,-0.7398083129882812
103.93824434280396,0.03490658503988659,-0.8116343627929687,0.17238251953125
103.95840716362,0.008260336917835759,1.0726023437499999,0.5434837768554687
103.9788568019867,-0.01185758041431262,-1.2569558715820313,-0.316034619140625
103.99899864196777,-0.028911179212425153,0.0430956298828125,-0.2561795776367187
104.01864957809448,-0.030909647821578966,0.21787235107421873,-0.6248866333007812
104.03883075714111,-0.028245023009373885,-0.6105214233398437,0.3854664672851562
104.05823063850403,-0.02398162330984575,-0.1149216796875,-0.8355763793945312
104.07870602607727,-0.022249617181912446,-0.6727706665039062,0.19153613281249998
104.09846663475037,-0.01372281778285618,0.016759411621093748,-0.7062894897460937
104.1184732913971,-0.01212404289553313,0.09337386474609374,-0.7709329345703124
104.13860750198364,0.007194486992953725,-1.4532804077148436,-0.3112462158203125
104.15877366065979,-0.000799387443661525,0.7805097412109374,-0.2825157958984375
104.17858529090881,-0.004130168458917879,0.17956512451171874,0.5243301635742187
104.19833755493164,-0.011191424211261349,-0.3447650390625,0.11013327636718749
104.21860408782959,-0.0003996937218307625,0.011971008300781249,-1.3742717529296875
104.2383644580841,-0.06728177650817835,0.08858546142578125,0.5123591552734374
104.2585175037384,-0.02011791733214838,0.38786066894531246,0.08379705810546874
104.27833461761475,-0.017586523760553547,-0.7972691528320313,-0.20829554443359374
104.2983193397522,0.00479632466196915,-0.5602431884765625,-0.6200982299804687
104.3186707496643,0.014522205226517705,-0.46208092041015625,0.0143652099609375
104.33836102485657,0.022516079663132953,-1.5011644409179687,0.277727392578125
104.3586814403534,0.0479632466196915,-1.5011644409179687,-1.0534487304687499
104.37862133979797,0.09179632478046512,-0.6871358764648438,-0.2346317626953125
104.39830660820007,0.17999540606445338,-2.013523596191406,-1.2832920898437499
104.41836190223694,0.2683277185890519,-1.6041151123046875,-1.7621324218749999
104.43827390670776,0.3305467079540406,-0.24899697265624998,0.17238251953125
104.4584596157074,0.3726477799868809,-1.0941501586914062,-1.1755530151367186
104.47842931747437,0.40155895919930606,-0.5770026000976562,-0.8810662109374999
104.49826693534851,0.4699065856323664,-0.6081272216796875,-0.2154781494140625
104.5184862613678,0.5020153146194377,-0.35194764404296874,-1.2425906616210938
104.53841590881348,0.5321255749973551,0.13168109130859373,0.34237083740234375
104.55836844444275,0.5423843805243447,-0.8044517578125,0.32561142578124996
104.57828569412231,0.5554410421041496,-0.7733271362304687,-0.5315127685546874
104.59839463233948,0.5643675352250366,-0.0383072265625,0.076614453125
104.61842751502991,0.568764166165175,-1.1516109985351561,-0.852335791015625
104.63826441764832,0.591813170790749,-0.9313444458007812,0.7541735229492187
104.65866565704346,0.6125972443259486,-0.1149216796875,-0.8714894042968749
104.67831945419312,0.6569632474491632,-0.55545478515625,-0.5410895751953124
104.69815397262573,0.728108729935039,-0.814028564453125,-0.33518823242187495
104.71861362457275,0.8366921910323961,-0.5386953735351562,-1.4987702392578124
104.7382664680481,0.8979785617131131,-0.25139117431640623,-1.467645617675781
104.75849604606628,0.9439433397236507,-1.0534487304687499,-0.7038952880859375
104.7782826423645,0.986044411756491,-0.5793968017578125,0.3854664672851562
104.79827737808228,1.0013660044266703,0.22026655273437498,-0.8116343627929687
104.8183867931366,1.0318759585264186,-1.0366893188476562,-0.0430956298828125
104.83831524848938,1.067715162250577,-0.565031591796875,0.13407529296874998
104.85848379135132,1.083436448642587,0.16041151123046873,-0.5770026000976562
104.87863063812256,1.0975589601472737,-0.39983167724609375,0.28490999755859375
104.89830231666565,1.0619862189043359,-0.39264907226562495,1.5394716674804687
104.91841244697571,1.0224165404430905,1.0007762939453124,-0.009576806640625
104.93829298019409,0.8850551313739184,0.42377369384765623,0.47165772705078124
104.95835328102112,0.8300306290018835,-0.0383072265625,2.31758720703125
104.97826600074768,0.774206739186187,0.25139117431640623,-0.3232172241210937
104.99911332130432,0.7314395109502954,0.11252747802734374,0.7852981445312499
105.01867437362671,0.6897381326392857,-0.8475473876953125,0.8451531860351562
105.03839874267578,0.6629586532766247,-0.4333505004882812,-0.7733271362304687
105.05825328826904,0.6548315475993992,-0.36391865234375,-0.0143652099609375
105.07828950881958,0.6432404296663071,-0.8259995727539062,1.1851298217773436
105.09830045700073,0.6187258813940204,-0.9624690673828125,-0.10295067138671875
105.11826252937317,0.5706294035337186,-1.3646949462890625,-0.12689268798828124
105.13841319084167,0.495886677551366,-1.2904746948242187,1.6160861206054686
105.15867400169373,0.4220765702532852,-1.3215993164062498,-0.39983167724609375
105.17852711677551,0.37771056713007056,-1.235408056640625,1.1013327636718748
105.19871139526367,0.37491271107725527,-0.928950244140625,-0.8068459594726562
105.21849584579468,0.3209540586301023,-0.34237083740234375,-0.19153613281249998
105.23850893974304,0.2729908120104108,-0.7613561279296874,-0.15083470458984374
105.25880146026611,0.2939081167862207,-0.59376201171875,-0.47644613037109373
105.27856802940369,0.29710566656086673,-1.216254443359375,0.05985504150390625
105.29869198799133,0.3027013786664975,-0.46208092041015625,-0.3687070556640625
105.31869149208069,0.28018529900336453,-0.6560112548828124,0.29448680419921874
105.33852505683899,0.24048238930150875,-0.5363011718749999,0.3136404174804687
105.35825967788696,0.18865543670411988,-0.1771709228515625,0.17956512451171874
105.37861800193787,0.09113016857741385,-0.622492431640625,0.565031591796875
105.39832139015198,0.01851914244482533,-0.41898529052734373,0.40462008056640625
105.4182996749878,-0.041035222107958284,-0.45010991210937495,0.6296750366210937
105.43836975097656,-0.1212404289553313,-0.24181436767578124,0.5195417602539062
105.45863676071167,-0.1743996939588227,-0.5339069702148437,0.43574470214843747
105.47837376594543,-0.17146860666539712,-0.20350714111328125,-0.06464344482421874
105.49831438064575,-0.20850689155504776,-0.612915625,-0.6607996582031249
105.51843094825745,-0.13935987767832586,0.02154781494140625,-0.7733271362304687
105.53833222389221,-0.031176110302799476,0.10773907470703124,-1.2856862915039062
105.55855751037598,0.02571362943777905,0.1292868896484375,-1.1635820068359375
105.57839870452881,0.07807350699760894,0.5770026000976562,-0.7015010864257812
105.59846210479736,0.0961929557206035,-0.4908113403320312,-0.584185205078125
105.61838817596436,0.07687442583211665,-0.3902548706054687,0.5626373901367188
105.63834428787231,0.04663093421358895,-0.27293898925781246,0.028730419921875
105.65855240821838,-0.014788667707738212,-0.316034619140625,0.28730419921875
105.67836380004883,-0.05688973974057853,-0.612915625,0.35673604736328124
105.69835186004639,-0.08806585004337801,-0.11731588134765625,0.28730419921875
105.71840143203735,-0.09366156214900867,-0.6392518432617187,-0.5913678100585937
105.73835706710815,-0.061686064402547675,0.5865794067382812,-0.6009446166992187
105.75840997695923,-0.023848392069235495,-0.18914193115234373,-0.5195417602539062
105.77857303619385,0.020650842294589397,0.40940848388671874,-0.5626373901367188
105.79854035377502,0.03370750387439431,-0.0383072265625,-0.30406361083984373
105.8184163570404,0.05129402763494785,0.055066638183593745,-0.7398083129882812
105.83846282958984,0.032774885190122525,-0.39983167724609375,0.8259995727539062
105.85878205299377,0.022516079663132953,0.10295067138671875,-0.1484405029296875
105.87874794006348,-0.007194486992953725,-0.33039982910156246,0.41898529052734373
105.89864182472229,-0.027045941843881597,0.5793968017578125,-0.2753331909179687
105.91888308525085,-0.03770444109270193,-0.3399766357421875,0.6057330200195312
105.93852138519287,-0.035705972483548114,0.028730419921875,-1.3670891479492187
105.95859670639038,-0.01505513018895872,-0.14604630126953125,0.5243301635742187
105.9783341884613,-0.014122511504686942,-0.7422025146484375,-0.24181436767578124
105.99867057800293,-0.024914241994117528,-0.8307879760742187,-0.689530078125
106.01846694946289,-0.044898928085655654,-1.0965443603515623,0.3806780639648437
106.03836178779602,-0.04236753451406082,0.040701428222656245,-1.7429788085937499
106.05864572525024,-0.04636447173236845,-0.6272808349609375,1.8818425048828125
106.0786623954773,-0.09672588068304452,-0.28012159423828126,-1.8555062866210936
106.09866213798523,-0.17133537542478686,-2.868253588867187,1.1372457885742187
106.1185393333435,-0.3012358350197846,-1.218648645019531,1.9991583862304687
106.13859486579895,-0.3713154675807783,-1.9105729248046874,-0.7613561279296874
106.15884375572205,-0.4180796330349776,-1.8842367065429686,1.5897499023437498
106.17836833000183,-0.43939663153261826,-0.16998831787109375,-1.4628572143554686
106.19894194602966,-0.49162327785183785,-1.16837041015625,0.9816226806640624
106.2186484336853,-0.5287947939820988,-0.26815058593749996,-0.9696516723632812
106.23838877677917,-0.5589050543600161,-0.737414111328125,0.28730419921875
106.2587206363678,-0.5670321600372418,-0.7445967163085937,-0.16041151123046873
106.27852416038513,-0.574493109511416,-0.9050082275390624,-0.4525041137695312
106.29877972602844,-0.6071347634609282,-0.9169792358398436,-0.07422025146484375
106.31831622123718,-0.631649311733215,-0.2705447875976562,-0.9433154541015625
106.33839702606201,-0.6503016854186506,-0.9050082275390624,0.5746083984375
106.35842323303223,-0.6336477803423688,0.5051765502929687,-0.9792284790039062
106.37837481498718,-0.6332480866205381,-0.8978256225585937,0.26815058593749996
106.39839935302734,-0.6397764174104406,-0.5363011718749999,-0.35194764404296874
106.41849255561829,-0.6702863715101887,-1.0869675537109373,-0.10773907470703124
106.43887209892273,-0.7043935691064138,-0.5482721801757812,-0.2561795776367187
106.45855116844177,-0.6986646257601729,-0.16041151123046873,-1.216254443359375
106.47854971885681,-0.6341807053048097,0.2609679809570312,-0.507570751953125
106.4983012676239,-0.5634349165407648,0.8882488159179687,-1.2114660400390624
106.51854801177979,-0.5026814708224889,-0.1197100830078125,-0.16998831787109375
106.53828763961792,-0.47217151672274077,0.2657563842773437,-1.5729904907226562
106.55854177474976,-0.4132833083730084,0.0526724365234375,-0.14604630126953125
106.57849359512329,-0.37451301735542447,0.06943184814453125,-1.4532804077148436
106.59855055809021,-0.2768545179881082,-0.181959326171875,-1.1444283935546875
106.61866044998169,-0.21010566644237083,-0.18435352783203124,-0.39983167724609375
106.63856387138367,-0.18012863730506362,-0.11731588134765625,-1.7118541870117185
106.6586594581604,-0.15135068933324874,0.18914193115234373,0.6584054565429687
106.67841362953186,-0.12816845346706449,0.033518823242187495,-1.01514150390625
106.69833064079285,-0.10778407365369562,-0.8403647827148437,-0.6655880615234374
106.7183187007904,-0.09166309353985486,-0.07900865478515624,-0.5722141967773438
106.73855376243591,-0.0738101072980808,-0.10295067138671875,-0.38307226562499996
106.75867104530334,-0.04929555902579404,0.09576806640624999,-0.19871873779296872
106.7782506942749,-0.008260336917835759,0.296881005859375,-0.30406361083984373
106.79851746559143,0.008926493120887028,-0.5123591552734374,-0.105344873046875
106.81838965415955,0.026779479362661087,-0.3280056274414062,-0.852335791015625
106.83824396133423,0.03437366007744557,-0.44053310546874996,0.6464344482421874
106.85883617401123,0.017852986241774057,-0.7948749511718749,-0.9169792358398436
106.87875008583069,-0.006128637068071691,-0.45010991210937495,-0.5219359619140624
106.89835381507874,-0.007860643196004996,0.6009446166992187,1.0965443603515623
106.9185082912445,-0.031042879062189218,-0.11731588134765625,-0.5530605834960938
106.93846154212952,-0.0383705972957532,-1.2497732666015624,-0.22744915771484372
106.95845198631287,-0.032375191468291764,0.031124621582031248,-0.97683427734375
106.97851800918579,-0.024114854550456002,-0.0718260498046875,-0.09816226806640624
106.99898219108582,-0.02145022973825092,-0.39264907226562495,0.584185205078125
107.01834630966187,-0.040768759626737774,-0.5123591552734374,-1.0175357055664063
107.03832960128784,-0.04236753451406082,-0.21787235107421873,-0.5410895751953124
107.05829668045044,-0.046764165454199216,-1.199495031738281,1.4149731811523436
107.07837104797363,-0.111647779631393,-0.7398083129882812,0.35194764404296874
107.09835457801819,-0.2142358349012887,-1.9871873779296874,-0.5770026000976562
107.11842131614685,-0.31975497746460996,-1.68551796875,1.3239935180664062
107.13835120201111,-0.38184073558898846,-1.1180921752929687,-0.29448680419921874
107.15851354598999,-0.423009188937557,-1.2976572998046874,-0.02633621826171875
107.17840099334717,-0.44472588115702844,-0.59376201171875,-1.39821376953125
107.19828295707703,-0.4553843804058487,-0.2920926025390625,0.46208092041015625
107.21888303756714,-0.48269678473095085,-1.180341418457031,-0.3016694091796875
107.23855257034302,-0.5073445642438479,-0.0430956298828125,0.14604630126953125
107.25854349136353,-0.5421179180431241,-1.180341418457031,-0.4836287353515625
107.27853035926819,-0.5890153147379336,-0.1771709228515625,-0.5027823486328125
107.29852962493896,-0.6209908124843947,-0.6560112548828124,0.5817910034179687
107.31880831718445,-0.6526998477496352,-0.3854664672851562,0.02154781494140625
107.33842206001282,-0.678280245946804,-0.3136404174804687,-0.6177040283203125
107.35864758491516,-0.6884058202331832,-0.8810662109374999,-0.5602431884765625
107.37842965126038,-0.6894716701580653,-0.507570751953125,-0.1197100830078125
107.39834976196289,-0.6944012260606447,-1.0869675537109373,-1.0199299072265624
107.4184582233429,-0.7189157743329315,-0.4572925170898437,-0.3136404174804687
107.43850755691528,-0.7837993885101252,-1.6639701538085936,0.6464344482421874
107.45837497711182,-0.8526799399056267,-1.3120225097656248,-0.3591302490234375
107.47869729995728,-0.9282220533316408,-0.622492431640625,0.8595183959960937
107.49844765663147,-0.9847120993503885,-2.039859814453125,0.26336218261718747
107.51834607124329,-1.013223584840983,-0.737414111328125,-1.43652099609375
107.53841137886047,-1.0346738145792338,-0.13646949462890623,1.1061211669921875
107.55861282348633,-1.0859678422141816,-0.16998831787109375,0.0526724365234375
107.57851195335388,-1.1272695268033606,-0.8403647827148437,-1.6472107421875
107.59887766838074,-1.1365957136460785,-0.5602431884765625,0.3064578125
107.61850786209106,-1.1182098024418632,0.023942016601562498,-0.2561795776367187
107.63860487937927,-1.0711791745064436,-0.6248866333007812,-0.6392518432617187
107.65875220298767,-1.0232159278867519,-0.41419688720703124,-0.70868369140625
107.67823910713196,-0.998568148373855,-0.41419688720703124,-1.3048399047851562
107.6984703540802,-0.9873767241625936,-0.22505495605468748,-0.047884033203124995
107.71827340126038,-0.9809816246133014,-0.8858546142578124,0.0383072265625
107.73855543136597,-0.970856050326922,-0.9097966308593749,-0.9576806640625
107.75843262672424,-0.9675252693116657,-0.5889736083984375,0.016759411621093748
107.77871346473694,-0.9589984699126094,-0.17956512451171874,-0.8714894042968749
107.79895043373108,-0.9625957134090863,-0.5602431884765625,0.2059013427734375
107.81895017623901,-0.9695237379208195,-0.36152445068359373,-0.7685387329101562
107.8382716178894,-0.9384808588586304,-0.5530605834960938,-0.05746083984375
107.858473777771,-0.8538790210711189,-0.22744915771484372,-1.7908628417968748
107.878342628479,-0.7711424206521511,0.6272808349609375,-0.6607996582031249
107.89835858345032,-0.7439632475676592,0.2561795776367187,-1.0486603271484374
107.91838216781616,-0.7434303226052182,0.6560112548828124,-0.5578489868164063
107.9383556842804,-0.7383675354620286,0.12210428466796874,-0.6536170532226562
107.95876789093018,-0.7091898937683828,0.5123591552734374,-0.9792284790039062
107.97873020172119,-0.6597611035019786,0.04548983154296875,-0.13646949462890623
107.99865365028381,-0.614329250453882,0.22026655273437498,-1.2282254516601563
108.01860332489014,-0.5675650849996827,-0.08858546142578125,-0.076614453125
108.03878235816956,-0.5425176117649549,-0.40462008056640625,-1.7214309936523438
108.05861020088196,-0.49855130236357104,-0.36631285400390623,0.3280056274414062
108.0784215927124,-0.4491225120971668,-0.5458779785156249,-0.4860229370117187
108.09836840629578,-0.38756967893522937,-0.4261678955078125,-1.0773907470703123
108.11872124671936,-0.368517611527963,-0.6368576416015624,-0.7398083129882812
108.1386570930481,-0.3374747324657738,0.21787235107421873,-1.0726023437499999
108.15856981277466,-0.31495865280264085,-0.5674257934570313,-0.22744915771484372
108.17854309082031,-0.2737901994540723,0.5817910034179687,-0.97683427734375
108.1983904838562,-0.2368851458050319,-0.16998831787109375,0.44532150878906246
108.21826028823853,-0.2095727414799298,0.033518823242187495,-0.8547299926757812
108.23869681358337,-0.17493261892126372,-0.38307226562499996,-0.040701428222656245
108.25874280929565,-0.16640581952220743,-0.48123453369140623,-0.5051765502929687
108.27861166000366,-0.11497856064664934,-0.32082302246093747,-0.0526724365234375
108.29821228981018,-0.09219601850229589,-0.5698199951171875,-0.23702596435546874
108.31854605674744,-0.044232771882604376,0.5386953735351562,-0.5051765502929687
108.3385009765625,-0.022116385941302188,-0.9002198242187499,0.2920926025390625
108.35855603218079,0.018119448722994567,-0.00239420166015625,-1.0486603271484374
108.3783643245697,0.03583920372415837,0.040701428222656245,0.39743747558593745
108.398592710495,0.036105666205378875,-1.0678139404296874,-1.1659762084960936
108.41841077804565,0.06141960192132717,-0.833182177734375,0.430956298828125
108.43847060203552,0.0543583461689837,-0.8044517578125,-0.612915625
108.45870161056519,0.06475038293658353,-0.7948749511718749,-0.9409212524414062
108.47848558425903,0.06181929564315793,-0.7015010864257812,0.7565677246093749
108.4983184337616,0.10791730489430588,-0.9457096557617187,-0.7948749511718749
108.51844120025635,0.17519908140248425,-0.82360537109375,0.679953271484375
108.53849959373474,0.26992649347637493,-1.7717092285156248,-2.3822306518554686
108.55853152275085,0.3578591122791427,-0.9457096557617187,0.4860229370117187
108.57817673683167,0.4154150082227725,-0.8044517578125,-1.6400281372070311
108.59841823577881,0.46351148608307424,-0.8643067993164062,0.7038952880859375
108.61852955818176,0.4840290971370534,-0.21787235107421873,-0.9504980590820312
108.63823699951172,0.5325252687191859,-0.5363011718749999,0.36631285400390623
108.6584882736206,0.5511776424046215,-0.5530605834960938,-0.19632453613281248
108.67871880531311,0.5531761110137753,-0.1580173095703125,-0.6847416748046875
108.69862151145935,0.5599709042848983,-0.6057330200195312,1.3383587280273437
108.71844959259033,0.5792894341733851,-0.3950432739257812,-1.6256629272460936
108.73816537857056,0.5950107205653951,-0.7110778930664062,0.0383072265625
108.75856900215149,0.6064686072578769,-0.19153613281249998,-0.2657563842773437
108.77863693237305,0.6372450238388456,-0.32561142578124996,-0.22266075439453123
108.79825830459595,0.6676217466979837,-0.25139117431640623,0.1484405029296875
108.81842684745789,0.7166508432425572,-1.7429788085937499,-1.0989385620117187
108.83872127532959,0.8582756520112573,-1.0893617553710937,-0.5195417602539062
108.8586220741272,0.9224931099853999,-1.2210428466796874,-0.9983820922851562
108.8784430027008,0.9570000013034556,-0.0718260498046875,-0.17477672119140625
108.89841437339783,0.9816477808163526,-1.1540052001953125,-1.5705962890624998
108.91811108589172,1.0053629416449779,-0.612915625,1.158793603515625
108.93843412399292,1.0192189906684443,-0.1149216796875,-0.7302315063476562
108.95838403701782,1.0270796338644492,-0.7445967163085937,-0.17238251953125
108.97841501235962,0.9891087302905269,-0.1867477294921875,0.5147533569335937
108.99917697906494,1.0140229722846446,-1.1540052001953125,-1.0678139404296874
109.01838636398315,1.0077611039759624,-0.4525041137695312,0.4213794921875
109.03845548629761,1.000699848223619,-1.0845733520507812,-0.8547299926757812
109.05828380584717,0.9945712111555474,0.0143652099609375,0.7781155395507812
109.07854461669922,0.9788499247635374,-0.679953271484375,-0.7781155395507812
109.09826707839966,0.9656600319431221,-0.05027823486328125,0.8307879760742187
109.11842703819275,0.9544686077318608,-1.024718310546875,-0.6296750366210937
109.13842821121216,0.9430107210393789,0.055066638183593745,0.36631285400390623
109.15848302841187,0.9311531406250664,-1.3407529296874998,-1.0342951171875
109.17842984199524,0.9548683014536916,-0.06703764648437499,0.584185205078125
109.19827270507812,0.9228928037072306,-1.4867992309570313,-0.5243301635742187
109.21819305419922,0.9454088833703636,0.18914193115234373,0.086191259765625
109.23846125602722,0.9664594193867837,-0.9696516723632812,-0.4525041137695312
109.25854849815369,0.9767182249137734,0.7350199096679687,-0.7158662963867187
109.27864003181458,0.9515375204384352,-0.12449848632812499,0.5267243652343749
109.2985987663269,0.8759954070124212,1.1180921752929687,0.0909796630859375
109.31855773925781,0.799387443661525,0.3687070556640625,0.16280571289062498
109.33852553367615,0.742764166402167,0.2059013427734375,0.488417138671875
109.3584144115448,0.7025283317378702,0.5722141967773438,0.7541735229492187
109.37839150428772,0.6433736609069174,-0.40940848388671874,0.10295067138671875
109.39825320243835,0.5578392044351341,0.36631285400390623,0.2442085693359375
109.41841864585876,0.5136064325525298,-1.6160861206054686,0.201112939453125
109.43845510482788,0.5056125581159145,0.143652099609375,-0.27293898925781246
109.45844030380249,0.4755022977379971,-1.3239935180664062,0.3950432739257812
109.47817754745483,0.4463246560443514,-0.143652099609375,-0.2920926025390625
109.49861812591553,0.3859709040479063,-1.7764976318359373,0.8164227661132812
109.51847219467163,0.3217534460737638,-1.6328455322265625,0.16041151123046873
109.5383791923523,0.29071056701157455,-1.5322890624999999,0.6823474731445313
109.55874967575073,0.26139969407731867,-1.6160861206054686,-0.5099649536132812
109.57846879959106,0.2440796327979856,-0.33039982910156246,-0.5865794067382812
109.59844017028809,0.21690045971349378,-1.1731588134765625,0.39743747558593745
109.61835145950317,0.2057090355022324,-0.3711012573242187,-0.07422025146484375
109.6384449005127,0.1865237368543558,-0.833182177734375,-0.29927520751953124
109.65853786468506,0.16653905076281772,-0.8068459594726562,0.0909796630859375
109.67870140075684,0.13229862192598238,-0.36631285400390623,0.239420166015625
109.6986620426178,0.07287748861380902,-0.24181436767578124,0.229843359375
109.71864461898804,0.018652373685435583,-0.15562310791015624,0.36152445068359373
109.73853254318237,-0.02078407353519965,-0.45010991210937495,0.22266075439453123
109.75853705406189,-0.05209341507860938,-0.316034619140625,0.18914193115234373
109.77836322784424,-0.07887289444127048,-0.737414111328125,-0.17956512451171874
109.7985200881958,-0.09605972447999325,-0.6775590698242188,-0.2920926025390625
109.8183479309082,-0.14069219008442838,-1.189918225097656,0.296881005859375
109.83846807479858,-0.1616094948602383,-1.0342951171875,0.16998831787109375
109.85865306854248,-0.21769984715715532,-1.7788918334960937,0.21068974609375
109.87841010093689,-0.2729908120104108,-1.5059528442382812,0.13407529296874998
109.89853525161743,-0.31589127148691265,-0.8403647827148437,-0.03591302490234375
109.9183464050293,-0.3563935686324299,-0.8571241943359375,-0.29927520751953124
109.93830847740173,-0.38317304799509094,-0.8930372192382812,-0.3711012573242187
109.95850872993469,-0.38450536040119354,-0.5985504150390625,-0.076614453125
109.97861862182617,-0.3822404293108192,-0.4955997436523437,-0.2346317626953125
109.99857068061829,-0.38037519194227565,-0.5578489868164063,-0.41898529052734373
110.01846432685852,-0.38250689179203967,-0.565031591796875,-0.28490999755859375
110.03845024108887,-0.407820827507988,-0.5123591552734374,0.16519991455078123
110.05855894088745,-0.47390352285067405,-0.24899697265624998,0.8116343627929687
110.07815527915955,-0.5626355290971032,-0.2657563842773437,0.8283937744140625
110.09829950332642,-0.674150077487886,-0.22266075439453123,0.7206546997070312
110.11831903457642,-0.7682113333587255,-0.2753331909179687,0.02633621826171875
110.13824558258057,-0.8121776427601093,-0.6655880615234374,0.26815058593749996
110.15843081474304,-0.8314961726485962,-0.229843359375,0.32082302246093747
110.17827939987183,-0.8320290976110373,-0.63206923828125,-0.5315127685546874
110.19848203659058,-0.8263001542647963,-0.6200982299804687,-0.8595183959960937
110.21822547912598,-0.8273660041896783,-0.44053310546874996,-0.35194764404296874
110.23857688903809,-0.8289647790770014,-0.4477157104492187,-0.181959326171875
110.25877332687378,-0.8394900470852115,-0.5123591552734374,0.06703764648437499
110.27853870391846,-0.8564104146427138,-0.009576806640625,0.06703764648437499
110.29872679710388,-0.9150321605112256,-0.16280571289062498,0.5578489868164063
110.31843996047974,-1.003897397998265,-0.1005564697265625,0.7158662963867187
110.33836507797241,-1.081437980033433,-0.20350714111328125,-0.1580173095703125
110.35861229896545,-1.1062189907869404,-0.36631285400390623,0.2920926025390625
110.37836718559265,-1.092895866725915,-0.16998831787109375,-0.20829554443359374
110.39855098724365,-1.0847687610486894,-0.47884033203125,-0.3399766357421875
110.41831254959106,-1.076641655371464,-0.46686932373046874,-0.2920926025390625
110.4383773803711,-1.0899647794324894,-0.5961562133789062,-0.7445967163085937
110.45868277549744,-1.0571898942423668,-0.18435352783203124,-0.411802685546875
110.47855639457703,-0.9991010733362959,-0.35673604736328124,-0.39264907226562495
110.49834418296814,-0.982313937019404,-0.5195417602539062,-0.39743747558593745
110.51818656921387,-0.9732542126579067,0.15083470458984374,-0.12689268798828124
110.53826141357422,-0.9999004607799575,-0.0143652099609375,-0.16759411621093748
110.55879235267639,-1.0252143964959057,0.16041151123046873,-0.09337386474609374
110.57848167419434,-1.0252143964959057,-0.12449848632812499,-0.0526724365234375
110.59836435317993,-1.020551303074547,-0.0383072265625,-0.46208092041015625
110.61832666397095,-0.9795160809665886,0.0430956298828125,-0.8786720092773437
110.63857007026672,-0.9148989292706153,0.4525041137695312,-0.6009446166992187
110.65845847129822,-0.8412220532131448,-0.2154781494140625,-1.0414777221679687
110.67845845222473,-0.7832664635476843,-0.15322890625,-1.4101847778320311
110.6985068321228,-0.7515574282824438,0.17477672119140625,-0.39264907226562495
110.71832299232483,-0.7030612567003113,0.11252747802734374,-0.6081272216796875
110.73841881752014,-0.6504349166592609,-0.06943184814453125,-0.5027823486328125
110.75854229927063,-0.6201914250407331,-0.3447650390625,-0.7158662963867187
110.77823615074158,-0.5931454831968516,-0.05027823486328125,-0.622492431640625
110.79852604866028,-0.5664992350748007,-0.1149216796875,-0.4333505004882812
110.81834697723389,-0.56090352296917,-0.011971008300781249,-0.36391865234375
110.83835816383362,-0.558771823119406,-0.21787235107421873,-0.5506663818359374
110.85870552062988,-0.5302603376288116,-0.22744915771484372,-0.3280056274414062
110.87874293327332,-0.4914900466112276,-0.2609679809570312,-0.5985504150390625
110.8988184928894,-0.44366003123214637,0.16998831787109375,-0.699106884765625
110.91857481002808,-0.40182542168052654,0.1388636962890625,-0.6416460449218749
110.93843007087708,-0.351730475211071,-0.16998831787109375,-0.8020575561523438
110.9589626789093,-0.28817917343997973,-0.0143652099609375,-0.7015010864257812
110.97869658470154,-0.23608575836137038,-0.2442085693359375,-0.7398083129882812
110.99935984611511,-0.20424349185551963,-0.062249243164062495,-0.6560112548828124
111.0183629989624,-0.17799693745529957,-0.01915361328125,-0.16519991455078123
111.03842639923096,-0.1668055132440382,-0.5243301635742187,-0.5889736083984375
111.0587568283081,-0.14548851474639754,-0.296881005859375,-0.3016694091796875
111.07851886749268,-0.1220398163989928,-0.076614453125,-0.1867477294921875
111.09852623939514,-0.0927289434647369,-0.4213794921875,-0.3806780639648437
111.11825585365295,-0.04916232778518379,-0.22026655273437498,-0.507570751953125
111.1385145187378,-0.011591117933092112,-0.26815058593749996,-0.5602431884765625
111.15846300125122,0.031842266505850744,-0.08858546142578125,-0.842758984375
111.17837595939636,0.049961715228845315,-0.6200982299804687,-0.689530078125
111.19918203353882,0.0514272588755581,-0.20350714111328125,-0.34715924072265625
111.21864318847656,0.054491577409593955,0.033518823242187495,0.3064578125
111.23849701881409,0.03064318534035846,-0.3184288208007812,0.086191259765625
111.2586178779602,-0.023448698347404734,-0.1771709228515625,0.19393033447265623
111.27869415283203,-0.04436600312321464,0.14125789794921875,-0.086191259765625
111.29849100112915,-0.04916232778518379,-0.40940848388671874,-0.2753331909179687
111.31846237182617,-0.0479632466196915,-0.25139117431640623,-0.46208092041015625
111.33851480484009,-0.025447166956558548,-0.05985504150390625,-0.4908113403320312
111.3584246635437,-0.000799387443661525,-0.3591302490234375,-1.0821791503906248
111.37860107421875,0.0063950995492922,-0.23223756103515625,-0.1005564697265625
111.39851570129395,0.03077641658096871,-0.7517793212890624,-0.5339069702148437
111.41838073730469,0.02997702913730719,-0.86191259765625,0.01915361328125
111.43826031684875,0.025447166956558548,-0.9050082275390624,-0.12689268798828124
111.45852208137512,0.054091883687763194,-0.7637503295898437,-0.40462008056640625
111.47848558425903,0.07061255752343472,-1.13006318359375,-0.29448680419921874
111.49847984313965,0.1269693723015722,-1.1755530151367186,-0.7422025146484375
111.51826047897339,0.1398928026407669,-1.2904746948242187,-0.9337386474609375
111.53819704055786,0.1291010721513363,-0.5315127685546874,-0.373495458984375
111.55839514732361,0.14189127124992068,-0.5698199951171875,-0.18435352783203124
111.57864236831665,0.1229724350832646,-0.3758896606445312,0.507570751953125
111.598388671875,0.08540122523117291,0.12689268798828124,0.17956512451171874
111.61825728416443,0.010791730489430587,1.0797849487304687,0.21308394775390624
111.6386616230011,-0.03983614094246599,0.5434837768554687,-0.45968671875
111.65871620178223,-0.053026033762881154,0.6009446166992187,0.38786066894531246
111.67847037315369,-0.044232771882604376,0.16519991455078123,-0.17477672119140625
111.69825196266174,-0.044898928085655654,-0.2753331909179687,-0.8786720092773437
111.7184157371521,-0.0302434916185277,-0.13646949462890623,-0.48123453369140623
111.7384672164917,-0.0255803981971688,-1.1180921752929687,-0.4285620971679687
111.75851821899414,-0.017186830038722786,-0.08858546142578125,-0.4477157104492187
111.77902483940125,0.009992343045769061,-1.3766659545898436,-0.9097966308593749
111.79850482940674,0.021583460978861175,0.19871873779296872,-0.5746083984375
111.81910824775696,0.02744563556571236,-0.8690952026367187,0.06943184814453125
111.83850383758545,0.010258805526989571,0.7972691528320313,-0.354341845703125
111.85859680175781,0.014655436467127957,0.63206923828125,0.469263525390625
111.87855124473572,0.0002664624812205083,0.6177040283203125,-0.08379705810546874
111.89845728874207,-0.015188361429568975,0.6919242797851562,-0.6847416748046875
111.91841650009155,-0.023581929588014985,-0.33039982910156246,0.16998831787109375
111.93883681297302,-0.039969372183076245,0.4525041137695312,-0.42377369384765623
111.95862364768982,-0.02691271060327134,-0.55545478515625,0.22744915771484372
111.97843265533447,-0.029577335415476424,-0.6512228515624999,-0.4860229370117187
111.99876856803894,-0.026779479362661087,-0.38786066894531246,-1.0342951171875
112.01831769943237,-0.022249617181912446,-0.6919242797851562,-0.229843359375
112.03835201263428,-0.014788667707738212,-0.02154781494140625,0.105344873046875
112.0585446357727,0.005462480865020421,0.2705447875976562,-0.6057330200195312
112.07838702201843,0.03264165394951227,-1.0510545288085937,-0.3854664672851562
112.09825801849365,-0.004529862180748642,0.3016694091796875,-0.967257470703125
112.11826992034912,-0.018785604926045835,-0.01915361328125,-0.35673604736328124
112.13919925689697,-0.03170903526524049,-0.1388636962890625,0.48123453369140623
112.15861868858337,-0.033307810152563545,-0.1197100830078125,-0.011971008300781249
112.17856645584106,-0.026113323159609816,-0.15322890625,-0.7565677246093749
112.19856095314026,-0.020384379813368887,0.3711012573242187,-0.316034619140625
112.21840262413025,-0.023315467106794475,-0.8068459594726562,-0.6727706665039062
112.23833179473877,-0.032108728987071254,-0.5434837768554687,-0.55545478515625
112.259206533432,0.0255803981971688,-0.5746083984375,-0.6488286499023437
112.27898836135864,0.11910872910556722,-1.426944189453125,-1.7621324218749999
112.29861116409302,0.21783307839776556,-0.7517793212890624,-0.46208092041015625
112.31853318214417,0.30096937253856415,-2.2768857788085937,-1.4867992309570313
112.33891892433167,0.3549280249857171,-0.5506663818359374,-0.0383072265625
112.35874104499817,0.3834395104763115,-0.5793968017578125,-0.8020575561523438
112.3786928653717,0.38756967893522937,-1.5634136840820312,-0.17238251953125
112.39829874038696,0.4218101077720647,-0.7038952880859375,0.3950432739257812
112.41841101646423,0.42807197608074665,-0.00718260498046875,-0.9337386474609375
112.43859958648682,0.44952220581899754,-0.49320554199218747,-0.6823474731445313
112.45873832702637,0.4793660037156945,-0.8188169677734375,0.5817910034179687
112.47898149490356,0.5085436454093402,0.6584054565429687,-0.622492431640625
112.49849152565002,0.5477136301487548,-0.239420166015625,-0.07900865478515624
112.51855540275574,0.5680980099621237,-0.852335791015625,-0.8188169677734375
112.53847980499268,0.5919464020313592,-0.21308394775390624,-0.5961562133789062
112.55870938301086,0.6388437987261687,-1.1276689819335937,0.14604630126953125
112.57883906364441,0.6953338447449164,-1.005564697265625,-1.5370774658203123
112.59843468666077,0.7743399704267973,-0.7254431030273437,-1.388636962890625
112.61834192276001,0.8492159276497601,-1.0965443603515623,-0.3016694091796875
112.6385087966919,0.8661362952072623,-0.9193734375,-0.6823474731445313
112.65830969810486,0.8969127117882311,-1.3359645263671873,-0.9840168823242187
112.678457736969,0.935150077843374,-1.0079588989257813,0.430956298828125
112.69840002059937,0.966592650627394,0.296881005859375,-0.01915361328125
112.7181179523468,0.9979019921708037,-0.5722141967773438,-0.7948749511718749
112.7381911277771,1.0369387456696082,-0.507570751953125,0.47644613037109373
112.75823640823364,1.048929557324531,-0.38786066894531246,-1.5825672973632812
112.77842307090759,1.063052068829218,-0.7613561279296874,0.2920926025390625
112.79824757575989,1.0691807058972898,-0.20350714111328125,1.13006318359375
112.81830024719238,1.0911638605979816,-0.7278373046875,-0.4955997436523437
112.83864259719849,1.0345405833386236,-0.6512228515624999,-0.28969840087890625
112.85861659049988,0.9899081177341884,-0.5865794067382812,0.6344634399414062
112.87843251228333,0.9989678420956857,-0.5291185668945312,-0.612915625
112.89855575561523,0.9689908129583785,-1.0031704956054688,0.48123453369140623
112.91837525367737,0.9259571222412665,-0.05746083984375,0.1867477294921875
112.93826532363892,0.8582756520112573,-0.5123591552734374,0.41419688720703124
112.95859599113464,0.7935252690746738,-0.2154781494140625,0.9337386474609375
112.97856616973877,0.7471607973423053,0.6177040283203125,0.08140285644531249
112.99841713905334,0.7103889749338752,0.6631938598632812,0.9193734375
113.01819443702698,0.683076570608773,0.47165772705078124,-0.4644751220703125
113.03839945793152,0.671485452675681,0.258573779296875,0.4333505004882812
113.0584876537323,0.6140627879726615,0.0718260498046875,-0.16041151123046873
113.07860326766968,0.6169938752660871,0.39743747558593745,0.277727392578125
113.09849071502686,0.6003399701898052,-0.7757213378906249,0.8667010009765624
113.11851477622986,0.5649004601874777,-0.36631285400390623,-0.8188169677734375
113.13849425315857,0.5146722824774118,-0.612915625,0.5434837768554687
113.15843415260315,0.45831546769927434,-0.13646949462890623,1.0079588989257813
113.1783995628357,0.40848698371103925,-0.25139117431640623,-0.13407529296874998
113.19861149787903,0.40888667743287005,-0.4165910888671875,1.4030021728515625
113.218332529068,0.34546860690238906,-0.21308394775390624,-0.7158662963867187
113.2383828163147,0.31669065893057413,-0.15083470458984374,0.2154781494140625
113.25888514518738,0.2772542117099389,-0.3327940307617187,1.0199299072265624
113.27852034568787,0.2511408885503291,-0.34715924072265625,-0.9026140258789062
113.29851770401001,0.215967841029222,0.16759411621093748,0.7517793212890624
113.31846523284912,0.199713629674771,-0.36391865234375,-0.296881005859375
113.3384780883789,0.1552143953109461,-0.23223756103515625,0.12449848632812499
113.35891914367676,0.11777641669946469,-0.3280056274414062,0.842758984375
113.37859034538269,0.0671485452675681,-0.74699091796875,-0.8667010009765624
113.39868879318237,0.044898928085655654,-0.2537853759765625,0.19393033447265623
113.4183177947998,0.010658499248820334,-0.39983167724609375,-0.23223756103515625
113.43858599662781,-0.027712098046932865,-0.201112939453125,-0.06703764648437499
113.45861434936523,-0.04276722823589159,0.2609679809570312,1.4700398193359374
113.47854423522949,-0.05076110267250683,-0.70868369140625,-1.0295067138671874
113.49867582321167,-0.02691271060327134,-0.40462008056640625,-0.1580173095703125
113.51833915710449,-0.016653905076281773,0.05746083984375,-0.12449848632812499
113.53902769088745,-0.0014655436467127959,0.5219359619140624,-1.0606313354492187
113.55875515937805,0.0013323124061025418,-2.0925322509765625,-0.00718260498046875
113.57866740226746,0.018385911204215073,-1.0486603271484374,-2.408566870117187
113.59864711761475,-0.004663093421358896,-0.9361328491210937,-0.028730419921875
113.61840677261353,-0.011058192970651094,-0.7852981445312499,1.199495031738281
113.63867425918579,-0.02904441045303541,-0.1005564697265625,-0.6655880615234374
113.65856313705444,-0.05808882090607082,-0.4213794921875,-0.40462008056640625
113.67862296104431,-0.11657733553397238,-1.6639701538085936,1.218648645019531
113.69861245155334,-0.224361409187668,-1.2521674682617188,-0.13407529296874998
113.71849417686462,-0.31029555938128195,-1.4604630126953124,-0.5147533569335937
113.73836135864258,-0.37517917355847574,-0.8020575561523438,1.5873557006835937
113.75856256484985,-0.423009188937557,-1.4772224243164063,-0.44053310546874996
113.77870392799377,-0.4511209807063206,-0.7422025146484375,-0.41419688720703124
113.7987790107727,-0.5116079639433759,-0.2154781494140625,-0.239420166015625
113.81851887702942,-0.5154716699210734,-0.28730419921875,0.02154781494140625
113.83851981163025,-0.5302603376288116,-0.4644751220703125,-0.7398083129882812
113.85853385925293,-0.544649311614719,-0.7517793212890624,0.7924807495117187
113.87853741645813,-0.5585053606381855,-0.5698199951171875,-0.28730419921875
113.89883828163147,-0.5862174586851183,-1.3359645263671873,-1.6424223388671875
113.91859364509583,-0.6004732014304155,-0.43574470214843747,0.3447650390625
113.93873286247253,-0.6323154679362663,-0.584185205078125,-0.2154781494140625
113.95852828025818,-0.6581623286146555,-0.8092401611328125,-1.235408056640625
113.97884345054626,-0.6606937221862504,-0.1292868896484375,0.4740519287109375
113.99895596504211,-0.6838759580524346,-0.7852981445312499,0.12210428466796874
114.01852464675903,-0.7198483930172032,-0.9193734375,-1.446097802734375
114.038578748703,-0.7273093424913775,-0.42377369384765623,0.3232172241210937
114.05867791175842,-0.694001532338814,0.09337386474609374,-0.5817910034179687
114.07849264144897,-0.6261868308681946,-0.26815058593749996,-1.4700398193359374
114.09836602210999,-0.5443828491334985,0.3280056274414062,-1.1420341918945311
114.11833095550537,-0.5114747327027658,-0.13407529296874998,-0.7661445312499999
114.13844323158264,-0.43126952585539274,-0.22505495605468748,-1.5322890624999999
114.15861654281616,-0.39076722870987546,0.8906430175781249,0.05027823486328125
114.17854905128479,-0.34333690705262493,-0.2346317626953125,-0.5889736083984375
114.19861698150635,-0.31029555938128195,-0.22744915771484372,-1.7597382202148437
114.2182412147522,-0.2523399697158214,0.9026140258789062,-0.4165910888671875
114.23838758468628,-0.23555283339892938,-0.40940848388671874,-0.5722141967773438
114.25852847099304,-0.2069081166677247,-0.6512228515624999,-1.3335703247070312
114.27847051620483,-0.18266003087665847,-0.5961562133789062,0.2059013427734375
114.29853177070618,-0.14975191444592567,-0.74699091796875,-0.48123453369140623
114.31823182106018,-0.112180704593834,0.26336218261718747,-1.2617442749023438
114.33835554122925,-0.06914701387672191,-0.3950432739257812,-0.8714894042968749
114.3585512638092,-0.01185758041431262,0.5913678100585937,0.047884033203124995
114.3786370754242,0.02971056665608668,-0.584185205078125,-1.7932570434570312
114.39872813224792,0.04916232778518379,0.4381389038085937,0.2154781494140625
114.4185688495636,0.05475803989081446,0.6081272216796875,0.19632453613281248
114.4384913444519,0.018918836166656093,-0.8212111694335937,-1.0199299072265624
114.45852541923523,-0.008793261880276773,0.842758984375,-0.3184288208007812
114.4786536693573,-0.04063552838612752,-0.0143652099609375,-0.2753331909179687
114.49851059913635,-0.04783001537908124,-0.24181436767578124,0.82360537109375
114.51852679252625,-0.045032159326265905,-0.7350199096679687,-0.8379705810546875
114.53936910629272,-0.035173047521107094,-0.0718260498046875,-0.19632453613281248
114.55855393409729,-0.0095926493239383,-0.22505495605468748,-0.5530605834960938
114.5783953666687,-0.0058621745868511835,-1.01514150390625,-0.8475473876953125
114.59865713119507,0.027045941843881597,-0.3064578125,-0.12449848632812499
114.61840295791626,0.027578866806322613,-0.18435352783203124,-0.5530605834960938
114.63880062103271,0.03437366007744557,0.6392518432617187,-0.06943184814453125
114.65874791145325,-0.001732006127933304,-0.36152445068359373,-0.4070142822265625
114.67839193344116,-0.016387442595061263,-1.7717092285156248,-0.40222587890625
114.69839262962341,-0.024514548272286763,1.4604630126953124,-0.13646949462890623
114.71853280067444,-0.027578866806322613,-0.8164227661132812,0.09337386474609374
114.7387022972107,-0.029577335415476424,0.0143652099609375,-0.35194764404296874
114.75884795188904,-0.025447166956558548,-0.7996633544921875,-0.12689268798828124
114.77895903587341,-0.0287779479718149,-1.668758557128906,-0.12210428466796874
114.7986843585968,-0.023049004625573973,0.24181436767578124,0.181959326171875
114.81861591339111,-0.04769678413847099,0.016759411621093748,0.009576806640625
114.83864903450012,-0.036105666205378875,-1.189918225097656,-0.6177040283203125
114.8586437702179,-0.02438131703167651,-0.34715924072265625,-0.4429273071289062
114.87854719161987,0.00479632466196915,-1.189918225097656,-0.5147533569335937
114.89886856079102,-0.005995405827461438,-0.5434837768554687,-1.1947066284179686
114.91867971420288,-0.0127901990985844,-0.5578489868164063,-0.143652099609375
114.93868327140808,-0.009992343045769061,-0.5530605834960938,-0.6272808349609375
114.95855379104614,-0.01971822361031762,-1.6041151123046875,0.4261678955078125
114.9785668849945,-0.054091883687763194,-0.737414111328125,-0.17477672119140625
114.99899315834045,-0.11671056677458265,-0.35673604736328124,-0.36391865234375
115.01855397224426,-0.22742572772170386,-0.2705447875976562,0.6440402465820312
115.03876662254333,-0.30869678449395893,-1.8076222534179687,2.3822306518554686
115.05857872962952,-0.41874578923802885,-1.0271125122070313,0.9145850341796874
115.07894682884216,-0.49162327785183785,-1.3096283081054687,-1.024718310546875
115.09888958930969,-0.5301271063882013,-1.0606313354492187,0.02154781494140625
115.1185610294342,-0.577157734323621,-1.2689268798828124,-1.7621324218749999
115.1383707523346,-0.5879494648130517,-0.1867477294921875,0.1292868896484375
115.15883803367615,-0.5963430329714977,-1.2114660400390624,-0.39264907226562495
115.17858266830444,-0.6034042887238411,-0.4644751220703125,-0.08379705810546874
115.19857788085938,-0.5975421141369899,-0.9744400756835937,-0.7876923461914062
115.21853351593018,-0.6048698323705539,-0.05746083984375,-0.6296750366210937
115.23850989341736,-0.6264532933494151,-1.2282254516601563,-0.29448680419921874
115.25860142707825,-0.6463047482003429,-0.3854664672851562,-0.1771709228515625
115.27876949310303,-0.6597611035019786,-1.3407529296874998,-0.39983167724609375
115.29862451553345,-0.6802787145559578,-0.8092401611328125,-0.3327940307617187
115.31848859786987,-0.6825436456463321,-0.6200982299804687,-0.9097966308593749
115.33855772018433,-0.7091898937683828,0.7134720947265625,0.6607996582031249
115.35857915878296,-0.6928024511733216,-0.6416460449218749,-0.584185205078125
115.37855792045593,-0.6375114863200662,0.9720458740234375,-1.369483349609375
115.3985743522644,-0.5690306286463955,0.6488286499023437,-0.8643067993164062
115.41876149177551,-0.5515773361264522,0.8499415893554687,-0.8547299926757812
115.43864583969116,-0.5254640129668424,1.5107412475585937,0.19871873779296872
115.45889806747437,-0.49069065916756605,-0.07900865478515624,-1.1540052001953125
115.47883081436157,-0.40528943393639316,0.25139117431640623,-0.7062894897460937
115.49882531166077,-0.33161255787892263,-0.59376201171875,-3.028665100097656
115.51840138435364,-0.2717917308449185,0.40940848388671874,0.21068974609375
115.53854703903198,-0.20770750411138625,-0.4381389038085937,-0.033518823242187495
115.55900812149048,-0.16587289455976642,-0.6871358764648438,-0.7541735229492187
115.57865905761719,-0.14029249636259766,-0.8044517578125,-0.8930372192382812
115.59858846664429,-0.11431240444359807,-0.29927520751953124,-0.9864110839843749
115.61841797828674,-0.07127871372648598,-0.33518823242187495,0.055066638183593745
115.63868427276611,-0.03863705977697371,-0.3950432739257812,-0.28730419921875
115.65834784507751,-0.018918836166656093,-0.411802685546875,-1.35990654296875
115.67838263511658,-0.02744563556571236,0.3064578125,-0.3950432739257812
115.69857621192932,-0.027312404325102103,-0.5602431884765625,-0.08140285644531249
115.71849942207336,-0.000799387443661525,0.9911994873046874,0.15083470458984374
115.73844075202942,-0.007860643196004996,-2.233790148925781,-0.229843359375
115.75858688354492,-0.008260336917835759,-0.7206546997070312,-0.5506663818359374
115.77853345870972,-0.029444104174866172,-0.1292868896484375,-0.14604630126953125
115.79856204986572,-0.0287779479718149,-0.9983820922851562,-0.5363011718749999
115.8182623386383,-0.040901990867348026,-0.842758984375,0.679953271484375
115.83846473693848,-0.01372281778285618,-0.8643067993164062,1.2282254516601563
115.85876202583313,-0.016653905076281773,-0.8571241943359375,-0.2657563842773437
115.87873077392578,-0.003464012255866608,0.6943184814453125,-0.42377369384765623
115.898672580719,-0.001732006127933304,-1.1444283935546875,-0.7278373046875
115.91838312149048,0.02011791733214838,0.296881005859375,0.3854664672851562
115.93850111961365,0.03703828488965066,-1.0342951171875,-0.29448680419921874
115.95900964736938,0.024914241994117528,0.5386953735351562,-0.24181436767578124
115.9788293838501,0.0026646248122050836,-0.28730419921875,-0.30885201416015623
115.9992163181305,-0.0011990811654922875,-0.35194764404296874,-0.5315127685546874
116.01876616477966,-0.015454823910789483,-0.2753331909179687,0.28730419921875
116.03847599029541,-0.013989280264076687,-0.34237083740234375,0.6823474731445313
116.05890798568726,-0.009326186842717792,-0.39983167724609375,-0.40940848388671874
116.07873177528381,-0.020384379813368887,-1.1085153686523437,-1.139639990234375
116.09860873222351,-0.01212404289553313,-0.7350199096679687,-0.7326257080078125
116.11823630332947,-0.023315467106794475,-1.1133037719726562,0.4070142822265625
116.13864016532898,0.0003996937218307625,-0.181959326171875,0.507570751953125
116.15863633155823,0.024514548272286763,-1.177947216796875,-0.565031591796875
116.17854309082031,0.00866003063966652,-0.5219359619140624,-1.5969325073242187
116.1985137462616,0.010258805526989571,-1.1444283935546875,-0.1197100830078125
116.21841669082642,0.02011791733214838,-0.26815058593749996,-0.06943184814453125
116.2384922504425,0.025180704475338038,-0.5123591552734374,-0.27293898925781246
116.25914597511292,0.02438131703167651,-0.679953271484375,0.19393033447265623
116.27876400947571,0.0018652373685435584,-0.4165910888671875,-0.6177040283203125
116.29858994483948,-0.005329249624410167,-0.6847416748046875,-0.1292868896484375
116.31850862503052,-0.011058192970651094,0.4333505004882812,0.23702596435546874
116.3385283946991,-0.016120980113840753,-1.0917559570312498,-0.18435352783203124
116.35889840126038,-0.01705359879811253,0.20350714111328125,-0.21787235107421873
116.3783929347992,-0.02971056665608668,-0.6679822631835937,-0.49320554199218747
116.39861106872559,-0.023182235866184224,-0.40222587890625,-1.0869675537109373
116.41837072372437,-0.035972434964768624,-0.4860229370117187,0.8643067993164062
116.43923902511597,-0.0074609494741742334,-0.718260498046875,0.023942016601562498
116.45860242843628,-0.02624655440022007,-0.3447650390625,-1.0678139404296874
116.47858595848083,-0.004263399699528133,-0.5410895751953124,0.2154781494140625
116.49857234954834,0.00013323124061025415,-0.32082302246093747,-0.41898529052734373
116.51880025863647,-0.0005329249624410166,-1.3215993164062498,-0.086191259765625
116.53848838806152,0.013056661579804908,-0.7445967163085937,-0.1867477294921875
116.55888509750366,0.014122511504686942,-0.373495458984375,0.2920926025390625
116.57834792137146,-0.0039969372183076245,-0.8954314208984374,-0.26815058593749996
116.59874153137207,-0.008127105677225504,-0.6440402465820312,-0.201112939453125
116.61861062049866,-0.015588055151399738,-0.430956298828125,-0.16519991455078123
116.63875436782837,-0.026646248122050836,-0.3495534423828125,0.6703764648437499
116.65861940383911,-0.03530627876171736,0.46686932373046874,-0.40462008056640625
116.67848467826843,-0.06461715169597326,-0.41898529052734373,-0.5386953735351562
116.69852209091187,-0.05249310880044014,-0.7781155395507812,-0.9002198242187499
116.71817302703857,-0.03930321598002497,-0.39743747558593745,0.5027823486328125
116.73819136619568,-0.03877029101758396,-0.9720458740234375,-0.2561795776367187
116.75840973854065,-0.025447166956558548,0.3280056274414062,0.43574470214843747
116.7784013748169,-0.02078407353519965,0.5267243652343749,-0.2561795776367187
116.79842329025269,-0.02531393571594829,-1.120486376953125,-0.6200982299804687
116.81833004951477,-0.014122511504686942,-0.373495458984375,-0.09816226806640624
116.83842492103577,0.005995405827461438,-1.5203180541992187,0.15083470458984374
116.85901427268982,-0.011191424211261349,0.09337386474609374,-1.2018892333984375
116.87862157821655,-0.022649310903743208,-0.5003881469726562,-0.16280571289062498
116.89829206466675,-0.036638591167819895,0.46686932373046874,-0.06943184814453125
116.91894602775574,-0.013323124061025418,-0.0047884033203125,0.7996633544921875
116.93853759765625,0.012390505376753637,-0.9050082275390624,0.023942016601562498
116.9587516784668,-0.00013323124061025415,-0.5626373901367188,-1.0797849487304687
116.97860622406006,-0.027845329287543123,-0.43574470214843747,-0.277727392578125
116.99878358840942,-0.02438131703167651,-0.7445967163085937,-0.8451531860351562
117.018545627594,-0.022116385941302188,-1.3718775512695311,0.3854664672851562
117.03831195831299,-0.006128637068071691,-0.24181436767578124,0.40462008056640625
117.05891180038452,-0.015454823910789483,-1.0893617553710937,-0.08858546142578125
117.07882642745972,-0.02971056665608668,0.17956512451171874,-0.8858546142578124
117.09853625297546,-0.01945176112909711,-1.5179238525390624,-0.7972691528320313
117.11830139160156,-0.01572128639200999,0.19153613281249998,-0.28012159423828126
117.13857007026672,0.006794793271122962,-1.8602946899414061,0.24899697265624998
117.15911817550659,0.027978560528153375,-0.9600748657226562,-0.0718260498046875
117.17841100692749,0.014788667707738212,-0.373495458984375,-0.9217676391601562
117.19863605499268,0.013856049023466432,-0.9026140258789062,0.24899697265624998
117.21863460540771,-0.0039969372183076245,-0.32082302246093747,0.5482721801757812
117.23845028877258,-0.0334410413931738,-1.668758557128906,-0.7613561279296874
117.25915002822876,0.013856049023466432,-1.2976572998046874,-0.1292868896484375
117.27850484848022,0.0058621745868511835,0.040701428222656245,-0.8307879760742187
117.29854965209961,-0.015854517632620246,-1.0031704956054688,-0.4860229370117187
117.31913328170776,-0.023315467106794475,-0.36631285400390623,1.0965443603515623
117.33853673934937,-0.018252679963604822,-1.2832920898437499,0.24899697265624998
117.35888671875,-0.009192955602107537,-0.14604630126953125,-0.30885201416015623
117.37858200073242,0.000799387443661525,-0.612915625,-1.3287819213867187
117.39862275123596,-0.007061255752343471,-0.4860229370117187,-0.7422025146484375
117.41837072372437,-0.00479632466196915,-0.6009446166992187,0.0909796630859375
117.4383487701416,0.031575804024630234,-0.8954314208984374,-0.040701428222656245
117.45891094207764,0.029577335415476424,-0.46208092041015625,0.23223756103515625
117.47866702079773,0.011324655451871604,-0.5123591552734374,-0.40222587890625
117.49864959716797,0.0033307810152563544,-0.8451531860351562,-0.948103857421875
117.51844930648804,-0.0075941807147844875,-0.6344634399414062,0.3711012573242187
117.53860974311829,-0.008393568158446012,-1.2904746948242187,0.26336218261718747
117.55873012542725,0.0074609494741742334,-0.3232172241210937,0.24660277099609373
117.57832479476929,-0.023315467106794475,-0.507570751953125,-0.8164227661132812
117.59860587120056,-0.017186830038722786,-1.0414777221679687,-0.2825157958984375
117.6186158657074,-0.036771822408430146,-0.2609679809570312,0.201112939453125
117.63892960548401,-0.03930321598002497,-0.11731588134765625,0.430956298828125
117.65938901901245,-0.04023583466429676,-1.0271125122070313,-0.8020575561523438
117.67893648147583,-0.05462480865020421,-0.565031591796875,-0.4836287353515625
117.69886040687561,-0.03530627876171736,-0.5051765502929687,0.06464344482421874
117.71849966049194,-0.01692036755750228,-0.1388636962890625,-0.4213794921875
117.73856616020203,-0.0006661562030512709,-1.218648645019531,0.21068974609375
117.75907778739929,0.027578866806322613,0.2657563842773437,0.1197100830078125
117.77914571762085,0.01985145485092787,-0.6560112548828124,-0.8379705810546875
117.7990140914917,0.0074609494741742334,0.44532150878906246,-0.14604630126953125
117.8190860748291,0.03317457891195329,-1.1348515869140625,0.17238251953125
117.83916926383972,-0.006794793271122962,-0.24660277099609373,0.5578489868164063
117.85889339447021,-0.031176110302799476,0.08140285644531249,-0.0430956298828125
117.87890696525574,-0.02971056665608668,-0.24899697265624998,-0.3758896606445312
117.89883041381836,-0.04716385917602997,-0.6081272216796875,-1.0438719238281249
117.91864347457886,-0.04369984692016337,-1.3287819213867187,0.7422025146484375
117.93873739242554,-0.0302434916185277,-0.6919242797851562,-0.25139117431640623
117.95895218849182,-0.03130934154340973,-0.6679822631835937,-0.15083470458984374
117.97855234146118,-0.024514548272286763,-0.17238251953125,-0.6081272216796875
117.99906420707703,-0.000799387443661525,-0.612915625,-0.8020575561523438
118.01891112327576,-0.01945176112909711,0.9552864624023437,0.24660277099609373
118.03859329223633,-0.014255742745297196,-2.0566192260742184,-0.7924807495117187
118.059002161026,-0.010924961730040842,1.22583125,0.09816226806640624
118.07869100570679,-0.03370750387439431,-0.5913678100585937,-0.5889736083984375
118.0987160205841,-0.018918836166656093,0.033518823242187495,-0.16280571289062498
118.1185884475708,0.03397396635561481,-0.16280571289062498,-0.36152445068359373
118.1386649608612,0.015987748873230498,-1.218648645019531,0.5698199951171875
118.15902256965637,0.01572128639200999,0.12689268798828124,0.33039982910156246
118.1786937713623,-0.021583460978861175,0.2442085693359375,0.46686932373046874
118.19894075393677,-0.009459418083328047,-0.8092401611328125,-0.26815058593749996
118.2186667919159,-0.02851148549059439,-0.34237083740234375,-0.4070142822265625
118.23863816261292,-0.007860643196004996,-1.0654197387695312,0.3950432739257812
118.25888514518738,-0.03410719759622506,-0.5027823486328125,-0.2609679809570312
118.27874946594238,-0.0671485452675681,-0.507570751953125,-0.4644751220703125
118.29891061782837,-0.04316692195772235,0.2346317626953125,-0.25139117431640623
118.31861782073975,-0.012390505376753637,-0.6823474731445313,-0.0143652099609375
118.33874487876892,0.013989280264076687,-0.679953271484375,-0.32561142578124996
118.35872435569763,0.017186830038722786,0.011971008300781249,0.3399766357421875
118.37895894050598,0.02371516082862524,-0.5315127685546874,-0.9792284790039062
118.39887857437134,0.019984686091538122,-0.33039982910156246,-0.6679822631835937
118.41890335083008,0.009725880564548555,-1.1947066284179686,0.40462008056640625
118.4387936592102,0.018785604926045835,-0.7398083129882812,0.36631285400390623
118.45879912376404,0.013989280264076687,-0.5147533569335937,-0.033518823242187495
118.48056435585022,0.011324655451871604,-0.842758984375,-1.4053963745117186
118.49887180328369,0.004396630940138387,-1.3144167114257812,-0.9169792358398436
118.51890468597412,-0.017586523760553547,-0.1388636962890625,0.3950432739257812
118.53886818885803,-0.007061255752343471,-2.1930887207031247,0.430956298828125
118.55889105796814,-0.007860643196004996,-0.7158662963867187,-0.3758896606445312
118.57890629768372,-0.021716692219471426,-0.5865794067382812,-0.9576806640625
118.59909343719482,-0.023581929588014985,-1.0342951171875,-0.43574470214843747
118.61890268325806,-0.0255803981971688,-0.45968671875,0.3902548706054687
118.63898134231567,-0.021583460978861175,-1.24498486328125,-0.6177040283203125
118.65895986557007,0.007061255752343471,-0.7733271362304687,-0.5746083984375
118.67895078659058,-0.0033307810152563544,-0.21787235107421873,-0.28490999755859375
118.69857883453369,0.014122511504686942,-0.8379705810546875,-0.8714894042968749
118.71865224838257,0.005462480865020421,-0.8092401611328125,0.21787235107421873
118.73876452445984,0.007727411955394742,-1.3359645263671873,0.21787235107421873
118.75899481773376,0.01572128639200999,0.29448680419921874,0.9744400756835937
118.7790744304657,0.003464012255866608,-1.1420341918945311,-1.1252747802734375
118.79874444007874,-0.016254211354451008,-0.17477672119140625,-0.4070142822265625
118.81861758232117,-0.023848392069235495,-0.6655880615234374,0.45968671875
118.83860373497009,-0.033307810152563545,-1.209071838378906,-0.488417138671875
118.85888028144836,-0.03956967846124549,-0.51714755859375,0.3064578125
118.87853932380676,-0.0383705972957532,-0.7206546997070312,-0.6967126831054687
118.89887833595276,-0.05542419609386573,-0.7613561279296874,-0.82360537109375
118.91866660118103,-0.03903675349880447,-0.9552864624023437,-0.4333505004882812
118.93900084495544,-0.02011791733214838,-0.9624690673828125,0.36631285400390623
118.95874810218811,0.005196018383799912,-0.22505495605468748,-0.009576806640625
118.978764295578,-0.001732006127933304,-0.9935936889648437,-0.143652099609375
118.99939370155334,0.00985911180515881,-0.3758896606445312,-1.3431471313476562
119.01871919631958,0.000799387443661525,-0.21068974609375,-0.4836287353515625
119.03884434700012,0.006261868308681946,-1.2832920898437499,0.7517793212890624
119.05902361869812,-0.009326186842717792,-0.08379705810546874,-0.3016694091796875
119.07861399650574,-0.03477335379927634,-0.6871358764648438,-0.5602431884765625
119.10013031959534,-0.027978560528153375,-0.3112462158203125,-1.6328455322265625
119.11885356903076,-0.04396630940138387,-0.296881005859375,-0.36152445068359373
119.13891077041626,-0.03810413481453269,-1.62805712890625,0.16280571289062498
119.15899300575256,-0.020517611053979142,0.4333505004882812,0.16519991455078123
119.17933535575867,-0.0383705972957532,-0.5865794067382812,0.3184288208007812
119.19871830940247,-0.03503981628049684,0.699106884765625,-0.5243301635742187
119.21889567375183,-0.03503981628049684,-0.07900865478515624,0.41898529052734373
119.2387261390686,-0.03170903526524049,-1.1755530151367186,-1.3072341064453123
119.25890922546387,-0.012656967857974145,0.7158662963867187,0.3711012573242187
119.27882814407349,-0.023848392069235495,-0.411802685546875,-0.7422025146484375
119.29877185821533,-0.029177641693645662,0.12449848632812499,-0.4070142822265625
119.31868982315063,0.004396630940138387,-0.7972691528320313,0.00239420166015625
119.33883619308472,0.018785604926045835,-1.0797849487304687,-0.5793968017578125
119.35908579826355,0.006128637068071691,-0.19632453613281248,0.5291185668945312
119.37872433662415,0.005995405827461438,-0.354341845703125,0.09337386474609374
119.3987967967987,-0.017453292519943295,-0.6775590698242188,-0.8738836059570312
119.41855788230896,-0.008793261880276773,0.6153098266601562,-0.09576806640624999
119.43878149986267,-0.005062787143189658,-2.070984436035156,-0.5363011718749999
119.45907521247864,-0.0058621745868511835,0.8690952026367187,0.6679822631835937
119.47899866104126,-0.035173047521107094,-1.1180921752929687,-0.29927520751953124
119.49872756004333,-0.03077641658096871,-0.39983167724609375,-0.7757213378906249
119.51900243759155,-0.03903675349880447,0.29927520751953124,-0.12689268798828124
119.53868532180786,-0.009192955602107537,-1.3623007446289062,-0.0047884033203125
119.55881214141846,-0.011457886692481857,-0.51714755859375,0.5386953735351562
119.57845878601074,-0.0095926493239383,-0.22744915771484372,0.0383072265625
119.59878253936768,0.0035972434964768626,-1.3168109130859373,-1.0702081420898437
119.61870884895325,-0.001732006127933304,-0.07422025146484375,-0.201112939453125
119.6387369632721,0.022782542144353463,-1.3407529296874998,-0.3280056274414062
119.65875768661499,0.039969372183076245,0.28490999755859375,0.5243301635742187
119.67874836921692,0.06754823898939886,-0.8355763793945312,-0.8643067993164062
119.69884061813354,0.02398162330984575,0.4955997436523437,-0.6488286499023437
119.71864795684814,0.007061255752343471,0.0430956298828125,0.7924807495117187
119.73871350288391,-0.003464012255866608,-0.41898529052734373,-0.19871873779296872
119.75900530815125,-0.003464012255866608,-0.20350714111328125,0.5363011718749999
119.77910614013672,-0.009459418083328047,-0.4525041137695312,-0.8738836059570312
119.79861330986023,-0.029444104174866172,0.1197100830078125,-0.1388636962890625
119.81870126724243,-0.028378254249984136,-0.7517793212890624,0.2059013427734375
119.83909177780151,-0.010258805526989571,-0.6344634399414062,-0.8667010009765624
119.8587372303009,-0.011990811654922875,-0.5434837768554687,0.11731588134765625
119.87883591651917,-0.00985911180515881,-0.8810662109374999,-0.3112462158203125
119.89916324615479,-0.010924961730040842,-1.0917559570312498,-1.2114660400390624
119.9187126159668,-0.0058621745868511835,-0.34715924072265625,-0.07422025146484375
119.93874597549438,0.010658499248820334,-2.1164742675781247,-0.4429273071289062
119.95889663696289,0.01372281778285618,-0.011971008300781249,-0.05027823486328125
119.97889947891235,-0.000799387443661525,-0.3854664672851562,-0.7230489013671875
119.99874997138977,0.01052526800821008,-0.7206546997070312,-0.277727392578125
120.01927661895752,-0.02584686067838931,-0.11013327636718749,0.39743747558593745
120.03929686546326,-0.014255742745297196,-1.455674609375,0.36631285400390623
120.0592098236084,-0.028644716731204646,-0.26815058593749996,-0.5123591552734374
120.07869982719421,-0.04063552838612752,0.09576806640624999,-0.15083470458984374
120.0987319946289,-0.027712098046932865,0.086191259765625,-0.55545478515625
120.11889982223511,-0.04663093421358895,-0.8379705810546875,-0.9744400756835937
120.13958144187927,-0.014522205226517705,-0.28012159423828126,0.32082302246093747
120.15891814231873,-0.00985911180515881,-0.1197100830078125,-0.3327940307617187
120.17895436286926,-0.013056661579804908,-0.6488286499023437,-0.5434837768554687
120.19877505302429,-0.014655436467127957,0.354341845703125,0.1292868896484375
120.21882486343384,-0.0039969372183076245,-0.45968671875,-0.17477672119140625
120.23933172225952,-0.018119448722994567,-0.6200982299804687,0.11731588134765625
120.25894403457642,-0.018385911204215073,0.01915361328125,-0.02154781494140625
120.2785427570343,-0.020917304775809907,-0.8212111694335937,-1.0749965454101562
120.29885745048523,-0.03290811643073278,-0.4261678955078125,-0.51714755859375
120.31870365142822,-0.028245023009373885,-1.01514150390625,-0.11731588134765625
120.33869171142578,-0.026113323159609816,-1.4987702392578124,0.023942016601562498
120.35881972312927,-0.015854517632620246,0.6440402465820312,0.1292868896484375
120.37870049476624,-0.023315467106794475,-1.66636435546875,-0.04548983154296875
120.39877271652222,-0.014655436467127957,1.6424223388671875,-0.63206923828125
120.41869401931763,-0.032774885190122525,0.14125789794921875,0.6440402465820312
120.43856453895569,-0.027578866806322613,-1.5227122558593749,-1.0390835205078124
120.45911717414856,-0.029177641693645662,0.6416460449218749,-0.06703764648437499
120.4787905216217,-0.05475803989081446,-0.5746083984375,-0.28969840087890625
120.49879693984985,-0.04290045947650184,0.6607996582031249,-0.3399766357421875
120.51875925064087,-0.026513016881440577,0.42377369384765623,-0.15562310791015624
120.53942680358887,0.00985911180515881,-2.0350714111328125,-0.076614453125
120.5590558052063,0.01692036755750228,0.01915361328125,-0.16998831787109375
120.57896971702576,0.005595712105630674,-0.47165772705078124,0.2705447875976562
120.59869074821472,0.01212404289553313,0.19393033447265623,-0.7757213378906249
120.61843132972717,0.0009326186842717792,-1.2138602416992186,-0.14125789794921875
120.6387300491333,0.022649310903743208,-0.12449848632812499,0.0143652099609375
120.65922832489014,0.005329249624410167,-0.5123591552734374,0.45010991210937495
120.67880177497864,-0.013589586542245924,-0.1388636962890625,-0.59376201171875
120.69871973991394,-0.02531393571594829,0.24660277099609373,-0.20350714111328125
120.718754529953,-0.014522205226517705,-0.833182177734375,-0.49320554199218747
120.73897409439087,-0.012257274136143382,-0.74699091796875,-0.15562310791015624
120.75881314277649,-0.0095926493239383,-0.8690952026367187,0.967257470703125
120.77917695045471,-0.01438897398590745,-0.5770026000976562,-0.6751648681640625
120.7986843585968,-0.021583460978861175,-0.6536170532226562,-0.6943184814453125
120.81890511512756,-0.023182235866184224,-0.06943184814453125,-0.16519991455078123
120.83883452415466,-0.002264931090374321,-2.0470424194335934,-0.28012159423828126
120.85910987854004,0.021583460978861175,0.7972691528320313,0.8092401611328125
120.87889790534973,0.016787136316892024,-2.114080065917969,-1.2713210815429687
120.89896273612976,0.024514548272286763,-0.7062894897460937,-0.9935936889648437
120.9187479019165,0.01985145485092787,0.34715924072265625,0.9433154541015625
120.93873953819275,0.027845329287543123,-0.9552864624023437,-0.38786066894531246
120.95905470848083,-0.0003996937218307625,-0.7278373046875,-0.16280571289062498
120.97872710227966,-0.010125574286379316,-1.1252747802734375,-1.6256629272460936
120.99861979484558,-0.010392036767599824,-0.5817910034179687,-0.27293898925781246
121.0186927318573,-0.026779479362661087,0.0718260498046875,0.6631938598632812
121.03903222084045,-0.0075941807147844875,-1.1731588134765625,-0.4860229370117187
121.05890369415283,-0.01372281778285618,-0.5195417602539062,-0.21787235107421873
121.07874083518982,-0.027978560528153375,-1.0366893188476562,-0.32561142578124996
121.09871315956116,-0.020384379813368887,-0.11013327636718749,-1.4101847778320311
121.11901664733887,-0.022915773384963714,-0.948103857421875,0.1388636962890625
121.13896632194519,0.0021316998497640663,-0.7852981445312499,0.05746083984375
121.15904140472412,0.01185758041431262,-0.239420166015625,-0.11013327636718749
121.17871880531311,0.0095926493239383,-0.5602431884765625,-0.18914193115234373
121.1989266872406,0.011724349173702367,-0.02154781494140625,-0.20350714111328125
121.2187991142273,0.0029310872934255917,-0.7805097412109374,0.14125789794921875
121.23874235153198,-0.021583460978861175,-0.833182177734375,0.07422025146484375
121.25897288322449,-0.014522205226517705,-0.8068459594726562,0.3016694091796875
121.27880954742432,-0.03077641658096871,-0.9193734375,-0.833182177734375
121.29931378364563,-0.03144257278401998,-0.3184288208007812,-0.9624690673828125
121.31894540786743,-0.022649310903743208,-1.3455413330078123,-0.7589619262695312
121.33991503715515,-0.013856049023466432,-1.1947066284179686,-0.19393033447265623
121.35919094085693,-0.005595712105630674,0.373495458984375,0.9026140258789062
121.37845635414124,-0.02011791733214838,-0.8212111694335937,-0.4836287353515625
121.39868521690369,-0.02691271060327134,-0.7015010864257812,-0.8690952026367187
121.42142248153687,-0.03170903526524049,-1.0271125122070313,0.06464344482421874
121.43869018554688,-0.02971056665608668,-0.8547299926757812,0.16280571289062498
121.45907711982727,-0.03130934154340973,0.2561795776367187,-0.1867477294921875
121.47867798805237,-0.03170903526524049,-0.6536170532226562,-0.6584054565429687
121.49869751930237,-0.023581929588014985,-0.30406361083984373,-1.254561669921875
121.51900172233582,-0.03317457891195329,-0.63206923828125,0.033518823242187495
121.53888463973999,-0.004263399699528133,-0.5985504150390625,0.3447650390625
121.55973052978516,-0.007727411955394742,-0.19632453613281248,-0.19153613281249998
121.57907152175903,-0.0030643185340358454,-0.3711012573242187,0.29927520751953124
121.59878540039062,-0.006794793271122962,-0.05985504150390625,-0.5913678100585937
121.6187071800232,-0.01732006127933304,0.19632453613281248,0.4070142822265625
121.63926577568054,-0.02438131703167651,-0.9792284790039062,-0.7350199096679687
121.65945744514465,-0.021983154700691936,0.20350714111328125,0.36631285400390623
121.67876863479614,-0.05262634004105039,-0.9816226806640624,-1.1061211669921875
121.69901776313782,-0.05249310880044014,0.2753331909179687,-0.354341845703125
121.71884155273438,-0.026379785640830326,-0.6919242797851562,-0.45010991210937495
121.7391049861908,-0.01692036755750228,-1.3311761230468748,-0.27293898925781246
121.75958395004272,0.00479632466196915,1.0678139404296874,0.5817910034179687
121.77875304222107,-0.011990811654922875,-1.7980454467773437,0.11252747802734374
121.79925870895386,0.006528330789902454,0.8212111694335937,-0.6488286499023437
121.81878733634949,0.007727411955394742,-0.33758243408203126,0.11013327636718749
121.83891010284424,0.011724349173702367,-0.6153098266601562,0.055066638183593745
121.85913324356079,0.022249617181912446,0.17956512451171874,0.46686932373046874
121.87906050682068,-0.0026646248122050836,-0.4644751220703125,-0.34715924072265625
121.89879488945007,-0.0063950995492922,-0.047884033203124995,-0.4477157104492187
121.91856622695923,-0.011191424211261349,0.7230489013671875,0.19871873779296872
121.93897128105164,0.0018652373685435584,-1.5227122558593749,-0.18914193115234373
121.95891976356506,-0.006128637068071691,0.29927520751953124,0.33039982910156246
121.97901368141174,-0.008260336917835759,-1.0510545288085937,-0.5578489868164063
121.99952578544617,-0.010125574286379316,-0.016759411621093748,-1.0534487304687499
122.01890754699707,-0.02464777951289702,-0.6272808349609375,0.3327940307617187
122.03893661499023,-0.0018652373685435584,-0.24660277099609373,-0.5458779785156249
122.05885291099548,0.0011990811654922875,-0.6057330200195312,0.33039982910156246
122.07871174812317,0.01438897398590745,-0.21787235107421873,-0.1292868896484375
122.09917497634888,0.01532159267017923,-0.21068974609375,-1.3120225097656248
122.11897945404053,-0.0002664624812205083,-0.6057330200195312,-0.14604630126953125
122.1393404006958,0.01958499236970736,-0.016759411621093748,-0.33039982910156246
122.15884256362915,0.022915773384963714,-1.120486376953125,0.13646949462890623
122.1791045665741,0.00479632466196915,-0.27293898925781246,-0.3854664672851562
122.19912672042847,0.009059724361497283,-0.3232172241210937,-0.34715924072265625
122.21867656707764,-0.005462480865020421,-0.05027823486328125,-0.34715924072265625
122.23897385597229,-0.0075941807147844875,-1.484405029296875,-0.1005564697265625
122.2587480545044,0.0037304747370871167,0.27293898925781246,0.8762778076171874
122.27963662147522,-0.018252679963604822,-2.128445275878906,-0.7972691528320313
122.29907560348511,-0.027045941843881597,-0.16519991455078123,-1.0223241088867188
122.31874489784241,-0.026646248122050836,-0.9145850341796874,-0.37828386230468747
122.33885478973389,-0.025180704475338038,-1.5179238525390624,0.1197100830078125
122.35960412025452,-0.011591117933092112,0.1484405029296875,0.6823474731445313
122.37885117530823,-0.027578866806322613,-1.5107412475585937,-1.3407529296874998
122.39882516860962,-0.017719755001163805,-0.28012159423828126,-0.6368576416015624
122.41883087158203,-0.013989280264076687,-0.11252747802734374,-0.469263525390625
122.4388415813446,-0.0039969372183076245,-1.0726023437499999,-0.16998831787109375
122.45909404754639,-0.011724349173702367,-0.6105214233398437,-0.0383072265625
122.47883653640747,-0.0014655436467127959,-0.17238251953125,-0.04548983154296875
122.49879193305969,-0.012923430339194655,-0.05985504150390625,-0.7781155395507812
122.51881527900696,-0.010125574286379316,-0.63206923828125,-0.0430956298828125
122.53884649276733,0.004529862180748642,-0.12449848632812499,-0.1149216796875
122.55956959724426,-0.01572128639200999,-0.7206546997070312,-0.4477157104492187
122.57987022399902,-0.026646248122050836,-0.4381389038085937,0.4165910888671875
122.59945225715637,-0.022249617181912446,-0.3758896606445312,-0.8499415893554687
122.61894536018372,-0.028245023009373885,-0.507570751953125,0.031124621582031248
122.63884925842285,-0.048895865303963275,-0.7517793212890624,0.031124621582031248
122.65906357765198,-0.035705972483548114,-0.469263525390625,0.5817910034179687
122.67888474464417,-0.05489127113142472,-0.7876923461914062,-0.6488286499023437
122.69885897636414,-0.027712098046932865,-0.19153613281249998,-0.7589619262695312
122.71870994567871,-0.03530627876171736,-1.446097802734375,-0.93852705078125
122.73880910873413,-0.012923430339194655,-0.5339069702148437,-0.17238251953125
122.75891637802124,0.0029310872934255917,0.814028564453125,1.16837041015625
122.77910947799683,-0.0030643185340358454,-1.0797849487304687,0.33518823242187495
122.79940748214722,-0.010658499248820334,0.296881005859375,-0.7733271362304687
122.81890177726746,-0.019984686091538122,-0.47884033203125,0.3806780639648437
122.8388843536377,-0.03743797861148142,-0.699106884765625,-1.0989385620117187
122.85896301269531,-0.023315467106794475,1.3072341064453123,1.0295067138671874
122.87902569770813,-0.050361408950676076,-1.7357962036132812,-1.1827356201171875
122.89893221855164,-0.050894333913117096,0.6440402465820312,-1.0414777221679687
122.91898083686829,-0.02118376725703041,-0.9074024291992187,-0.277727392578125
122.939621925354,-0.03397396635561481,-0.33039982910156246,-0.469263525390625
122.95940732955933,-0.012390505376753637,-0.35673604736328124,0.06943184814453125
122.97879695892334,-0.009459418083328047,0.028730419921875,0.565031591796875
122.99883198738098,-0.01572128639200999,-0.6823474731445313,-1.120486376953125
123.01942873001099,-0.011591117933092112,0.0526724365234375,-0.02154781494140625
123.03888535499573,0.006661562030512709,-0.4860229370117187,-0.14604630126953125
123.05925226211548,0.03357427263378405,-0.9696516723632812,0.5410895751953124
123.07900047302246,0.005196018383799912,-0.2920926025390625,-0.0718260498046875
123.09880638122559,-0.003464012255866608,-0.6153098266601562,-1.0271125122070313
123.11871552467346,-0.00479632466196915,-0.1484405029296875,0.28969840087890625
123.13888454437256,0.0011990811654922875,-0.9624690673828125,-0.7565677246093749
123.15937519073486,0.014122511504686942,0.0143652099609375,0.32561142578124996
123.17864966392517,-0.006661562030512709,-1.5442600708007812,-0.02154781494140625
123.19958233833313,0.006528330789902454,0.55545478515625,-0.14604630126953125
123.21889591217041,-0.014255742745297196,-1.2210428466796874,-0.8499415893554687
123.23873829841614,-0.013856049023466432,-0.9552864624023437,-0.36152445068359373
123.26021647453308,0.0018652373685435584,-0.00239420166015625,1.149216796875
123.27867317199707,-0.0031975497746461,-1.0654197387695312,-0.00239420166015625
123.29878759384155,-0.018119448722994567,0.033518823242187495,-0.74699091796875
123.31859922409058,-0.01985145485092787,-0.1484405029296875,0.24181436767578124
123.33879327774048,-0.0035972434964768626,-1.1013327636718748,-0.04548983154296875
123.35919094085693,0.015188361429568975,0.2154781494140625,0.469263525390625
123.37878894805908,0.025180704475338038,-0.8499415893554687,-0.296881005859375
123.39915037155151,0.006928024511733216,0.41419688720703124,-0.7876923461914062
123.41891527175903,0.023448698347404734,-1.0654197387695312,-0.16041151123046873
123.43865895271301,0.01958499236970736,0.6584054565429687,-0.12689268798828124
123.4587869644165,0.0074609494741742334,-0.9361328491210937,0.047884033203124995
123.47891807556152,-0.0039969372183076245,-0.11013327636718749,0.031124621582031248
123.4993667602539,-0.017986217482384312,-0.6703764648437499,-1.2641384765625
123.51947450637817,-0.018119448722994567,-0.430956298828125,-0.09337386474609374
123.53917670249939,-0.013989280264076687,-0.05985504150390625,-0.0718260498046875
123.55980157852173,-0.027045941843881597,-1.1827356201171875,0.201112939453125
123.57887816429138,-0.014788667707738212,-0.24181436767578124,0.05027823486328125
123.6011290550232,-0.020517611053979142,-1.3048399047851562,-0.8499415893554687
123.61881589889526,-0.046231240491758196,-0.15322890625,-0.9935936889648437
123.63870000839233,-0.015588055151399738,-1.1731588134765625,0.4165910888671875
123.65896844863892,-0.02424808579106626,-1.0295067138671874,0.1197100830078125
123.67876243591309,-0.015454823910789483,-0.9888052856445312,-0.20829554443359374
123.69884872436523,-0.005329249624410167,0.45010991210937495,-0.7445967163085937
123.71907997131348,0.002398162330984575,-0.8762778076171874,-0.8643067993164062
123.7388288974762,0.0035972434964768626,-0.488417138671875,-0.16280571289062498
123.75886654853821,-0.0030643185340358454,-0.6416460449218749,-0.22026655273437498
123.77887654304504,-0.0127901990985844,-0.9241618408203125,-0.00239420166015625
123.79879713058472,-0.00985911180515881,0.5147533569335937,-0.46686932373046874
123.8188304901123,-0.03077641658096871,-0.5578489868164063,-0.8116343627929687
123.83877468109131,-0.03064318534035846,-0.34237083740234375,0.29448680419921874
123.85882830619812,-0.041035222107958284,0.02154781494140625,0.23223756103515625
123.87884545326233,-0.03557274124293786,-0.7493851196289062,-0.5530605834960938
123.89881205558777,-0.0511607963943376,0.21787235107421873,-0.49320554199218747
123.9185438156128,-0.0383705972957532,-0.689530078125,-0.076614453125
123.93881130218506,-0.04023583466429676,-2.1068974609374997,0.06943184814453125
123.95909523963928,0.0,1.254561669921875,0.6440402465820312
123.97884964942932,-0.017986217482384312,-0.016759411621093748,0.1149216796875
123.99953365325928,-0.017453292519943295,-1.3575123413085937,-1.6711527587890624
124.01877284049988,-0.0005329249624410166,1.0606313354492187,0.7852981445312499
124.03889727592468,-0.010791730489430587,-1.1635820068359375,-0.5027823486328125
124.05893135070801,-0.002531393571594829,0.028730419921875,0.4572925170898437
124.07869863510132,-0.025047473234727783,-0.5817910034179687,0.040701428222656245
124.09869146347046,-0.02118376725703041,0.8738836059570312,-1.1037269653320312
124.1186785697937,-0.022516079663132953,-1.0103531005859374,-0.201112939453125
124.13893055915833,-0.005062787143189658,0.4285620971679687,-0.36631285400390623
124.15941333770752,-0.012923430339194655,-0.06943184814453125,0.6177040283203125
124.17868900299072,-0.026779479362661087,-1.0558429321289062,0.15562310791015624
124.1989197731018,-0.02744563556571236,-0.6871358764648438,-0.2753331909179687
124.21869206428528,-0.041035222107958284,-0.6967126831054687,-0.7278373046875
124.23886919021606,-0.03810413481453269,-0.28730419921875,0.02633621826171875
124.25915813446045,-0.0543583461689837,0.2561795776367187,0.6871358764648438
124.27866268157959,-0.09992343045769063,-1.9943699829101562,-0.3950432739257812
124.29886794090271,-0.14961868320531543,-0.201112939453125,-0.23223756103515625
124.3187141418457,-0.23088973997757045,-1.8770541015625,0.4285620971679687
124.33887791633606,-0.30296784114771796,-0.7852981445312499,1.2880804931640624
124.35921025276184,-0.3843721291605832,-1.5131354492187499,-0.2059013427734375
124.37895798683167,-0.423009188937557,-0.74699091796875,0.05746083984375
124.39864659309387,-0.4716385917602997,-0.8020575561523438,-0.19632453613281248
124.4187171459198,-0.5098759578154427,-1.1061211669921875,-0.3280056274414062
124.43906760215759,-0.5393200619903089,-0.38307226562499996,-0.21787235107421873
124.45885896682739,-0.5559739670665906,-1.1324573852539062,0.11252747802734374
124.47857904434204,-0.5726278721428724,-0.93852705078125,-0.34715924072265625
124.49864983558655,-0.5959433392496668,-0.5793968017578125,-1.8267758666992187
124.51891088485718,-0.6169938752660871,-0.7805097412109374,0.5889736083984375
124.53882694244385,-0.6376447175606764,-0.3711012573242187,-0.9097966308593749
124.55893135070801,-0.6634915782390657,-0.5602431884765625,0.4836287353515625
124.57924032211304,-0.6742833087284963,-1.3527239379882812,-0.8092401611328125
124.59885787963867,-0.6936018386169831,-0.2753331909179687,-0.565031591796875
124.61863493919373,-0.7237120989949006,-1.8602946899414061,0.2537853759765625
124.6391327381134,-0.767944870877505,-0.5267243652343749,-0.45010991210937495
124.65906596183777,-0.8466845340781652,-1.3048399047851562,0.5123591552734374
124.67861580848694,-0.9190290977295332,-1.2928688964843749,-0.44532150878906246
124.6991970539093,-0.9260903534818767,-0.9026140258789062,-1.3958195678710936
124.71864008903503,-0.9406125587083944,-0.7254431030273437,0.07900865478515624
124.73963069915771,-0.9486064331450097,-0.46686932373046874,-0.40462008056640625
124.75930333137512,-0.88585451881758,0.09576806640624999,-0.2825157958984375
124.7787766456604,-0.8256339980617451,0.181959326171875,-1.946485949707031
124.79867100715637,-0.7672787146744537,0.06464344482421874,-0.507570751953125
124.81886553764343,-0.7337044420406696,1.6543933471679686,-0.37828386230468747
124.83876729011536,-0.6952006135043062,0.086191259765625,-0.4740519287109375
124.85880589485168,-0.6437733546287482,-0.12689268798828124,-1.8100164550781248
124.87854981422424,-0.577157734323621,0.7230489013671875,-1.0079588989257813
124.89879560470581,-0.5180030634926682,-0.0718260498046875,-0.8499415893554687
124.91874670982361,-0.45298621807486417,1.0438719238281249,-0.70868369140625
124.93858575820923,-0.3898346100256037,-0.46686932373046874,-0.5578489868164063
124.95869874954224,-0.32894793306671755,0.32561142578124996,-0.5315127685546874
124.97890663146973,-0.2797856052815338,0.023942016601562498,-1.3335703247070312
124.99864554405212,-0.24900918870056504,-0.507570751953125,-0.40462008056640625
125.01862502098083,-0.22835834640597563,0.01915361328125,-0.5506663818359374
125.0386414527893,-0.2057090355022324,-0.3758896606445312,-0.201112939453125
125.0589292049408,-0.2162343035104425,-0.0718260498046875,-0.6368576416015624
125.08217859268188,-0.19491730501280186,-0.6440402465820312,-0.7158662963867187
125.09924674034119,-0.18305972459848924,-0.5195417602539062,-0.9193734375
125.11871314048767,-0.1404257276032079,0.4908113403320312,0.16759411621093748
125.13867259025574,-0.09486064331450096,-0.5195417602539062,-1.6400281372070311
125.1594250202179,-0.06435068921475276,-0.3280056274414062,-0.25139117431640623
125.17904829978943,-0.012390505376753637,-1.4149731811523436,-1.3120225097656248
125.19887089729309,0.023315467106794475,0.8858546142578124,-0.14604630126953125
125.21859979629517,0.0003996937218307625,-1.7621324218749999,-0.1580173095703125
125.2386634349823,0.04210107203284032,-0.031124621582031248,-0.9337386474609375
125.26027297973633,0.01971822361031762,-1.599326708984375,0.17956512451171874
125.27852082252502,-0.0011990811654922875,-0.4333505004882812,-1.235408056640625
125.29876947402954,-0.022516079663132953,-1.254561669921875,0.6536170532226562
125.31855297088623,-0.045565084288706925,-0.5602431884765625,-0.33758243408203126
125.33888411521912,-0.031176110302799476,-0.6153098266601562,0.507570751953125
125.35925126075745,-0.04716385917602997,-0.38307226562499996,0.24899697265624998
125.37857294082642,-0.04876263406335302,-0.928950244140625,-0.8810662109374999
125.39882850646973,-0.04929555902579404,-0.7589619262695312,1.0342951171875
125.4185209274292,-0.06008728951522463,-0.7805097412109374,-0.2442085693359375
125.43865466117859,-0.08739969384032674,0.06703764648437499,-0.17477672119140625
125.45894074440002,-0.13536294046001823,-2.0925322509765625,-0.22744915771484372
125.4783205986023,-0.1680045944095305,-1.0773907470703123,0.033518823242187495
125.49870252609253,-0.19518376749402233,-1.0630255371093749,1.1133037719726562
125.51856398582458,-0.21117151636725284,-0.7589619262695312,-0.5410895751953124
125.53857088088989,-0.2643307813707443,-0.7637503295898437,-0.11013327636718749
125.55916476249695,-0.3101623281406717,-1.0702081420898437,0.22266075439453123
125.57864689826965,-0.37904287953617305,-0.9528922607421875,-1.3718775512695311
125.59863495826721,-0.4451255748788592,-1.5298948608398437,-0.05027823486328125
125.61855006217957,-0.48642725946803794,-0.8403647827148437,0.6727706665039062
125.6385715007782,-0.5214670757485348,-0.8379705810546875,-0.4333505004882812
125.65899300575256,-0.5389203682684781,-1.3335703247070312,-0.6464344482421874
125.67885279655457,-0.5775574280454518,-1.22583125,-2.3582886352539063
125.69878602027893,-0.5867503836475593,0.03591302490234375,0.40462008056640625
125.71895146369934,-0.6128637068071692,-0.28730419921875,0.19871873779296872
125.7389965057373,-0.6449724357942405,-0.9576806640625,0.06464344482421874
125.75948214530945,-0.6885390514737936,-1.0654197387695312,-0.584185205078125
125.77872037887573,-0.7377013792589774,-0.3495534423828125,0.12689268798828124
125.79868268966675,-0.7833996947882945,-0.9361328491210937,0.0383072265625
125.81856870651245,-0.8160413487378068,0.10295067138671875,-0.46686932373046874
125.83875918388367,-0.7671454834338435,-0.47884033203125,-0.49799394531249996
125.85877966880798,-0.6786799396686347,-0.19153613281249998,-1.8363526733398436
125.87860298156738,-0.6043369074081129,0.2657563842773437,-1.254561669921875
125.8988401889801,-0.5595712105630676,-0.5003881469726562,-1.898601916503906
125.91883993148804,-0.5204012258236528,0.7637503295898437,-1.5849614990234373
125.93883395195007,-0.465509954692228,0.23223756103515625,-0.258573779296875
125.95895743370056,-0.4196784079223006,-0.32082302246093747,-2.1164742675781247
125.97878503799438,-0.3525298626547325,0.8930372192382812,0.011971008300781249
125.99932360649109,-0.29710566656086673,0.00239420166015625,0.086191259765625
126.01867198944092,-0.2628652377240315,0.23223756103515625,-0.8978256225585937
126.03871655464172,-0.23901684565479597,-0.06464344482421874,-0.17238251953125
126.05864024162292,-0.23581929588014985,0.16519991455078123,-0.8834604125976562
126.07891082763672,-0.18066156226750466,-0.44053310546874996,-1.0726023437499999
126.09844374656677,-0.14349004613724373,0.6440402465820312,0.07422025146484375
126.11863255500793,-0.09925727425463936,-0.6919242797851562,-0.5865794067382812
126.13923716545105,-0.04743032165725048,-0.12210428466796874,-0.22026655273437498
126.15865993499756,-0.018918836166656093,-0.46686932373046874,-1.3383587280273437
126.17871737480164,0.023448698347404734,0.14125789794921875,-0.8834604125976562
126.19875383377075,0.04849617158213252,-0.5386953735351562,-0.7110778930664062
126.21879839897156,0.046098009251147945,0.20829554443359374,0.1005564697265625
126.23889017105103,0.02598009191899956,-1.9201497314453124,-0.9050082275390624
126.25892066955566,0.006261868308681946,-0.1149216796875,0.06943184814453125
126.27897500991821,-0.03477335379927634,0.076614453125,0.5793968017578125
126.2992148399353,-0.049428790266404295,-0.21308394775390624,-0.7565677246093749
126.32010388374329,-0.06528330789902453,-0.5291185668945312,-0.2825157958984375
126.33873772621155,-0.06022052075583488,-1.4628572143554686,-1.5035586425781249
126.35979056358337,-0.046098009251147945,-0.9576806640625,0.062249243164062495
126.37879157066345,-0.039969372183076245,-0.086191259765625,-0.7302315063476562
126.39891910552979,-0.0073277182335639785,-0.55545478515625,0.08140285644531249
126.41892313957214,0.010392036767599824,-0.5434837768554687,-0.7924807495117187
126.43877339363098,0.026513016881440577,-0.49320554199218747,0.3112462158203125
126.45917391777039,0.01958499236970736,-0.0143652099609375,-0.8283937744140625
126.47891569137573,-0.0057289433462409285,-0.430956298828125,0.05985504150390625
126.49886298179626,-0.04263399699528134,0.11731588134765625,-0.011971008300781249
126.51887488365173,-0.06594946410207582,-0.7158662963867187,-0.076614453125
126.53873229026794,-0.07434303226052183,-1.2976572998046874,0.5243301635742187
126.55873250961304,-0.08979785617131131,-1.0869675537109373,-0.8547299926757812
126.57889699935913,-0.1340306280539157,-0.9528922607421875,-1.1133037719726562
126.59873294830322,-0.16533996959732541,-0.5482721801757812,0.30406361083984373
126.61889815330505,-0.21969831576630913,-1.6735469604492186,1.1851298217773436
126.63905215263367,-0.29457427298927197,-1.218648645019531,0.6248866333007812
126.65906190872192,-0.3702496176558963,-0.3232172241210937,0.0383072265625
126.67915487289429,-0.43686523796102344,-2.0159177978515626,0.023942016601562498
126.69894313812256,-0.48989127172390456,0.47165772705078124,0.5410895751953124
126.71899747848511,-0.5180030634926682,-1.618480322265625,0.10773907470703124
126.73894572257996,-0.5559739670665906,-0.8882488159179687,0.011971008300781249
126.75902390480042,-0.5848851462790158,-1.13006318359375,-1.0223241088867188
126.77898716926575,-0.5975421141369899,-1.0534487304687499,-0.36391865234375
126.79875326156616,-0.6016722825959079,-1.0007762939453124,-0.22505495605468748
126.81897282600403,-0.6179264939503588,-0.4955997436523437,0.10773907470703124
126.83873343467712,-0.6345803990266407,-1.2808978881835937,-0.16759411621093748
126.85905241966248,-0.6440398171099686,-0.44053310546874996,-0.21787235107421873
126.87902641296387,-0.6709525277132399,-1.158793603515625,-0.8355763793945312
126.89896512031555,-0.7146523746334033,-0.4836287353515625,0.43574470214843747
126.91892051696777,-0.7766049015171715,-1.199495031738281,0.16280571289062498
126.93869185447693,-0.8438866780253499,-1.2880804931640624,-0.5339069702148437
126.9591314792633,-0.8963797868257901,-1.3766659545898436,-0.9145850341796874
126.97882127761841,-0.9336845341966612,0.0526724365234375,0.29927520751953124
126.99931478500366,-0.9633951008527478,-0.4740519287109375,-0.3280056274414062
127.01919031143188,-1.0088269539008445,-0.46208092041015625,-0.29448680419921874
127.03879642486572,-1.0177534470217315,-0.2442085693359375,-0.4429273071289062
127.05882978439331,-0.9302205219407945,0.7422025146484375,-1.2042834350585936
127.0787444114685,-0.8393568158446012,0.47644613037109373,-0.5219359619140624
127.09887337684631,-0.7900612568188072,0.24899697265624998,-1.0893617553710937
127.11875104904175,-0.7346370607249415,0.19393033447265623,-1.0654197387695312
127.13887858390808,-0.6761485460970398,0.086191259765625,-0.32082302246093747
127.15909790992737,-0.6215237374468356,-0.4525041137695312,-1.9800047729492187
127.17864632606506,-0.5537090359762163,1.0534487304687499,-0.3687070556640625
127.1988034248352,-0.5065451768001863,-0.23702596435546874,-0.8188169677734375
127.21876096725464,-0.44752373720984373,0.19153613281249998,0.5123591552734374
127.23867654800415,-0.42021133288474166,0.009576806640625,-1.2928688964843749
127.25929236412048,-0.399960184311983,-1.5203180541992187,-1.3120225097656248
127.27893662452698,-0.34959877536130696,1.3479355346679687,0.32561142578124996
127.2989411354065,-0.3241516084047483,-0.8643067993164062,-0.24660277099609373
127.31891870498657,-0.28817917343997973,-0.32082302246093747,-0.9816226806640624
127.33890008926392,-0.247943338775683,-0.7661445312499999,-0.5961562133789062
127.35896587371826,-0.2346202147146576,0.076614453125,-0.8355763793945312
127.37877154350281,-0.2034441044118581,-0.016759411621093748,-0.2705447875976562
127.39910531044006,-0.16320826974756136,-0.8451531860351562,0.0383072265625
127.41879081726074,-0.12830168470767475,0.0047884033203125,-1.0462661254882812
127.43873262405396,-0.08500153150934216,-0.41898529052734373,-0.3280056274414062
127.45906448364258,-0.0369050536490404,-0.34715924072265625,-1.2665326782226562
127.47864437103271,0.004263399699528133,0.29448680419921874,0.47644613037109373
127.49869561195374,0.035972434964768624,-0.055066638183593745,-0.9840168823242187
127.51876425743103,0.037304747370871166,0.033518823242187495,-0.689530078125
127.53864550590515,0.03357427263378405,0.30406361083984373,0.3064578125
127.5587944984436,0.01438897398590745,-1.618480322265625,-0.3806780639648437
127.57879328727722,-0.003464012255866608,-0.26336218261718747,-0.40940848388671874
127.59885740280151,-0.018252679963604822,-0.4644751220703125,0.689530078125
127.61861181259155,-0.03770444109270193,-0.7996633544921875,-0.9050082275390624
127.63877701759338,-0.03743797861148142,-0.0718260498046875,-0.23223756103515625
127.65939617156982,-0.03357427263378405,-0.7852981445312499,-0.00718260498046875
127.6788022518158,-0.04063552838612752,-1.3814543579101561,-0.6272808349609375
127.6991937160492,-0.020384379813368887,-0.2059013427734375,-0.239420166015625
127.71876454353333,0.0006661562030512709,0.4213794921875,-0.34237083740234375
127.73864459991455,0.0030643185340358454,-1.455674609375,0.06464344482421874
127.75873184204102,0.0031975497746461,0.354341845703125,-0.9361328491210937
127.77881717681885,-0.006928024511733216,-1.0558429321289062,-0.1388636962890625
127.79888677597046,-0.009059724361497283,-0.7302315063476562,-0.3016694091796875
127.81886506080627,-0.017586523760553547,0.39264907226562495,0.8690952026367187
127.83881831169128,-0.04756355289786074,-1.1659762084960936,-0.22266075439453123
127.85908102989197,-0.06821439519245012,-0.6200982299804687,0.05746083984375
127.8787055015564,-0.10685145496942385,0.5602431884765625,0.565031591796875
127.89882755279541,-0.14668759591188982,-1.3072341064453123,-0.1388636962890625
127.91907143592834,-0.22449464042827827,-0.354341845703125,0.26336218261718747
127.93875408172607,-0.31229402799043576,-1.6328455322265625,0.93852705078125
127.9592456817627,-0.39076722870987546,-1.0271125122070313,-0.4740519287109375
127.97925686836243,-0.4592480863835461,-0.93852705078125,-0.02154781494140625
127.99912595748901,-0.48642725946803794,-0.6344634399414062,1.5059528442382812
128.01898074150085,-0.5149387449586323,-0.4860229370117187,-1.3239935180664062
128.03877305984497,-0.5427840742461755,-1.0702081420898437,-0.09576806640624999
128.05936455726624,-0.5672986225184622,-0.3806780639648437,-0.9935936889648437
128.07878351211548,-0.5690306286463955,0.062249243164062495,0.00718260498046875
128.09884309768677,-0.6011393576334667,-1.0462661254882812,0.023942016601562498
128.11885404586792,-0.5499785612391291,0.5865794067382812,-0.18914193115234373
128.13894605636597,-0.4740367540912843,0.10295067138671875,-1.3670891479492187
128.15904784202576,-0.4220765702532852,0.5434837768554687,-1.16837041015625
128.17873191833496,-0.38610413528851656,0.33039982910156246,-0.7996633544921875
128.1989142894745,-0.36532006175331694,0.20829554443359374,-0.6488286499023437
128.21873831748962,-0.30043644757612314,0.031124621582031248,-1.01514150390625
128.23890614509583,-0.24288055163249336,0.2920926025390625,-1.0462661254882812
128.25905752182007,-0.20184532952453507,-0.9313444458007812,-1.5562310791015623
128.27871704101562,-0.14002603388137713,0.8595183959960937,-0.5363011718749999
128.29883980751038,-0.11391271072176731,0.1292868896484375,-0.27293898925781246
128.31865215301514,-0.08100459429103453,-0.4908113403320312,-0.35194764404296874
128.33872413635254,-0.04276722823589159,-0.16041151123046873,-0.3806780639648437
128.35907649993896,-0.007727411955394742,-0.8954314208984374,-0.9193734375
128.37868523597717,0.031042879062189218,0.737414111328125,0.062249243164062495
128.39878726005554,0.03930321598002497,0.7062894897460937,-0.9648632690429687
128.41881442070007,0.04356661567955311,-0.9121908325195311,0.296881005859375
128.438729763031,0.02531393571594829,-0.13646949462890623,-0.37828386230468747
128.45919108390808,-0.016520673835671518,-1.6304513305664061,0.5817910034179687
128.47859501838684,-0.03290811643073278,-0.16280571289062498,1.3048399047851562
128.49893164634705,-0.03703828488965066,-1.369483349609375,-0.24899697265624998
128.51895689964294,-0.05662327725935802,0.8954314208984374,0.16280571289062498
128.5388126373291,-0.07047932628282445,-1.898601916503906,-1.120486376953125
128.5588674545288,-0.05662327725935802,-0.7805097412109374,-1.1659762084960936
128.57894134521484,-0.014921898948348467,0.5817910034179687,-0.2059013427734375
128.60099148750305,0.01851914244482533,-0.7038952880859375,-1.1444283935546875
128.6187562942505,0.0287779479718149,0.6631938598632812,0.6296750366210937
128.6388635635376,0.0014655436467127959,-1.3575123413085937,-1.1133037719726562
128.65855169296265,-0.010392036767599824,-0.8499415893554687,-0.316034619140625
128.67871570587158,-0.02078407353519965,-0.45968671875,0.8044517578125
128.69885563850403,-0.02624655440022007,-0.1388636962890625,-0.7278373046875
128.71936750411987,-0.02624655440022007,-1.4963760375976562,-0.09576806640624999
128.73889684677124,-0.0415681470703993,0.28490999755859375,-0.6488286499023437
128.75903606414795,-0.027578866806322613,-2.540247961425781,0.19153613281249998
128.778804063797,-0.005062787143189658,-0.34715924072265625,-0.17238251953125
128.79865670204163,0.012923430339194655,-0.4477157104492187,-0.24660277099609373
128.81893968582153,0.005995405827461438,-0.8451531860351562,-0.3280056274414062
128.83879256248474,-0.0058621745868511835,-0.16041151123046873,-0.34715924072265625
128.8591856956482,-0.019984686091538122,-1.2904746948242187,-0.46208092041015625
128.87871670722961,-0.03064318534035846,-0.59376201171875,0.16280571289062498
128.89881801605225,-0.029577335415476424,-0.06943184814453125,-0.13168109130859373
128.91880345344543,-0.022915773384963714,-0.38307226562499996,-0.15562310791015624
128.9387185573578,-0.020517611053979142,-1.4772224243164063,-0.8068459594726562
128.95896220207214,-0.002797856052815337,-1.0582371337890624,-0.8475473876953125
128.9790163040161,0.0003996937218307625,-0.076614453125,1.1755530151367186
128.99939942359924,0.0074609494741742334,-1.4437036010742186,-1.4413093994140624
129.01896810531616,0.028911179212425153,0.4165910888671875,0.373495458984375
129.03892612457275,0.016653905076281773,-1.0773907470703123,-0.7015010864257812
129.0591104030609,0.004263399699528133,-1.0462661254882812,-0.06943184814453125
129.07907676696777,0.0014655436467127959,0.0383072265625,0.6703764648437499
129.09893345832825,-0.013323124061025418,-1.1085153686523437,-0.3758896606445312
129.11889481544495,-0.01572128639200999,-0.09576806640624999,-0.028730419921875
129.1389560699463,-0.03144257278401998,-0.8643067993164062,-0.7134720947265625
129.15897870063782,-0.031575804024630234,-1.5897499023437498,-0.689530078125
129.17987155914307,-0.015854517632620246,0.040701428222656245,0.27293898925781246
129.19890332221985,-0.02118376725703041,-0.9959878906249999,0.13168109130859373
129.21876692771912,0.00985911180515881,-0.8714894042968749,-0.5698199951171875
129.23875069618225,-0.011191424211261349,-0.09816226806640624,-0.40462008056640625
129.25988245010376,-0.010658499248820334,-1.1947066284179686,-0.28490999755859375
129.27885913848877,-0.005329249624410167,-0.8643067993164062,0.3758896606445312
129.29883241653442,0.004529862180748642,0.1197100830078125,0.49799394531249996
129.31899237632751,-0.005062787143189658,-0.93852705078125,-0.6847416748046875
129.33872628211975,-0.010791730489430587,-0.18914193115234373,-0.44053310546874996
129.35874962806702,-0.009725880564548555,-1.20667763671875,-0.603338818359375
129.37862968444824,-0.0037304747370871167,-0.1149216796875,0.33039982910156246
129.39874625205994,0.0073277182335639785,-0.5195417602539062,-0.8834604125976562
129.41871285438538,0.01985145485092787,0.5434837768554687,0.46208092041015625
129.43863987922668,0.0,-0.9121908325195311,-0.5578489868164063
129.45868134498596,-0.018252679963604822,-0.7110778930664062,-0.4477157104492187
129.47869205474854,-0.02598009191899956,-0.40462008056640625,1.2785036865234374
129.49870586395264,-0.0002664624812205083,-0.5506663818359374,-1.1109095703125
129.51869797706604,-0.019318529888486854,0.33758243408203126,0.09337386474609374
129.53871631622314,-0.03077641658096871,-1.1755530151367186,-0.316034619140625
129.5586235523224,-0.0255803981971688,-1.0223241088867188,-1.6304513305664061
129.57943487167358,0.004130168458917879,0.0909796630859375,1.0295067138671874
129.59957456588745,0.009992343045769061,-0.7541735229492187,-1.0486603271484374
129.6187961101532,0.012656967857974145,-0.44532150878906246,0.3711012573242187
129.6386435031891,-0.005595712105630674,0.17956512451171874,-0.737414111328125
129.65988731384277,-0.024781010753507273,-3.308786694335937,-0.718260498046875
129.67889666557312,-0.004396630940138387,0.9935936889648437,1.1516109985351561
129.69871759414673,-0.015588055151399738,-1.678335363769531,1.2761094848632812
129.71865367889404,-0.017852986241774057,-0.4429273071289062,-0.9002198242187499
129.73900747299194,-0.05262634004105039,-1.0702081420898437,-0.8858546142578124
129.75936436653137,-0.05675650849996827,-1.8219874633789062,-0.19393033447265623
129.77916359901428,-0.029310872934255914,0.430956298828125,0.6416460449218749
129.7993996143341,0.0009326186842717792,0.0047884033203125,-0.4070142822265625
129.81923604011536,-0.0037304747370871167,-0.43574470214843747,-0.00239420166015625
129.83881664276123,-0.012523736617363892,-0.45489831542968745,-0.7398083129882812
129.8592746257782,-0.02691271060327134,-0.7685387329101562,-0.14125789794921875
129.8788022994995,-0.026779479362661087,-0.30406361083984373,1.6639701538085936
129.89884090423584,-0.03503981628049684,-1.0678139404296874,-1.1923124267578125
129.91867065429688,-0.05728943346240929,0.11013327636718749,0.229843359375
129.93841314315796,-0.06528330789902453,-1.484405029296875,-0.9624690673828125
129.95871829986572,-0.0738101072980808,-1.0031704956054688,-0.07900865478515624
129.97881531715393,-0.08553445647178318,-0.44053310546874996,0.47884033203125
129.99875807762146,-0.11671056677458265,-0.7900865478515624,-0.19393033447265623
130.01871585845947,-0.1950505362534121,-0.8164227661132812,0.5506663818359374
130.03870725631714,-0.2969724353202565,-2.1021090576171875,0.8068459594726562
130.05898189544678,-0.38264012303264994,-0.82360537109375,-0.21787235107421873
130.0789225101471,-0.45778254273683333,-0.9145850341796874,-0.1580173095703125
130.0987491607666,-0.5033476270255403,-1.005564697265625,1.16837041015625
130.11873078346252,-0.5374548246217653,0.047884033203124995,-1.0917559570312498
130.13871836662292,-0.5534425734949958,-1.618480322265625,-0.08858546142578125
130.1587884426117,-0.5711623284961596,-0.3711012573242187,-1.7764976318359373
130.17857027053833,-0.5882159272942721,-0.842758984375,-0.4429273071289062
130.1985354423523,-0.581287902782539,-0.6440402465820312,-0.7948749511718749
130.21890139579773,-0.5848851462790158,-0.15083470458984374,0.11013327636718749
130.23854517936707,-0.5994073515055335,-0.6847416748046875,-0.41898529052734373
130.25871896743774,-0.6280520682367381,-1.0821791503906248,-0.14125789794921875
130.27871346473694,-0.6689540591040861,-0.5099649536132812,-0.6727706665039062
130.29883790016174,-0.7166508432425572,-1.4532804077148436,0.011971008300781249
130.31874537467957,-0.7860643196004995,-0.5793968017578125,-0.06703764648437499
130.33842158317566,-0.8697335387037392,-1.4700398193359374,-0.5027823486328125
130.35912775993347,-0.9186294040077024,-0.6081272216796875,0.2346317626953125
130.3788948059082,-0.9490061268668405,-0.4836287353515625,0.2346317626953125
130.39888739585876,-0.9720551314924144,-0.9959878906249999,-0.0909796630859375
130.41892647743225,-1.009093416382065,-0.5386953735351562,-0.086191259765625
130.4391646385193,-1.03787136435388,-0.8164227661132812,-1.4341267944335936
130.45881056785583,-1.0543920381895515,-0.11013327636718749,0.03591302490234375
130.47887229919434,-1.0789065864618381,-0.3184288208007812,0.10773907470703124
130.4988124370575,-1.0818376737552637,-0.6344634399414062,-0.047884033203124995
130.5189926624298,-1.099290966275207,-0.679953271484375,-0.8307879760742187
130.5392689704895,-1.1011562036437508,-0.8092401611328125,-1.3383587280273437
130.55895376205444,-1.0863675359360123,-0.2753331909179687,-0.4381389038085937
130.5791952610016,-1.0438667701813413,-0.4333505004882812,-0.258573779296875
130.59874367713928,-0.9945712111555474,-0.3687070556640625,-1.1563994018554686
130.61893606185913,-0.9278223596098101,-0.09576806640624999,-1.7429788085937499
130.6388716697693,-0.857076570845765,-0.15083470458984374,-1.0534487304687499
130.65861439704895,-0.7905941817812482,0.2609679809570312,-0.22266075439453123
130.67898559570312,-0.7350367544467722,0.00718260498046875,-2.023100402832031
130.69888305664062,-0.7101225124526547,0.6272808349609375,0.22744915771484372
130.7192883491516,-0.7163843807613366,0.016759411621093748,-0.3950432739257812
130.73878479003906,-0.7203813179796443,0.27293898925781246,-0.19632453613281248
130.75875401496887,-0.7157182245582854,-0.603338818359375,-1.5849614990234373
130.7793207168579,-0.6925359886921012,-0.17477672119140625,-0.07900865478515624
130.7989616394043,-0.6529663102308556,-0.13646949462890623,-0.842758984375
130.81884360313416,-0.6233889748153792,0.11252747802734374,-0.40940848388671874
130.83896780014038,-0.5826202151886415,-1.1180921752929687,-1.7238251953125
130.85925889015198,-0.513206738830699,-0.2059013427734375,-0.70868369140625
130.87885403633118,-0.4628453298800229,-0.16519991455078123,-0.6823474731445313
130.89922308921814,-0.41461562077911096,-0.6488286499023437,-1.2856862915039062
130.91854548454285,-0.36865084276857324,0.07900865478515624,-0.3112462158203125
130.93850111961365,-0.3452021444211686,-1.1109095703125,-1.149216796875
130.95851707458496,-0.31296018419348703,-0.22744915771484372,0.39983167724609375
130.97891974449158,-0.287779479718149,-0.6392518432617187,-1.2473790649414063
130.99954795837402,-0.2595344567087751,-0.05985504150390625,-0.7398083129882812
131.0187213420868,-0.2383506894517447,0.06703764648437499,-0.34237083740234375
131.03874921798706,-0.2199647782475296,0.47884033203125,-0.2442085693359375
131.05869007110596,-0.18359264956093024,-0.6967126831054687,-1.0319009155273438
131.0789384841919,-0.14255742745297195,0.6153098266601562,0.11013327636718749
131.09878277778625,-0.10698468621003408,-0.08858546142578125,-0.7278373046875
131.11857771873474,-0.07447626350113207,-0.4908113403320312,-1.218648645019531
131.13868761062622,-0.03797090357392244,0.0430956298828125,-0.033518823242187495
131.15856409072876,-0.0039969372183076245,-0.17956512451171874,-0.5793968017578125
131.1788341999054,0.024514548272286763,-1.254561669921875,-0.45010991210937495
131.1998393535614,0.02118376725703041,0.1149216796875,0.028730419921875
131.21900272369385,0.015987748873230498,-1.0869675537109373,-0.7517793212890624
131.2390148639679,-0.0095926493239383,0.2705447875976562,-0.4070142822265625
131.25891971588135,-0.020251148572758632,0.5051765502929687,1.0366893188476562
131.27877497673035,-0.025180704475338038,-4.5968671875,-1.6160861206054686
131.2990276813507,-0.04250076575467108,3.6272155151367187,-0.6631938598632812
131.3188030719757,-0.057689127184240054,-2.5163059448242184,-0.5746083984375
131.33878874778748,-0.0005329249624410166,-0.3591302490234375,-1.3120225097656248
131.36005783081055,-0.05129402763494785,-0.9457096557617187,1.6400281372070311
131.37900114059448,-0.03903675349880447,-3.0837317382812497,-0.430956298828125
131.39929389953613,-0.027312404325102103,-1.2952630981445312,1.1061211669921875
131.41882824897766,-0.028378254249984136,-1.5275006591796874,-0.45968671875
131.4388711452484,-0.04729709041664023,-0.4644751220703125,-1.7956512451171873
131.45889925956726,-0.04663093421358895,-1.2617442749023438,-0.8571241943359375
131.47891759872437,-0.0607534457182759,-0.9600748657226562,0.27293898925781246
131.49879455566406,-0.02531393571594829,-0.2059013427734375,0.6009446166992187
131.5187211036682,-0.016653905076281773,-2.0470424194335934,-1.4053963745117186
131.53892159461975,-0.004529862180748642,-0.06464344482421874,-2.3127988037109373
131.55869388580322,0.05169372135677862,4.6639048339843745,2.940079638671875
131.578599691391,0.0057289433462409285,-2.4947581298828125,-3.83072265625
131.59876704216003,0.058888208349732345,1.7812860351562498,1.8243816650390623
131.61856174468994,0.06128637068071692,-0.01915361328125,-0.9792284790039062
131.63907027244568,0.0511607963943376,0.97683427734375,1.4245499877929686
131.65939950942993,-0.016653905076281773,-0.35673604736328124,-0.2657563842773437
131.67868065834045,-0.07194486992953725,-1.7238251953125,-1.350329736328125
131.6986837387085,-0.03477335379927634,0.6057330200195312,0.9864110839843749
131.71843481063843,-0.002797856052815337,-0.7661445312499999,-1.0486603271484374
131.73861169815063,-0.0014655436467127959,0.430956298828125,-0.076614453125
131.75876474380493,0.0018652373685435584,-0.3112462158203125,-0.239420166015625
131.77873158454895,-0.012257274136143382,-1.5490484741210937,0.229843359375
131.79921770095825,0.0058621745868511835,-0.488417138671875,0.3184288208007812
131.81884264945984,0.014522205226517705,-0.4860229370117187,-0.3902548706054687
131.83873891830444,0.011457886692481857,-0.4836287353515625,-0.8116343627929687
131.8596794605255,0.002264931090374321,-1.3287819213867187,-0.33758243408203126
131.8788866996765,0.015188361429568975,-1.0941501586914062,0.8116343627929687
131.89875984191895,-0.00866003063966652,-0.29927520751953124,-0.469263525390625
131.9186499118805,0.0037304747370871167,0.7134720947265625,-0.1388636962890625
131.93857407569885,0.010791730489430587,-1.1276689819335937,-0.25139117431640623
131.95884442329407,0.004396630940138387,-0.06703764648437499,-0.5746083984375
131.97911071777344,0.001732006127933304,-0.12210428466796874,0.5243301635742187
131.99894547462463,-0.00866003063966652,-0.16759411621093748,-0.30885201416015623
132.0187690258026,0.0019984686091538122,-0.277727392578125,-0.5243301635742187
132.03847813606262,0.010125574286379316,0.316034619140625,0.5363011718749999
132.05943322181702,0.03370750387439431,-0.82360537109375,-0.7589619262695312
132.07918000221252,-0.008393568158446012,-0.6488286499023437,0.239420166015625
132.09883069992065,-0.0255803981971688,-0.21308394775390624,-0.2825157958984375
132.11863923072815,-0.022116385941302188,-1.467645617675781,-0.16519991455078123
132.13896369934082,-0.01851914244482533,0.49320554199218747,-0.316034619140625
132.15886163711548,-0.01958499236970736,-1.8195932617187498,-0.7517793212890624
132.17883706092834,-0.008793261880276773,-0.430956298828125,0.14604630126953125
132.19883275032043,-0.009326186842717792,-1.1156979736328125,1.6998831787109374
132.21883463859558,-0.011191424211261349,0.04548983154296875,-1.3359645263671873
132.23886489868164,-0.0127901990985844,-0.7517793212890624,0.32561142578124996
132.25862646102905,-0.014122511504686942,0.6560112548828124,-0.40462008056640625
132.2790765762329,-0.00013323124061025415,-0.4213794921875,0.6248866333007812
132.2988760471344,-0.01692036755750228,-2.252943762207031,0.2346317626953125
132.31879091262817,-0.010125574286379316,1.467645617675781,-0.8882488159179687
132.33877754211426,-0.03130934154340973,-1.0438719238281249,0.5674257934570313
132.35860919952393,-0.04729709041664023,-0.28730419921875,-0.7517793212890624
132.37903690338135,-0.040502297145517265,-1.0821791503906248,1.3024457031249999
132.39885258674622,-0.0369050536490404,-1.0366893188476562,-0.03591302490234375
132.41893005371094,-0.03317457891195329,-0.13407529296874998,-0.4908113403320312
132.4385199546814,-0.03384073511500456,-0.7541735229492187,-0.46208092041015625
132.4587996006012,-0.026646248122050836,-0.5770026000976562,-0.2561795776367187
132.47879791259766,-0.015454823910789483,-1.37906015625,0.04548983154296875
132.4987518787384,-0.013056661579804908,0.33758243408203126,-0.9864110839843749
132.51878809928894,0.0031975497746461,-0.4572925170898437,-0.1580173095703125
132.53905749320984,-0.006794793271122962,-0.00718260498046875,-0.239420166015625
132.55877208709717,-0.008127105677225504,-0.6344634399414062,0.35194764404296874
132.57894682884216,-0.026779479362661087,-1.467645617675781,0.37828386230468747
132.59870195388794,-0.014522205226517705,-0.46686932373046874,1.6615759521484375
132.61862778663635,-0.026113323159609816,-1.668758557128906,-0.9600748657226562
132.63874650001526,-0.027978560528153375,0.02633621826171875,-0.34715924072265625
132.65897226333618,-0.03757120985209167,-1.6424223388671875,-1.0630255371093749
132.6789083480835,-0.040502297145517265,-1.120486376953125,-0.1580173095703125
132.69892001152039,0.0039969372183076245,0.08858546142578125,0.37828386230468747
132.7187352180481,-0.03370750387439431,-1.1133037719726562,-1.6472107421875
132.73869276046753,0.006128637068071691,-0.34237083740234375,0.22026655273437498
132.75850224494934,-0.009192955602107537,-0.4213794921875,-0.9696516723632812
132.77921795845032,-0.029444104174866172,-1.0342951171875,0.047884033203124995
132.79899096488953,-0.015588055151399738,-0.47884033203125,1.3263877197265623
132.82007336616516,-0.02145022973825092,-0.7517793212890624,-0.7110778930664062
132.8388442993164,-0.008926493120887028,-0.6272808349609375,-0.3902548706054687
132.85903429985046,-0.00985911180515881,-0.13646949462890623,-1.3934253662109375
132.878915309906,-0.0037304747370871167,-0.30885201416015623,-0.3902548706054687
132.8987717628479,-0.006661562030512709,-0.4429273071289062,0.38307226562499996
132.91863489151,-0.008526799399056265,-0.584185205078125,-0.33758243408203126
132.93862915039062,-0.01572128639200999,-0.32561142578124996,-0.6560112548828124
132.95862865447998,-0.04236753451406082,-0.6488286499023437,0.05746083984375
132.97854018211365,-0.07900612568188072,-0.5602431884765625,0.6727706665039062
132.9986584186554,-0.13549617170062847,-0.6177040283203125,0.02154781494140625
133.01881074905396,-0.18998774911022243,-0.03591302490234375,-0.7254431030273437
133.03863430023193,-0.2856477798683849,-2.437297290039062,1.0630255371093749
133.05887460708618,-0.36345482438477333,-0.97683427734375,1.2952630981445312
133.07870602607727,-0.4373981629234644,-0.8930372192382812,-0.08140285644531249
133.09879684448242,-0.45058805574387956,-1.4867992309570313,0.9744400756835937
133.11854219436646,-0.4539188367591359,-0.25139117431640623,-1.8219874633789062
133.13892483711243,-0.4647105672485666,-1.66636435546875,-0.43574470214843747
133.15881943702698,-0.39822817818404965,0.7805097412109374,0.5722141967773438
133.17893934249878,-0.2685941810702724,0.3495534423828125,-1.0773907470703123
133.19861578941345,-0.15534762655155634,-0.16998831787109375,-0.17238251953125
133.21888208389282,-0.10725114869125461,0.9169792358398436,-2.4109610717773435
133.23857617378235,-0.07540888218540386,-0.23223756103515625,0.29927520751953124
133.25910997390747,-0.03930321598002497,-0.46686932373046874,-1.0582371337890624
133.27878427505493,0.04396630940138387,1.0582371337890624,0.9337386474609375
133.29888534545898,0.04263399699528134,-0.6368576416015624,-1.5418658691406248
133.31877875328064,0.031842266505850744,-0.97683427734375,0.12689268798828124
133.33866810798645,0.040768759626737774,0.19153613281249998,0.05027823486328125
133.35877203941345,0.0415681470703993,-0.9864110839843749,-0.06943184814453125
133.3786723613739,0.036238897445989134,-0.2753331909179687,-0.5051765502929687
133.3988757133484,0.03890352225819422,-1.4149731811523436,0.04548983154296875
133.41861605644226,0.027845329287543123,-0.488417138671875,0.17477672119140625
133.4389772415161,0.011457886692481857,-1.484405029296875,0.3758896606445312
133.45913553237915,-0.009992343045769061,0.5746083984375,-0.29448680419921874
133.47878551483154,-0.02398162330984575,-0.5674257934570313,0.316034619140625
133.49884796142578,-0.044765696845045395,-0.8164227661132812,0.3591302490234375
133.5187792778015,-0.07234456365136802,-0.5243301635742187,-0.5003881469726562
133.53878569602966,-0.05995405827461438,-0.7206546997070312,-0.105344873046875
133.55946445465088,-0.06648238906451683,0.3495534423828125,0.19871873779296872
133.57857632637024,0.01572128639200999,-1.419761584472656,-0.9002198242187499
133.59872961044312,0.0860673814342242,-0.2154781494140625,-1.8267758666992187
133.61865878105164,0.17746401249285856,-0.5410895751953124,0.5865794067382812
133.6387915611267,0.2693935685139339,-0.5674257934570313,-1.388636962890625
133.65901923179626,0.3537289438202248,-0.5291185668945312,-0.8379705810546875
133.67868781089783,0.4231424201781672,-1.9919757812499999,-1.2593500732421874
133.69867753982544,0.5101424202966632,0.009576806640625,1.0821791503906248
133.7186620235443,0.5317258812755243,-0.9361328491210937,-1.1635820068359375
133.73856687545776,0.5125405826276478,-0.7972691528320313,0.2154781494140625
133.75902390480042,0.5625022978564931,0.33039982910156246,-0.8092401611328125
133.77861070632935,0.5654333851499187,-1.4891934326171874,0.09576806640624999
133.79893732070923,0.574493109511416,-0.603338818359375,0.8451531860351562
133.81861925125122,0.5565068920290317,-1.838746875,0.3064578125
133.84266543388367,0.591280245828308,-0.05746083984375,2.123656872558594
133.85915446281433,0.6014058201146874,-0.7972691528320313,0.02633621826171875
133.8791205883026,0.6355130177109124,0.02154781494140625,-0.6560112548828124
133.89888334274292,0.6598943347425889,-1.388636962890625,0.09337386474609374
133.91878581047058,0.6861408891428089,-1.180341418457031,-0.8906430175781249
133.93872141838074,0.7319724359127363,-0.74699091796875,-0.5099649536132812
133.9585473537445,0.8045834620453249,-0.16280571289062498,-0.9576806640625
133.97879147529602,0.9001102615628772,-1.005564697265625,0.17956512451171874
133.99931812286377,0.9737871376203477,0.23702596435546874,-0.4477157104492187
134.01862454414368,1.012690659878542,-0.5865794067382812,-0.7254431030273437
134.03855538368225,1.065183768678982,0.02154781494140625,-0.1149216796875
134.05863332748413,1.0952940290568995,0.062249243164062495,-0.7254431030273437
134.07868146896362,1.112480859095622,-1.254561669921875,0.40462008056640625
134.09861850738525,1.1184762649230835,-0.469263525390625,0.9145850341796874
134.11866188049316,1.1223399709007813,0.11731588134765625,-0.5243301635742187
134.1385588645935,1.0979586538691046,-0.08140285644531249,-0.277727392578125
134.15856432914734,1.056257275558095,-0.6057330200195312,-0.55545478515625
134.1788547039032,1.0382710580757106,-0.9121908325195311,1.438915197753906
134.19897055625916,1.0077611039759624,-0.737414111328125,0.622492431640625
134.2186143398285,0.9684578879959376,-0.12449848632812499,-0.39743747558593745
134.23866868019104,0.9438101084830405,-1.1875240234375,-0.26336218261718747
134.25869417190552,0.9431439522799892,-0.7158662963867187,1.1444283935546875
134.2788429260254,0.937814702655579,-0.1484405029296875,-0.0718260498046875
134.29900527000427,0.9226263412260102,-1.3670891479492187,-0.5147533569335937
134.31885313987732,0.9212940288199075,-0.11731588134765625,1.0989385620117187
134.33856201171875,0.911035223292918,-0.5051765502929687,-1.3072341064453123
134.3586766719818,0.9238254223915023,-1.8267758666992187,-0.143652099609375
134.37873578071594,0.9520704454008762,-0.59376201171875,0.6464344482421874
134.3989703655243,0.9689908129583785,-0.143652099609375,-1.01514150390625
134.41864657402039,0.9955038298398191,-1.2952630981445312,0.6655880615234374
134.43862056732178,0.9937718237118858,-0.6679822631835937,-0.44532150878906246
134.4588234424591,0.9923062800651731,-0.9265560424804687,-0.02154781494140625
134.48070311546326,1.0014992356672805,-0.6105214233398437,0.584185205078125
134.49871182441711,0.9927059737870038,-0.6943184814453125,-0.9409212524414062
134.51867413520813,1.0177534470217315,-0.49799394531249996,0.5793968017578125
134.53857922554016,1.0008330794642293,-0.3950432739257812,-0.3950432739257812
134.55891633033752,0.9988346108550754,-0.6775590698242188,0.239420166015625
134.57887649536133,0.9824471682600142,0.1580173095703125,0.43574470214843747
134.59863567352295,0.9756523749888912,-1.24498486328125,0.181959326171875
134.61882138252258,0.9588652386719991,-0.11731588134765625,-0.09576806640624999
134.63885855674744,0.9476738144607378,-1.4772224243164063,-0.4165910888671875
134.65888261795044,0.937814702655579,0.00718260498046875,0.4261678955078125
134.67881536483765,0.9300872907001844,-1.2521674682617188,0.30885201416015623
134.6986575126648,0.9176967853234307,0.4572925170898437,-0.1005564697265625
134.7190535068512,0.9111684545335282,-1.8315642700195311,-0.040701428222656245
134.73877334594727,0.9362159277682559,0.062249243164062495,0.13407529296874998
134.75881910324097,0.9685911192365477,-1.3575123413085937,-0.2537853759765625
134.77874207496643,0.9972358359677523,-0.239420166015625,-0.6368576416015624
134.79871320724487,1.0182863719841726,-0.6105214233398437,-0.2825157958984375
134.81881475448608,1.0154885159313574,-0.0430956298828125,-0.4285620971679687
134.83871150016785,1.0284119462705519,-0.258573779296875,-0.18435352783203124
134.85913753509521,0.9956370610804293,-0.25139117431640623,0.4525041137695312
134.87987112998962,0.9632618696121377,0.35673604736328124,0.06943184814453125
134.89890336990356,0.8652036765229906,-0.29927520751953124,0.46208092041015625
134.91850924491882,0.8033843808798325,1.22583125,0.6871358764648438
134.93880939483643,0.7447626350113208,-0.28730419921875,0.928950244140625
134.9588737487793,0.7083905063247214,0.9169792358398436,0.229843359375
134.97872018814087,0.6432404296663071,-0.076614453125,0.5147533569335937
134.99952793121338,0.5716952534586007,0.46208092041015625,0.49320554199218747
135.01847386360168,0.5092098016123915,-0.12689268798828124,0.33518823242187495
135.0399363040924,0.46297856112063324,-0.6488286499023437,0.239420166015625
135.05869507789612,0.43819755036712593,-0.3447650390625,-0.05746083984375
135.07906460762024,0.4339341506675978,-1.1252747802734375,-0.49799394531249996
135.09869480133057,0.41488208326033144,-0.05746083984375,0.2537853759765625
135.1187493801117,0.40635528386127523,-1.1563994018554686,-0.40940848388671874
135.1387848854065,0.3914333849129268,0.4285620971679687,0.1292868896484375
135.15870308876038,0.3573261873167016,-1.0342951171875,0.277727392578125
135.1788306236267,0.3028346099071077,0.4429273071289062,0.3136404174804687
135.19886898994446,0.27245788704796975,-0.40462008056640625,0.5363011718749999
135.218652009964,0.20317764193063761,-0.5530605834960938,0.4261678955078125
135.238450050354,0.21237059753274515,-0.4572925170898437,0.5410895751953124
135.25886464118958,0.19984686091538126,-1.5825672973632812,-0.5363011718749999
135.27895951271057,0.16320826974756136,-0.6847416748046875,-0.0383072265625
135.29871439933777,0.11311332327810578,-1.7334020019531249,0.7781155395507812
135.31843185424805,0.0191852986478766,-0.9624690673828125,0.35194764404296874
135.33859848976135,-0.06501684541780403,-1.9919757812499999,0.38307226562499996
135.35858297348022,-0.11817611042129544,-2.243366955566406,0.45489831542968745
135.3789529800415,-0.15188361429568975,-1.2473790649414063,-0.59376201171875
135.39864993095398,-0.18132771847055593,-0.8451531860351562,-0.6057330200195312
135.41862797737122,-0.19345176136608905,-0.7038952880859375,-0.27293898925781246
135.43888235092163,-0.18479173072642255,-0.7517793212890624,-0.258573779296875
135.45859837532043,-0.16667228200342796,-0.5051765502929687,0.0
135.47874665260315,-0.13496324673818746,-0.9026140258789062,-0.229843359375
135.49871110916138,-0.10884992357857766,-0.8762778076171874,-0.4165910888671875
135.51862835884094,-0.1345635530163567,-0.469263525390625,-0.13407529296874998
135.5386130809784,-0.21663399723227325,-0.7685387329101562,0.1197100830078125
135.55864214897156,-0.3133598779153178,-0.6488286499023437,0.6560112548828124
135.57892847061157,-0.40875344619225973,-0.9193734375,1.0582371337890624
135.59895730018616,-0.4653767234516178,-0.6464344482421874,0.4525041137695312
135.61871528625488,-0.554108729698047,-1.3670891479492187,0.5674257934570313
135.63860273361206,-0.6364456363951841,-1.1252747802734375,-0.016759411621093748
135.65861177444458,-0.6802787145559578,-1.0031704956054688,-0.4333505004882812
135.67918515205383,-0.6798790208341271,-0.5123591552734374,-0.20829554443359374
135.69875168800354,-0.6605604909456401,-0.6177040283203125,-0.4261678955078125
135.7185959815979,-0.641108729816543,-0.7972691528320313,-0.06464344482421874
135.73860144615173,-0.6529663102308556,-0.7350199096679687,-0.17956512451171874
135.7587184906006,-0.6870735078270808,-0.8188169677734375,-0.00239420166015625
135.7796814441681,-0.7125206747836392,-0.7876923461914062,0.3112462158203125
135.79886150360107,-0.7476937223047463,-1.1563994018554686,0.2442085693359375
135.8192195892334,-0.7872634007659919,-1.0654197387695312,0.3184288208007812
135.83877635002136,-0.8168407361814682,-0.9935936889648437,-0.11013327636718749
135.85892009735107,-0.8560107209208829,-1.3192051147460937,0.00718260498046875
135.87897896766663,-0.8978453304725028,-0.7398083129882812,-0.0526724365234375
135.89923930168152,-0.9412787149114457,-0.5817910034179687,0.6536170532226562
135.91883492469788,-0.9869770304407628,-0.055066638183593745,0.01915361328125
135.93884086608887,-1.0312098023233673,-0.23223756103515625,0.7206546997070312
135.9585840702057,-1.0765084241308536,-0.33039982910156246,-0.4333505004882812
135.97929048538208,-1.0839693736050278,-0.20829554443359374,0.21308394775390624
135.99884247779846,-1.0654502311602025,-0.19393033447265623,-0.047884033203124995
136.0188364982605,-1.0521271070991771,-0.5267243652343749,-0.63206923828125
136.03945446014404,-1.0393369080005928,-0.36152445068359373,-0.3902548706054687
136.0586724281311,-1.0114915787130496,-0.3806780639648437,-0.7326257080078125
136.07900047302246,-0.9740536001015682,-0.28012159423828126,-0.32082302246093747
136.0990855693817,-0.9589984699126094,-0.4381389038085937,-0.35194764404296874
136.1186649799347,-0.9731209814172964,-0.16759411621093748,-0.22266075439453123
136.1383776664734,-0.9724548252142451,-0.076614453125,0.06703764648437499
136.15821981430054,-0.9367488527306971,0.43574470214843747,-0.38786066894531246
136.17871379852295,-0.8664027576884827,0.6703764648437499,-0.6967126831054687
136.19863200187683,-0.8196385922342837,0.45968671875,-0.622492431640625
136.2186725139618,-0.8017856059925095,0.22744915771484372,-0.6536170532226562
136.23827362060547,-0.7434303226052182,0.46208092041015625,-0.8714894042968749
136.2588245868683,-0.6746830024503271,0.040701428222656245,-1.0821791503906248
136.27869629859924,-0.6167274127848665,-0.01915361328125,-0.8451531860351562
136.29867577552795,-0.5611699854503907,0.0909796630859375,-1.0486603271484374
136.3186275959015,-0.5205344570642629,-0.3327940307617187,-0.3136404174804687
136.3386652469635,-0.49468759638587373,-0.15562310791015624,-0.469263525390625
136.3585135936737,-0.4836294034152226,-0.5722141967773438,-0.16998831787109375
136.3788561820984,-0.47110566679785876,-0.3711012573242187,-0.39983167724609375
136.3989396095276,-0.4456584998413002,-0.23702596435546874,-0.3806780639648437
136.41824293136597,-0.4223430327345057,-0.17477672119140625,-0.565031591796875
136.4386076927185,-0.3833062792357012,0.0526724365234375,-0.63206923828125
136.45921087265015,-0.3312128641570919,0.05985504150390625,-0.55545478515625
136.47866582870483,-0.2831163862967901,0.17238251953125,-0.7996633544921875
136.49898767471313,-0.24168147046700106,0.0143652099609375,-0.2753331909179687
136.51881217956543,-0.20104594208087354,-0.22026655273437498,-0.7709329345703124
136.53830552101135,-0.15281623297996152,-0.42377369384765623,-0.5219359619140624
136.5582399368286,-0.12763552850462348,-0.43574470214843747,-0.6416460449218749
136.57850122451782,-0.11790964794007493,-0.6631938598632812,-0.26336218261718747
136.59840416908264,-0.09352833090839843,-0.4381389038085937,-0.3806780639648437
136.61831283569336,-0.05235987755982989,-0.3591302490234375,-0.5817910034179687
136.63836646080017,-0.016520673835671518,-0.6009446166992187,-0.7326257080078125
136.6590645313263,0.007860643196004996,-0.03591302490234375,-0.33518823242187495
136.67849016189575,0.03130934154340973,-0.28490999755859375,-0.3327940307617187
136.69831013679504,0.04783001537908124,0.14125789794921875,-0.229843359375
136.71832060813904,0.029843797896696934,-0.4165910888671875,-0.2705447875976562
136.7386510372162,-0.0009326186842717792,-0.047884033203124995,0.0526724365234375
136.758606672287,-0.020917304775809907,-0.18435352783203124,0.23223756103515625
136.77835083007812,-0.05222664631921963,-0.28969840087890625,-0.181959326171875
136.79830598831177,-0.053692189965932426,-0.40222587890625,-0.2442085693359375
136.81839156150818,-0.04862940282274277,-0.5985504150390625,-0.12210428466796874
136.8382956981659,-0.041834609551619814,-0.04548983154296875,-0.42377369384765623
136.85836601257324,-0.018385911204215073,-0.29927520751953124,-0.3758896606445312
136.87893056869507,0.009725880564548555,-0.8930372192382812,-0.2537853759765625
136.89869332313538,0.011724349173702367,-0.06943184814453125,-0.5123591552734374
136.91862559318542,0.02078407353519965,-0.5961562133789062,-0.63206923828125
136.93847703933716,0.002264931090374321,0.105344873046875,-0.22744915771484372
136.9588599205017,-0.010258805526989571,-0.4070142822265625,0.33758243408203126
136.97893142700195,-0.025047473234727783,-0.12689268798828124,-0.40462008056640625
136.99850845336914,-0.02571362943777905,-0.316034619140625,0.45968671875
137.01849603652954,-0.020251148572758632,-1.254561669921875,-0.7062894897460937
137.03836631774902,-0.029843797896696934,-0.32561142578124996,0.22744915771484372
137.059175491333,-0.022249617181912446,-1.2306196533203124,-0.7996633544921875
137.0784797668457,0.016254211354451008,-0.6512228515624999,-0.44053310546874996
137.0984389781952,0.12350536004570561,-0.8667010009765624,-1.599326708984375
137.1182940006256,0.23248851486489353,-2.0254946044921875,-2.1499930908203124
137.13833355903625,0.34826646295520436,-1.656787548828125,-0.8954314208984374
137.15856838226318,0.41528177698216223,-2.0183119995117185,-0.9888052856445312
137.1783766746521,0.4537856055185257,0.05027823486328125,-0.9528922607421875
137.1983151435852,0.4735038291288433,-1.1540052001953125,-0.3112462158203125
137.21834516525269,0.5172036760490066,-0.086191259765625,-0.45489831542968745
137.23819828033447,0.5258637066886732,-0.5578489868164063,-0.22744915771484372
137.25833201408386,0.5046799394316428,-0.8595183959960937,-0.4429273071289062
137.27860975265503,0.5090765703717811,0.296881005859375,-0.1149216796875
137.2983202934265,0.5309264938318629,-0.9864110839843749,0.28490999755859375
137.31827759742737,0.5671653912778519,0.12449848632812499,-0.6177040283203125
137.34055495262146,0.5890153147379336,-1.2234370483398436,-0.06464344482421874
137.3583881855011,0.600739663911636,-0.29448680419921874,-0.507570751953125
137.37875819206238,0.593944870640513,-0.6009446166992187,0.20350714111328125
137.39849162101746,0.6476370606064454,-1.4413093994140624,-0.5626373901367188
137.41844511032104,0.6860076579021986,-0.27293898925781246,0.0143652099609375
137.43845653533936,0.7587519152753975,-2.070984436035156,-0.8068459594726562
137.45837569236755,0.8416217469349755,-0.15562310791015624,-1.1037269653320312
137.47834968566895,0.8881194499079543,-0.8595183959960937,-0.699106884765625
137.49831318855286,0.9423445648363277,-0.2537853759765625,-0.34237083740234375
137.51841282844543,1.002698316832773,-0.7733271362304687,-0.2657563842773437
137.5391023159027,1.0290781024736033,-1.1563994018554686,-0.5386953735351562
137.55843234062195,1.0372052081508287,0.3591302490234375,-0.8068459594726562
137.57840490341187,1.0297442586766545,-0.9002198242187499,0.07900865478515624
137.59832406044006,1.0166875970968496,0.10295067138671875,0.39983167724609375
137.618337392807,0.9980352234114139,-0.6775590698242188,0.6655880615234374
137.6384241580963,0.9756523749888912,-1.0917559570312498,0.3016694091796875
137.6583971977234,0.9627289446496966,-0.4429273071289062,0.1292868896484375
137.67835068702698,0.9470076582576866,-1.3407529296874998,-0.43574470214843747
137.69832706451416,0.9439433397236507,-0.5267243652343749,-0.24899697265624998
137.71828055381775,0.9581990824689479,-0.9074024291992187,-0.43574470214843747
137.7382833957672,0.9675252693116657,-0.7134720947265625,-0.39264907226562495
137.75823330879211,0.9983016858926345,-0.74699091796875,-0.5578489868164063
137.77861166000366,1.0198851468714956,-0.5458779785156249,-0.38786066894531246
137.79839634895325,1.0161546721344086,-0.6057330200195312,-0.5865794067382812
137.8183228969574,0.9941715174337166,-0.5291185668945312,-0.15562310791015624
137.83828377723694,0.9959035235616499,-0.3758896606445312,-0.12689268798828124
137.8583734035492,0.9964364485240909,-0.4955997436523437,-0.028730419921875
137.87847018241882,0.9972358359677523,-0.6368576416015624,-0.2346317626953125
137.89836025238037,0.9867105679595423,-0.6655880615234374,-0.13168109130859373
137.918292760849,0.9707228190863119,-0.26336218261718747,-0.33518823242187495
137.9386386871338,0.969257275439599,-0.5458779785156249,-0.3854664672851562
137.95843172073364,0.9921730488245627,-0.35194764404296874,-0.2825157958984375
137.97860598564148,1.0258805526989572,-0.08379705810546874,-0.3447650390625
138.00035405158997,1.0236156216085828,-0.09576806640624999,-0.40462008056640625
138.0186505317688,1.013223584840983,-0.4165910888671875,-0.16280571289062498
138.03828811645508,0.9859111805158808,-0.63206923828125,-0.3016694091796875
138.05910181999207,0.9532695265663685,-0.5961562133789062,0.43574470214843747
138.07895350456238,0.917830016564041,-0.316034619140625,0.42377369384765623
138.098628282547,0.8260336917835758,-0.04548983154296875,0.10295067138671875
138.1183271408081,0.7065252689561778,0.08858546142578125,0.6153098266601562
138.13881945610046,0.6046033698893334,-0.3327940307617187,0.5195417602539062
138.15860629081726,0.5549081171417086,-0.181959326171875,0.12210428466796874
138.17861318588257,0.551444104885842,-0.1197100830078125,0.1580173095703125
138.19848227500916,0.5237320068389091,-0.29927520751953124,-0.39264907226562495
138.2183678150177,0.4949540588670942,-0.48123453369140623,-0.38307226562499996
138.23881030082703,0.4747029102943356,-0.4740519287109375,-0.23702596435546874
138.25875329971313,0.48216385976850984,-0.3495534423828125,0.1149216796875
138.278568983078,0.4912235841300071,-0.51714755859375,0.13407529296874998
138.298761844635,0.4659096484140588,-0.5626373901367188,0.11252747802734374
138.31868815422058,0.42367534514060823,-0.718260498046875,-0.11252747802734374
138.338365316391,0.37917611077678337,-0.6464344482421874,-0.05746083984375
138.35842108726501,0.3390735073530969,-0.6967126831054687,0.16041151123046873
138.3783655166626,0.31122817806555375,-0.4333505004882812,0.34715924072265625
138.39833641052246,0.2644640126113545,-0.5913678100585937,0.2154781494140625
138.41834807395935,0.20650842294589394,-0.11731588134765625,0.2609679809570312
138.43842768669128,0.16200918858206906,-0.36631285400390623,-0.00239420166015625
138.45840191841125,0.11950842282739799,-0.3112462158203125,0.14604630126953125
138.47833776474,0.08713323135910622,-0.11731588134765625,0.009576806640625
138.4984266757965,0.054091883687763194,-0.33039982910156246,0.0718260498046875
138.51840949058533,0.020517611053979142,-0.49799394531249996,0.05027823486328125
138.53897094726562,-0.007993874436615249,-0.469263525390625,-0.0383072265625
138.5583939552307,-0.029843797896696934,-0.6703764648437499,-0.0526724365234375
138.57844018936157,-0.04783001537908124,-0.612915625,-0.10773907470703124
138.598459482193,-0.05222664631921963,-0.5817910034179687,-0.22266075439453123
138.61823153495789,-0.06022052075583488,-0.3711012573242187,-0.1292868896484375
138.63837218284607,-0.07274425737319877,-0.23223756103515625,-0.1388636962890625
138.65820789337158,-0.11284686079688527,-0.43574470214843747,0.016759411621093748
138.67856621742249,-0.13802756527222332,-0.30885201416015623,0.13646949462890623
138.69848680496216,-0.16547320083793565,-0.30406361083984373,-0.086191259765625
138.7183859348297,-0.21823277211959632,-0.07900865478515624,0.19632453613281248
138.73839950561523,-0.28644716731204645,-0.5243301635742187,0.2705447875976562
138.75840306282043,-0.3767779484457988,-0.8547299926757812,0.45968671875
138.77858328819275,-0.4600474738272076,-1.0295067138671874,0.5602431884765625
138.7987241744995,-0.5202679945830425,-0.8667010009765624,0.296881005859375
138.81855463981628,-0.5743598782708057,-0.6248866333007812,0.1484405029296875
138.84035181999207,-0.5894150084597645,-0.5027823486328125,-0.27293898925781246
138.85829043388367,-0.5888820834973234,-0.5458779785156249,-0.28490999755859375
138.87844443321228,-0.5788897404515544,-0.38307226562499996,-0.34715924072265625
138.89844298362732,-0.577690659286062,-0.15562310791015624,-0.37828386230468747
138.91842317581177,-0.591813170790749,-0.18435352783203124,0.04548983154296875
138.93840312957764,-0.6308499242895534,-0.086191259765625,0.17956512451171874
138.9603087902069,-0.6873399703083013,-0.16280571289062498,-0.062249243164062495
138.97846460342407,-0.7371684542965362,-0.5626373901367188,0.3854664672851562
138.99952054023743,-0.7744732016674075,-0.4333505004882812,0.3902548706054687
139.01831936836243,-0.8272327729490682,-0.4860229370117187,0.14125789794921875
139.03846549987793,-0.8997105678410463,-0.7206546997070312,0.33039982910156246
139.05838632583618,-0.9632618696121377,-0.45489831542968745,0.3806780639648437
139.07875418663025,-0.9955038298398191,-0.55545478515625,0.11013327636718749
139.0984468460083,-1.0092266476226752,-0.09816226806640624,-0.40462008056640625
139.11822390556335,-1.009093416382065,-0.20829554443359374,-0.16041151123046873
139.1389663219452,-1.020151609352716,-0.26815058593749996,-0.08379705810546874
139.15846276283264,-1.0312098023233673,-0.2753331909179687,-0.15083470458984374
139.17860579490662,-1.0258805526989572,0.016759411621093748,-0.143652099609375
139.1984658241272,-1.0093598788632856,-0.2753331909179687,-0.5027823486328125
139.21840071678162,-0.9805819308914707,-0.6967126831054687,-0.41898529052734373
139.23860788345337,-0.9599310885968813,-0.5482721801757812,-0.4525041137695312
139.25845193862915,-0.9296875969783536,-0.39743747558593745,-0.6081272216796875
139.27850770950317,-0.8901179185171081,-0.3758896606445312,-0.5051765502929687
139.2985324859619,-0.8434869843035191,-0.5315127685546874,-0.6009446166992187
139.3184530735016,-0.7794027575699869,-0.42377369384765623,-0.5339069702148437
139.33840489387512,-0.6986646257601729,-0.06464344482421874,-0.9600748657226562
139.3584156036377,-0.632182236695656,-0.3447650390625,-1.0319009155273438
139.3783609867096,-0.5742266470301954,-0.2609679809570312,-0.7565677246093749
139.39830446243286,-0.543050536727396,0.22266075439453123,-0.6368576416015624
139.4182345867157,-0.5193353758987708,-0.3687070556640625,-0.47165772705078124
139.4383454322815,-0.4860275657462072,-0.6631938598632812,-0.32082302246093747
139.45836758613586,-0.4501883620220488,-0.3591302490234375,-0.2154781494140625
139.47842288017273,-0.4272725886370851,-0.34715924072265625,-0.5602431884765625
139.49835300445557,-0.4130168458917879,-0.49320554199218747,-0.5817910034179687
139.5183973312378,-0.38796937265706016,-0.430956298828125,-0.565031591796875
139.53823590278625,-0.3502649315643582,-0.41898529052734373,-0.44053310546874996
139.5581259727478,-0.2729908120104108,-0.679953271484375,-0.17238251953125
139.5788061618805,-0.2820505363719081,-1.005564697265625,-0.7278373046875
139.5985369682312,-0.26526340005501603,-0.32561142578124996,-0.3902548706054687
139.6183376312256,-0.2514073510315496,-0.19153613281249998,-0.32082302246093747
139.63848662376404,-0.2354196021583191,-0.8954314208984374,-0.6392518432617187
139.65868854522705,-0.20371056689307862,-0.6919242797851562,-0.01915361328125
139.67848443984985,-0.15334915794240253,-0.2920926025390625,-0.7015010864257812
139.69834542274475,-0.1264364473391312,-0.4740519287109375,-1.0558429321289062
139.71853375434875,-0.0929954059459574,-0.8571241943359375,-0.737414111328125
139.73838829994202,-0.05395865244715294,-0.6009446166992187,-0.26815058593749996
139.75884079933167,-0.017453292519943295,-0.47165772705078124,-0.3112462158203125
139.778653383255,0.004263399699528133,-0.46208092041015625,-0.3280056274414062
139.7986090183258,0.016520673835671518,-0.32561142578124996,-0.36631285400390623
139.8187713623047,0.0401026034236865,-0.833182177734375,-0.34237083740234375
139.83833193778992,0.07420980101991156,-0.6105214233398437,-0.5506663818359374
139.8593189716339,0.13216539068537214,-0.47165772705078124,-0.8355763793945312
139.8789098262787,0.20744104163016572,-0.15083470458984374,-1.0295067138671874
139.89851689338684,0.2679280248672211,-0.5051765502929687,-0.7230489013671875
139.91869735717773,0.32948085802915855,-0.46686932373046874,-0.7637503295898437
139.9387662410736,0.3693169989716245,-0.3711012573242187,-0.7996633544921875
139.9585883617401,0.4028912716054086,-0.5698199951171875,-0.8834604125976562
139.97892475128174,0.4220765702532852,-0.29927520751953124,-0.5578489868164063
139.99879956245422,0.44432618743519764,-0.5003881469726562,-0.49799394531249996
140.01838779449463,0.4569831552931718,-0.4740519287109375,-0.5386953735351562
140.03856897354126,0.48269678473095085,-0.4429273071289062,-0.18435352783203124
140.05859112739563,0.5158713636429041,-0.3902548706054687,-0.3327940307617187
140.07853269577026,0.5647672289468675,-0.7278373046875,-0.7038952880859375
140.09849905967712,0.6040704449268923,-0.40222587890625,-0.4285620971679687
140.1183431148529,0.6472373668846148,-0.05746083984375,-0.679953271484375
140.13849806785583,0.6869402765864705,-0.1388636962890625,-0.699106884765625
140.1585853099823,0.7247779489197826,-0.239420166015625,-0.7924807495117187
140.17884182929993,0.7634150086967563,-0.5243301635742187,-0.8667010009765624
140.1987817287445,0.8036508433610531,-0.7661445312499999,-0.6200982299804687
140.2184352874756,0.828698316595781,-0.28012159423828126,-0.430956298828125
140.23845171928406,0.8560107209208829,-0.21068974609375,-0.3184288208007812
140.25853514671326,0.890650843479549,-0.36152445068359373,-0.44053310546874996
140.27848887443542,0.9236921911508921,-0.26815058593749996,-0.6057330200195312
140.29834032058716,0.9516707516790455,-0.1388636962890625,-0.49799394531249996
140.31846117973328,0.9932388987494448,-0.22026655273437498,-0.6344634399414062
140.33827376365662,1.0252143964959057,-0.5339069702148437,-0.41898529052734373
140.35834383964539,1.0543920381895515,-0.469263525390625,-0.48123453369140623
140.37871742248535,1.0642511499947103,-0.22266075439453123,-0.2059013427734375
140.39845204353333,1.0486630948433104,-0.15322890625,-0.009576806640625
140.4183633327484,1.0382710580757106,-0.28012159423828126,0.05746083984375
140.4384002685547,1.0210842280369878,-0.6248866333007812,-0.11731588134765625
140.45851516723633,1.0118912724348803,-0.33039982910156246,-0.16998831787109375
140.47821426391602,1.0165543658562393,-0.5243301635742187,-0.4381389038085937
140.4986217021942,1.0172205220592905,-0.23702596435546874,-0.3806780639648437
140.51841759681702,1.0089601851414547,0.10295067138671875,0.09816226806640624
140.53837871551514,1.0154885159313574,-0.22026655273437498,-0.5530605834960938
140.5590784549713,1.0208177655557673,-0.033518823242187495,0.2154781494140625
140.5785653591156,0.998568148373855,-0.19153613281249998,-0.1771709228515625
140.59868001937866,0.9787166935229271,-0.08858546142578125,-0.1771709228515625
140.61840891838074,0.973387443898517,-0.28969840087890625,0.03591302490234375
140.63874220848083,0.9720551314924144,-0.354341845703125,-0.26336218261718747
140.65877318382263,0.9635283320933581,-0.2705447875976562,-0.2705447875976562
140.6785032749176,0.9570000013034556,-0.2657563842773437,0.06943184814453125
140.6987886428833,0.9573996950252864,-0.373495458984375,-0.34715924072265625
140.71871972084045,0.9512710579572147,-0.33039982910156246,-0.32561142578124996
140.73861289024353,0.9498055143105019,-0.3758896606445312,-0.1388636962890625
140.7587878704071,0.9479402769419584,-0.3399766357421875,-0.16280571289062498
140.77874302864075,0.9584655449501684,-0.44532150878906246,-0.17477672119140625
140.79849696159363,0.9585987761907787,-0.3758896606445312,-0.2705447875976562
140.81850910186768,0.9599310885968813,-0.55545478515625,-0.30885201416015623
140.83847975730896,0.9816477808163526,-0.3136404174804687,-0.4381389038085937
140.8586835861206,1.0021653918703317,-0.3399766357421875,-0.26336218261718747
140.87852358818054,1.003764166757655,-0.16280571289062498,-0.38786066894531246
140.89878916740417,1.0004333857423986,-0.354341845703125,-0.239420166015625
140.91845965385437,1.013756509803424,0.0383072265625,-0.29448680419921874
140.93846249580383,1.024814702774075,-0.18435352783203124,-0.26815058593749996
140.95895791053772,1.029477796195434,-0.16041151123046873,-0.46208092041015625
140.97873950004578,1.0213506905182084,-0.1771709228515625,-0.19871873779296872
140.99852585792542,1.0228162341649212,-0.22026655273437498,0.0047884033203125
141.018563747406,1.0245482402928545,-0.0047884033203125,-0.316034619140625
141.03869128227234,1.0145558972470854,-0.2154781494140625,0.04548983154296875
141.05864000320435,1.0040306292388754,-0.316034619140625,-0.296881005859375
141.07869410514832,0.9929724362682243,-0.316034619140625,-0.181959326171875
141.09838032722473,0.9899081177341884,-0.105344873046875,-0.17238251953125
141.11846256256104,0.9829800932224552,-0.40462008056640625,-0.316034619140625
141.13841152191162,0.9805819308914707,0.06464344482421874,-0.12449848632812499
141.15848970413208,0.9899081177341884,-0.105344873046875,-0.11731588134765625
141.1785225868225,0.9895084240123577,-0.21068974609375,-0.4381389038085937
141.1985378265381,0.9759188374701118,-0.411802685546875,-0.12210428466796874
141.21843886375427,0.9737871376203477,-0.031124621582031248,-0.23223756103515625
141.23847126960754,0.9791163872447578,-0.33039982910156246,-0.07422025146484375
141.25846004486084,0.965526800702512,-0.36631285400390623,-0.031124621582031248
141.2785062789917,0.9208943350980768,-0.24181436767578124,-0.2561795776367187
141.29865670204163,0.9538024515288095,-0.23223756103515625,-0.15322890625
141.3189296722412,0.9624624821684761,-0.2825157958984375,-0.08140285644531249
141.3385934829712,0.9581990824689479,-0.5817910034179687,-0.296881005859375
141.3584430217743,0.9568667700628454,-0.17238251953125,-0.24660277099609373
141.3787145614624,0.9520704454008762,-0.3112462158203125,-0.11731588134765625
141.39868211746216,0.9579326199877275,-0.20829554443359374,-0.1388636962890625
141.41843438148499,0.9625957134090863,-0.4285620971679687,-0.40222587890625
141.4385175704956,0.9717886690111939,-0.7637503295898437,-0.28730419921875
141.45847535133362,0.9840459431473373,-0.38786066894531246,-0.36631285400390623
141.4788727760315,0.9903078114560192,-0.5243301635742187,-0.13407529296874998
141.4986035823822,0.9983016858926345,-0.316034619140625,-0.41419688720703124
141.5184826850891,1.006961716532301,-0.201112939453125,-0.3950432739257812
141.53850889205933,1.0122909661567112,-0.239420166015625,-0.28969840087890625
141.55850839614868,1.0040306292388754,-0.2920926025390625,-0.3495534423828125
141.5789713859558,0.9940382861931064,-0.32082302246093747,-0.41898529052734373
141.59854412078857,0.999633998298737,-0.239420166015625,-0.009576806640625
141.61850142478943,0.999633998298737,-0.24660277099609373,-0.1867477294921875
141.63857007026672,0.9861776429971013,-0.40462008056640625,-0.25139117431640623
141.6589653491974,0.9879096491250347,-0.4381389038085937,-0.12689268798828124
141.678777217865,0.977650843598045,-0.33758243408203126,-0.22266075439453123
141.6987202167511,0.9832465557036757,-0.2825157958984375,-0.2346317626953125
141.71918725967407,0.9927059737870038,-0.5506663818359374,-0.4740519287109375
141.73888278007507,0.9861776429971013,-0.3399766357421875,-0.00239420166015625
141.75877237319946,0.9784502310417066,-0.0383072265625,-0.2657563842773437
141.77874088287354,0.9736539063797375,-0.32082302246093747,-0.04548983154296875
141.7986764907837,0.9773843811168246,-0.21308394775390624,-0.3854664672851562
141.81849360466003,0.9867105679595423,-0.39743747558593745,-0.2920926025390625
141.83851289749146,0.999633998298737,-0.2825157958984375,-0.3447650390625
141.85841751098633,1.0000336920205677,-0.21068974609375,0.3016694091796875
141.8785538673401,0.9889754990499167,-0.5363011718749999,-0.316034619140625
141.89822912216187,0.9955038298398191,-0.3136404174804687,-0.2537853759765625
141.91834044456482,0.9883093428468653,-0.34237083740234375,-0.2059013427734375
141.93906927108765,0.978183768560486,-0.3399766357421875,-0.239420166015625
141.95850682258606,0.9736539063797375,-0.46208092041015625,-0.2154781494140625
141.97862815856934,0.9756523749888912,-0.229843359375,-0.24181436767578124
141.99870896339417,0.9867105679595423,-0.22026655273437498,-0.36631285400390623
142.01840376853943,0.9935053612306652,-0.24660277099609373,-0.4333505004882812
142.03867197036743,0.9932388987494448,-0.34715924072265625,-0.2154781494140625
142.05888748168945,0.9948376736367679,-0.17477672119140625,-0.22266075439453123
142.07863092422485,0.9981684546520242,-0.36152445068359373,-0.15083470458984374
142.09865164756775,1.0070949477729112,-0.3711012573242187,-0.4525041137695312
142.11839818954468,1.0053629416449779,-0.5339069702148437,-0.0718260498046875
142.13891530036926,0.998568148373855,-0.23702596435546874,-0.2920926025390625
142.1587369441986,0.999633998298737,-0.37828386230468747,-0.11013327636718749
142.17858266830444,1.005895866607419,-0.45010991210937495,-0.5386953735351562
142.19873690605164,1.0080275664571832,-0.2346317626953125,-0.32082302246093747
142.21840953826904,1.0109586537506086,-0.32082302246093747,-0.21787235107421873
142.23867750167847,1.0094931101038958,-0.15322890625,-0.055066638183593745
142.2582492828369,1.004830016682537,-0.4381389038085937,-0.30406361083984373
142.27852320671082,1.0068284852916907,-0.009576806640625,-0.3495534423828125
142.29859137535095,1.0122909661567112,-0.1484405029296875,-0.19632453613281248
142.3186960220337,1.0072281790135216,-0.2561795776367187,-0.11252747802734374
142.3385043144226,0.9943047486743268,-0.3447650390625,-0.15083470458984374
142.3585684299469,0.9843124056285578,-0.258573779296875,0.17238251953125
142.37840628623962,0.9801822371696399,-0.0430956298828125,-0.19871873779296872
142.3985457420349,0.9815145495757424,-0.3591302490234375,-0.1388636962890625
142.41850471496582,0.966059725664953,-0.4429273071289062,-0.21787235107421873
142.43848538398743,0.9596646261156607,-0.15562310791015624,-0.062249243164062495
142.45842719078064,0.9656600319431221,-0.16041151123046873,-0.03591302490234375
142.47848629951477,0.9668591131086145,-0.3016694091796875,-0.24660277099609373
142.4984679222107,0.9644609507776299,-0.20829554443359374,-0.17956512451171874
142.5183117389679,0.9700566628832606,-0.3399766357421875,-0.08858546142578125
142.53823018074036,0.9683246567553273,-0.354341845703125,-0.14604630126953125
142.55820631980896,0.9609969385217634,-0.24181436767578124,-0.143652099609375
142.57821989059448,0.9475405832201276,-0.5267243652343749,0.1771709228515625
142.59834575653076,0.9360826965276458,-0.229843359375,-0.3591302490234375
142.61828303337097,0.9410122524302251,-0.30885201416015623,0.1149216796875
142.63857340812683,0.9624624821684761,-0.7326257080078125,-0.7661445312499999
142.65837931632996,0.9832465557036757,-0.076614453125,-0.43574470214843747
142.67848706245422,0.9969693734865319,-0.612915625,-0.19393033447265623
142.6984784603119,1.0010995419454498,-0.6081272216796875,-0.15562310791015624
142.71823000907898,1.012823891119152,-0.00718260498046875,-0.34715924072265625
142.73820972442627,1.0140229722846446,-0.34237083740234375,-0.26336218261718747
142.75846099853516,1.0162879033750187,0.055066638183593745,0.0143652099609375
142.7783966064453,1.0052297104043677,-0.45489831542968745,-0.3280056274414062
142.79840755462646,0.9995007670581267,-0.296881005859375,-0.2753331909179687
142.81821537017822,0.9968361422459217,-0.21308394775390624,-0.0430956298828125
142.83824396133423,0.9921730488245627,-0.229843359375,-0.3495534423828125
142.85825419425964,0.9855114867940501,-0.1292868896484375,-0.0047884033203125
142.8784155845642,0.9779173060792655,-0.7972691528320313,-0.15083470458984374
142.89842557907104,0.9800490059290297,0.047884033203124995,-0.1292868896484375
142.91825795173645,0.9707228190863119,-0.5961562133789062,-0.24660277099609373
142.9383580684662,0.9673920380710554,-0.5482721801757812,-0.2537853759765625
142.9588701725006,0.9675252693116657,0.0526724365234375,-0.1149216796875
142.978613615036,0.9664594193867837,-0.3136404174804687,-0.1580173095703125
142.99850964546204,0.9711225128081425,-0.3711012573242187,-0.26815058593749996
143.01832675933838,0.9701898941238708,-0.4429273071289062,-0.34237083740234375
143.03815126419067,0.9773843811168246,-0.44532150878906246,-0.02154781494140625
143.0588083267212,0.99070750517785,-0.36631285400390623,-0.5219359619140624
143.07874870300293,0.9945712111555474,-0.6105214233398437,-0.05746083984375
143.09883165359497,0.9828468619818449,-0.6919242797851562,-0.086191259765625
143.11842226982117,0.9772511498762143,-0.19393033447265623,-0.18435352783203124
143.13870334625244,0.981781012056963,-0.258573779296875,-0.373495458984375
143.1585488319397,0.9919065863433422,-0.1867477294921875,-0.2753331909179687
143.1784222126007,0.998568148373855,-0.3112462158203125,-0.37828386230468747
143.19849395751953,0.9945712111555474,-0.0143652099609375,-0.09337386474609374
143.2184054851532,0.9772511498762143,-0.6727706665039062,-0.17477672119140625
143.23830342292786,0.9554012264161326,-0.29927520751953124,0.12449848632812499
143.25860595703125,0.9200949476544152,-0.5913678100585937,0.2657563842773437
143.2788860797882,0.87013323242557,-0.63206923828125,0.055066638183593745
143.29844093322754,0.8185727423094016,-0.2442085693359375,0.6177040283203125
143.31843161582947,0.757952527831736,-0.5363011718749999,0.2346317626953125
143.33885312080383,0.6956003072261371,-0.3280056274414062,0.469263525390625
143.3585603237152,0.6347136302672509,0.05027823486328125,-0.011971008300781249
143.37887406349182,0.5895482397003747,0.28490999755859375,0.7422025146484375
143.39860200881958,0.5668989287966315,-0.49320554199218747,-0.07900865478515624
143.41843843460083,0.538387443306037,-0.181959326171875,0.033518823242187495
143.4386968612671,0.4965528337544173,-0.42377369384765623,-0.17238251953125
143.45844721794128,0.4794992349563047,-0.7038952880859375,-0.20829554443359374
143.4783821105957,0.44898928085655654,-0.7948749511718749,-0.1771709228515625
143.49827241897583,0.43273506950210555,-0.51714755859375,0.19393033447265623
143.51818132400513,0.4175467080725365,-0.6416460449218749,0.031124621582031248
143.5384225845337,0.38037519194227565,-0.37828386230468747,0.05985504150390625
143.55844616889954,0.33147932663831237,-0.6009446166992187,0.033518823242187495
143.5783612728119,0.28271669257495935,-0.469263525390625,0.1149216796875
143.598370552063,0.2388836144141857,-0.3495534423828125,0.3687070556640625
143.61831164360046,0.199713629674771,-0.29927520751953124,0.30885201416015623
143.63853549957275,0.1572128639200999,-0.3806780639648437,0.10773907470703124
143.65854477882385,0.11377947948115706,-0.411802685546875,0.0526724365234375
143.6785671710968,0.09219601850229589,-0.4525041137695312,-0.02154781494140625
143.69842052459717,0.07740735079455767,-0.4333505004882812,-0.11252747802734374
143.71846771240234,0.05529096485325548,-0.507570751953125,-0.00239420166015625
143.73842358589172,0.01851914244482533,-0.4333505004882812,0.181959326171875
143.75839972496033,-0.016520673835671518,-0.5817910034179687,0.14604630126953125
143.7784104347229,-0.0479632466196915,-0.43574470214843747,0.15562310791015624
143.79845523834229,-0.06621592658329632,-0.39264907226562495,0.10773907470703124
143.81860423088074,-0.09206278726168562,-0.21787235107421873,0.12210428466796874
143.83834218978882,-0.10538591132271104,-0.3327940307617187,-0.0909796630859375
143.85826539993286,-0.11977488530861849,0.1005564697265625,-0.1292868896484375
143.8785364627838,-0.14282388993419246,-0.6177040283203125,-0.04548983154296875
143.8985993862152,-0.1650735071161049,0.02154781494140625,-0.07422025146484375
143.91855096817017,-0.18892189918534041,-0.277727392578125,0.047884033203124995
143.9384891986847,-0.2487427262193445,-0.39264907226562495,0.36152445068359373
143.95854592323303,-0.33214548284136364,-1.0319009155273438,0.45010991210937495
143.97879362106323,-0.42154364529084415,-0.7589619262695312,0.8212111694335937
143.99934124946594,-0.4788330787532535,-0.8307879760742187,0.2537853759765625
144.01845812797546,-0.479632466196915,-0.7709329345703124,-0.2920926025390625
144.038476228714,-0.439796325254449,-0.7613561279296874,-0.47644613037109373
144.05857753753662,-0.4002266467932035,-0.5865794067382812,-0.7230489013671875
144.07914066314697,-0.3746462485960347,-0.6607996582031249,-0.852335791015625
144.0986967086792,-0.3180229713366767,-0.6057330200195312,-1.0702081420898437
144.11842107772827,-0.22729249648109362,0.0718260498046875,-0.5147533569335937
144.13877606391907,-0.13483001549757723,-0.3184288208007812,-1.216254443359375
144.15864825248718,-0.03797090357392244,0.32082302246093747,-0.9074024291992187
144.17834448814392,0.025447166956558548,-0.4165910888671875,-1.0462661254882812
144.1983413696289,0.04583154676992743,-0.3112462158203125,-0.4644751220703125
144.21830868721008,0.0738101072980808,-0.8259995727539062,-0.076614453125
144.23840928077698,0.095926493239383,-0.6296750366210937,0.0
144.25870561599731,0.1008560491419624,-0.6631938598632812,-0.13168109130859373
144.27912425994873,0.07820673823821919,-0.8954314208984374,-0.45968671875
144.29868006706238,0.049961715228845315,-0.4740519287109375,-0.016759411621093748
144.31835770606995,0.010924961730040842,-0.47884033203125,0.2753331909179687
144.338853597641,-0.018119448722994567,-0.23223756103515625,0.3687070556640625
144.3585410118103,-0.044898928085655654,-0.3447650390625,0.13646949462890623
144.37861251831055,-0.06754823898939886,-0.41419688720703124,-0.14125789794921875
144.39851808547974,-0.07274425737319877,-0.46208092041015625,-0.354341845703125
144.41832661628723,-0.06128637068071692,-0.5458779785156249,-0.38307226562499996
144.43852853775024,-0.03557274124293786,-0.47644613037109373,-0.38307226562499996
144.45876812934875,0.004929555902579405,-0.4740519287109375,-0.3591302490234375
144.47844815254211,0.025180704475338038,-0.5363011718749999,-0.32561142578124996
144.4982979297638,0.020384379813368887,-0.4572925170898437,-0.2753331909179687
144.51828908920288,0.013056661579804908,-0.43574470214843747,-0.11013327636718749
144.5391547679901,0.002264931090374321,-0.3591302490234375,0.02633621826171875
144.5585436820984,-0.006794793271122962,-0.38307226562499996,-0.009576806640625
144.57853960990906,-0.009992343045769061,-0.6105214233398437,-0.21068974609375
144.5984799861908,-0.01945176112909711,-0.5267243652343749,-0.32082302246093747
144.61848092079163,-0.008393568158446012,-0.5147533569335937,-0.2609679809570312
144.63842153549194,-0.03357427263378405,-0.5219359619140624,-0.21787235107421873
144.65835404396057,0.002264931090374321,-0.49799394531249996,-0.16759411621093748
144.67840433120728,-0.002264931090374321,-0.430956298828125,-0.16041151123046873
144.6987075805664,-0.012257274136143382,-0.3902548706054687,-0.009576806640625
144.71834063529968,-0.01851914244482533,-0.4381389038085937,-0.19871873779296872
144.73833537101746,-0.011191424211261349,-0.47165772705078124,-0.239420166015625
144.75876593589783,-0.004263399699528133,-0.45010991210937495,-0.229843359375
144.77864742279053,-0.0026646248122050836,-0.47884033203125,-0.27293898925781246
144.79851722717285,-0.005062787143189658,-0.4381389038085937,-0.21787235107421873
144.81840586662292,-0.004929555902579405,-0.48123453369140623,-0.1580173095703125
144.8386628627777,-0.00479632466196915,-0.42377369384765623,-0.14604630126953125
144.8583962917328,-0.008526799399056265,-0.4333505004882812,-0.19632453613281248
144.87854194641113,-0.006794793271122962,-0.45968671875,-0.2346317626953125
144.8984990119934,-0.005196018383799912,-0.4860229370117187,-0.2346317626953125
144.91839933395386,-0.007194486992953725,-0.5147533569335937,-0.201112939453125
144.93836498260498,-0.0009326186842717792,-0.46208092041015625,-0.16041151123046873
144.95834589004517,-0.0037304747370871167,-0.4572925170898437,-0.2059013427734375
144.9799723625183,-0.004396630940138387,-0.43574470214843747,-0.16519991455078123
144.99858784675598,-0.005062787143189658,-0.47644613037109373,-0.20829554443359374
145.01843571662903,-0.006528330789902454,-0.488417138671875,-0.2154781494140625
145.03843355178833,-0.004130168458917879,-0.4836287353515625,-0.258573779296875
145.05839920043945,-0.003863705977697371,-0.4740519287109375,-0.16998831787109375
145.07855415344238,-0.004663093421358896,-0.3112462158203125,-0.18435352783203124
145.0985815525055,-0.006928024511733216,-0.6057330200195312,-0.143652099609375
145.11881184577942,-0.011724349173702367,-0.46208092041015625,-0.201112939453125
145.13849544525146,-0.0018652373685435584,-0.4429273071289062,-0.23223756103515625
145.15837788581848,-0.009459418083328047,-0.4525041137695312,-0.2442085693359375
145.1784565448761,-0.003863705977697371,-0.4908113403320312,-0.21068974609375
145.19867753982544,-0.006928024511733216,-0.45968671875,-0.19153613281249998
145.21838188171387,-0.003464012255866608,-0.4070142822265625,-0.201112939453125
145.2384696006775,-0.005595712105630674,-0.47165772705078124,-0.16041151123046873
145.25850677490234,-0.004263399699528133,-0.32082302246093747,-0.20829554443359374
145.2785849571228,-0.008926493120887028,-0.430956298828125,-0.19632453613281248
145.29871916770935,-0.006794793271122962,-0.47644613037109373,-0.21068974609375
145.31846022605896,-0.0019984686091538122,-0.47165772705078124,-0.19393033447265623
145.33837842941284,-0.0014655436467127959,-0.45968671875,-0.1771709228515625
145.35854697227478,-0.0058621745868511835,-0.4572925170898437,-0.22026655273437498
145.37855410575867,-0.010392036767599824,-0.46208092041015625,-0.16280571289062498
145.39846897125244,-0.007194486992953725,-0.45010991210937495,-0.19153613281249998
145.4182505607605,-0.0058621745868511835,-0.3327940307617187,-0.20829554443359374
145.43848323822021,-0.0039969372183076245,-0.4836287353515625,-0.19393033447265623
145.45836901664734,-0.006128637068071691,-0.4525041137695312,-0.19871873779296872
145.4784436225891,-0.004263399699528133,-0.4477157104492187,-0.19393033447265623
145.49872183799744,-0.0057289433462409285,-0.45968671875,-0.17238251953125
145.51841735839844,-0.003464012255866608,-0.44532150878906246,-0.181959326171875
145.5387465953827,-0.006661562030512709,-0.41898529052734373,-0.2346317626953125
145.55850982666016,-0.006794793271122962,-0.45968671875,-0.201112939453125
145.57835984230042,-0.004130168458917879,-0.3184288208007812,-0.20829554443359374
145.5986533164978,-0.0010658499248820332,-0.45968671875,-0.19393033447265623
145.61848187446594,-0.003464012255866608,-0.46686932373046874,-0.20829554443359374
145.63849711418152,-0.005995405827461438,-0.469263525390625,-0.22744915771484372
145.6583127975464,-0.0035972434964768626,-0.47884033203125,-0.023942016601562498
145.6787633895874,-0.006128637068071691,-0.430956298828125,-0.201112939453125
145.6986598968506,-0.005329249624410167,-0.3136404174804687,-0.22266075439453123
145.71863174438477,-0.0074609494741742334,-0.3112462158203125,-0.1771709228515625
145.7387228012085,-0.004663093421358896,-0.4285620971679687,-0.21308394775390624
145.75872373580933,-0.009192955602107537,-0.488417138671875,-0.2154781494140625
145.77823734283447,-0.0057289433462409285,-0.4381389038085937,-0.181959326171875
145.79857301712036,-0.005329249624410167,-0.45010991210937495,-0.20350714111328125
145.81840562820435,-0.008127105677225504,-0.469263525390625,-0.15562310791015624
145.8385190963745,-0.004396630940138387,-0.6105214233398437,-0.17956512451171874
145.85826635360718,-0.005196018383799912,-0.47884033203125,-0.16998831787109375
145.87855124473572,-0.006794793271122962,-0.4381389038085937,-0.19393033447265623
145.89841485023499,-0.009459418083328047,-0.5027823486328125,-0.18435352783203124
145.91839408874512,-0.010125574286379316,-0.3136404174804687,-0.22026655273437498
145.9383840560913,-0.004263399699528133,-0.4213794921875,-0.16041151123046873
145.95842814445496,-0.005196018383799912,-0.5051765502929687,-0.19871873779296872
145.97870206832886,-0.006661562030512709,-0.3136404174804687,-0.19632453613281248
145.99857711791992,-0.0035972434964768626,-0.48123453369140623,-0.16759411621093748
146.01827001571655,-0.0030643185340358454,-0.6081272216796875,-0.201112939453125
146.0385298728943,-0.007194486992953725,-0.49320554199218747,-0.1771709228515625
146.0584213733673,-0.009059724361497283,-0.4572925170898437,-0.181959326171875
146.07853031158447,-0.006128637068071691,-0.4477157104492187,-0.2059013427734375
146.09846377372742,-0.009326186842717792,-0.45968671875,-0.30406361083984373
146.11817073822021,-0.005196018383799912,-0.4908113403320312,-0.16759411621093748
146.13883543014526,-0.0009326186842717792,-0.3280056274414062,-0.181959326171875
146.1586594581604,-0.006128637068071691,-0.4740519287109375,-0.1771709228515625
146.17879676818848,-0.007194486992953725,-0.47165772705078124,-0.1867477294921875
146.1988821029663,-0.008526799399056265,-0.3136404174804687,-0.16280571289062498
146.21876788139343,-0.006261868308681946,-0.5027823486328125,-0.15083470458984374
146.23885989189148,-0.004130168458917879,-0.5123591552734374,-0.18914193115234373
146.25877022743225,-0.0035972434964768626,-0.469263525390625,-0.20829554443359374
146.27866959571838,-0.007061255752343471,-0.4429273071289062,-0.19153613281249998
146.29866290092468,-0.006128637068071691,-0.45489831542968745,-0.19632453613281248
146.3185715675354,-0.00866003063966652,-0.46208092041015625,-0.21068974609375
146.3387794494629,-0.006128637068071691,-0.469263525390625,-0.15562310791015624
146.358731508255,-0.0003996937218307625,-0.44532150878906246,-0.1867477294921875
146.37886381149292,-0.008260336917835759,-0.46686932373046874,-0.16759411621093748
146.39858222007751,-0.003464012255866608,-0.4477157104492187,-0.16280571289062498
146.41876435279846,0.033041347671343035,-0.469263525390625,-0.229843359375
146.43852853775024,-0.0037304747370871167,-0.47644613037109373,-0.201112939453125
146.45821285247803,-0.005329249624410167,-0.44053310546874996,-0.19632453613281248
146.47844123840332,-0.006928024511733216,-0.4477157104492187,-0.17238251953125
146.4985921382904,-0.005462480865020421,-0.45968671875,-0.17956512451171874
146.5187213420868,-0.0057289433462409285,-0.47644613037109373,-0.17477672119140625
146.53866004943848,-0.005196018383799912,-0.4908113403320312,-0.21787235107421873
146.55870723724365,-0.007061255752343471,-0.46208092041015625,-0.19153613281249998
146.57866311073303,-0.005595712105630674,-0.45968671875,-0.21787235107421873
146.59860706329346,-0.004130168458917879,-0.4429273071289062,-0.16041151123046873
146.61833500862122,-0.006128637068071691,-0.44532150878906246,-0.1771709228515625
146.63859295845032,-0.00866003063966652,-0.5027823486328125,-0.22266075439453123
146.65857434272766,-0.010258805526989571,-0.44532150878906246,-0.25139117431640623
146.67840552330017,-0.01052526800821008,-0.47644613037109373,-0.18914193115234373
146.69859290122986,-0.008127105677225504,-0.4572925170898437,-0.19632453613281248
146.7183153629303,-0.004663093421358896,-0.4908113403320312,-0.20829554443359374
146.73874187469482,-0.010125574286379316,-0.4908113403320312,-0.16759411621093748
146.75829195976257,-0.004663093421358896,-0.47884033203125,-0.1771709228515625
146.77913093566895,-0.006928024511733216,-0.44532150878906246,-0.1771709228515625
146.79931735992432,-0.0035972434964768626,-0.30885201416015623,-0.20829554443359374
146.81842255592346,-0.005062787143189658,-0.6081272216796875,-0.21068974609375
146.83859872817993,0.0009326186842717792,-0.4860229370117187,-0.19632453613281248
146.85842514038086,-0.005995405827461438,-0.45489831542968745,-0.19871873779296872
146.8785638809204,-0.004130168458917879,-0.45489831542968745,-0.29448680419921874
146.89848732948303,-0.007061255752343471,-0.4477157104492187,-0.16041151123046873
146.9183144569397,-0.0075941807147844875,-0.45010991210937495,-0.181959326171875
146.93866205215454,-0.007993874436615249,-0.30885201416015623,-0.19153613281249998
146.958477973938,0.0003996937218307625,-0.46208092041015625,-0.21308394775390624
146.97845840454102,-0.005595712105630674,-0.4908113403320312,-0.2154781494140625
146.9986593723297,-0.01052526800821008,-0.47165772705078124,-0.20829554443359374
147.0184359550476,-0.004929555902579405,-0.45489831542968745,-0.2059013427734375
147.03847432136536,-0.006528330789902454,-0.469263525390625,-0.20350714111328125
147.05856490135193,-0.005462480865020421,-0.4908113403320312,-0.18914193115234373
147.07860207557678,-0.010258805526989571,-0.47165772705078124,-0.23223756103515625
147.0984752178192,-0.0063950995492922,-0.45489831542968745,-0.1771709228515625
147.1184434890747,-0.005329249624410167,-0.47884033203125,-0.19871873779296872
147.13860201835632,-0.0018652373685435584,-0.5027823486328125,-0.29448680419921874
147.1587164402008,-0.0030643185340358454,-0.4333505004882812,-0.17238251953125
147.17854189872742,-0.004396630940138387,-0.4572925170898437,-0.19632453613281248
147.1987588405609,-0.005062787143189658,-0.46686932373046874,-0.2059013427734375
147.21839046478271,-0.008260336917835759,-0.48123453369140623,-0.19871873779296872
147.23860692977905,-0.0063950995492922,-0.5147533569335937,-0.14125789794921875
147.25867891311646,-0.006794793271122962,-0.6057330200195312,-0.21068974609375
147.27853846549988,-0.0058621745868511835,-0.6105214233398437,-0.21787235107421873
147.2985565662384,-0.004263399699528133,-0.49320554199218747,-0.19871873779296872
147.3184208869934,-0.008926493120887028,-0.32082302246093747,-0.21787235107421873
147.3384702205658,-0.007860643196004996,-0.5147533569335937,-0.18435352783203124
147.35851311683655,-0.0074609494741742334,-0.46686932373046874,-0.19393033447265623
147.3787226676941,-0.0021316998497640663,-0.5147533569335937,-0.18435352783203124
147.3983998298645,-0.006261868308681946,-0.48123453369140623,-0.20829554443359374
147.41839385032654,-0.0029310872934255917,-0.47165772705078124,-0.20350714111328125
147.43846988677979,-0.005995405827461438,-0.45968671875,-0.19871873779296872
147.45865750312805,-0.0029310872934255917,-0.6081272216796875,-0.1867477294921875
147.4786913394928,-0.0026646248122050836,-0.45010991210937495,-0.19632453613281248
147.49855732917786,-0.004130168458917879,-0.46686932373046874,-0.18914193115234373
147.5184772014618,-0.006528330789902454,-0.46686932373046874,-0.19632453613281248
147.5384554862976,-0.005196018383799912,-0.469263525390625,-0.22505495605468748
147.55854606628418,-0.006661562030512709,-0.4740519287109375,-0.22026655273437498
147.5785174369812,-0.005196018383799912,-0.4477157104492187,-0.22266075439453123
147.5986225605011,-0.0031975497746461,-0.469263525390625,-0.19632453613281248
147.61862778663635,-0.006928024511733216,-0.4525041137695312,-0.17238251953125
147.63845229148865,-0.0035972434964768626,-0.469263525390625,-0.20829554443359374
147.65845561027527,-0.006261868308681946,-0.4381389038085937,-0.20829554443359374
147.67840600013733,-0.007061255752343471,-0.47165772705078124,-0.19393033447265623
147.6987271308899,-0.0074609494741742334,-0.46208092041015625,-0.19871873779296872
147.71834111213684,-0.004529862180748642,-0.4477157104492187,-0.201112939453125
147.73845076560974,-0.007194486992953725,-0.5147533569335937,-0.2059013427734375
147.75829887390137,-0.006261868308681946,-0.46208092041015625,-0.18914193115234373
147.77827644348145,-0.0019984686091538122,-0.6105214233398437,-0.18435352783203124
147.79864048957825,-0.006794793271122962,-0.46208092041015625,-0.19871873779296872
147.81836771965027,-0.004929555902579405,-0.47165772705078124,-0.19871873779296872
147.83845615386963,-0.004663093421358896,-0.46208092041015625,-0.18914193115234373
147.85840439796448,-0.0029310872934255917,-0.44053310546874996,-0.19871873779296872
147.87850952148438,-0.0019984686091538122,-0.4740519287109375,-0.16759411621093748
147.8984317779541,-0.004263399699528133,-0.47644613037109373,-0.18914193115234373
147.91832661628723,-0.001732006127933304,-0.49799394531249996,-0.2059013427734375
147.93826532363892,-0.004396630940138387,-0.4525041137695312,-0.21308394775390624
147.95846009254456,-0.0057289433462409285,-0.488417138671875,-0.21068974609375
147.97817707061768,-0.006261868308681946,-0.46208092041015625,-0.1771709228515625
147.99905848503113,-0.0033307810152563544,-0.4740519287109375,-0.15322890625
148.0184667110443,-0.0063950995492922,-0.4429273071289062,-0.21068974609375
148.03849720954895,-0.006794793271122962,-0.469263525390625,-0.2059013427734375
148.0584466457367,-0.0057289433462409285,-0.5195417602539062,-0.1867477294921875
148.07851886749268,-0.007860643196004996,-0.3112462158203125,-0.21308394775390624
148.09843039512634,-0.0074609494741742334,-0.4836287353515625,-0.1771709228515625
148.1184320449829,-0.007860643196004996,-0.45010991210937495,-0.21068974609375
148.1385178565979,-0.0075941807147844875,-0.45489831542968745,-0.0143652099609375
148.1586937904358,-0.007194486992953725,-0.488417138671875,-0.19632453613281248
148.1786937713623,-0.005062787143189658,-0.32082302246093747,-0.22026655273437498
148.19848704338074,-0.006528330789902454,-0.3327940307617187,-0.23223756103515625
148.21871042251587,-0.008393568158446012,-0.5961562133789062,-0.22266075439453123
148.23844647407532,-0.002797856052815337,-0.33518823242187495,-0.16998831787109375
148.25852155685425,-0.005196018383799912,-0.603338818359375,-0.16998831787109375
148.27852392196655,-0.002797856052815337,-0.46208092041015625,-0.18914193115234373
148.29860973358154,-0.009192955602107537,-0.4740519287109375,-0.19632453613281248
148.31838035583496,-0.005196018383799912,-0.45489831542968745,-0.20829554443359374
148.33892440795898,-0.0063950995492922,-0.47884033203125,-0.19393033447265623
148.35846590995789,-0.010924961730040842,-0.45968671875,-0.18435352783203124
148.37852430343628,-0.006261868308681946,-0.59376201171875,-0.19632453613281248
148.39859867095947,-0.005462480865020421,-0.3280056274414062,-0.19632453613281248
148.41860914230347,-0.00479632466196915,-0.41898529052734373,-0.16998831787109375
148.4385371208191,-0.001732006127933304,-0.4836287353515625,-0.21068974609375
148.4590196609497,-0.0057289433462409285,-0.3136404174804687,-0.2154781494140625
148.47847199440002,-0.002398162330984575,-0.5099649536132812,-0.16759411621093748
148.4984974861145,-0.0029310872934255917,-0.47884033203125,-0.16759411621093748
148.5183606147766,-0.005595712105630674,-0.33039982910156246,-0.2059013427734375
148.53932905197144,-0.008260336917835759,-0.3136404174804687,-0.22505495605468748
148.5589714050293,-0.0026646248122050836,-0.40222587890625,-0.22505495605468748
148.57845282554626,-0.0026646248122050836,-0.45010991210937495,-0.19393033447265623
148.59891390800476,-0.007061255752343471,-0.47165772705078124,-0.239420166015625
148.61841320991516,-0.0057289433462409285,-0.44053310546874996,-0.1771709228515625
148.63868737220764,-0.0075941807147844875,-0.4740519287109375,-0.19393033447265623
148.65892434120178,-0.0033307810152563544,-0.46686932373046874,-0.16998831787109375
148.67856574058533,-0.010125574286379316,-0.5003881469726562,-0.201112939453125
148.69858741760254,-0.0074609494741742334,-0.4525041137695312,-0.19393033447265623
148.71865558624268,-0.005329249624410167,-0.612915625,-0.21308394775390624
148.7382071018219,-0.00479632466196915,-0.4477157104492187,-0.19871873779296872
148.75821733474731,-0.0033307810152563544,-0.4525041137695312,-0.18435352783203124
148.7784194946289,-0.005462480865020421,-0.5027823486328125,-0.17238251953125
148.79854464530945,-0.0057289433462409285,-0.3280056274414062,-0.19153613281249998
148.8185670375824,-0.006661562030512709,-0.4572925170898437,-0.19632453613281248
148.83877325057983,-0.006928024511733216,-0.44532150878906246,-0.1771709228515625
148.85881185531616,-0.012923430339194655,-0.41898529052734373,-0.15322890625
148.87847256660461,-0.005462480865020421,-0.4429273071289062,-0.2059013427734375
148.89851927757263,-0.00479632466196915,-0.49799394531249996,-0.21068974609375
148.91849994659424,-0.006261868308681946,-0.49799394531249996,-0.19393033447265623
148.93841648101807,-0.009459418083328047,-0.46686932373046874,-0.18914193115234373
148.95847535133362,-0.006661562030512709,-0.469263525390625,-0.21068974609375
148.97870588302612,-0.0037304747370871167,-0.45489831542968745,-0.19871873779296872
148.99905848503113,-0.0095926493239383,-0.47884033203125,-0.18435352783203124
149.01896381378174,-0.002531393571594829,-0.4429273071289062,-0.1867477294921875
149.03827476501465,-0.004263399699528133,-0.5961562133789062,-0.18914193115234373
149.05814623832703,-0.003863705977697371,-0.45968671875,-0.181959326171875
149.07968139648438,-0.0074609494741742334,-0.47884033203125,-0.19871873779296872
149.0981547832489,-0.004263399699528133,-0.4572925170898437,-0.20829554443359374
149.11840438842773,-0.0039969372183076245,-0.46208092041015625,-0.15322890625
149.13836550712585,-0.007993874436615249,-0.5147533569335937,-0.1867477294921875
149.15826606750488,-0.008260336917835759,-0.30885201416015623,-0.20829554443359374
149.1782693862915,-0.0057289433462409285,-0.4908113403320312,-0.181959326171875
149.19877409934998,-0.0075941807147844875,-0.45489831542968745,-0.16519991455078123
149.2186279296875,-0.006128637068071691,-0.48123453369140623,-0.19871873779296872
149.23841547966003,-0.007061255752343471,-0.45489831542968745,-0.17956512451171874
149.25817465782166,-0.0035972434964768626,-0.49799394531249996,-0.20350714111328125
149.27849555015564,-0.0029310872934255917,-0.5027823486328125,-0.21308394775390624
149.29850387573242,-0.005329249624410167,-0.4955997436523437,-0.2154781494140625
149.31869316101074,-0.0033307810152563544,-0.3280056274414062,-0.1867477294921875
149.33838748931885,-0.007727411955394742,-0.584185205078125,-0.18435352783203124
149.35839462280273,-0.002398162330984575,-0.46686932373046874,-0.19632453613281248
149.37845516204834,-0.005462480865020421,-0.469263525390625,-0.1580173095703125
149.3984546661377,-0.00866003063966652,-0.47165772705078124,-0.23223756103515625
149.41861748695374,-0.0011990811654922875,-0.4740519287109375,-0.181959326171875
149.43857669830322,-0.0013323124061025418,-0.47165772705078124,-0.17956512451171874
149.45830631256104,-0.0031975497746461,-0.4955997436523437,-0.21068974609375
149.47846865653992,-0.006261868308681946,-0.4572925170898437,-0.1771709228515625
149.4985682964325,-0.007727411955394742,-0.46208092041015625,-0.16041151123046873
149.5186061859131,-0.0073277182335639785,-0.488417138671875,-0.229843359375
149.5384120941162,-0.007727411955394742,-0.47884033203125,-0.20350714111328125
149.55844521522522,-0.003863705977697371,-0.4908113403320312,-0.16998831787109375
149.5785937309265,-0.004396630940138387,-0.4836287353515625,-0.201112939453125
149.59851956367493,-0.0026646248122050836,-0.42377369384765623,-0.17477672119140625
149.61861872673035,-0.010791730489430587,-0.44053310546874996,-0.16759411621093748
149.63862013816833,-0.008926493120887028,-0.42377369384765623,-0.19393033447265623
