time_s,x_m,y_m,yaw_rad,vx_m_s,vy_m_s,wz_rad_s
1.516822338104248,0.0,0.0,0.0,-7.044538088240705e-32,-1.5687569754308074e-35,-4.192244837132721e-88
1.6167218685150146,0.0,0.0,0.0,-6.619222152564038e-32,-1.474042838921182e-35,3.2360010111171065e-88
1.7166767120361328,0.0,0.0,0.0,-6.207950022384087e-32,-1.3824561354582603e-35,-2.824550119176426e-88
1.8167316913604736,0.0,0.0,0.0,-5.833262628397335e-32,-1.2990165325017365e-35,-3.7020074619934815e-88
1.9166760444641113,0.0,0.0,0.0,-5.470158087382556e-32,-1.2181563287755035e-35,2.76270786427032e-88
2.0166478157043457,0.0,0.0,0.0,-5.140334739358983e-32,-1.1447075561933243e-35,-1.0632962813622419e-88
2.116734027862549,0.0,0.0,0.0,-4.8206985284367727e-32,-1.0735273697973741e-35,4.083898483774093e-89
2.217071294784546,0.0,0.0,0.0,-4.5299000890542496e-32,-1.008769102208399e-35,-4.2762831896404375e-88
2.3170464038848877,0.0,0.0,0.0,-4.248327367851474e-32,-9.460653220184824e-36,-1.8296905786188548e-88
2.4167304039001465,0.0,0.0,0.0,-3.99183105207917e-32,-8.88945837000828e-36,1.182176776639534e-88
2.516780376434326,0.0,0.0,0.0,-3.743692030484295e-32,-8.33687448703508e-36,1.9676520667205494e-89
2.616968870162964,0.0,0.0,0.0,-3.517752795972437e-32,-7.833727587117165e-36,1.4310094680342777e-88
2.716630220413208,0.0,0.0,0.0,-3.2990912570602174e-32,-7.346787480258516e-36,-2.709569742513882e-88
2.8166942596435547,0.0,0.0,0.0,-3.099911160769414e-32,-6.903230836772372e-36,-5.1294612137805686e-89
2.916698694229126,0.0,0.0,0.0,-2.9072234609752775e-32,-6.474132193887985e-36,1.9424666506657656e-89
3.016773223876953,0.0,0.0,0.0,-2.7316422804747266e-32,-6.083128272948404e-36,1.2879419506098085e-88
3.1168460845947266,0.0,0.0,0.0,-2.561916588606394e-32,-5.70516401435693e-36,-5.607760856282062e-89
3.216749429702759,0.0,0.0,0.0,-2.4073089249922125e-32,-5.3608662792747e-36,-3.1588453944142446e-89
3.3166823387145996,0.0,0.0,0.0,-2.257673683986012e-32,-5.027641694340667e-36,2.327643372292831e-89
3.416753053665161,0.0,0.0,0.0,-2.121186138368005e-32,-4.723695874552698e-36,-4.640882994693186e-90
3.517005681991577,0.0,0.0,0.0,-1.989513625388776e-32,-4.430472712141029e-36,4.327075078954625e-89
3.6167542934417725,0.0,0.0,0.0,-1.8693348654352034e-32,-4.162845133584002e-36,-6.18783777249322e-90
3.7166972160339355,0.0,0.0,0.0,-1.7531384811739843e-32,-3.904085955420744e-36,9.750071673944427e-90
3.8167805671691895,0.0,0.0,0.0,-1.647368254259979e-32,-3.668544918137555e-36,3.7097966038461384e-90
3.916738748550415,0.0,0.0,0.0,-1.5449478292353258e-32,-3.440463595138307e-36,-1.0875617528559933e-89
4.016839981079102,0.0,0.0,0.0,-1.451733689999433e-32,-3.232883865625276e-36,-7.42658057772149e-90
4.116698503494263,0.0,0.0,0.0,-1.361438892705723e-32,-3.031805255747905e-36,1.950514584246117e-89
4.217079162597656,0.0,0.0,0.0,-1.2792866724597057e-32,-2.8488594508014938e-36,1.2217811838406418e-89
4.317143678665161,0.0,0.0,0.0,-1.1997085592710518e-32,-2.671645958502573e-36,-4.831200884927407e-90
4.418313503265381,0.0,0.0,0.0,-1.1273166781196376e-32,-2.5104355749259346e-36,-7.214982044855368e-90
4.517130374908447,0.0,0.0,0.0,-1.0572246384642546e-32,-2.354346736850723e-36,1.3116962324220774e-89
4.616863012313843,0.0,0.0,0.0,-9.934498391856319e-33,-2.2123258409432318e-36,-1.1275655957766852e-90
4.716801166534424,0.0,0.0,0.0,-9.316594884626976e-33,-2.0747241380267217e-36,1.1951777716525007e-89
4.81678581237793,0.0,0.0,0.0,-8.754306084303558e-33,-1.9495073435534594e-36,5.858005156441376e-90
4.916689872741699,0.0,0.0,0.0,-8.210067611017038e-33,-1.8283101989484852e-36,3.79666896520128e-90
5.018416404724121,0.0,0.0,0.0,-7.714450706487397e-33,-1.717940652159207e-36,-2.0552633024049972e-90
5.11673641204834,0.0,0.0,0.0,-7.235046736044991e-33,-1.6111815837937753e-36,4.715459899692276e-90
5.216792106628418,0.0,0.0,0.0,-6.79835255343796e-33,-1.5139336115536865e-36,-6.48578831270517e-90
5.316710472106934,0.0,0.0,0.0,-6.375722127589187e-33,-1.4198175147566928e-36,4.242133550837398e-91
5.416708469390869,0.0,0.0,0.0,-5.990857448153922e-33,-1.3341115194868157e-36,7.397846881745608e-90
5.516697645187378,0.0,0.0,0.0,-5.618551556934329e-33,-1.2512022560108658e-36,-2.5652079101044352e-90
5.617124319076538,0.0,0.0,0.0,-5.2793101607993484e-33,-1.17565616611278e-36,-7.389807514713743e-93
5.717588186264038,0.0,0.0,0.0,-4.951113458185023e-33,-1.1025696324766802e-36,9.188138107885056e-91
5.816652774810791,0.0,0.0,0.0,-4.652216394223268e-33,-1.036007872744642e-36,3.7405152741861867e-90
5.917156219482422,0.0,0.0,0.0,-4.363127524833165e-33,-9.716303116740776e-37,7.278316801979959e-91
6.016741752624512,0.0,0.0,0.0,-4.0996101115950095e-33,-9.12947290199924e-37,1.281701419194332e-90
6.117089748382568,0.0,0.0,0.0,-3.844919508683039e-33,-8.562299222800467e-37,6.120836418112692e-91
6.216708183288574,0.0,0.0,0.0,-3.6127589754852006e-33,-8.045298036691688e-37,-1.5960792392299199e-90
6.316748380661011,0.0,0.0,0.0,-3.3882906652365445e-33,-7.545426753910092e-37,9.277055365811373e-92
6.416746139526367,0.0,0.0,0.0,-3.183622482565199e-33,-7.089648627012803e-37,5.9241616663917e-91
6.516672134399414,7.227107801099919e-12,4.2579273440424e-12,0.0,0.013499995013293896,-5.434562522029076e-30,0.003490656785463519
6.616773366928101,0.002999999642344875,0.0019999997420869775,5.81774628471976e-11,0.03699999134512874,1.20899812481953e-13,1.77184642825845e-09
6.716655254364014,0.00999999929946327,0.0049999998085850095,0.0,0.07749998587994172,-4.887183486016849e-13,8.720424759693359e-16
6.8166468143463135,0.01799999975799249,0.009999999799233272,0.0,0.09849999370164307,-3.1022222731213615e-13,-0.003490656731627749
6.916761875152588,0.02899999959940658,0.01699999966194987,-5.81774628471976e-11,0.13449998881719558,-1.2790410347037712e-14,0.0034906550719257285
7.016667366027832,0.042999999543600786,0.02499999978168077,5.81774628471976e-11,0.16099999266929935,-1.412552723130983e-13,1.774656175485001e-09
7.116682291030884,0.05899999971462133,0.03399999991584135,0.0,0.18999999253909663,-3.6146585132518585e-13,8.723641013690846e-16
7.217146158218384,0.07599999989950312,0.04499999974083835,0.0,0.195500001605,1.7147364582723607e-13,4.433201264400627e-22
7.316884994506836,0.09100000048220203,0.05400000025223495,0.0,0.17100001264496886,2.4756807900041833e-13,-4.3682514891444865e-27
7.4167397022247314,0.10200000074990534,0.0600000005396053,0.0,0.1295000186623177,-1.7569133039751464e-14,0.003490656731034332
7.516696214675903,0.11200000028556989,0.0660000001470058,5.81774628471976e-11,0.10150001202122758,4.138635957659428e-14,1.7172450857139143e-09
7.616807699203491,0.1190000003342302,0.07000000022219233,0.006119998964198792,0.07650001048168234,-2.5810640690879336e-14,0.05585050770595275
7.716704845428467,0.12300000051687743,0.07300000018880581,0.02600999767009826,0.04600001155866496,3.015296857339028e-13,0.19547680755284247
7.816655397415161,0.12500000034949288,0.0730000004721223,0.06731999626671248,0.01500001141456021,-3.564370029530517e-13,0.4153882503223377
7.91663932800293,0.12500000021705926,0.07399999995150885,0.12392999763353829,0.0005000042516322984,1.7866716222907135e-13,0.561995946968021
8.016610383987427,0.12499999998021494,0.07300000018774533,0.1988999966844046,-0.0015000006082175321,-3.105764598788097e-13,0.7609634528953876
8.116563081741333,0.12499999995389466,0.07399999976173177,0.2906999976197522,0.001499997560676562,1.712603376789477e-13,0.91455245244026
8.21657657623291,0.12499999999938094,0.07300000020244735,0.39167999814962995,-0.001500000037245985,-2.494710057496653e-13,1.0088002597926886
8.316559553146362,0.12499999996409272,0.07299999995242867,0.49113000049819044,-0.0010000013623618206,-2.3394089160752146e-13,0.9913470237225824
8.416547298431396,0.1249999999763407,0.07399999975833804,0.5859900004882861,0.0014999979527170314,9.4681324791696e-14,0.9529497910597204
8.516980409622192,0.1250000000015472,0.07300000020016117,0.6640200030731769,-0.0014999998609779418,-1.8271387791056741e-13,0.7888889026975594
8.61754322052002,0.12499999998065459,0.07299999995074558,0.7221600033094995,0.0004999982569744016,-1.7166661904380147e-13,0.5759587612563406
8.716681003570557,0.12499999999631939,0.07299999998873652,0.7634700028190076,0.0009999989423873444,-1.6098829940619532e-13,0.4223697546093187
8.816874980926514,0.12499999999986322,0.07299999999950302,0.7894800026378683,-4.2706454583645026e-10,-1.5125770359862965e-13,0.25830881258633515
8.9171621799469,0.1249999999951159,0.07299999998076778,0.7956000033009947,-7.8136635833434e-10,-1.4184592596315238e-13,0.059341292505665
9.01661992073059,0.12499999999565503,0.072999999982442,0.795600000989023,-7.34108274386483e-10,-1.3326686710633508e-13,-0.0034906266268640573
9.117007732391357,0.12499999999572342,0.07299999998271467,0.7955999999418231,-0.000500000503888791,-1.249686215885101e-13,-1.716891324856501e-09
9.216647386550903,0.12499999999392308,0.07399999977223626,0.7940700002591163,0.0009999987693965974,2.7594145336919e-14,-0.013962626921947573
9.31674575805664,0.12500000000133493,0.07300000020222619,0.7741800030306512,0.0014999992324033753,-1.2443431754642593e-13,-0.20245810045168142
9.416682481765747,0.125000000004154,0.07399999981216077,0.7328700036208269,3.707404675412033e-11,4.062886132058721e-14,-0.4118975970758908
9.516681432723999,0.12499999999570655,0.07300000018302288,0.674730002662717,-0.0010000001686204262,-1.4902258635639775e-13,-0.5794492292897107
9.616628408432007,0.1249999999886997,0.07399999976709193,0.6012900027793793,0.0009999987088189122,7.455671082013285e-14,-0.7435101779997735
9.716600894927979,0.12500000000311307,0.07300000020341102,0.506430003162111,-0.0009999997110576265,-1.9329822691891178e-13,-0.9389870414174895
9.816668510437012,0.12499999998830269,0.07399999977703953,0.41157000040461744,0.012999994189288483,1.2455827065386123e-13,-0.9564404212313043
9.916543245315552,0.12699999976667264,0.07699999963089699,0.33200999711285784,0.039499990098537115,2.0368500866868263e-13,-0.7923795611585183
10.016622066497803,0.13199999952014618,0.08199999961234639,0.27539999637710144,0.0779999858049007,-1.4561861928643163e-13,-0.5794494198019648
10.116570472717285,0.13899999973185828,0.08899999978280526,0.2294999978710921,0.09599999471304982,-2.746438705476898e-13,-0.45378566735311987
10.216960191726685,0.14799999960787424,0.09799999954204974,0.20654999632089988,0.13349998738016539,-7.781786003543934e-14,-0.23387423141871158
10.316647291183472,0.1599999996711814,0.10799999988430464,0.1973699976073897,0.16149999211620336,-5.026457503055936e-13,-0.08028522114607115
10.416648149490356,0.17399999962898693,0.12099999957138063,0.19889999840283734,0.188999992446298,-2.58251829125068e-13,0.010471929407877015
10.517247438430786,0.18999999974471393,0.13499999984123612,0.19890000017453202,0.22349999066262502,-4.075247696215539e-13,-0.0034906516342122045
10.617034196853638,0.20699999994803164,0.15099999980199286,0.19431000071866233,0.22500000341409926,-4.8031409108715954e-14,-0.04188788255211276
10.716681718826294,0.22200000046843638,0.16400000048264562,0.17442000256409784,0.19500001484593246,-2.012537514713329e-13,-0.2024581142242632
10.81660008430481,0.23500000036372892,0.17500000033158436,0.1331100036174825,0.1625000152568606,-2.364057110030985e-13,-0.41189759712675883
10.917633056640625,0.2460000004166769,0.18300000045208975,0.0749700026665342,0.13350001262605443,-5.325174007824704e-13,-0.5724679156822836
11.017295122146606,0.2560000001748213,0.18900000031452713,0.004590002367874657,0.11300000896389444,-9.716559522952764e-13,-0.7120942639351513
11.11700439453125,0.262000000750815,0.1930000003628214,-0.08873999655464232,0.07050001629249433,-6.828714405579978e-13,-0.9285150555299829
11.216682195663452,0.26700000023541026,0.19500000018831898,-0.18818999864928987,0.04550000912064528,-8.469432693350757e-13,-0.9983282967056343
11.316636562347412,0.2710000000444559,0.19600000010144836,-0.28152000131346844,0.04399999958744351,-1.0480354292605664e-12,-0.9320058532365624
11.41659951210022,0.27699999962770416,0.1970000000136931,-0.359550002339017,0.06999998914405237,-1.2994557564009778e-12,-0.785398237768853
11.516962051391602,0.28699999942319643,0.1980000000461608,-0.41922000330041387,0.10249998771478216,-1.675517116408098e-12,-0.5899213833847551
11.616659164428711,0.2989999996284931,0.19900000003172114,-0.46053000284181955,0.12999998998802237,-1.7928751550123413e-12,-0.4153884505744866
11.716954231262207,0.31499999949081925,0.19999999999331042,-0.485010002906741,0.16249998908387953,-1.7758667986530119e-12,-0.2443461794671356
11.817052364349365,0.33399999944798964,0.20099999995382323,-0.49113000303658394,0.19099999089101502,-1.609364005857863e-12,-0.06283194523915453
11.917042970657349,0.3559999995617691,0.20199999996399765,-0.4896000012982431,0.21999999160582026,-1.4529349598107837e-12,0.01047193942859019
12.017861366271973,0.37899999979944443,0.2029999999885117,-0.49112999956661474,0.2250000009361233,-1.3566024465147043e-12,-0.0034906514172074413
12.116803407669067,0.39900000061463725,0.20399999999127783,-0.48960000030899575,0.1965000132955103,-1.1644101447752433e-12,0.006981311857858176
12.217059135437012,0.4150000006999326,0.20400000016937625,-0.4895999998836449,0.15950001608886,-1.5074093291620751e-12,0.0034906602777867767
12.317015171051025,0.42900000044219144,0.20499999994026652,-0.4911299996910161,0.13400001038907933,-1.1650418831231292e-12,-0.010471968645485115
12.416751861572266,0.4420000000441737,0.2050000001109602,-0.49113000017453246,0.1330000007169903,-1.4186323366264934e-12,-0.0034906620499259465
12.516651391983032,0.45699999972796856,0.20599999991390305,-0.489600000309236,0.15949999050459948,-1.0944368800575076e-12,0.013962625424196618
12.61694860458374,0.4759999993769828,0.206999999935654,-0.49112999950878944,0.19299998812319902,-9.161074507226929e-13,-0.00698130639229355
12.716642141342163,0.4979999995774351,0.20799999996464624,-0.48960000036762885,0.21849999217557212,-8.029115888726892e-13,0.006981310128675639
12.816860914230347,0.522999999360378,0.20899999998711483,-0.4895999998836449,0.25249998911662547,-7.976018827982121e-13,3.544841397848386e-09
12.916644096374512,0.5499999998171186,0.2100000000231228,-0.4911299997489982,0.28049999240720724,-8.456959476751903e-13,1.7320764756827609e-15
13.017099857330322,0.5809999994054582,0.21100000003254316,-0.4896000002589602,0.3089999923479837,-9.64261423275415e-13,0.0034906567315524002
13.116997241973877,0.6149999995959758,0.21200000007268027,-0.48959999994182235,0.3404999920544135,-1.1883704473926806e-12,1.7174494357057035e-09
13.216702938079834,0.6509999996111491,0.21399999989052443,-0.49112999974102856,0.36799999368854885,-8.410749636666092e-13,8.59148331434505e-16
13.316752195358276,0.690999999614621,0.21599999991580265,-0.4896000002510337,0.40149999218729515,-5.734956987824187e-13,1.2552104259403372e-17
13.41659140586853,0.7329999996970189,0.21700000014833254,-0.49112999974297766,0.4274999952075655,-1.024689555025705e-12,-1.285108277553058e-17
13.51657223701477,0.7789999995772625,0.2189999999629446,-0.4896000002527754,0.45949999343515924,-9.004703089913449e-13,1.2638749031036995e-17
13.616637945175171,0.8269999995988213,0.22099999999446762,-0.4911299997412306,0.4884999946944153,-8.807619931845115e-13,-1.293842047248593e-17
13.7166428565979,0.8779999998772672,0.2230000000161816,-0.4911299999999996,0.5025000008913084,-8.930155034128911e-13,-8.487334033600576e-24
13.816576957702637,0.9260000004370754,0.22500000001480025,-0.4911299999999996,0.48450001288376027,-8.293564360595837e-13,-1.3917892042347201e-27
13.916613340377808,0.9720000007399086,0.22700000001114073,-0.48960000025103056,0.4560000157536219,-7.164903296416603e-13,0.0034906567858285316
14.01774549484253,1.0150000004652813,0.22899999998809317,-0.48959999994182235,0.42700001532519233,-5.786595233370055e-13,0.003490658503987784
14.116650342941284,1.05600000052676,0.230999999974836,-0.48807000019281377,0.3970000144002325,-3.920710067116382e-13,0.010471972076182544
14.216606140136719,1.0940000002717585,0.23299999994851994,-0.48959999956649414,0.3940000035769405,-1.7974418495029593e-13,-0.01745327833976381
14.316587209701538,1.1359999996768995,0.23400000014369127,-0.48960000029088757,0.4194999927971731,-6.655839279737582e-13,0.006981304982886308
14.416594743728638,1.1809999993322835,0.23599999995694088,-0.4895999998836449,0.4574999881652301,-5.825147294219294e-13,-0.0034906531874047443
14.516875982284546,1.2289999997965562,0.23800000000259125,-0.4896000000581773,0.47749999599611465,-5.8201776502738e-13,-1.7168178345974838e-09
14.616640329360962,1.278999999501429,0.24000000000768917,-0.4895999999999998,0.5029999939110609,-6.333197113881338e-13,-8.708257851053184e-16
14.71657419204712,1.329000000302925,0.24200000004119193,-0.49112999974890226,0.4995000052859531,-6.828782504911355e-13,-1.2555276309644406e-17
14.816573143005371,1.3789999999079168,0.24400000000972977,-0.4911299999999996,0.4985000040539644,-6.818212101241696e-13,-0.006981313460352834
14.917122602462769,1.4280000004113664,0.24600000002196953,-0.4896000003670804,0.4965000041568356,-6.550994911602237e-13,0.020943937295333753
15.016752004623413,1.4779999998337732,0.24800000002198264,-0.4895999996509346,0.49100000526809995,-7.01907252227018e-13,-0.010471959550097446
15.116949796676636,1.5240000008118986,0.25000000002924594,-0.4911299999236096,0.4615000137307962,-6.407249858679639e-13,-0.013962632298527336
15.216611385345459,1.5670000005121234,0.2519999999759177,-0.4880700007507941,0.4240000163082775,-4.677694399646992e-13,0.034906560217971686
15.316560983657837,1.606000000800492,0.2539999999826943,-0.4895999991672455,0.3925000126318756,-2.71970789043789e-13,-0.013962609966657366
15.416624546051025,1.644000000115902,0.2550000001326742,-0.49112999997377926,0.3675000097573744,-6.348510239252339e-13,-0.01047197728418152
15.51663064956665,1.6780000006217155,0.256999999908599,-0.49113000017453246,0.33900001015214926,-2.2614076435487833e-13,-5.155000940004761e-09
15.616588592529297,1.7090000004357218,0.2580000000751417,-0.4911299999999996,0.3100000100607366,-3.8215577243876856e-13,-0.006981313463160455
15.71730923652649,1.7390000002511816,0.2590000000575676,-0.4896000003670946,0.3055000000467195,-5.075359235023945e-13,0.01396262371895252
15.817195892333984,1.7709999995808832,0.2609999998544117,-0.4895999997672895,0.33249998807539194,-9.800522591350423e-14,7.0903918552439604e-09
15.917154788970947,1.807999999358159,0.26200000008784485,-0.4895999999999998,0.3659999867357428,-4.558275118647583e-13,3.4895458634052246e-15
16.017030000686646,1.8459999996081495,0.26399999990784995,-0.49112999974111426,0.3864999921088124,-2.0442146125291465e-13,-0.0034906567320666447
16.116644859313965,1.8879999994886494,0.26500000012378067,-0.48960000030924844,0.42749998526450483,-6.486448985083045e-13,-1.7184347772883357e-09
16.21664333343506,1.9329999994586533,0.2669999999623691,-0.49112999974128835,0.45199999198622054,-5.665358810471319e-13,-8.846573231771335e-16
16.31725525856018,1.980999999650761,0.2689999999824044,-0.489600000250904,0.4814999909214913,-5.213327046790236e-13,1.2544748436252797e-17
16.41664409637451,2.0309999995261907,0.2710000000088133,-0.49112999974077143,0.5019999945474092,-5.761990685963265e-13,-0.003490656729720575
16.51666522026062,2.0810000002550466,0.27300000002365277,-0.4911300000581771,0.4990000038111003,-5.817453454672576e-13,0.0034906550680936124
16.617121934890747,2.1309999998836053,0.27500000000870806,-0.49112999994182216,0.4995000022807063,-5.868027473200437e-13,1.7713326968399334e-09
16.71689534187317,2.1810000001946337,0.2770000000211601,-0.489600000251063,0.4990000025134024,-5.916885809552976e-13,8.845451376337366e-16
16.817029237747192,2.230000000063536,0.2799999998200091,-0.4895999999999998,0.4855000073295941,-1.3470506877908473e-14,4.512116218357174e-22
16.917011260986328,2.2760000006766004,0.281000000220188,-0.4895999999999998,0.4560000126142639,-6.16466507959577e-13,7.78745037632728e-26
17.016835689544678,2.3190000003811875,0.28299999998448033,-0.4911299997409615,0.4270000120172907,-4.84709832306165e-13,-0.0034906567310223685
17.11672353744507,2.3590000006502754,0.2849999999586865,-0.4911300000581771,0.394500012206783,-2.3907379014217106e-13,-1.7164742925623866e-09
17.217366218566895,2.396000000330555,0.28600000012126525,-0.48960000025920936,0.366000010344876,-5.43598594118444e-13,0.010471970189545255
17.316705226898193,2.4300000005776408,0.28799999991804004,-0.4941899990731069,0.33650000971534066,-1.725703737641269e-13,-0.04886918987549084
17.416913270950317,2.461000000364998,0.2890000000518249,-0.5171399969280963,0.30850000891637885,-2.7448486171118296e-13,-0.2199113988575892
17.5166015625,2.4890000005811928,0.2890000000931616,-0.5747553013996711,0.2745000102329695,-5.238224434662715e-13,-0.41887892262605564
17.6171715259552,2.5140000003149314,0.28700000017800775,-0.631365304572018,0.24800000716774628,-1.0595636870096173e-12,-0.565486603146775
17.716652870178223,2.5360000005145444,0.2849999999129089,-0.7078653040962846,0.21750000784024465,-8.795704871842019e-13,-0.7574728011938626
17.817105770111084,2.5550000002987123,0.2810000000758741,-0.7996653042150355,0.18550000837635275,-1.2012281174232165e-12,-0.9320057316496195
17.916638374328613,2.571000000308772,0.2760000000373459,-0.8991153064064057,0.16200000429641748,-1.4980590146195308e-12,-0.9878563291556854
18.01661443710327,2.5830000004585987,0.27099999990336965,-0.9939753075838209,0.12450000966372879,-1.6280825818770382e-12,-0.9599311027803072
18.116848707199097,2.5920000003266743,0.26599999994051693,-1.0720053103848848,0.10100000344419673,-1.8183233366466842e-12,-0.7784169356708843
18.217130184173584,2.598000000384253,0.26199999985248823,-1.1316753100546513,0.0720000056141431,-1.919192133197718e-12,-0.5899213828769752
18.31661081314087,2.602000000264396,0.2599999996753022,-1.1714553104877825,0.040500005844430115,-1.4238780756198268e-12,-0.40491647748372406
18.41660165786743,2.6030000003110114,0.25899999982108657,-1.1959353097830174,0.011000005105717007,-1.462328889773848e-12,-0.24434617684681198
18.516950607299805,2.6030000000382567,0.2589999999700483,-1.2035853099970626,-0.001000002024225297,-1.3713204744890525e-12,-0.0767945695466418
18.616803407669067,2.6029999998629454,0.25900000010879687,-1.1989953092358525,0.0009999928965593388,-1.2883936704342284e-12,0.04886915529115704
18.716628074645996,2.602999999899889,0.25900000007871427,-1.1745153103815809,0.004999992622659932,-1.2082229307482355e-12,0.24085534227658972
18.816622972488403,2.602999999967933,0.25900000002394385,-1.1286153109298391,-0.004500001827759163,-1.1351671915862136e-12,0.45727615419238543
18.9166100025177,2.602999999817389,0.2590000001238755,-1.0689453093524568,0.00299999189829055,-1.0645578631468468e-12,0.600393192213059
19.016664266586304,2.6029999999463955,0.25900000003184864,-0.9893853106067638,-0.002000002932008661,-1.0000772716670082e-12,0.7958700398904658
19.11659526824951,2.602999999865796,0.2590000000659547,-0.9021753082450039,0.011499990356602856,-9.3793332391019e-13,0.8691739313583886
19.21661114692688,2.606999999325546,0.2580000001495817,-0.8348553040914095,0.041499984488329894,-5.716793338240625e-13,0.6841691607520561
19.31708860397339,2.613999999358145,0.256000000164037,-0.7843653040595222,0.07399998488695869,-4.269945713265941e-13,0.4956736003329648
19.416796922683716,2.622999999567762,0.25400000004695666,-0.7507053046155039,0.0984999884723564,-2.1615231213053154e-13,0.33510329791512855
19.516925811767578,2.6359999993500005,0.2510000001671129,-0.7369353038529174,0.13449998523541173,-2.734787128836331e-13,0.14660774991154046
19.61663031578064,2.650999999588837,0.24800000006273937,-0.735405304995099,0.15999998970909934,-1.9139939239759123e-13,0.00349073117762691
19.716631174087524,2.6699999994179797,0.24499999994074795,-0.7354053071214071,0.19199998825932713,3.75018160582029e-13,1.7166410649742392e-09
19.81659507751465,2.690999999528461,0.24100000003164102,-0.7354053071795863,0.2209999897191968,5.424500026188905e-13,8.724402784996461e-16
19.916985273361206,2.7149999996616447,0.23600000008160738,-0.7369353069288214,0.24949999090395367,4.716005816318334e-13,-0.0034906567876469724
20.016597270965576,2.7429999992629783,0.2309999999888701,-0.7354053074968698,0.28199998957681255,9.198564282881193e-13,0.003490654957126531
20.116632223129272,2.7729999997022965,0.22599999983029218,-0.7354053071214088,0.3089999926482796,1.57754036901283e-12,-0.0034906550695160913
20.217138051986694,2.805999999442521,0.21900000015714838,-0.7354053072377638,0.3419999904790803,1.3589036880721779e-12,0.003490654958147777
20.316709995269775,2.841999999722294,0.2129999997799379,-0.7369353068704672,0.3704999931256835,2.1321207815030844e-12,-0.0034906550688898912
20.41658306121826,2.880999999451801,0.205000000095799,-0.735405307496658,0.3989999932083417,2.0554759185275077e-12,0.0034906549600267683
20.516642808914185,2.922999999683069,0.19699999993865713,-0.7354053071214088,0.43049999286087604,2.31946623535748e-12,1.7170640196143006e-09
20.616637229919434,2.9669999996261156,0.18899999986257487,-0.7354053071795863,0.4574999946283095,2.80284444674375e-12,8.724018094312836e-16
20.717086791992188,3.0149999996694055,0.1799999998953119,-0.7354053071795863,0.48999999326268273,3.1633400495681852e-12,4.290197871969493e-22
20.81674599647522,3.063999999783505,0.17000000002752813,-0.7354053071795863,0.4990000022489781,3.021988004482017e-12,-6.694215073874971e-27
20.91656994819641,3.113000000268876,0.1609999997314011,-0.7369353069286739,0.49700000627685903,3.4940774266154027e-12,-1.2545584447664624e-17
21.01668429374695,3.162999999707737,0.15199999978261047,-0.7369353071795861,0.5010000036326911,4.0926511396581705e-12,-8.605059296360781e-24
21.11756706237793,3.2110000004993493,0.1429999997088922,-0.7369353071795861,0.49800000603365563,4.419632232210242e-12,-7.769852270905052e-26
21.217332363128662,3.2599999999038687,0.13299999998705125,-0.7354053074387337,0.4995000039890012,4.248584694300996e-12,1.2957350659131745e-17
21.316710948944092,3.3100000000397967,0.12399999973775966,-0.7369353069283586,0.49900000449766935,4.769030002583488e-12,-1.2561337873017323e-17
21.41663885116577,3.358999999924784,0.11499999977985897,-0.7354053074383229,0.4970000048035782,5.168110190628271e-12,0.003490656733086818
21.516607999801636,3.408000000190972,0.10499999994426812,-0.7354053071214088,0.5000000026359623,4.897543118666595e-12,1.7168346258533695e-09
21.61659574508667,3.456999999915892,0.09599999979696072,-0.7369353069202944,0.49950000377749815,5.242131420718737e-12,8.598991599677969e-16
21.716599941253662,3.5060000002224623,0.08699999972527994,-0.7354053074304874,0.4990000035355777,5.62339845336672e-12,1.2545456121578579e-17
21.816604375839233,3.5549999998951605,0.07799999980147643,-0.7354053071795863,0.49700000390104093,5.9244607307560974e-12,8.404999471527669e-24
21.916924953460693,3.6040000001657875,0.06799999994946315,-0.7354053071795863,0.5000000017883883,5.606923023879782e-12,-6.709549389782126e-27
22.01677632331848,3.652999999906935,0.05899999979905868,-0.7369353069205737,0.49850000336289646,5.908995660803369e-12,-0.003490656731198205
22.116806983947754,3.702000000183559,0.04999999973333136,-0.7354053074887008,0.5000000020277995,6.248701151645572e-12,0.003490655068948548
22.216676950454712,3.750999999905979,0.04000000000241055,-0.7369353068625237,0.5020000016972743,5.920723645109734e-12,-0.003490654960153452
22.317041635513306,3.800000000249991,0.03099999971973233,-0.7369353072377636,0.49700000419662227,6.259953676029852e-12,-1.7161822236759494e-09
22.41670846939087,3.8489999998273983,0.021999999799789727,-0.7354053074386537,0.49750000190490934,6.5684909632745744e-12,0.006981313461643976
22.516713857650757,3.8980000001488277,0.011999999952963414,-0.7369353068122031,0.49950000123799676,6.210977417867979e-12,-0.0034906533495687618
22.616605281829834,3.9469999998716965,0.002999999790586294,-0.7369353072377636,0.5010000013307391,6.522462115494867e-12,-1.7732731732653106e-09
22.716596364974976,3.9960000002144778,-0.006000000273021833,-0.7354053074304758,0.5010000018188518,6.824034250814317e-12,-8.597992065645033e-16
22.816614389419556,4.044999999902631,-0.015000000199933083,-0.7354053071795863,0.4960000036172026,7.052649002319998e-12,-4.344464408417008e-22
22.916666746139526,4.094000000111101,-0.02500000003925429,-0.7369353069286575,0.4980000007492991,6.664865436888795e-12,-1.2546421877561954e-17
23.016904592514038,4.142999999831455,-0.034000000201023894,-0.7354053074386337,0.4975000016350845,6.948969059271089e-12,0.0034906567309578884
23.116628408432007,4.192000000149213,-0.043000000243658576,-0.7354053071214088,0.5024999994985981,7.17680216199678e-12,1.7155962895969157e-09
23.21672511100769,4.241999999707359,-0.05299999999856819,-0.7369353069202931,0.5005000021414998,6.9148161622892366e-12,-0.003490656729275831
23.316847562789917,4.291000000188089,-0.0620000002675658,-0.7369353072377636,0.4985000019829558,7.191938359549276e-12,-1.7173876496259788e-09
23.416772842407227,4.339000000043015,-0.07100000020261099,-0.7354053074384428,0.49650000188636284,7.321741052801391e-12,0.0034906567322644778
23.51669478416443,4.388000000103357,-0.0810000000376645,-0.7369353068703268,0.4990000000837182,6.917439070961177e-12,-0.003490655066971147
23.616652011871338,4.437999999643804,-0.09000000020409615,-0.7354053074966829,0.5010000002415108,7.309004059131334e-12,0.003490654959687114
23.716681480407715,4.487000000192703,-0.09900000025284506,-0.7369353068704654,0.49750000227960645,7.51418205611966e-12,1.7175603526237149e-09
23.816620349884033,4.535999999813304,-0.10899999999406518,-0.7369353071795861,0.49950000008469214,7.1559627188157e-12,8.720145451819773e-16
23.916623830795288,4.585000000159505,-0.11800000026159996,-0.7354053074304692,0.49700000176325076,7.418108794197747e-12,0.003490656786841311
24.016746282577515,4.6339999998039545,-0.1270000001796392,-0.7354053071214088,0.4994999997786834,7.61079229288442e-12,1.772253835439358e-09
24.116637229919434,4.68300000015856,-0.136000000245863,-0.7369353069285816,0.5019999998209559,7.797145423077152e-12,8.596915736164027e-16
24.21660804748535,4.731999999890457,-0.14600000001007718,-0.735405307438652,0.4980000022844301,7.422008991284697e-12,1.295370716440917e-17
24.316744804382324,4.781000000134209,-0.1550000002406282,-0.7354053071795863,0.497000000986195,7.620313935934172e-12,8.404606477048425e-24
24.416680812835693,4.829999999802392,-0.164000000179227,-0.7369353069207518,0.4975000003667982,7.800841962950396e-12,-0.0034906567324178685
24.516676425933838,4.8790000001309135,-0.1740000000588502,-0.7354053074882607,0.5004999994284787,7.413424234437244e-12,0.0034906550749783864
24.617001056671143,4.927000000031908,-0.1830000001853147,-0.7354053071214088,0.48700000573978125,7.484509146889022e-12,1.7777616943652486e-09
24.71664023399353,4.973000000473888,-0.1910000003860688,-0.7384653066775897,0.4605000100079625,7.911644880491441e-12,-0.01745328393024652
24.81659197807312,5.01500000045173,-0.19900000025215814,-0.7369353077294543,0.4220000142948373,7.892953966874257e-12,0.006981304599993337
24.916590213775635,5.054000000546845,-0.20700000013060027,-0.7354053073139828,0.39600000832687055,7.4551306290414e-12,0.010471973795712207
25.016793489456177,5.090000000376687,-0.2140000001604525,-0.7354053070050535,0.3655000098684603,7.24647280725345e-12,5.323052438069298e-09
25.117809772491455,5.124000000396809,-0.22000000027756883,-0.7369353069288507,0.33650000831820903,7.402704497164918e-12,-0.006981313575695403
25.216577291488647,5.15400000040535,-0.22600000012898036,-0.736935307295941,0.3085000077935165,7.0866686237497974e-12,-3.5476686328222984e-09
25.31661105155945,5.1820000004315405,-0.23100000024805745,-0.7369353071795861,0.27800000788454843,7.136833997585003e-12,-0.006981313574958739
25.41679620742798,5.207000000249548,-0.236000000089164,-0.7338753078143379,0.24550000855039458,6.815058706846318e-12,0.027925250291274326
25.516703605651855,5.229000000356364,-0.24000000016946732,-0.7354053064633885,0.2155000066924257,6.6907531693304566e-12,-0.013962613418820068
25.61675190925598,5.24700000043169,-0.2430000002317918,-0.7369353071532387,0.18700000608054634,6.70284609608808e-12,-0.0034906638232762126
25.718181848526,5.263000000376955,-0.24600000014047207,-0.7354053074879543,0.1595000049604944,6.478742699657716e-12,0.0034906550791705304
25.817832708358765,5.276000000326441,-0.24900000000091094,-0.7354053071214088,0.12850000638689088,5.89686590844133e-12,1.7775664234824518e-09
25.91672658920288,5.287000000195669,-0.2510000000918886,-0.7354053071795863,0.10100000426710753,5.689871964293649e-12,8.72112072050944e-16
26.0167818069458,5.294000000385315,-0.2520000001689331,-0.7354053071795863,0.0680000065040054,5.606753015896938e-12,4.442535729274362e-22
26.116724729537964,5.298000000364126,-0.2530000000400019,-0.7354053071795863,0.037500004746794886,5.150139290591637e-12,1.9039572338420045e-27
26.21687626838684,5.299000000350153,-0.253000000113734,-0.7354053071795863,0.00900000405466009,4.960563428733499e-12,0.0034906567316320327
26.316800355911255,5.298999999993488,-0.25299999999853906,-0.7369353068709183,-0.00250000281618073,4.651264731714028e-12,-0.0034906550750646846
26.416722774505615,5.298999999786851,-0.25299999995568445,-0.7354053074969418,0.0004999919621426138,4.370391379590372e-12,0.003490654956142413
26.516904592514038,5.298999999850221,-0.2529999999690702,-0.7354053071214088,-0.0005000060246666792,4.098541828595785e-12,1.7188253537483988e-09
26.61698818206787,5.298999999845089,-0.252999999968023,-0.7354053071795863,-6.2214364320023474e-09,3.850821415484363e-12,8.726485367284928e-16
26.71661615371704,5.298999999859646,-0.2529999999710224,-0.7354053071795863,-5.64389901307194e-09,3.61122633024387e-12,4.295755208706234e-22
26.816617965698242,5.298999999871982,-0.2529999999735688,-0.7354053071795863,-5.302357889563902e-09,3.3926926514742193e-12,2.1781240589883573e-28
26.916841745376587,5.298999999876472,-0.2529999999744952,-0.7354053071795863,-4.9727913661867795e-09,3.1818208193933528e-12,1.0733968935521143e-34
27.01659059524536,5.298999999887323,-0.25299999997673606,-0.7354053071795863,-4.672181351875193e-09,2.989476694621393e-12,-1.5027722045601296e-39
27.11661410331726,5.298999999890996,-0.25299999997749456,-0.7354053071795863,-4.381364774458385e-09,2.80339886199498e-12,-1.1213797874992953e-39
27.216646432876587,5.298999999899544,-0.25299999997925937,-0.7354053071795863,-4.113349875989325e-09,2.6319105933615195e-12,2.3722925732275464e-40
27.316599369049072,5.298999999904537,-0.25299999998029055,-0.7354053071795863,-3.8586527393441594e-09,2.468943641348862e-12,-1.7768093192953766e-40
27.416593313217163,5.298999999913221,-0.2529999999820829,-0.7354053071795863,-3.6271352431976878e-09,2.3208080897059273e-12,-4.998132618134114e-40
27.516911268234253,5.29899999991531,-0.25299999998251455,-0.7354053071795863,-3.4011893770141688e-09,2.176237524402166e-12,-6.83679504851467e-40
27.616632223129272,5.298999999922981,-0.25299999998409906,-0.7354053071795863,-3.195712453343824e-09,2.0447639299125834e-12,6.209505234680251e-40
27.716587781906128,5.298999999925417,-0.25299999998460176,-0.7354053071795863,-2.9967320066409675e-09,1.9174470810019825e-12,5.487565992157796e-40
27.81663203239441,5.29899999993216,-0.25299999998599354,-0.7354053071795863,-2.8157444422957645e-09,1.8016429065517855e-12,5.601274930796757e-40
27.916590213775635,5.298999999934289,-0.2529999999864332,-0.7354053071795863,-2.6404323909615113e-09,1.6894701859631656e-12,2.0929940698434005e-40
28.016611576080322,5.29899999994014,-0.2529999999876411,-0.7354053071795863,-2.480732706929001e-09,1.5872869763900767e-12,7.45955972586886e-41
28.116621255874634,5.298999999942133,-0.25299999998805234,-0.7354053071795863,-2.3263477888849082e-09,1.4885043999652734e-12,3.612236742609068e-40
28.216611862182617,5.298999999947328,-0.25299999998912526,-0.7354053071795863,-2.185824825827465e-09,1.39859133973578e-12,-5.036787452950566e-41
28.316612720489502,5.298999999948997,-0.25299999998946987,-0.7354053071795863,-2.0497511058273354e-09,1.3115251102316795e-12,6.089468284827503e-41
28.416624546051025,5.298999999955348,-0.25299999999077993,-0.7323453076975794,0.002999996928857174,1.2322751610044055e-12,0.027925253850438887
28.516618967056274,5.299000000015257,-0.25300000000306166,-0.7109253102277577,0.0024999984473670087,1.1555796979746257e-12,0.21991139127492254
28.616636514663696,5.299000000006734,-0.2530000000011876,-0.6696153105102503,-0.001999999925309181,1.0857805324088687e-12,0.41538826266257334
28.716648817062378,5.298999999919605,-0.25299999998887657,-0.611475309793982,-0.0010000020142199202,1.0182070700023491e-12,0.5759585741362392
28.816916465759277,5.29999999974159,-0.2529999999955779,-0.5217300055748444,0.0019999973343524137,1.004316503431976e-12,0.7435101763606369
28.916826248168945,5.29900000019966,-0.2529999999999468,-0.4284000029263275,-0.002499999696458508,9.484959759578323e-13,0.9285150709669834
29.016958236694336,5.298999999918256,-0.2530000000085133,-0.3289500013452593,0.0004999974757192525,8.911364747453388e-13,1.008800266915547
29.11661195755005,5.298999999978112,-0.2530000000044952,-0.22949999951116545,-0.0015000004863117958,8.357093415591521e-13,0.9878563669424738
29.216660737991333,5.298999999943797,-0.2530000000175461,-0.1315800001024861,-0.0005000015786246334,7.851850218424381e-13,0.9878563566287958
29.31710195541382,5.298999999964796,-0.2530000000148993,-0.03212999985737541,-0.0010000009148946158,7.363399119093708e-13,0.9983283269848067
29.41669273376465,5.299999999765018,-0.2530000000175825,0.06273000060748979,0.013999993239809369,4.0181384055710493e-13,0.9459684811273145
29.51675009727478,5.302999999641208,-0.2510000002367656,0.14229000269997283,0.04099998938582884,3.6079169822598263e-13,0.7923795560772801
29.616682529449463,5.3079999996408835,-0.24600000049042858,0.2019600031047144,0.07449998723845896,8.1028735357167e-13,0.5969027034595864
29.717240571975708,5.314999999754992,-0.2390000003549666,0.2448000029231121,0.09949999157047656,1.0735972365531353e-12,0.42586042163345245
29.816669702529907,5.323999999627555,-0.23000000039597346,0.2692800029531459,0.13249998872676766,1.0713890834930485e-12,0.25481815766480476
29.95001482963562,5.334999999727898,-0.21900000020931376,0.27693000299337056,0.16149999130810985,8.466739408099361e-13,0.06981326102937688
30.016672134399414,5.346999999835837,-0.20600000025559062,0.2799900006454177,0.1670000004503037,9.663917022439137e-13,0.03490660277167498
30.15031337738037,5.357000000361969,-0.19599999950858127,0.29987999732206105,0.13800001321329686,6.683938119690251e-13,0.20245811085268425
30.21667194366455,5.364000000457291,-0.1869999997639944,0.33353999767127307,0.12450000685485231,1.1599096567091233e-12,0.32812183550116414
30.350099086761475,5.37499999948517,-0.17500000042172292,0.3473100032107328,0.16249998725773465,7.119312531536116e-13,0.13613577609933994
30.41675305366516,5.386999999677148,-0.16000000049016538,0.34425000278708184,0.19249999062445233,8.579028965024593e-13,-0.020943871228475852
30.550958156585693,5.399999999958025,-0.1430000003219174,0.3457799994000488,0.21849999304601753,1.3533690464693268e-12,0.010471960057344049
30.616828441619873,5.415999999601959,-0.12400000042189241,0.34578000017453325,0.2529999899121028,1.161895927794611e-12,5.3179483767984426e-09
30.750145435333252,5.432999999945138,-0.10399999996966525,0.3503699992471696,0.25400000331480016,8.951082363754532e-13,0.04886919500990711
30.816926956176758,5.4470000004274475,-0.08599999967633565,0.3717899971904869,0.22700001378425388,1.2119492832166079e-12,0.20943942873980048
30.950106143951416,5.459000000473047,-0.06999999954547764,0.4146299964630562,0.1925000153819434,1.423222068930969e-12,0.4258602309796852
31.016769647598267,5.468000000436053,-0.05599999969699443,0.46970999777473343,0.16750001123176933,1.8632577644954636e-12,0.5585052932830004
31.15021324157715,5.475000000429321,-0.043999999534041656,0.544679997012929,0.13550001281969465,2.097582859765827e-12,0.7504914838972094
31.21669292449951,5.480000000262009,-0.034999999453749986,0.636479996963637,0.10550001166490917,1.887490769793786e-12,0.914552444703408
31.350111722946167,5.483000000229485,-0.025000000038582826,0.7313399996893835,0.10300000042827943,2.4853983524099105e-12,0.9529497527021518
31.41665506362915,5.486999999811512,-0.014000000266188195,0.810900002424193,0.1294999893702686,2.040033237349641e-12,0.7888889051585712
31.55081272125244,5.489999999998741,0.001999999396170793,0.8690400036036459,0.1654999868199274,2.3388072120333306e-12,0.5864307283791346
31.61671233177185,5.492000000158283,0.020999999445243667,0.91035000279031,0.18899999198626796,2.9407410531088465e-12,0.4153884487196774
31.750173807144165,5.494999999898729,0.0419999996685263,0.9348300029033314,0.22399998849057715,2.5749093976736265e-12,0.24434617953860413
31.81738567352295,5.497000000064726,0.06699999945832413,0.9409500030389011,0.25049999205653134,2.778420158536048e-12,0.06283194503304901
31.950098276138306,5.499000000099376,0.09299999992650854,0.934830002053157,0.2545000011437499,2.9396237793819684e-12,-0.059341134322218936
32.01668977737427,5.5019999999214475,0.11600000043743108,0.9134100026356988,0.22550001362282182,2.39542109851796e-12,-0.21991140423559552
32.15003824234009,5.504000000170955,0.13500000075605278,0.8705700033617565,0.1890000152034712,2.4846591374394792e-12,-0.4188789225701022
32.21831202507019,5.507999999818825,0.1520000002747377,0.8139600026033775,0.1600000118564798,1.6678640551450429e-12,-0.568977259910304
32.35004258155823,5.51100000011937,0.16500000055152242,0.7420500023073819,0.1400000074467743,1.5440896869082068e-12,-0.7295475483525277
32.41690969467163,5.515000000000483,0.17700000022554185,0.6563700023427752,0.1300000034185696,1.2565262538442835e-12,-0.8552112696690279
32.55013585090637,5.520999999789408,0.19099999965997494,0.5905799965336791,0.15799998906452084,9.61359935631518e-13,-0.6527532398333646
32.61674952507019,5.52999999954961,0.20799999941547842,0.5416199974125075,0.19499998594844317,4.4942210366322904e-13,-0.4921829306435561
32.75009036064148,5.539999999902419,0.22599999990808506,0.5110199968137539,0.19500000092634098,2.8874994453445936e-13,-0.29670606898294594
32.816713094711304,5.5490000001364175,0.24100000032666102,0.49571999764542385,0.1675000113698588,1.3321237784741512e-13,-0.15707970360207882
32.95006847381592,5.555000000540085,0.25200000068900685,0.5003099966292512,0.13200001328415326,4.620458286994474e-13,0.04537846094291287
33.016721963882446,5.561000000118548,0.2610000004126638,0.5232599968730711,0.10650000908178897,1.0798508641796922e-13,0.2199113971561528
33.150288581848145,5.565000000238271,0.2690000002371624,0.5584499978932211,0.07800000932633626,3.871994180529748e-13,0.36302841399140806
33.216721296310425,5.567000000284356,0.2730000005143509,0.615059996466496,0.04450001100976966,4.076788474557583e-13,0.5654865748187068
33.35008263587952,5.568000000136319,0.27500000034583216,0.688499997374546,0.01750000753048957,3.262574983514953e-13,0.7295475465749757
33.41665291786194,5.568000000090904,0.2750000002491664,0.7787699968834711,-0.003999994710913989,3.065375122305938e-13,0.9110617773925639
33.55005931854248,5.567999999959365,0.27499999984702317,0.8797499986225472,0.001999994556866766,2.874564880604315e-13,1.0088002595622283
33.616793394088745,5.567999999995673,0.27499999997299085,0.9746100007579523,0.008499994623742787,2.700842024071275e-13,0.9564404566791143
33.75023317337036,5.568000000007957,0.27899999933759734,1.0526400031433751,0.04099998543926966,4.1168799330851627e-13,0.767944963619967
33.85002851486206,5.567000000191676,0.28599999937691756,1.1123100026995056,0.07349998593512519,9.300032735560203e-13,0.6003933477639367
33.95003414154053,5.566000000088505,0.29599999949349076,1.1551500029791486,0.09999998940811622,1.0327338493721521e-12,0.42935108016306034
34.050254344940186,5.564999999967964,0.30799999956730684,1.179630003015941,0.132999987267173,7.255226550985529e-13,0.2513275026059112
34.150235176086426,5.562000000211736,0.3239999995145455,1.1872800029328772,0.16149999008971672,1.1258912084199555e-12,0.06981325947814923
34.25022745132446,5.559999999919579,0.34299999938529524,1.185750001422306,0.18949999056288244,5.496248216683877e-13,-0.006981278045691194
34.350104093551636,5.556000000221313,0.3639999996792689,1.1872799996325525,0.2229999894341786,1.0575696833603542e-12,0.003490653348243439
34.45017170906067,5.552999999938304,0.38699999980092326,1.1826900008349441,0.22450000189826796,7.245110845189868e-13,-0.04188787900958279
34.55013561248779,5.54999999993867,0.4070000005479324,1.1612700028155598,0.19600001287260782,7.366979751825483e-13,-0.21293008457109638
34.650134563446045,5.5479999999236025,0.4230000006567787,1.1199600034442985,0.160500015103234,7.062091216549187e-13,-0.4084069456932119
34.750115156173706,5.5469999999352275,0.4370000004428105,1.0633500024795939,0.13350001060563219,5.72433516925463e-13,-0.5689772571297094
34.85015559196472,5.546999999933656,0.4490000002169827,0.9929700024255201,0.10850000951570817,3.567575465841932e-13,-0.7120942621664348
34.950130224227905,5.547999999899972,0.456000000752959,0.8996400034372836,0.07300001250425206,-8.908558855524402e-14,-0.9250243987994998
35.05009341239929,5.5489999999917465,0.46100000038016997,0.8001900014184058,0.04550000911801608,-2.6416911500310505e-13,-1.0053096083752988
35.150044202804565,5.5500000000059995,0.46500000004811515,0.7053299987998849,0.04299999899547316,-2.651848143388934e-13,-0.9389871701993838
35.25010061264038,5.551999999864957,0.47099999956525007,0.6288299973072271,0.06999998781965426,-2.061515211772421e-13,-0.7679449577871005
35.350050926208496,5.556999999570765,0.4799999995066573,0.5691599969838461,0.10399998632559705,-8.170541604503648e-13,-0.6108653154578365
35.45007395744324,5.561999999928842,0.4909999996286052,0.5278499968119541,0.12999998979725905,-4.573402066176778e-13,-0.40142583432165885
35.55041456222534,5.569999999710119,0.5049999995384651,0.5033699973246564,0.1629999881573784,-5.154806506081996e-13,-0.24783682935583118
35.64994287490845,5.5799999996542216,0.5209999995938732,0.4972499969046198,0.1904999905896771,-7.533618868644262e-13,-0.0663226036880426
35.750040769577026,5.590999999827346,0.5389999997726784,0.49877999864355216,0.21999999074957013,-8.040480694951628e-13,0.017453251277291817
35.85005569458008,5.603999999658569,0.5609999993705523,0.4972500005498248,0.25199999001404555,-6.649294590732163e-13,-0.013962618065529026
35.95002102851868,5.617000000075542,0.583000000053457,0.503369998763668,0.2545000019013495,-5.05995024034639e-13,0.06283181529109158
36.05003595352173,5.629000000181652,0.6030000003569826,0.5247899974211152,0.22300001473548042,-5.519007320702989e-13,0.2094394357839469
36.15015268325806,5.638000000433684,0.620000000563441,0.566099996716781,0.19300001288699326,-1.9862464008299876e-13,0.4153882606622588
36.25008749961853,5.645000000338831,0.6360000001967672,0.6227099973373302,0.171000009415666,4.4360685126813913e-13,0.5654866013974414
36.350111961364746,5.650000000391894,0.6490000005589094,0.6976799971246437,0.13450001392240904,8.354151026420667e-13,0.7504914872977771
36.45002293586731,5.653000000281943,0.6590000004840695,0.7879499972735575,0.1060000104206571,1.095679318572452e-12,0.9110617882439704
36.550156593322754,5.655000000120068,0.6670000004339718,0.8889299986140782,0.07500001039530235,1.0553164012318706e-12,1.0088002595376433
36.65013122558594,5.656000000014283,0.6740000000226241,0.9837900008048721,0.07249999924761698,1.023587334344849e-12,0.9424778296544104
36.750123262405396,5.656000000077697,0.6829999996430063,1.0618200028469844,0.0999999881404226,1.2639146842269246e-12,0.7923795546233965
36.85011696815491,5.655000000156116,0.6959999993581514,1.1230200028514807,0.1344999859162442,1.6069839220501426e-12,0.6003933601363382
36.95056891441345,5.653000000164674,0.7109999997435414,1.1643300032371173,0.15799999126405323,1.957572025283066e-12,0.42236976650033786
37.05010414123535,5.650000000209099,0.7299999993023922,1.1903400026295026,0.19399998671164354,2.1944377289631156e-12,0.2513274992877122
37.149986028671265,5.646999999995753,0.7519999995523383,1.197990002933791,0.21999999167699774,1.8307849997161374e-12,0.07679457298520562
37.25006341934204,5.643000000102537,0.7759999995341902,1.1964600015386924,0.24949999054791996,1.8011232628500733e-12,-0.01396258796407926
37.35013246536255,5.638000000185687,0.8029999996932977,1.1964599997672904,0.2824999901847582,2.115841784038812e-12,0.0069813067026087555
37.4505512714386,5.633999999911118,0.8319999997628118,1.191870000893243,0.28400000241124707,1.6162569727883372e-12,-0.048869190696594865
37.55048680305481,5.629999999910548,0.8580000005485866,1.1719800024487277,0.256500012986242,1.501553663342764e-12,-0.20245811763650992
37.649956703186035,5.626999999921954,0.8800000006447783,1.1291400038769666,0.22250001500410493,1.43633121880838e-12,-0.4188789105819283
37.75014901161194,5.625999999792008,0.9000000005122013,1.0740600020424869,0.19700001051873936,8.382143512916478e-13,-0.5515239784361772
37.84993815422058,5.625999999859685,0.9170000004717656,1.0006200032504897,0.16250001364352828,4.216612440443169e-13,-0.7330381935786298
37.94994902610779,5.626999999924912,0.931000000468095,0.9103500025834379,0.13700000904798992,1.0245318311381791e-13,-0.9180430955483935
38.04992866516113,5.628999999939933,0.9430000002526393,0.8154900007683161,0.132000000982526,-1.7619971703135783e-13,-0.9424777836594287
38.150612354278564,5.63299999979469,0.9579999996155193,0.7343999975912179,0.16049998849589725,-5.293435429181201e-13,-0.8063421814021774
38.25070905685425,5.638999999746093,0.9759999994195949,0.6747299966606319,0.1934999871368995,-7.011281513221335e-13,-0.5969027105303596
38.350537061691284,5.646999999813168,0.9959999997100999,0.6334199968241268,0.22049999054673364,-8.835876070051253e-13,-0.4153884512488172
38.45011639595032,5.656999999723906,1.0189999994229373,0.608939997221182,0.25149998926621847,-9.087651675420512e-13,-0.25132749561083506
38.549941539764404,5.668999999757716,1.0439999997081815,0.6012899970661418,0.2794999914086626,-1.164231303932826e-12,-0.06981325940831073
38.65001606941223,5.681999999758851,1.0719999994483134,0.6028199985776486,0.30899999103487485,-1.0491513180885758e-12,0.01047193477161884
38.74995756149292,5.695999999888308,1.1019999997767753,0.601290000425641,0.33949999155689436,-1.006323564941154e-12,-0.006981308414496354
38.84997200965881,5.710999999871087,1.1349999995425248,0.6028199996247623,0.36949999190946314,-7.170227442708765e-13,0.00698130992037771
38.94993329048157,5.727999999820618,1.1709999997192897,0.6012900003673409,0.4004999923926717,-8.120437653262613e-13,3.435708954314942e-09
39.05013871192932,5.744999999982375,1.2089999996345258,0.6058799992228987,0.4030000033665243,-3.509333066401373e-13,0.04188788077262599
39.14995265007019,5.761000000265326,1.2430000007047282,0.6257699974357256,0.3750000144446099,-5.011612157982803e-13,0.19547680064727332
39.24995398521423,5.773000000594977,1.2750000004289044,0.6686099960126783,0.3390000169432755,6.395931594797773e-13,0.4188789071307385
39.3499710559845,5.784000000297958,1.3050000004501898,0.7236899979421039,0.3125000119733551,9.631125607253185e-13,0.561995948681139
39.45022368431091,5.792000000316594,1.3330000002783047,0.7971299969418355,0.2880000107892706,1.5442330277527718e-12,0.7330381990255749
39.55000972747803,5.797000000391263,1.3580000006702848,0.8904599969101814,0.2515000142607716,2.142583422253062e-12,0.9215337523071603
39.650142431259155,5.799000000331725,1.3800000004847321,0.9868499990394641,0.2210000115436078,2.775702593085219e-12,0.9773843527492659
39.750038385391235,5.7990000002256785,1.4010000002463086,1.0648800034921746,0.19750000787736016,3.2750490365588423e-12,0.7819076010727952
39.84997057914734,5.798000000099275,1.4190000002549388,1.123020003190573,0.18800000233575762,3.392364092476177e-12,0.5759587577394761
39.95089626312256,5.796000000077144,1.4399999995953605,1.1643300028205847,0.22049998656847963,3.316149626422858e-12,0.41887909780611404
40.05098605155945,5.792000000257491,1.464999999303246,1.1903400025797244,0.25299998700535614,3.6151478979720795e-12,0.25132749734985593
40.149991512298584,5.788000000018141,1.4919999997068887,1.1979900029336457,0.27949999040684687,3.306980577778059e-12,0.08726654335263453
40.2499475479126,5.78300000012044,1.5219999994656233,1.1949300019720277,0.30749999011249013,3.208313172423094e-12,-0.031415866311905224
40.35068321228027,5.778000000018436,1.5539999998182834,1.1918699999781333,0.3154999984353645,2.9767901129642248e-12,-0.027925269748905718
40.45014476776123,5.773000000048134,1.5830000003616957,1.1704500031608718,0.28400001351312765,3.102757003962172e-12,-0.2199113882445266
40.549976110458374,5.769999999842631,1.6080000007073858,1.127610003360877,0.25200001248037873,2.7113663012912417e-12,-0.41887892258234083
40.650001764297485,5.768999999754301,1.632000000139306,1.0786500013076383,0.24850000122741653,1.857656170443846e-12,-0.4956734685623301
40.75007104873657,5.76799999999598,1.6599999994694068,1.0480499967598988,0.2829999870768322,1.6620905464394178e-12,-0.31066869792665097
40.850095987319946,5.767999999944805,1.6909999993981897,1.0358099968924752,0.3079999910896498,1.3800804909236224e-12,-0.12217314328650503
40.94993829727173,5.7680000000157765,1.723999999712027,1.035809997963781,0.3399999893442868,1.3464277059107514e-12,-6.013643628899334e-08
41.050071239471436,5.768000000017442,1.7609999993478356,1.0358099999999983,0.36949999056972876,1.3219264414663853e-12,-3.0535434966363334e-14
41.15012192726135,5.768000000018986,1.800999999594315,1.0358099999999992,0.3994999913171632,1.302965221001008e-12,-1.502943181707155e-20
41.25004315376282,5.768000000020544,1.8439999993511593,1.0358099999999992,0.42999999130666344,1.2903068637521917e-12,-1.5088171768573874e-26
41.350125551223755,5.768000000022136,1.8889999998446045,1.034280000251078,0.45949999256525437,1.2812276234696913e-12,-1.2553903632498442e-17
41.4500253200531,5.768000000037892,1.937999999360513,1.0342799999999992,0.487499993255781,1.324399262676336e-12,-8.507263880221326e-24
41.55006647109985,5.768000000040194,1.9880000000250364,1.0342799999999992,0.5019999989776663,1.3686515037419239e-12,-1.648759782181583e-26
41.64997911453247,5.768000000041325,2.0379999999982514,1.0342799999999992,0.4985000057389163,1.4089903280773536e-12,-1.7489335820279908e-26
41.74999380111694,5.768000000041021,2.088000000223066,1.0342799999999992,0.4980000042339903,1.4479587462777502e-12,-1.6846755499440647e-26
41.85000157356262,5.7680000000409475,2.1379999999028074,1.0358099997411376,0.4995000032212055,1.4834903604819144e-12,0.0034906567322304572
41.94991111755371,5.768000000025631,2.188000000232873,1.0358100000581765,0.4985000039610107,1.4703042750254208e-12,1.718736670781179e-09
42.04993772506714,5.768000000025564,2.237999999908225,1.0342800002587107,0.5005000025892514,1.458286054879679e-12,-0.006981313466517067
42.15017342567444,5.768000000041095,2.288000000247684,1.0358099996326495,0.5000000033733383,1.4942107728394992e-12,0.006981310136337864
42.250200033187866,5.7670000002287125,2.337999999916412,1.0358100001163542,0.4980000037484108,2.0843437483527693e-12,3.5450457413349623e-09
42.34993624687195,5.767000000025491,2.3880000001948245,1.0342800002508266,0.5000000020147576,2.03371950627685e-12,-0.003490656787221933
42.45052146911621,5.76700000004097,2.4379999998972446,1.035809999682591,0.49750000358829494,2.0338394156489952e-12,-1.7742841813828125e-09
42.54999113082886,5.767000000025449,2.488000000173879,1.0358099999999992,0.5030000003809014,1.9863873424537295e-12,-8.730148811665173e-16
42.65029168128967,5.767000000025712,2.537999999958731,1.0342800002590284,0.49950000372863995,1.9432021147210285e-12,-0.00698131346216982
42.750099182128906,5.767000000040891,2.5880000002120065,1.0342799998836445,0.4975000028999169,1.9489544908016525e-12,0.003490653356155211
42.85018277168274,5.767000000040712,2.637999999839926,1.0358099997991181,0.49800000179540815,1.9541945932142384e-12,0.0034906585039860545
42.95028328895569,5.767000000025433,2.687000000365308,1.0342800003090722,0.4980000018731613,1.910109757199247e-12,-0.0034906550695203062
43.04996848106384,5.767000000040737,2.737999999639329,1.0358099996826786,0.5010000006153026,1.920153787490428e-12,-1.7736832150574977e-09
43.150320291519165,5.7670000000255754,2.788000000228613,1.0358099999999992,0.5000000020888414,1.8797536964148902e-12,-8.721594357924333e-16
43.25006580352783,5.767000000025514,2.837000000082356,1.0342800002590482,0.4980000023565637,1.841477216040974e-12,-0.003490656730948919
43.350226402282715,5.767000000040703,2.887000000161515,1.0358099996910242,0.49800000144731615,1.853563170023376e-12,0.003490655070863742
43.450122356414795,5.767000000025404,2.936999999830012,1.0358100000581765,0.49950000078744977,1.8184230688469928e-12,1.7740057183662783e-09
43.55005192756653,5.76700000002548,2.987000000182392,1.034280000250981,0.5020000003868162,1.784385766451452e-12,-0.0034906567861667875
43.65032124519348,5.767000000040999,3.0369999999188417,1.034279999941822,0.4970000031958456,1.799581300355969e-12,-0.0034906585039877844
43.75010895729065,5.767000000040595,3.0870000001237594,1.0358099996907382,0.5009999996155243,1.814260591396057e-12,0.003490655066951254
43.850157499313354,5.767000000025534,3.1369999998906186,1.0358100000581765,0.4970000026460068,1.781463772139902e-12,1.77228958418707e-09
43.95026230812073,5.767000000025335,3.187000000128008,1.0358099999999992,0.5014999992964722,1.749716557148469e-12,8.718843711485944e-16
44.05032992362976,5.7670000000255595,3.236999999896889,1.0358099999999992,0.501000001194272,1.7208292260836628e-12,4.427957896276316e-22
44.150349140167236,5.7670000000255275,3.287000000200506,1.034280000250966,0.4990000016672762,1.6928642537590772e-12,-1.254828900838142e-17
44.25004744529724,5.76700000004072,3.336999999850641,1.0342799999999992,0.4980000012086695,1.7135950327774201e-12,-8.507431356007802e-24
44.350329875946045,5.767000000040631,3.387000000131425,1.0358099997489014,0.4970000011218219,1.7336227126161369e-12,0.006981313570738469
44.45007014274597,5.767000000025316,3.436999999814156,1.0358100001163542,0.5004999993500593,1.7056742006828153e-12,-0.0034906531921928916
44.5500762462616,5.767000000025494,3.4870000001823547,1.0358099999418218,0.5015000003524986,1.6786647281095447e-12,-1.718544790849097e-09
44.65032649040222,5.766000000228625,3.536999999890665,1.0358099999999992,0.49900000165583236,2.257692028493567e-12,-8.725958765495413e-16
44.75009727478027,5.766000000025395,3.587000000149682,1.0358099999999992,0.4990000006000628,2.196326931766914e-12,-4.295682130604126e-22
44.85007572174072,5.766000000025391,3.6369999998437175,1.0342800002587968,0.49700000132715744,2.1404102838409487e-12,-1.2939875996940119e-17
44.950393199920654,5.766000000040524,3.6870000001085126,1.0358099997489227,0.5009999990053936,2.1338859930829647e-12,0.0034906567855127373
45.050334453582764,5.7660000000254925,3.7369999998802568,1.0358100000581765,0.4985000014999238,2.0817576957784297e-12,1.7717941393560754e-09
45.15033149719238,5.766000000025366,3.7870000001364863,1.0342800002510624,0.49950000008485385,2.031346928875108e-12,-0.006981313571204376
45.25023055076599,5.766000000040711,3.836999999853343,1.035809999624917,0.49700000140351025,2.03160997834501e-12,0.006981309924632703
45.350287675857544,5.766000000025286,3.887000000104991,1.0358100001163542,0.4984999998103969,1.9843164908932938e-12,0.0034906602222883783
45.45008873939514,5.766000000025366,3.9369999998227554,1.0358100000581765,0.5009999994229285,1.941256358915474e-12,-0.0034906549581769277
45.55039405822754,5.766000000025491,3.987000000194274,1.0358099999418218,0.5000000007797727,1.8995467294924927e-12,-1.7166173257171513e-09
45.65023612976074,5.7660000000254374,4.036999999844693,1.0342800002591637,0.4985000009365236,1.861626988055741e-12,-0.003490656730158662
45.75025177001953,5.766000000040622,4.087000000134979,1.034279999941822,0.4975000006751989,1.872451089104531e-12,-1.7177660162348563e-09
45.850024461746216,5.766000000040542,4.1369999998076645,1.0358099997411905,0.49849999988362936,1.8823215767443794e-12,0.0034906567325875583
45.95002365112305,5.766000000025359,4.187000000130957,1.0358100000581765,0.49949999990180854,1.844321855068616e-12,1.7185389357236847e-09
46.05023980140686,5.766000000025411,4.236999999847467,1.0342800002588155,0.5000000000875323,1.8096931161528198e-12,8.591873081849685e-16
46.15017104148865,5.766000000040743,4.28700000016,1.0342799999999992,0.49950000045666093,1.8237437418805545e-12,4.208590509119371e-22
46.25039625167847,5.7660000000406955,4.336999999838485,1.0342799999999992,0.4970000011988235,1.8365518261788416e-12,-1.7010401971445287e-26
46.35002374649048,5.766000000040494,4.387000000108423,1.0342799999999992,0.4989999994334682,1.848941747251728e-12,-1.6596195648868637e-26
46.450013160705566,5.7660000000406555,4.436999999828106,1.0358099997410053,0.49850000039851133,1.86022643178295e-12,1.294966675870189e-17
46.54999375343323,5.766000000025355,4.487000000133489,1.0358099999999992,0.5004999994443694,1.823586712136529e-12,8.486618635367154e-24
46.64996814727783,5.766000000025456,4.536000000062171,1.034280000258969,0.4995000005992881,1.78869346346603e-12,-0.0034906567314929096
46.75010681152344,5.766000000040691,4.586000000154024,1.034279999941822,0.49800000073423495,1.8040605088368716e-12,-1.7173224908101359e-09
46.84995770454407,5.765000000243523,4.635999999815156,1.0358099997412151,0.498499999945012,2.422063552562218e-12,-8.584642942201591e-16
46.95000505447388,5.765000000025337,4.686000000124046,1.0358099999999992,0.49899999995363825,2.35049979883283e-12,-4.2066858636282826e-22
47.05027961730957,5.765000000025368,4.735999999835511,1.0358099999999992,0.5009999993791321,2.2852617074823277e-12,-0.0034906567326275554
47.150057315826416,5.765000000025465,4.786000000186999,1.0342800001926382,0.4985000011010036,2.2221308079467973e-12,-1.7166949003825926e-09
47.250155448913574,5.765000000040598,4.835999999809702,1.0358099997408365,0.4989999999198883,2.210872578795617e-12,-8.5940039383987e-16
47.350284814834595,5.765000000025365,4.886000000141348,1.0342800002509667,0.4994999999304496,2.1524068707652177e-12,-1.2548760792136259e-17
47.4503219127655,5.765000000040681,4.935999999833537,1.0358099997409365,0.49950000012009954,2.1453565954168783e-12,0.003490656730852118
47.55035662651062,5.765000000025394,4.986000000153477,1.0342800003090962,0.5004999997430213,2.0909588156317106e-12,-0.003490655069197964
47.65038537979126,5.765000000040762,5.03599999985789,1.034279999941822,0.49900000070126926,2.0876189994490377e-12,-1.7722549786221287e-09
47.75007367134094,5.765000000040635,5.086000000136116,1.0342799999999992,0.4980000004552054,2.0843782674864688e-12,-8.724235797910302e-16
47.85009455680847,5.765000000040553,5.1359999998100525,1.0358099997411494,0.497500000249008,2.0814346297890504e-12,0.0034906567323070917
47.950172424316406,5.76500000002529,5.186000000113284,1.0358100000581765,0.4994999993045943,2.0310113903255806e-12,1.7172289337036295e-09
48.050143241882324,5.765000000025392,5.235999999832191,1.0342800002590546,0.49800000065943534,1.9851342444526603e-12,8.593131910121286e-16
48.15016031265259,5.765000000040559,5.2860000001277205,1.0358099997492167,0.4999999993085617,1.9882734324114465e-12,1.2539539124173576e-17
48.250162839889526,5.76500000002542,5.335999999841987,1.0342800002590846,0.5000000000900472,1.944982434827589e-12,-0.0034906567307016714
48.35017204284668,5.765000000040718,5.386000000157289,1.0358099996908041,0.4985000006378735,1.950617743331606e-12,-1.718069527357341e-09
48.45011305809021,5.765000000025342,5.435999999821504,1.0358099999999992,0.498500000044922,1.909560867143932e-12,-8.718824973777118e-16
48.55011534690857,5.765000000025346,5.486000000125135,1.0358099999999992,0.5009999991181757,1.8698706091599513e-12,-4.293007248227713e-22
48.65039110183716,5.765000000025472,5.535999999869049,1.034280000258878,0.4990000008602202,1.8337053075850895e-12,-1.2943907248730699e-17
48.75066637992859,5.765000000040639,5.586000000141634,1.0342799999999992,0.4990000000446174,1.8462703442494914e-12,-8.507352451428353e-24
48.85039258003235,5.765000000040638,5.635999999820149,1.035809999740906,0.4985000002334077,1.857712441383631e-12,0.003490656730646898
48.94998359680176,5.765000000025341,5.686000000128797,1.0358100000581765,0.4980000002125084,1.8212264294180163e-12,1.7176750815965647e-09
49.050050497055054,5.765000000025322,5.735999999815001,1.0358099999999992,0.5004999990618955,1.787985461659705e-12,8.71449097956921e-16
49.15117168426514,5.764000000222383,5.7860000001642335,1.0358099999999992,0.5005000000713017,2.37712520210386e-12,4.289886637746175e-22
49.25009322166443,5.764000000025414,5.835000000048889,1.0312200007770174,0.48600000560241646,2.3087825588188177e-12,-0.041887880774873154
49.35046124458313,5.764999999872327,5.88100000064192,1.0113300025641885,0.4585000098794221,1.7475075130097216e-12,-0.19547680064925468
49.45036339759827,5.76699999984063,5.9240000003940425,0.9684900039876096,0.419500013984546,1.1360875081299984e-12,-0.4223695638590758
49.54999780654907,5.769999999991728,5.9650000002503285,0.921060000745332,0.4194999982678332,9.843579465639528e-13,-0.4782201875456805
49.65014696121216,5.775999999761585,6.009999999178162,0.8935199966885832,0.45399998521370866,5.066192843521502e-13,-0.2757621245640095
49.75063228607178,5.782999999932577,6.05799999953626,0.8828099971611383,0.4864999872688516,4.758176177454513e-13,-0.10471983930746773
49.850157499313354,5.790999999883905,6.106999999669246,0.8843399979956756,0.5009999945279342,2.585528625169398e-13,0.01745323047682397
49.95009636878967,5.798000000160824,6.156000000266588,0.8843400002908859,0.49700000186815524,6.154358158229849e-13,-0.006981304987456201
50.05062460899353,5.805999999901578,6.204999999880063,0.8843399998836436,0.4984999997041796,3.43792828212146e-13,-3.544042027729677e-09
50.150044202804565,5.813000000152666,6.255000000016712,0.8843399999999986,0.5019999990011411,7.905074660218925e-13,-1.7445167497310016e-15
50.25005269050598,5.820000000119538,6.303999999976077,0.8843399999999986,0.4975000020739236,1.1048457558146747e-12,-8.857547324537572e-22
50.35076022148132,5.82799999995259,6.3539999999961525,0.8843399999999986,0.49700000041550424,8.90057295054714e-13,0.003490656786313801
50.45101737976074,5.835000000104653,6.402999999880421,0.8843400000581771,0.4994999992519284,1.1984631812312957e-12,1.7717595346584958e-09
50.55025291442871,5.842999999959024,6.45200000023429,0.8843399999999986,0.49700000117246945,8.824076337819091e-13,-0.003490656786764518
50.6499810218811,5.8500000001047265,6.501999999677417,0.8843399999418211,0.5084999957882741,1.2837371085007638e-12,0.0034906549588390907
50.749927043914795,5.857999999986487,6.551000000411379,0.8812800005601438,0.5030000024609566,9.624797669743803e-13,-0.020943938999050896
50.84999346733093,5.865000000151463,6.599999999980526,0.8828099993918317,0.4950000033330472,1.3576150007112804e-12,0.010471959551398131
50.95066785812378,5.8729999999588225,6.649000000134534,0.884339999923506,0.4940000004454072,1.07901802676348e-12,0.01396263229782443
51.04993987083435,5.880000000095799,6.698999999620642,0.8843400002327093,0.5029999966166401,1.468721114542828e-12,-0.006981306379987829
51.14996290206909,5.887999999969199,6.749000000103218,0.8828100001346282,0.5005000011762353,1.2313049855602464e-12,-0.0034906602218260038
51.24995708465576,5.895000000129594,6.797999999940978,0.8843399996828665,0.4995000005621913,1.5646938192543421e-12,0.003490654959202628
51.350614070892334,5.902999999958511,6.847000000231104,0.885869999807251,0.4980000006992908,1.2258768020228215e-12,0.013962628863648817
51.45060849189758,5.910000000090479,6.895999999887743,0.8858700002327091,0.4960000008664527,1.468037235387808e-12,0.0034906638243814864
51.55064535140991,5.9179999999329835,6.945999999968886,0.8843400003091291,0.5024999976506987,1.1824780029792833e-12,-0.01745328221419673
51.650070667266846,5.925000000121379,6.994999999988505,0.8843399997091104,0.49800000191297866,1.473309338705141e-12,0.0034906478774704847
51.750043630599976,5.932000000149502,7.044000000193223,0.8843400000581763,0.4965000006344757,1.7543459530412493e-12,-0.003490655066773579
51.85049295425415,5.939999999901044,7.093999999673419,0.8843399999418211,0.4999999987079443,1.5062308200353082e-12,0.0034906549637128575
51.95026683807373,5.947000000155082,7.143000000228887,0.8843400000581763,0.4965000014125392,1.7851286295927872e-12,1.7192503874545462e-09
52.050132036209106,5.954999999899936,7.192999999666504,0.8843399999999986,0.5004999985066828,1.5353124409764568e-12,8.724446137532365e-16
52.15033459663391,5.962000000157257,7.242000000243146,0.8843399999999986,0.49900000067573386,1.8124842006753388e-12,4.29518086767735e-22
52.25011372566223,5.969999999907136,7.290999999915983,0.8843399999999986,0.5004999995077267,1.4684454078595956e-12,3.3024082871561e-26
52.3500862121582,5.977000000157767,7.341000000049941,0.8843399999999986,0.49800000103243325,1.8452532465681863e-12,-6.184584758422592e-26
52.45026969909668,5.984000000106283,7.389999999890764,0.8843399999999986,0.4975000002363659,2.095816807929263e-12,-5.054560969604462e-26
52.5500864982605,5.991999999952042,7.439000000189599,0.8843399999999986,0.4999999991076298,1.7239941951842645e-12,3.170776056301167e-26
52.65006136894226,5.9990000001125505,7.488999999727912,0.8843399999999986,0.5009999997052759,2.0744559194073916e-12,-6.374670695222921e-26
52.75023818016052,6.006999999962773,7.538000000258699,0.8843399999999986,0.5000000004729983,1.703953088179268e-12,3.1935975232701103e-26
52.850093841552734,6.014000000112659,7.586999999931959,0.8843399999999986,0.49800000083792384,1.9631094599770606e-12,0.0034906567318932352
52.95014262199402,6.021999999952831,7.63699999999795,0.8843400000581763,0.49899999965474834,1.694998826761102e-12,-0.00349065506730749
53.050466775894165,6.029000000109249,7.68599999990987,0.8843399999418211,0.4970000008092055,1.9546553621968858e-12,-1.7723827761342847e-09
53.150153160095215,6.036999999951714,7.735999999990434,0.8843399999999986,0.5019999981524335,1.6868037321744397e-12,-8.715605169106852e-16
53.25007653236389,6.0440000001176255,7.784999999963243,0.8843399999999986,0.4995000010671982,1.9467789214049807e-12,-4.429081671037077e-22
53.350013732910156,6.0519999999586584,7.834000000231987,0.8843399999999986,0.4995000000470859,1.584092265421598e-12,3.160414390700025e-26
53.450016021728516,6.059000000110592,7.883999999715182,0.8843399999999986,0.49900000023591606,1.9429772579667185e-12,0.0034906567311951122
53.55003237724304,6.066000000153619,7.9330000002204395,0.8843400000581763,0.49900000002996847,2.1949849020826465e-12,-0.0034906550695452247
53.65007662773132,6.07399999990595,7.981999999908667,0.8843399999418211,0.4990000000284706,1.828001258122238e-12,-1.7727341795024942e-09
53.75001573562622,6.081000000153346,8.032000000021682,0.8843399999999986,0.4994999998419718,2.1824868614892076e-12,-8.722875985361568e-16
53.85000777244568,6.0889999999074,8.080999999918056,0.8843399999999986,0.4999999998458362,1.816291741675222e-12,-4.430037119643958e-22
53.9502055644989,6.096000000156498,8.13000000023893,0.8843399999999986,0.4980000007833357,2.0761841207296745e-12,-4.9387857457241327e-26
54.05005145072937,6.10399999990366,8.17999999969063,0.8843399999999986,0.49949999942501083,1.8088467540556597e-12,1.9812213124844003e-26
54.150124311447144,6.111000000154193,8.2290000002236,0.8843399999999986,0.4990000002159284,2.0690498493591207e-12,-0.0034906567856189613
54.25008296966553,6.118999999907123,8.277999999915895,0.8843399999418211,0.501499999064368,1.709472803791039e-12,-1.7716685657594156e-09
54.35016894340515,6.126000000160121,8.328000000064677,0.8843399999999986,0.5000000006283857,2.0711166715838263e-12,-8.723286188363236e-16
54.45001816749573,6.133000000113847,8.376999999940445,0.8843399999999986,0.49750000098843294,2.3082892171841837e-12,0.0034906567336281205
54.55009055137634,6.1409999999508305,8.426000000182121,0.8843400000581763,0.49949999923629135,1.9234576513596545e-12,-0.006981311851757887
54.65029549598694,6.148000000111464,8.475999999721502,0.8843399998836436,0.49950000002341544,2.262041893349358e-12,0.006981309921373607
54.75023150444031,6.155999999961486,8.525000000249374,0.8843400001163535,0.5014999992844895,1.879096879962535e-12,-0.006981310151949205
54.85042881965637,6.16300000011351,8.574999999731688,0.8843399998836436,0.5015000000666419,2.219410000053846e-12,0.003490653173126938
54.95006728172302,6.170999999963403,8.62400000026291,0.8843400000581763,0.4970000017234946,1.8399759348452604e-12,1.718103998481213e-09
55.050246238708496,6.178000000103793,8.672999999875163,0.8843399999999986,0.4979999995733485,2.090995886028647e-12,8.719090194764872e-16
55.15024757385254,6.185999999953456,8.723000000001853,0.8843399999999986,0.4994999994269036,1.8148047236673072e-12,4.290281192444378e-22
55.250091791152954,6.1930000001103265,8.771999999916506,0.8843399999999986,0.499999999825571,2.067125500617242e-12,-5.049570623914306e-26
55.35030508041382,6.200000000156214,8.821000000236943,0.8843399999999986,0.49950000021075214,2.3113374253341053e-12,-4.9177398573673495e-26
55.44997954368591,6.207999999908226,8.870999999720073,0.8843399999999986,0.4999999998231532,2.0297853211458583e-12,1.9875046125852744e-26
55.550069093704224,6.215000000156516,8.920000000239163,0.8843399999999986,0.4975000009463961,2.276411793747e-12,-0.0034906567868832968
55.65040326118469,6.222999999900294,8.968999999872576,0.8843399999418211,0.49999999901019404,1.904732416814481e-12,0.003490654956237988
55.75021958351135,6.230000000157436,9.019000000048663,0.8828100003089643,0.5019999992868273,2.2546527565412387e-12,-0.006981311858483639
55.85020875930786,6.237999999930601,9.067999999967203,0.8843399996247094,0.4985000014050705,1.9298229726681638e-12,0.006981309918967231
55.95030164718628,6.245000000151288,9.117000000205046,0.8843400001163535,0.4989999997991507,2.182543688929639e-12,3.4360992827095482e-09
56.049999475479126,6.252999999905685,9.166999999703844,0.8843399999999986,0.4980000003789495,1.9089047893043067e-12,1.745083511139256e-15
56.15040850639343,6.260000000150191,9.21600000019816,0.8843399999999986,0.4999999992353026,2.1629836644514308e-12,8.586482989114124e-22
56.25003623962402,6.26799999990917,9.26499999992938,0.8843399999999986,0.5009999996397543,1.7979159353258452e-12,3.33215045578734e-26
56.35006499290466,6.275000000159139,9.31500000005887,0.8843399999999986,0.4990000007813373,2.154232834089174e-12,0.0034906567861715705
56.45001792907715,6.282000000110059,9.363999999915638,0.8843400000581763,0.49850000018522705,2.386262163446551e-12,1.7712933723934565e-09
56.55006241798401,6.289999999953812,9.413000000201247,0.8843399999999986,0.4960000009061344,1.996507404116322e-12,8.719795554420663e-16
56.6502480506897,6.297000000100589,9.462999999651252,0.8843399999999986,0.5014999978285214,2.3306127764383014e-12,4.425898578827541e-22
56.750187397003174,6.304999999963819,9.512000000265576,0.8843399999999986,0.5005000004267325,1.944235136621742e-12,-0.0034906567859930102
56.850335121154785,6.312000000113933,9.561999999737022,0.8843399999418211,0.4995000004133919,2.281443288038303e-12,0.00349065495934496
56.95006275177002,6.31999999995751,9.611000000224863,0.8843400000581763,0.4965000011137025,1.8980760710789212e-12,-0.0034906550684731226
57.05026721954346,6.32700000010263,9.65999999986785,0.8843399999418211,0.49899999898361624,2.1456323368284616e-12,0.0034906549618378946
57.15006422996521,6.334999999955029,9.710000000012261,0.8843400000581763,0.49899999999845246,1.866276440841679e-12,-0.0034906550658450005
57.2500536441803,6.342000000109968,9.758999999914867,0.8843399999418211,0.4999999996172436,2.1156841257963395e-12,0.0034906549607713307
57.3500440120697,6.349000000156547,9.80800000023919,0.8843400000581763,0.5014999994672641,2.3569009470939093e-12,-0.0034906550689383525
57.45008897781372,6.3569999999130555,9.85699999995451,0.8843399999418211,0.4960000021542809,1.9801661793765793e-12,0.0034906549581924756
57.550089597702026,6.36400000014408,9.906999999962057,0.8843400000581763,0.49949999863252625,2.3251928912826608e-12,1.7175372595511218e-09
57.65000820159912,6.371999999907712,9.955999999919985,0.8843399999999986,0.5009999994373134,1.9503054490602168e-12,-0.003490656731428785
57.75005912780762,6.379000000159689,10.006000000062858,0.8843399999418211,0.4985000009661277,2.2972794778535746e-12,-1.717069874306032e-09
57.85010766983032,6.386999999904771,10.054999999900986,0.8843399999999986,0.500499999220371,1.9240397044489204e-12,-8.718330214305283e-16
57.95026350021362,6.394000000157327,10.104000000243978,0.8843399999999986,0.49750000113766624,2.1771305588617527e-12,-4.291350730059677e-22
58.050020933151245,6.401000000104013,10.152999999876485,0.887399999482271,0.48700000396558496,2.40771815682774e-12,0.038397224054372486
58.15003728866577,6.408000000083485,10.199000000552804,0.9072899973781152,0.45950000986931977,2.256118196384822e-12,0.19547679894310444
58.250235080718994,6.412000000382484,10.241000000533798,0.9516599957453047,0.423000013038808,3.0390150489292616e-12,0.43284153392421854
58.34995460510254,6.414000000333859,10.28100000049912,1.006739998181327,0.3990000071750244,3.764409721372891e-12,0.5585052988145295
58.45073986053467,6.41400000024988,10.318000000386654,1.0801799968740007,0.36700001008355554,4.242739192877052e-12,0.729547540454122
58.55007815361023,6.411000000287242,10.35200000055125,1.1735099968505158,0.3340000094433671,4.958195614198019e-12,0.9424776912983052
58.65032482147217,6.405000000330244,10.384000000033442,1.269899999388572,0.32899999857564544,5.6443661881579914e-12,0.9599310797320049
58.750033140182495,6.395000000471521,10.418999999458364,1.3464000034534247,0.36499998347293394,6.350753849535115e-12,0.7679449653302772
58.85004734992981,6.382000000437075,10.455999999409219,1.4060700027022137,0.3959999859571111,6.673161131884537e-12,0.5969026910091104
58.950021505355835,6.366000000308228,10.493999999894694,1.4473800031736315,0.4214999892248884,7.04737226488541e-12,0.42236976485156263
59.050254821777344,6.347000000508439,10.534999999402235,1.4718600028933104,0.45099998804031366,7.301224942425069e-12,0.23736487227415148
59.15010070800781,6.327000000137381,10.578999999547111,1.4810400024507513,0.48449998766714164,6.640010230833573e-12,0.0872665364385927
59.25071382522583,6.305000000304162,10.623999999643814,1.479510001713368,0.5004999946947823,6.602614203938878e-12,-0.01745323935372871
59.35004162788391,6.283999999852741,10.668000000404732,1.4733900007133234,0.48500000684252575,6.317445180127395e-12,-0.05585051716234561
59.45002746582031,6.264999999769023,10.710000000270135,1.4519700026932447,0.45850001080368363,5.651567204877756e-12,-0.205948775549183
59.550018072128296,6.246999999859792,10.751000000320747,1.4198400018372592,0.4455000048383731,5.301884489232922e-12,-0.328121839261013
59.65013670921326,6.23000000012676,10.794999999354914,1.407599996601156,0.48149998601194227,4.61681127864337e-12,-0.11170118192135456
59.75016689300537,6.211000000257729,10.841999999746722,1.409129997887115,0.5019999930089479,4.7996347988279705e-12,0.013962572120603298
59.8501832485199,6.193000000005188,10.888999999844682,1.4106599999739822,0.503500000449519,4.3564939304537855e-12,0.013962634015923238
59.9501588344574,6.174999999873904,10.9350000003409,1.4091300004838054,0.4975000032077998,4.1064718781029215e-12,-0.013962620267091544
60.05006384849548,6.157000000044577,10.98099999994638,1.409129999767289,0.4950000017481439,3.924341588317079e-12,-0.006981320553360217
60.15018892288208,6.138000000147467,11.027000000186014,1.40454000063643,0.48750000345510464,4.327494781722579e-12,-0.03839722808670758
60.249993085861206,6.121999999762409,11.070000000359926,1.38312000298644,0.4545000130707056,3.790153322688248e-12,-0.21991139356050443
60.349945068359375,6.107999999691618,11.111000000462116,1.3402800033604518,0.42600001020143885,3.130962049140932e-12,-0.41887892258827436
60.44996666908264,6.096999999713302,11.149000000375732,1.2836700026022592,0.39700001011557057,2.460711478906362e-12,-0.5794492301127199
60.55023980140686,6.088999999659864,11.186000000365535,1.2102300023861463,0.3690000087702739,1.5456794940583367e-12,-0.7330382102751675
60.65018105506897,6.08499999956263,11.219000000497829,1.1169000035749799,0.33300001162105275,4.241043015752922e-13,-0.9389870330277443
60.75007367134094,6.08399999968116,11.250000000451156,1.015920000909588,0.30600000715192943,-4.947847028551972e-13,-1.0088002733074184
60.84999203681946,6.085999999728978,11.27999999993811,0.9195299995122961,0.30149999845425274,-1.2650533870403353e-12,-0.9634217701582147
60.950289487838745,6.090999999724406,11.311999999634011,0.8445599962279586,0.3319999855877346,-1.9149700610497124e-12,-0.7539823398211047
61.050042152404785,6.098999999645546,11.347999999161782,0.7848899975421397,0.3644999853143571,-2.3524782856855324e-12,-0.6003933407431322
61.15006351470947,6.108999999851117,11.38399999993771,0.7420499970216061,0.36749999751209866,-2.6119815547446753e-12,-0.4223697666001104
61.249990940093994,6.119000000101765,11.417000000283455,0.7160399973613498,0.3380000100271811,-2.4109399127111917e-12,-0.26529012603586666
61.34997534751892,6.129000000151385,11.445000000835623,0.7099199965823131,0.30250001127254234,-2.6435788770916963e-12,-0.05585063912174554
61.449995279312134,6.138000000098906,11.472999999967001,0.7175699977737549,0.2835000047166189,-2.1744573677729643e-12,0.07679441970402523
61.55000424385071,6.146000000196094,11.496000000800269,0.7451099968006305,0.24500001126747842,-2.2508878094401412e-12,0.2687806111296677
61.65020442008972,6.151000000362115,11.518000000084253,0.7894799969033268,0.21700000725128624,-1.1744154254266696e-12,0.45029485403177955
61.75001549720764,6.156000000056412,11.537000000354414,0.8491499977213617,0.19050000581755594,-1.204506908693688e-12,0.5934118752812749
61.84999680519104,6.1580000002864965,11.553000000368016,0.9271799966884378,0.15550000902040564,-5.006962995305649e-13,0.7888887226843081
61.95021605491638,6.159000000134494,11.56700000021241,1.0128599990969935,0.15499999531523348,-1.2171519874305066e-13,0.8587019576340166
62.05022144317627,6.1590000000766025,11.584999999347353,1.0832400023972066,0.18449998415278923,1.6257441873369157e-13,0.6911504688830762
62.149996757507324,6.157000000231226,11.60699999928525,1.132200003489603,0.21749998419933997,7.809178947414184e-13,0.4886922901693771
62.250245094299316,6.154000000206216,11.630999999407873,1.1643300027070915,0.2439999872458444,1.1791247227843974e-12,0.33161263763277293
62.35022783279419,6.150999999980911,11.656999999695486,1.1796300030169609,0.27549998650333424,9.25219239516741e-13,0.14660774821573616
62.45007085800171,6.146000000240577,11.686999999355326,1.1796300024434605,0.30449998790642596,1.3076331492695918e-12,0.003490731160674554
62.55001449584961,6.141000000125281,11.71999999954333,1.1796300000581783,0.3319999895526953,1.414991658999637e-12,1.7177321114981992e-09
62.65001130104065,6.1360000000769865,11.755999999287074,1.179629999999999,0.36499998775585124,1.2578562582017986e-12,8.726073596775999e-16
62.74992370605469,6.130999999949639,11.793999999794494,1.179629999999999,0.39099999150057857,9.305527268882452e-13,4.292282985169868e-22
62.84996056556702,6.1240000003096196,11.835999999286386,1.179629999999999,0.4244999888659978,1.4888028554123703e-12,-0.003490656734657959
62.95063805580139,6.117999999977357,11.879999999801512,1.1796299999418216,0.45349999156765347,1.2380263287925302e-12,-1.721407563801819e-09
63.0500762462616,6.111000000131989,11.927999999319272,1.179629999999999,0.48299999157180395,1.266831815298808e-12,-8.738789647877381e-16
63.14995765686035,6.104000000002689,11.97700000002396,1.179629999999999,0.5004999968777942,1.2071016357324404e-12,-4.2956033894667955e-22
63.25010299682617,6.097000000001506,12.026999999830473,1.179629999999999,0.49850000429741426,1.0679049265434164e-12,0.006981313459853219
63.34993243217468,6.089000000158686,12.076000000310472,1.179630000116354,0.4960000041892401,1.636261448159464e-12,3.4339633957561344e-09
63.44995927810669,6.082000000014215,12.125999999741143,1.179629999999999,0.5039999999583492,1.471046060740847e-12,1.7441438033577132e-15
63.549925088882446,6.074999999947364,12.17500000041295,1.179629999999999,0.49900000485288903,1.398628385568761e-12,8.57762510863982e-22
63.649935483932495,6.0680000000077845,12.223999999989552,1.179629999999999,0.49650000366616703,1.3327496222138781e-12,-0.0034906567309514456
63.749913930892944,6.060999999970182,12.274000000055782,1.1796299999418216,0.4985000017471265,1.1814139792491838e-12,-1.7172330727538432e-09
63.850059509277344,6.053000000215365,12.322000000162664,1.1765700005184034,0.4855000073479184,1.810683428111234e-12,-0.03490656729896675
63.94991588592529,6.046999999837522,12.368000000604233,1.1551500029284996,0.46000001133729984,1.4522421385289395e-12,-0.20245811085704002
64.05006051063538,6.042999999739948,12.41100000040607,1.1138400036218008,0.42250001555021777,7.383464664693299e-13,-0.4223695672525468
64.14996457099915,6.040999999756997,12.451000000546024,1.055700002493963,0.39600001006746643,5.6790027753634396e-14,-0.5724679208174199
64.2500274181366,6.040999999863086,12.488000000376289,0.983790002634239,0.36850001015976974,-3.33837022966927e-13,-0.7260568908153576
64.34995579719543,6.044999999612589,12.52200000062546,0.8919900029504126,0.3365000108551425,-1.6436520571108454e-12,-0.9180430921159195
64.45004844665527,6.049999999959368,12.552000000518102,0.7910100017596604,0.3065000097953778,-1.8895135403760037e-12,-1.0122909183877573
64.54997277259827,6.058999999717628,12.580000000383148,0.6961499986638702,0.3019999994362617,-2.936358770608098e-12,-0.9494591439551058
64.6500096321106,6.070999999568821,12.610999999337114,0.6211799969123128,0.33349998573904804,-3.301853899006341e-12,-0.7574729932148869
64.75064444541931,6.086999999550034,12.643999999594623,0.5615099971565312,0.36649998649774396,-3.8779551672727536e-12,-0.5934120263564384
64.85069990158081,6.103999999906636,12.676999999800177,0.520199997100327,0.365999999703009,-3.617743796457398e-12,-0.4084071388868492
64.95000839233398,6.122000000065323,12.706000000621078,0.49418999746262005,0.33750001005919955,-4.184199785356945e-12,-0.2583088032086659
65.04994940757751,6.1380000002206865,12.732000000454189,0.4911299962126816,0.3030000120665727,-4.069300018477717e-12,-0.041888011918952056
65.1504135131836,6.152000000365719,12.757000000201849,0.49877999804671225,0.2815000061145068,-3.1620527068720915e-12,0.08377574224185214
65.2500159740448,6.165000000214339,12.77900000029852,0.5263199967366516,0.24650001114338008,-2.8803567451491817e-12,0.2722712676340417
65.35005307197571,6.175000000401557,12.798000000476605,0.5722199970070416,0.21600000838336553,-2.333448204829675e-12,0.46076682974712735
65.45002508163452,6.183000000272557,12.816000000115508,0.6334199973256003,0.18950000670186767,-1.6226916389901723e-12,0.6108651620169062
65.55041646957397,6.189000000265558,12.831000000422236,0.712979997126491,0.15650000838052847,-1.2765002948980989e-12,0.806342018197012
65.6500985622406,6.19300000014933,12.844000000210297,0.8078399973822854,0.13250000482415716,-9.787423358111242e-13,0.9389870702153554
65.74993753433228,6.19500000018022,12.854000000476997,0.907289999342455,0.09800000811188257,-7.078231696174496e-13,1.0018189597361558
65.84992623329163,6.1950000002374175,12.861000000379697,1.0067399998694735,0.07000000554757932,-1.1267470052994777e-13,0.9878563637164398
65.95004081726074,6.195000000039789,12.867000000077702,1.100070001163582,0.06599999601483919,1.2292577651073083e-14,0.9354965048208568
66.04993748664856,6.194000000128777,12.875999999376326,1.1781000023710058,0.0939999840790797,2.787079815330654e-13,0.7853982396907156
66.14996361732483,6.192000000143695,12.88799999941477,1.2377700033085266,0.1274999833889298,4.535585911787278e-13,0.5934120400923831
66.24996280670166,6.189000000117085,12.902999999388925,1.27908000289321,0.15449998646382468,4.0754296791266744e-13,0.40840713897366115
66.35000944137573,6.184000000256847,12.919999999616149,1.3035600027937062,0.18549998616214325,8.815507401005993e-13,0.24783683275141138
66.45002746582031,6.178000000250371,12.940999999299528,1.3096800030955709,0.2159999868280723,1.0009976343740886e-12,0.06283194693813912
66.55005741119385,6.172000000024863,12.963999999628538,1.30815000129838,0.24249998946553686,7.004517292334228e-13,-0.013962596193462115
66.64996433258057,6.165000000128154,12.987999999803172,1.309679999508359,0.25049999686000185,8.694070172006452e-13,0.006981306374644067
66.75006675720215,6.158000000035363,13.012000000101821,1.3096800001163535,0.24750000121022453,1.0090378079052474e-12,0.010471973793686452
66.85006785392761,6.151000000091679,13.036999999703486,1.3081500004334203,0.2649999933503572,9.744522359060256e-13,-0.01745327834435656
66.95038318634033,6.143000000152103,13.065999999435967,1.3081499997091108,0.30949998399734935,9.021071971972985e-13,-8.590465925412127e-09
67.05001854896545,6.1340000001653125,13.09799999951294,1.3081499999999981,0.3339999920750913,9.35340366746781e-13,-0.003490656731042298
67.15063667297363,6.124000000169326,13.1329999996161,1.309679999691007,0.36099999194322824,1.06966044806638e-12,0.010471968645240819
67.25004005432129,6.114000000067928,13.169999999542632,1.3081500004326778,0.39649998890708044,8.340471668786241e-13,5.300595969093269e-09
67.35006785392761,6.102000000231207,13.210999999636513,1.308149999999999,0.41999999437481,1.1777542141583775e-12,2.6166257967824455e-15
67.45007252693176,6.090000000168995,13.253999999468757,1.3081499999999981,0.4554999898927809,1.1699555144738878e-12,1.3280203091426823e-21
67.54991579055786,6.07700000010105,13.29999999983346,1.3081499999999981,0.48199999424775725,1.2644264183349753e-12,-1.970363947423053e-26
67.64991331100464,6.064000000036752,13.347999999666143,1.3081499999999981,0.4994999977331478,1.028553247110211e-12,2.1775196462747012e-26
67.74996137619019,6.050000000059948,13.396000000299534,1.3081499999999981,0.4975000052711206,1.3999997496980576e-12,-0.0034906567879358684
67.84996223449707,6.036999999964063,13.44399999992853,1.3096799996825115,0.49900000364099445,1.1564456553319875e-12,0.0034906549543344996
67.95007944107056,6.0230000000524315,13.493000000072414,1.308150000309069,0.5025000026948165,1.3054912286802661e-12,-0.0034906550695539508
68.05014610290527,6.009000000141104,13.540000000226218,1.3096799996828206,0.4965000061164734,1.809930912182432e-12,0.0034906549585638313
68.14990854263306,5.99599999987313,13.58800000020629,1.308150000309127,0.5010000017880898,1.4859631308698881e-12,-0.003490655068769815
68.2499406337738,5.98200000015215,13.636999999780095,1.3081499999418205,0.5000000037273157,1.6577451166481386e-12,-1.7731432008435966e-09
68.35009932518005,5.968999999872603,13.685000000265735,1.3081499999999981,0.4975000040364683,1.3905438046412765e-12,-8.72464330016727e-16
68.45055747032166,5.955000000169341,13.73299999992036,1.3081499999999981,0.5000000019151031,1.7293594069042587e-12,-4.426200731289687e-22
68.55003237724304,5.941999999873822,13.78100000026139,1.3081499999999981,0.4995000029310203,1.4576050530955807e-12,2.15898377246063e-26
68.65010666847229,5.928000000159353,13.828999999956121,1.3081499999999981,0.4985000029502359,1.7925695251961812e-12,-5.945820458387977e-26
68.75056624412537,5.9149999998722915,13.87700000026783,1.3081499999999981,0.49750000275199013,1.5156599357470015e-12,2.162103839155848e-26
68.84995436668396,5.901000000200115,13.924999999814041,1.3081499999999981,0.5010000008719306,1.844036522702971e-12,-5.975486799546187e-26
68.95000791549683,5.887999999873065,13.97300000026409,1.3081499999999981,0.49900000289938656,1.5651801220451845e-12,2.182063933950822e-26
69.05000734329224,5.8740000001693655,14.020999999920623,1.30967999974112,0.5000000016035425,1.8932176171484127e-12,0.0034906567321098896
69.15007305145264,5.860999999866563,14.069000000229796,1.3081500003092192,0.5010000015146027,1.5641825027335344e-12,-0.0034906550674940607
69.25001835823059,5.847000000162666,14.11699999994519,1.3096799996827768,0.49650000351171636,1.89208471058146e-12,-1.7730065618795643e-09
69.35067772865295,5.833999999884995,14.16500000016373,1.3081500002508553,0.5005000001017834,1.5628908698155628e-12,-0.00349065678702001
69.45016384124756,5.820000000163539,14.212999999941594,1.3081499999418205,0.5015000011933851,1.891124151502351e-12,-1.7715532959865221e-09
69.54998660087585,5.806999999876096,14.26100000025303,1.3081499999999981,0.49950000223763263,1.609459862035405e-12,-8.719011327229368e-16
69.65053939819336,5.793000000173979,14.308999999904096,1.3050900005179131,0.48600000651581,1.934728758799765e-12,-0.04188788077887188
69.74997901916504,5.780999999797748,14.353000000723608,1.2852000025640578,0.45850001111724237,1.8006377156126198e-12,-0.1954768006522622
69.85036277770996,5.771999999590408,14.395000000349832,1.2423600039895644,0.4205000147706078,7.646506422359927e-13,-0.4293508772927749
69.95007538795471,5.764999999681195,14.434000000523934,1.1842200023860134,0.39500000880080155,6.707887846571946e-14,-0.5689772674042652
70.05010795593262,5.75999999987314,14.47100000026165,1.1138400024239956,0.3710000079873199,-1.9719479086979309e-13,-0.715584918908063
70.15024709701538,5.758999999642224,14.505000000639516,1.0205100033897065,0.33550001146273517,-1.1584644050488047e-12,-0.9285150572309269
70.25010180473328,5.760999999712368,14.536000000339257,0.9225900010926016,0.30700000850622816,-1.961811115170015e-12,-0.9773843563110973
70.35055756568909,5.764999999911348,14.56400000049668,0.8445599965116635,0.27900000746161235,-2.29901492808382e-12,-0.7819076011016496
70.45000147819519,5.77099999983922,14.590000000109153,0.7879499965513763,0.2724999991332249,-2.6914653367344013e-12,-0.5759587577496195
70.55079102516174,5.778999999759807,14.618999999508926,0.7466399971767579,0.3024999856361763,-2.874753835655397e-12,-0.40840712741700336
70.65015172958374,5.788999999698481,14.650999999259987,0.720629997594268,0.33649998462935254,-2.9270427177012373e-12,-0.25830880548782104
70.75019550323486,5.79999999992988,14.684999999677885,0.7129799969502144,0.36249998893127333,-2.637794146046553e-12,-0.07679457644674775
70.8500382900238,5.811999999881214,14.721999999357333,0.7160399982024015,0.39299998758699817,-2.2021952759753794e-12,0.027925214882667207
70.95017004013062,5.8259999997415735,14.761999999603866,0.7129800009670508,0.42349998872075517,-2.443505194664182e-12,-0.01745327020301897
71.05000948905945,5.839999999872625,14.803999999520215,0.7145099994499735,0.449999990556386,-2.1990956546196253e-12,0.010471961322772227
71.15020322799683,5.854999999930773,14.849999999535498,0.7145100001745317,0.48449998852089915,-1.8023207641495835e-12,-0.0034906516387435502
71.2500867843628,5.8700000000500205,14.896999999678815,0.7190999991642042,0.4875000008199676,-1.2497279898559936e-12,0.04188787898440157
71.35009098052979,5.8840000003144315,14.941000000626754,0.7389899974360474,0.45850001261588536,-8.503406913814584e-13,0.20245811422777713
71.45006370544434,5.896000000268033,14.982000000437719,0.7802999963809714,0.42050001563443407,-4.2164194566916315e-13,0.4153882538344622
71.55008006095886,5.905000000372798,15.021000000448144,0.8369099976419929,0.39550000940659635,3.8252313973359694e-13,0.5689772606079587
71.65008878707886,5.911000000358195,15.058000000205968,0.9103499970476894,0.36800001009595357,1.2792797750692405e-12,0.7225662323060958
71.75018739700317,5.9140000003428055,15.091000000756075,1.0021499969847052,0.3315000124609545,1.9687101976783683e-12,0.9285150607149179
71.85009026527405,5.913000000440935,15.122000000266574,1.1031299983765321,0.3050000083255473,3.1298222680545794e-12,1.0157815803307861
71.9500424861908,5.91000000019995,15.150000000505592,1.202580000629087,0.279000007298337,3.669695762678138e-12,0.987856370360241
72.05000519752502,5.904000000320346,15.17500000034266,1.2974400004063233,0.2505000081263997,4.553679250012921e-12,0.952949789315905
72.14999771118164,5.897999999919684,15.197000000428101,1.3739400033423979,0.2380000013727837,4.3717412688933565e-12,0.7644543050695971
72.25022602081299,5.888000000483883,15.222999999155153,1.4305500031552287,0.27499998254281166,4.638524295702074e-12,0.5619961219878024
72.35004138946533,5.8750000004707434,15.249999999733056,1.4733900023428221,0.30299998739858114,5.402593779315593e-12,0.4293510612335249
72.45114731788635,5.861000000297848,15.279999999384216,1.4963400032709395,0.3319999874433289,5.107959980552371e-12,0.2303835623051148
72.55098700523376,5.845000000214094,15.31199999965565,1.5024600028353623,0.36499998708443465,4.9160898537236285e-12,0.06283193556319816
72.65011739730835,5.827000000377019,15.346999999441163,1.5024600010471976,0.39149998997339736,4.878069819350757e-12,-0.003490624856342203
72.75015997886658,5.808000000221721,15.383999999745267,1.5024599999418222,0.4224999892289821,4.84068583387644e-12,0.00349065506561416
72.85032486915588,5.789000000058845,15.422999999670363,1.497870000834864,0.42899999887678514,4.266120470124493e-12,-0.041887879011967714
72.95016384124756,5.770999999729393,15.459000000620449,1.4764500028148952,0.39900001249441014,4.104005926330173e-12,-0.2059487710139676
73.05004143714905,5.755999999665219,15.492000000515407,1.4366700033016622,0.3595000157222964,3.6051848745238422e-12,-0.4084069421475266
73.15006279945374,5.742999999771251,15.524000000326126,1.378530002702377,0.33650000815873155,3.1125755591649915e-12,-0.5724679141545717
73.2499589920044,5.7339999996002256,15.554000000198268,1.3050900029240469,0.3070000104754125,2.0067298517334464e-12,-0.7400195175285945
73.3499743938446,5.727999999576478,15.582000000360825,1.2148200024713725,0.28050000833513694,8.918097981757702e-13,-0.9005898150245096
73.45034766197205,5.723999999839933,15.606000000578945,1.1138400020865575,0.246500011010438,6.718112527920832e-13,-1.0192722228842477
73.55007576942444,5.723999999634657,15.628000000503032,1.0128599995664502,0.2170000082527564,-4.0185945836351226e-13,-1.0018189992284092
73.65025019645691,5.724999999905053,15.648000000179934,0.9149399998825742,0.18800000792126847,-6.731209965450165e-13,-0.9808750502593309
73.75082516670227,5.727999999859444,15.664000000476378,0.8170199997013321,0.16100000633577213,-1.2579389078651434e-12,-0.9913470099836671
73.850252866745,5.731000000071095,15.677000000383295,0.719100000065352,0.12900000819756907,-1.2259262433359527e-12,-0.9773843882126912
73.95011901855469,5.734999999980838,15.686000000552077,0.6211799997692542,0.09950000637445788,-1.7546164538599879e-12,-0.9808750379034022
74.04998111724854,5.738000000140723,15.69300000027053,0.5217300004843959,0.07000000633820833,-1.592099523675943e-12,-0.9983283232786442
74.15012788772583,5.741000000033134,15.698000000113506,0.4268699989152549,0.06449999673549878,-1.579234747462496e-12,-0.9424778235501058
74.25011873245239,5.74699999946035,15.704999999546665,0.3488399975024542,0.09549998306508521,-2.023425863846443e-12,-0.7819075864466577
74.35025262832642,5.754999999587725,15.713999999638155,0.28916999675348043,0.1274999841211459,-2.1753453954208e-12,-0.5969026951987605
74.45075821876526,5.76499999966421,15.724999999588462,0.24938999678662865,0.1539999867972849,-1.941907158045772e-12,-0.4084071407070814
74.5500271320343,5.7779999996125495,15.737999999597136,0.22490999718880866,0.18649998578307608,-1.7795117076329563e-12,-0.24434617561259508
74.64999628067017,5.792999999627792,15.750999999889054,0.21725999722825706,0.19249999630326603,-2.1883765136584943e-12,-0.0628319456576791
74.74996638298035,5.805000000420602,15.76300000022863,0.2264399974468806,0.16350000953549276,-1.6757039261364832e-12,0.08028507515940457
74.85002088546753,5.814000000496754,15.772000000376536,0.2555099964160199,0.12750001197604888,-1.3708359995953103e-12,0.2967058629074479
74.95001649856567,5.822000000174656,15.780000000183527,0.29681999819339977,0.10450000597081191,-1.3032348231177895e-12,0.4153883037823686
75.05084538459778,5.828000000137209,15.787000000058306,0.3518999975763851,0.0920000019165259,-1.041995720969509e-12,0.5515239743259581
75.15026211738586,5.834999999751695,15.795999999606916,0.38862000316629475,0.12199998594338868,-7.971477210960698e-13,0.3665192339968336
75.25009179115295,5.8439999996313725,15.807999999483417,0.4054500032613695,0.15949998358927298,-6.924760146977918e-13,0.16755170917474294
75.34999895095825,5.8549999997141,15.822999999609262,0.4085100022907011,0.182999990216324,-6.475468390885602e-13,0.02443467993943438
75.44995427131653,5.8669999997224025,15.83999999951017,0.4069800006662523,0.21549998709220367,-4.177499457435599e-13,-0.006981301053118123
75.55025100708008,5.880999999803512,15.859999999563172,0.4085099996326629,0.24599998901823683,-7.841618867749827e-14,0.006981310136689582
75.65009546279907,5.896999999672128,15.880999999743427,0.40698000037533844,0.27449999008601467,-4.119530417761734e-13,-0.006981309917611961
75.75019454956055,5.914999999736898,15.905999999564742,0.4069799998836444,0.30499999031766173,-2.4529043620437173e-13,-3.4308000823948803e-09
75.85019969940186,5.933999999776668,15.931999999691275,0.40697999999999956,0.33249999165620453,-2.2472710469415176e-13,-1.744818248792471e-15
75.95080280303955,5.955999999651282,15.961999999540105,0.40697999999999956,0.3654999904988756,-2.424959543385804e-13,-8.577558558361704e-22
76.04993295669556,5.977999999898569,15.992999999675575,0.40697999999999956,0.39049999371662913,9.732605192062704e-14,-3.4213414041994615e-26
76.14993357658386,6.002999999763155,16.02699999971329,0.40697999999999956,0.42449999110724285,2.1740969112876037e-14,7.234013877598107e-27
76.24993515014648,6.029999999593132,16.062999999631476,0.40697999999999956,0.45149999388936957,-3.0862743950239727e-13,3.9741779444545965e-26
76.34992480278015,6.057999999898671,16.101999999722047,0.40697999999999956,0.4829999929356667,-2.9609781294447616e-14,-3.1377015317354705e-26
76.44995737075806,6.086999999905437,16.142999999599123,0.408509999741694,0.49899999892375935,4.509271365796242e-13,1.2915268084575005e-17
76.55002903938293,6.117000000031845,16.18300000027248,0.4085099999999994,0.49750000562620106,-3.41025656153511e-16,8.554597303308648e-24
76.64997172355652,6.146000000047086,16.223999999818567,0.40698000025865044,0.49950000396775335,4.314032069281556e-13,-0.0034906567336720562
76.74999856948853,6.175000000247766,16.264000000271736,0.406979999941822,0.5010000039267066,5.293521966302257e-13,-1.7202080792796948e-09
76.84994888305664,6.20499999988217,16.30400000004744,0.40697999999999956,0.4970000057719738,1.3139111926208533e-13,-8.733582179893939e-16
76.94995903968811,6.23400000022033,16.34500000003759,0.4085099997491377,0.49900000315082127,6.152508460619194e-13,1.254262633347186e-17
77.05029082298279,6.263000000040451,16.38500000001228,0.40698000025898784,0.4965000046543897,6.537525675313454e-13,-0.0034906567313624658
77.15021753311157,6.293000000025819,16.42500000023687,0.406979999941822,0.49800000285922524,2.35044855588062e-13,-1.7125364407816202e-09
77.25019431114197,6.322000000014635,16.464999999950656,0.41156999922077064,0.4885000068781775,3.4186399623075666e-13,0.04537853744057339
77.35022139549255,6.3480000006401545,16.503000000470703,0.43145999749199715,0.4560000148240774,1.0853309133444225e-12,0.19547680232180195
77.45011878013611,6.37200000034656,16.53900000020839,0.47429999601424866,0.4220000148633948,1.5135347902216797e-12,0.42236956388862357
77.55025291442871,6.39200000057883,16.573000000445457,0.5309099977510328,0.39500001096895326,2.2117845131013557e-12,0.5654866071990847
77.65084171295166,6.409000000383608,16.606000000197675,0.6028199972573582,0.37000000985448533,2.7896028154076745e-12,0.7295475440546463
77.75031995773315,6.4220000005491285,16.638000000379826,0.6946199970892057,0.3360000122823296,3.6809419986898184e-12,0.9215337505034729
77.85087323188782,6.431000000427856,16.669000000007088,0.7925399987985426,0.3285000018139327,4.6505511250906914e-12,0.9808750095132255
77.95001816749573,6.438000000218221,16.703999999472096,0.8690400037919717,0.3639999857325807,5.4345358084967625e-12,0.7644543189368157
78.04995489120483,6.443000000213534,16.742999999270044,0.9287100026455666,0.3949999879082864,6.0982843530814e-12,0.5969026892242515
78.1499674320221,6.4470000000808705,16.784999999622094,0.9715500029290465,0.4204999910624407,6.104080548717484e-12,0.41887910798602357
78.2499852180481,6.449000000157466,16.82999999928311,0.9960300028320188,0.45299998860263857,6.3436146391154455e-12,0.2443461840278123
78.34993505477905,6.45099999999224,16.87799999966758,1.0021500030688226,0.4819999910071676,5.969110432714822e-12,0.07330391273085776
78.44997429847717,6.452000000148141,16.927999999545683,1.0021500012217308,0.5014999948326796,6.097644145251074e-12,-0.010471932971646114
78.550128698349,6.453999999971542,16.97800000024478,1.0021499998254684,0.4985000036898503,5.60080503026264e-12,0.010471965205131252
78.65025639533997,6.4550000001598455,17.027000000074327,1.0021500001745323,0.49750000273847483,5.729822166524747e-12,-0.006981308150842278
78.75001740455627,6.456999999968274,17.07600000035082,0.9975600006363554,0.48850000550827793,5.2332344695497825e-12,-0.04886919844831765
78.85005521774292,6.45899999999312,17.123000000240097,0.9761400028122513,0.4590000131108976,4.867935005762355e-12,-0.20943942867822612
78.94999957084656,6.461999999980455,17.165000000899873,0.9333000035362784,0.4235000141570533,4.326997890172863e-12,-0.4258602309897803
79.05014514923096,6.466999999873797,17.205000000306878,0.8751600027179998,0.3955000108288049,3.5942094671326513e-12,-0.5724679203996328
79.15001916885376,6.474999999701336,17.24200000047314,0.8032500022869358,0.36850000951196243,2.2041165194944734e-12,-0.7330382066037606
79.2500205039978,6.4839999998797735,17.274000000628817,0.708390003820702,0.3340000120740245,1.2864215388697293e-12,-0.9424776898470053
79.35021686553955,6.4949999999822055,17.30300000056084,0.6089400005787253,0.30650000832892293,5.773127017755973e-13,-1.0018189614902269
79.45002388954163,6.507999999885606,17.328000000437193,0.5079600003592302,0.2760000092853721,-3.1112108279389466e-13,-1.0018189906447306
79.55002617835999,6.521999999979523,17.34900000053305,0.4130999989349289,0.2520000060148876,-1.1912041427546442e-12,-0.9494591389699282
79.65027928352356,6.535000000253285,17.367000000352583,0.33812999684833267,0.21650001026333454,-1.1221860800561425e-12,-0.7609636494572041
79.75006675720215,6.548999999965998,17.382000000277625,0.2799899968660098,0.21249999759660138,-1.6980617588847457e-12,-0.5794494010961032
79.8499698638916,6.565999999422258,17.398999999581847,0.24020999707083002,0.24399998424796,-1.987855432663405e-12,-0.39444450482486487
79.95022249221802,6.585999999519727,17.417999999629494,0.2157299974426481,0.2749999857719628,-2.085079040713622e-12,-0.25132748273582606
80.05075860023499,6.60799999954347,17.43799999966144,0.20807999710516745,0.30199998780482745,-2.144937671555891e-12,-0.06981326218619915
80.15040755271912,6.631999999723138,17.460999999537556,0.2111399983342782,0.32999998850098045,-1.5240043817240224e-12,0.03141587669856963
80.25008511543274,6.658999999384077,17.48499999960228,0.20808000104139424,0.3674999852497643,-1.8012854306959569e-12,-0.02094392444375686
80.35015392303467,6.686999999930356,17.51099999985619,0.2096099993998597,0.39049999195427904,-1.5026519965659086e-12,0.010471960045782023
80.45029473304749,6.716999999688049,17.538999999613583,0.21419999939795664,0.4014999967561338,-1.1917953421056746e-12,0.034906572637703207
80.55011081695557,6.744000000587031,17.565000000343254,0.23408999731957536,0.37050001258845544,-6.541038117657811e-13,0.19896745400343213
80.65002036094666,6.768000000454034,17.588000000459733,0.27539999632454437,0.33450001410089353,-6.628405741813335e-13,0.41887890882082357
80.75006580352783,6.789000000466782,17.61100000028424,0.3320099976900982,0.3070000096680962,-1.76975386605773e-13,0.5724679190299623
80.84999823570251,6.806000000504603,17.633000000170156,0.4069799968560184,0.2780000099700709,6.468635964788e-13,0.7470008312593717
80.94996929168701,6.820000000490194,17.655000000108814,0.4972499976469327,0.24750000956213364,1.6540106220755608e-12,0.9005898184694359
81.04998683929443,6.831000000277231,17.674000000320234,0.5982299979200314,0.21750000915408224,1.7701890792093259e-12,1.0192722229074833
81.14996981620789,6.838000000437906,17.692000000313058,0.6976800006833401,0.1895000074879053,2.490870414795102e-12,0.9948376856546689
81.24996376037598,6.843000000217884,17.708000000229585,0.7971299997374826,0.16500000604048176,2.722488997547565e-12,0.9878563601759224
81.3499984741211,6.845000000366943,17.721000000533593,0.891990000910782,0.1280000099780959,3.276505331834727e-12,0.9599311023329667
81.45005702972412,6.846000000151875,17.73100000037692,0.9929699988935214,0.09750000734507326,3.3615972097009736e-12,1.008800282818408
81.55002880096436,6.846000000082114,17.73800000043644,1.0908900008031153,0.06950000556156535,3.3497493617622425e-12,0.9808750533183895
81.65057420730591,6.84500000013805,17.742000000431528,1.1903399994689576,0.04150000561827101,3.6226041765408286e-12,0.9913470098007838
81.75017619132996,6.844999999895887,17.745000000088712,1.2836700012136473,0.03349999752588962,3.1147903419519564e-12,0.9424778201247802
81.85000419616699,6.843000000270358,17.750999999323653,1.3617000025016834,0.06499998269557142,3.2180809480007256e-12,0.7784169296894561
81.95000910758972,6.8400000002050625,17.759999999378458,1.421370003184412,0.09799998358732476,3.008419356594896e-12,0.5969026935173266
82.04999041557312,6.8350000003064455,17.770999999525433,1.4626800029586913,0.12349998705884468,3.1446466812495204e-12,0.4084071406474197
82.15018367767334,6.829000000181441,17.783999999653542,1.4871600027900453,0.1559999855728263,3.0209047289635757e-12,0.25132748960920026
82.25004506111145,6.820000000482121,17.80099999934151,1.4932800031533042,0.18549998721620725,3.2806339821778814e-12,0.05934129201819552
82.35013890266418,6.811000000141868,17.819999999591612,1.491750001239979,0.21399998872493595,2.9124301203413503e-12,-0.01047194115878436
82.45001554489136,6.800000000351716,17.84199999939496,1.4932799995664632,0.2464999875424275,2.8886635498290595e-12,0.00698130814431101
82.55097317695618,6.7889999999851405,17.86400000012608,1.4871600011175237,0.24700000051559162,2.8421354455836472e-12,-0.055850505227917936
82.65003418922424,6.779999999687178,17.88500000017913,1.4672700024416465,0.22200001022844407,2.0662730458120924e-12,-0.20943943211306054
82.75103807449341,6.771999999734762,17.902000000676882,1.4244300035238644,0.18350001423656281,2.0653086827080174e-12,-0.4223695743885822
82.8502516746521,6.765999999852341,17.917000000314538,1.3662900028192115,0.15850000872097922,1.8865121333375167e-12,-0.5794492317549177
82.94998812675476,6.76199999978256,17.930000000394237,1.2943800021440794,0.13500000731677128,1.5204468577451145e-12,-0.7295475534331355
83.0502061843872,6.7599999997395335,17.940000000515685,1.2010500036366616,0.09750001248869246,1.0678525151092556e-12,-0.9215337475739916
83.1501693725586,6.758999999894203,17.947000000465767,1.1000700011989148,0.07050000739018825,9.099370528711705e-13,-1.0122909215120437
83.25067567825317,6.75899999991784,17.953000000109764,1.0067399989375105,0.06499999906071961,6.317867939353568e-13,-0.9389871748233546
83.35062193870544,6.759999999842448,17.961999999470624,0.9287099971492521,0.09449998613269486,1.4801007498792504e-13,-0.781907582189366
83.44997978210449,6.76100000000025,17.973999999410317,0.8675099973213494,0.12699998548542335,3.3178739466401767e-13,-0.6178466384680162
83.55006885528564,6.763999999838991,17.988999999536844,0.8261999964775966,0.15449998861283426,5.86742917200754e-14,-0.40491649122734263
83.65018367767334,6.76799999983931,18.006999999369828,0.8001899976544284,0.18549998763860623,-1.7342858147147053e-14,-0.26529011721196993
83.7499406337738,6.772999999893915,18.025999999876742,0.7940699965814999,0.18999999855927852,-2.5039875744278204e-13,-0.06632260940140666
83.84997034072876,6.777000000102795,18.042000000421968,0.8017199975984084,0.15700001291852989,-2.4216416729797615e-13,0.08028507106812256
83.94994521141052,6.780000000139515,18.054000000665013,0.8292599968273453,0.1285000100336695,-2.9130173494371986e-13,0.27576192576444547
84.04995894432068,6.781000000321569,18.065000000237042,0.8705699975963008,0.10500000788051378,5.132518636137594e-13,0.41189763426855963
84.1499502658844,6.782000000144562,18.072000000639125,0.9317699968868234,0.06900001163266882,5.955434611442951e-13,0.6178464544714317
84.2499303817749,6.782999999934354,18.07600000047968,1.009799997001903,0.038000009608275,2.1858988427614042e-13,0.7714354508713954
84.35005927085876,6.783000000019134,18.078000000276578,1.104659997303725,0.011500006900761132,2.404942436424093e-13,0.9634216526649886
84.44998407363892,6.782999999990679,18.078000000140285,1.2056399989562867,-0.0014999983500201875,2.259673302296424e-13,1.0018189711372507
84.5499792098999,6.7830000000193005,18.077000000082453,1.3035600006381869,-0.0005000037771151697,3.1541914120880745e-13,0.9843657067117586
84.65001320838928,6.783000000022979,18.077999999712397,1.4030099995839778,0.0004999964402448327,1.3804314094738898e-13,1.0018189817880065
84.75022482872009,6.783000000023444,18.077999999938573,1.5024600003840933,-0.0005000025883282657,1.2945329671417517e-13,0.9878563634996963
84.85060024261475,6.78300000003534,18.077999999929393,1.600379999887045,-0.0005000028017968948,1.2163159923813462e-13,0.9913470133599461
84.950026512146,6.7830000000407304,18.07799999993532,1.6952400009644664,-2.8119375317797735e-09,1.1406035256981734e-13,0.9424778201220247
85.05004334449768,6.783000000037478,18.077000000154534,1.7717400027565344,-0.001500001884901716,4.756765609252285e-13,0.7749262729847138
85.15009713172913,6.78300000005777,18.077999999739077,1.8298800033801075,0.003499995815726322,2.990959098840844e-14,0.5759587510538698
85.25033068656921,6.782999999988856,18.077000000213882,1.8727200023559818,-0.0015000001764148212,4.579528210791971e-13,0.4258604136218425
85.35032916069031,6.783000000060408,18.07699999994522,1.8972000030779328,-2.622564637677627e-09,4.2947288766279003e-13,0.2373648711268728
85.44998741149902,6.783000000036514,18.076999999968475,1.904850002662576,-0.002000001145971607,4.034936534282101e-13,0.07330391180465046
85.55004072189331,6.783000000065277,18.076999999944523,1.8972000024773785,-0.0005000023898740283,3.783954738544856e-13,-0.06632244282220924
85.6500096321106,6.783000000037006,18.077999999764934,1.8727200030385753,0.003999996592272202,-1.0139786238255361e-13,-0.25132731833485
85.74999737739563,6.782999999971618,18.07700000022247,1.8252900035878405,-0.002499999083114833,3.656347340392688e-13,-0.46425747629432523
85.85001492500305,6.783000000060778,18.076999999939392,1.7640900026228779,0.0009999971221945157,3.4353679566905855e-13,-0.6108651637407203
85.94996905326843,6.783000000010352,18.077999999791473,1.6845300028708032,-0.0005000008109026744,-9.034431281384664e-14,-0.8028513614308849
86.04995965957642,6.783000000025729,18.07700000016891,1.5881400029281196,-0.0010000011264351392,2.7869582809257994e-13,-0.9634216655964717
86.1500391960144,6.783000000026497,18.077999999759854,1.4886900002617396,0.0004999981998212418,-6.332902816518979e-14,-0.9983283149572503
86.24994683265686,6.783000000008224,18.077000000186008,1.389240000187431,-0.0010000005645949062,2.0332690738490163e-13,-0.9913470186763353
86.35001635551453,6.782000000210189,18.077999999766618,1.295909998785517,0.01349999354716572,5.607583497820403e-13,-0.9459684769098528
86.45058536529541,6.781999999931379,18.081999999447817,1.21634999770442,0.04099998880121552,-8.792678969987126e-14,-0.7888889016883449
86.54996824264526,6.7810000000478885,18.08899999945062,1.1582099963723584,0.07299998818606365,-2.4131644581881485e-13,-0.5794494145500775
86.65003085136414,6.780000000024862,18.097999999651893,1.1153699976066176,0.09999999039169022,-2.769369330491456e-13,-0.4258604156159117
86.74998617172241,6.7790000000386135,18.110999999491632,1.0924199966635855,0.13449998856944234,-2.616469624884272e-13,-0.2338742141605961
86.84998106956482,6.778000000054394,18.12699999949866,1.0847699973976543,0.15899999265466647,-1.6503823508344037e-13,-0.07330391016329454
86.95005416870117,6.777000000045253,18.14599999952322,1.0878299982768398,0.1919999902810046,-8.17247064633745e-14,0.017453247904023972
87.0500795841217,6.776000000008872,18.166999999657442,1.0863000005501342,0.21999999236371015,-1.0075866358022649e-13,-0.013962618046366535
87.15008902549744,6.774999999980639,18.1919999995856,1.0862999997672893,0.2514999918952457,-2.184219015490739e-13,0.010471963494474665
87.25015306472778,6.773000000159703,18.219999999451474,1.0863000001745315,0.27949999334113207,1.9050767570951219e-13,-0.003490651412061332
87.35008144378662,6.771999999922539,18.24999999981271,1.0862999999418217,0.30999999317104454,-9.431520348233304e-14,0.003490655070256671
87.45003151893616,6.770000000102434,18.28399999942548,1.0863000000581764,0.33999999341185533,1.3368193728504956e-13,-0.0034906549594156235
87.55006980895996,6.768000000060711,18.320999999656976,1.0862999999418217,0.3704999939828381,2.6481514046747056e-13,-1.718739081179449e-09
87.65032434463501,6.766000000042798,18.359999999651862,1.086299999999999,0.39949999458879965,3.2655446291472587e-13,-8.710445936092879e-16
87.75055980682373,6.764000000003238,18.402999999672865,1.086299999999999,0.42899999504417285,2.6709982898945155e-13,-4.2929200435989455e-22
87.85066032409668,6.761999999986354,18.447999999611415,1.086299999999999,0.45849999502497624,1.5491969178034557e-13,-0.0034906567332697955
87.95008707046509,6.7590000001428425,18.496999999687844,1.0862999999418217,0.4869999960286013,5.478059130700909e-13,0.003490655064754236
88.05007457733154,6.756999999930429,18.54699999976274,1.0863000000581764,0.5025000009137379,2.738144497447495e-13,1.77035153680824e-09
88.1507477760315,6.754000000101551,18.597000000352015,1.086299999999999,0.499000008048464,6.294582561058832e-13,8.723757716467568e-16
88.25059628486633,6.75100000012335,18.646999999971495,1.086299999999999,0.4980000066475837,9.538965309745836e-13,4.427042021862822e-22
88.35028791427612,6.748999999909146,18.697000000256338,1.086299999999999,0.4990000054835339,6.467581243597243e-13,0.00698131357270411
88.45002603530884,6.746000000124156,18.74699999995444,1.0863000001163543,0.4985000057131104,9.701860964454224e-13,-0.006981309922188959
88.55001997947693,6.74399999990988,18.796000000436575,1.0878299996324707,0.49850000516645776,6.920531606039294e-13,0.01047196691628247
88.64997100830078,6.741000000109975,18.845999999928043,1.0863000004333663,0.5005000040916825,9.664423573552583e-13,-0.003490651417694293
88.75005650520325,6.738999999908472,18.89600000026969,1.0862999999418217,0.5005000045981145,6.586431837263777e-13,-0.003490658503985168
88.85008263587952,6.736000000124325,18.945999999951507,1.0862999999418217,0.4985000050837506,9.81280611492074e-13,0.0034906549602557054
88.95052456855774,6.73399999991066,18.99600000022599,1.0863000000581764,0.4980000041895605,6.722195760357354e-13,0.0034906585039869136
89.04996967315674,6.731000000127666,19.0459999998835,1.0863000000581764,0.500000002988649,9.938460233920715e-13,1.7729902550452092e-09
89.14994740486145,6.72800000010664,19.096000000241,1.086299999999999,0.4985000041176812,1.3052685521887624e-12,8.720492545076606e-16
89.24992370605469,6.725999999924883,19.14599999987416,1.086299999999999,0.4990000031240368,9.861210604667392e-13,4.433009699390555e-22
89.35018825531006,6.7230000001084615,19.196000000204556,1.086299999999999,0.49900000311991094,1.297851140573831e-12,-0.0034906567860409684
89.45023012161255,6.720999999924221,19.245000000093636,1.0862999999418217,0.49900000293119584,1.007619997571321e-12,0.0069813116934544246
89.549959897995,6.718000000108783,19.295000000197184,1.0863000001163543,0.49800000311749504,1.318090849276388e-12,3.4349644188053086e-09
89.64994049072266,6.715999999925903,19.344999999854277,1.086299999999999,0.4990000021781188,9.97924085539484e-13,1.74458391555597e-15
89.7499988079071,6.713000000109276,19.39500000018744,1.086299999999999,0.4990000024232065,1.3089364509134447e-12,8.585088910178112e-22
89.8499960899353,6.710000000128227,19.444999999870273,1.086299999999999,0.49800000265893607,1.5922133920091082e-12,-5.0541508873599346e-26
89.95024251937866,6.707999999913737,19.495000000160058,1.086299999999999,0.4995000015583726,1.245399172074876e-12,3.2761306462165755e-26
90.05000829696655,6.705000000127936,19.54499999987601,1.086299999999999,0.49950000201957984,1.5325629262898902e-12,-5.098707387364305e-26
90.1502480506897,6.702999999912493,19.595000000186356,1.086299999999999,0.5005000015242596,1.1893892624332864e-12,3.283217387114203e-26
90.24996399879456,6.700000000127807,19.64499999988104,1.086299999999999,0.5000000019935229,1.4796905029178958e-12,-0.006981313460964802
90.34998273849487,6.697999999912023,19.694000000394308,1.0862999998836442,0.49750000259964683,1.1693375865746904e-12,-3.431972668728467e-09
90.44999122619629,6.695000000130881,19.74399999981539,1.0908899992231336,0.48850000495459345,1.461020902343731e-12,0.041887880779066265
90.5499837398529,6.692000000077142,19.79000000070915,1.1107799974336179,0.4590000121141581,1.730726811154527e-12,0.1954768005984728
90.65030813217163,6.688000000148268,19.832000000621342,1.152089996270853,0.4235000140023257,2.2000951958490327e-12,0.42586022058683826
90.74999761581421,6.682000000223435,19.872000000510667,1.2086999978059052,0.39700000940613356,2.946434788251499e-12,0.5619959521076973
90.85000562667847,6.675000000081193,19.90800000048,1.2821399969510048,0.3665000106552876,3.2491249342164914e-12,0.7295475423560324
90.94999742507935,6.665000000215093,19.9410000005537,1.3739399970919464,0.33300001076180824,4.1273070539320136e-12,0.92851506409111
91.04999494552612,6.653000000268392,19.969000000531516,1.474919998379685,0.30600000801973837,5.151046688188911e-12,1.0053096101455996
91.14998507499695,6.639000000198909,19.99600000016473,1.5713100009473373,0.298999999816453,5.620318362049631e-12,0.9669124244960989
91.24994468688965,6.621000000642994,20.02299999962357,1.6447500036822515,0.3309999850234831,6.3582071634885485e-12,0.7365290613491199
91.34993863105774,6.60000000037966,20.050999999900338,1.70442000249701,0.34199999409192267,6.7699531622485674e-12,0.5934120160383202
91.44996976852417,6.579999999874072,20.07500000045459,1.7472600026342548,0.30700001188142545,6.901382311225342e-12,0.4363323928137176
91.5500054359436,6.561999999594932,20.09600000046974,1.7686800037594952,0.2735000101631368,6.466968081105407e-12,0.21293027865173553
91.65004324913025,6.544999999861139,20.114000000354668,1.7763300022538702,0.24750000708481673,6.472296324919451e-12,0.06283192929615877
91.74997735023499,6.529999999689615,20.13100000024165,1.7686800023019438,0.21900000725840993,5.858111982700101e-12,-0.07330376159716395
91.85014295578003,6.516999999794852,20.145000000333923,1.7380800039592672,0.18300001002327088,5.712326145345596e-12,-0.3001965160949163
91.94994759559631,6.50699999969146,20.158000000145776,1.6937100022715694,0.15700000527475585,4.907733052077006e-12,-0.4398229028237202
92.04995036125183,6.49799999998469,20.16999999996048,1.6416900014744829,0.15549999591553454,4.503840420931409e-12,-0.520108076327308
92.15023565292358,6.488000000257766,20.18499999952983,1.6049699973558291,0.18299998544465196,4.051803761823407e-12,-0.37000987529824997
92.25023674964905,6.477000000304939,20.202999999376296,1.5881399966826444,0.21849998294499334,3.5770772533806096e-12,-0.1675517110254607
92.3499858379364,6.464000000300208,20.222999999748836,1.585079997709372,0.24249998867462155,3.748696084519593e-12,-0.02094402316337804
92.44998073577881,6.450000000332713,20.245999999453836,1.586609999392103,0.2754999856483801,3.523095328656061e-12,0.006981302835624325
92.54992485046387,6.434000000281922,20.27199999957744,1.585080000367466,0.3039999885787535,3.3684479308632035e-12,-0.006981310133110025
92.64997100830078,6.4170000002824645,20.29999999952207,1.5866099996248644,0.33349998856678076,3.143602897795212e-12,0.0069813099231665855
92.74990701675415,6.399000000058929,20.328999999996707,1.5804900011205025,0.33949999829229316,3.1015653421078e-12,-0.052359848350361976
92.8499801158905,6.382999999749591,20.35600000032688,1.5606000024948892,0.30700001302339575,2.778228484297447e-12,-0.20943943045440766
92.94999122619629,6.368999999702215,20.380000000581116,1.5162300037796261,0.2745000118120601,2.705944810161133e-12,-0.4293508878892909
93.04997396469116,6.3579999997252665,20.40300000017288,1.4611500021624118,0.2505000082450685,2.0533229174766825e-12,-0.5585052950883995
93.14998865127563,6.349999999542911,20.42400000038183,1.3846500032464035,0.2175000107822732,1.104886369773946e-12,-0.7644541109754468
93.24997353553772,6.34299999996415,20.443000000180394,1.3005000014992991,0.20900000116131662,1.1199743914805339e-12,-0.8412486604748343
93.34998106956482,6.337999999910305,20.46699999927702,1.2362399965311348,0.24499998454713673,1.8689133196280188e-13,-0.6562438898870814
93.44993686676025,6.333000000053016,20.49399999931695,1.1872799973409178,0.2779999862308525,-6.948392639903834e-14,-0.4817109620821659
93.55046153068542,6.328999999961555,20.52299999979574,1.1566799969913748,0.302499990599865,-2.809031917179599e-13,-0.3036873774605659
93.65004372596741,6.325000000095687,20.555999999326737,1.1429099972703445,0.33449998801256664,-2.1780439462525125e-13,-0.1361357667746278
93.74998712539673,6.3210000000847275,20.591999999609577,1.144439997480098,0.3639999900641151,-6.682840685274943e-14,0.0034905897935511854
93.8500165939331,6.317000000036635,20.628999999770546,1.147499999540583,0.36899999966990776,-2.6685939564334876e-14,0.038397225830752155
93.94998669624329,6.3129999999815976,20.66300000066092,1.1673899973755586,0.3380000130440241,1.443824839142246e-13,0.20245811245313894
94.05003595352173,6.30800000014561,20.694000000407712,1.210229996124419,0.3050000133758214,7.20922119735868e-13,0.4188789106029254
94.15003323554993,6.3029999999433715,20.721000000680988,1.2668399977013387,0.27700001030299065,8.679300060399694e-13,0.5654866055467901
94.24995040893555,6.296000000171326,20.747000000096524,1.3310999985441572,0.2759999997117327,1.3760793313210076e-12,0.6387904689941157
94.34992671012878,6.286000000374361,20.774999999776472,1.3800600026196608,0.3024999895710611,2.219699751390377e-12,0.4991642347442446
94.449946641922,6.274000000404586,20.806999999215982,1.4091300033960033,0.3364999870144878,2.4374740939219343e-12,0.2827434487843634
94.54991340637207,6.261999999915366,20.83800000019155,1.4213700027053207,0.33700000059744484,2.2559496020999677e-12,0.12915444020236946
94.6503643989563,6.249999999919484,20.867000000358814,1.4183100026706768,0.3055000127730216,2.296281499399955e-12,-0.0349065017057871
94.74991297721863,6.2399999997093465,20.893000000538795,1.393830003432328,0.273000011967256,1.9319542693467485e-12,-0.23387402189021292
94.85053133964539,6.2309999999395425,20.917000000212045,1.3571100023186404,0.25000000800735156,1.8662267784529487e-12,-0.37699104574346726
94.94994854927063,6.224999999630493,20.938000000564944,1.2989700032510458,0.2155000114772138,1.2008517434153017e-12,-0.5829398688470524
95.0504195690155,6.219999999922039,20.95700000024129,1.2240000029723004,0.18550000947482642,1.0892608459465026e-12,-0.7435101798245822
95.15047025680542,6.217999999723354,20.973000000420164,1.1352600021587687,0.16200000612935234,4.0730765390134896e-13,-0.8970991599736404
95.24994850158691,6.21699999989732,20.98800000009871,1.0388700013687697,0.1510000012695876,1.0756925491545383e-13,-0.9669123701432755
95.34991884231567,6.217999999801515,21.005999999417874,0.9593099969442407,0.1824999853617899,-5.260582066240652e-13,-0.7853982527817807
95.44993877410889,6.219999999880003,21.026999999346963,0.8996399969988107,0.2164999849448918,-6.96947329678659e-13,-0.6038840132592395
95.5507459640503,6.223999999809213,21.050999999549155,0.8583299967148812,0.24399998866259284,-1.053119077064498e-12,-0.41189779799438847
95.65000820159912,6.228999999860234,21.076999999530813,0.8338499972749533,0.2734999882762711,-1.148749889632347e-12,-0.25132749375132446
95.7500114440918,6.234999999934499,21.10699999947314,0.8261999970665088,0.30399998897067537,-9.42093319978107e-13,-0.073303916220055
95.85000252723694,6.24199999986425,21.137999999673895,0.8307899980014049,0.3109999982521186,-1.075564500642803e-12,0.05235981375364847
95.95008969306946,6.247000000299198,21.16600000058271,0.8522099973601649,0.2790000128361375,-4.629672438449648e-13,0.20245811939100897
96.05007410049438,6.251000000217482,21.190000000594296,0.8935199963840055,0.2430000139633025,-1.2655931849381153e-13,0.41189759714941687
96.1500358581543,6.254000000106388,21.212000000447578,0.9501299975806856,0.21650000916461615,9.809349079648441e-15,0.5654866020785043
96.2500057220459,6.2540000003776415,21.231000000408308,1.0235699969875243,0.19250000797521108,1.0191991624240184e-12,0.7330382007117745
96.34999203681946,6.254000000055944,21.24800000043606,1.1138399973976194,0.1570000114481704,1.1119233411992994e-12,0.911061781862342
96.45001888275146,6.252000000174825,21.261000000417187,1.213289998360859,0.13000000791286495,1.6570279482512585e-12,1.0018189445858403
96.55008482933044,6.249999999957037,21.271000000501747,1.3127400003924472,0.09800000894702432,1.6962829769900174e-12,0.9948376770704405
96.64997458457947,6.247000000101502,21.279000000178783,1.4076000005326736,0.09349999829229509,2.0286078733513743e-12,0.9459684793832708
96.74995112419128,6.242000000332357,21.289999999518894,1.485630002969169,0.12499998505921828,2.333161701864497e-12,0.7853982423982662
96.84994459152222,6.235000000358788,21.30399999937238,1.5453000029810888,0.15699998538693105,2.346838135541189e-12,0.603884013442638
96.95005536079407,6.226000000257554,21.318999999773393,1.5881400030398471,0.18149998945607132,2.564768943692829e-12,0.41887911148963086
97.05025672912598,6.215000000337405,21.336999999439175,1.6141500025774786,0.21849998502673318,2.3941044290001334e-12,0.25830881085511503
97.15001845359802,6.202000000178184,21.35599999992721,1.6202700033014836,0.21800000024294863,2.59222147378982e-12,0.06283194924430624
97.25001454353333,6.191999999644644,21.37200000037747,1.6126200023421693,0.18700001187593712,2.1701091410788933e-12,-0.07679441618095682
97.34998869895935,6.182999999759244,21.38500000055113,1.5850800032360364,0.1555000109503334,2.3424900299728294e-12,-0.26878061036275236
97.44997000694275,6.175999999830217,21.39700000017764,1.5407100030317094,0.13100000799366288,2.044600357686073e-12,-0.44331354136665624
97.54998087882996,6.170999999754094,21.406000000467486,1.4825700021478636,0.10100000923527137,1.947709332040398e-12,-0.5899212150320564
97.6500027179718,6.167999999775244,21.413000000330612,1.403010003637321,0.06900000979705616,1.649356408117426e-12,-0.79237937757821
97.75022101402283,6.166999999732446,21.419000000035968,1.3188600005866875,0.065999998100687,7.967648528865484e-13,-0.8517206457933947
97.85029077529907,6.164000000259013,21.42699999959106,1.2484799977192087,0.09399998641816554,1.1517896113591702e-12,-0.6981317788003588
97.95011973381042,6.162000000008286,21.43899999944503,1.1979899966441772,0.12549998630669681,7.400009729605864e-13,-0.4991642639546122
98.0499906539917,6.160000000008856,21.453999999421587,1.165859997116131,0.15599998714847585,4.4780281214323815e-13,-0.3246313294497823
98.15007615089417,6.157999999996447,21.471999999554928,1.1505599971016456,0.18499998884426214,2.304927762274324e-13,-0.15707971521235414
98.2500171661377,6.155000000191538,21.492999999441082,1.1505599973820044,0.21549998863020706,5.971217552108477e-13,-7.966681384030672e-08
98.34995007514954,6.152999999906672,21.51699999959699,1.1505599999999965,0.2449999900432234,1.2530038459455446e-13,-3.923524820333486e-14
98.45006227493286,6.149000000257417,21.543999999441635,1.1505599999999983,0.2749999901164217,6.921916115272899e-13,-1.9922396013107337e-20
98.55004167556763,6.145999999966313,21.573999999634804,1.1505599999999983,0.3029999918280083,4.1407194318636626e-13,7.424300098473738e-27
98.64997553825378,6.142000000124707,21.606999999401005,1.1505599999999983,0.33399999083910015,5.579482565696355e-13,-1.4521277768154453e-26
98.74995851516724,6.138000000028293,21.64299999965031,1.1505599999999983,0.3624999927006583,4.884052424492159e-13,3.1128580229433614e-27
98.85004878044128,6.133999999988113,21.6819999993947,1.1505599999999983,0.3944999914754219,2.2225660763672928e-13,2.4362151696088646e-26
98.95003914833069,6.129000000086995,21.722999999892185,1.1505599999999983,0.4229999936693011,4.432690418232799e-13,-0.003490656785983692
99.04999017715454,6.124000000053281,21.76799999940007,1.1505599999418208,0.45349999295878735,3.741975607802014e-13,0.0034906549599965234
99.14997887611389,6.118000000148834,21.81599999971196,1.1505600000581757,0.4824999943101525,7.163702682271011e-13,-0.0034906550695069987
99.2502121925354,6.112000000119796,21.864999999798176,1.1505599999418208,0.501499998139696,9.606965923667876e-13,-1.7692533753159434e-09
99.35005283355713,6.106000000044809,21.91500000024286,1.1505599999999983,0.4975000069601174,1.1267901987917109e-12,-8.722133625916978e-16
99.44999766349792,6.10099999988806,21.964000000053364,1.1505599999999983,0.4970000052485698,7.462715349992204e-13,0.006981313461249878
99.54999732971191,6.095000000053968,22.014000000160337,1.1505600001163534,0.5025000027009738,9.260304548287877e-13,3.4348028457933943e-09
99.64997100830078,6.089000000080857,22.063999999942098,1.1490300002589293,0.49850000609879713,1.0897073635998125e-12,-0.010471970195261337
99.75000548362732,6.083000000068527,22.112000000562006,1.1551499988219809,0.485000009176358,1.4333775568995473e-12,0.05934116022639289
99.8499698638916,6.077000000079293,22.15800000036729,1.1765699973644268,0.46050001297853915,1.7082663324126173e-12,0.20594877731059064
99.94995951652527,6.070999999905318,22.200000000903625,1.2194099964054035,0.42350001649797087,1.6990790090319814e-12,0.4293508860562239
100.05008625984192,6.062000000299024,22.23900000043216,1.2775499973081144,0.3960000123190952,2.7005085908221376e-12,0.5829398921215772
100.14998602867126,6.052000000088895,22.27500000062025,1.3494599979248005,0.36750001158518936,3.2699680721552877e-12,0.7260568984302964
100.24997329711914,6.040000000190804,22.307000000486862,1.4427899963028925,0.33550001256165085,4.0552311671420566e-12,0.9354963727129579
100.3499972820282,6.026000000124191,22.3350000006354,1.5437699990428695,0.305500010652541,4.955178703068466e-12,1.012290928401153
100.44997382164001,6.011000000107838,22.35800000063857,1.6447499997905024,0.2760000101734967,5.856639903812277e-12,1.0053096526914311
100.55002927780151,5.9959999998244005,22.37800000057143,1.7426700007843121,0.24800000858372914,6.0697581062327775e-12,0.9878563651687304
100.64998650550842,5.980999999900033,22.39500000025095,1.8405899997921638,0.21800000928825344,5.958977292863524e-12,0.9773843864657789
100.75010895729065,5.965999999886957,22.407000000602434,1.9400399999556304,0.18600000904300318,6.705826967659794e-12,0.998328321820988
100.84995460510254,5.9529999997981555,22.416000000419277,2.0364300003375804,0.15850000713096637,6.906990895839873e-12,0.9564404513447825
100.95009994506836,5.940999999790601,22.423000000280044,2.114460003140945,0.13550000471066315,6.8625304583110145e-12,0.7819075907824079
101.04996490478516,5.93199999955284,22.428000000211533,2.1726000031832613,0.09750001043326553,6.371078865890405e-12,0.5934120414676936
101.15012860298157,5.9259999995381305,22.430000000372626,2.2139100031163577,0.06850000599768173,6.4248999458345335e-12,0.40840713597560085
101.2499566078186,5.921999999680163,22.432000000065994,2.2399200024037307,0.03900000617270342,5.852190863256824e-12,0.26179946225369605
101.34993076324463,5.919999999811868,22.433000000028166,2.247570003108484,0.010500005070459055,5.35691715832854e-12,0.06981326455475523
101.44996547698975,5.919999999942826,22.43300000002149,2.239920002458041,-0.000500001580617985,5.033106315280463e-12,-0.06632244246747021
101.54995107650757,5.920000000142757,22.432999999944627,2.21391000316144,0.0009999937746867603,4.719872328599038e-12,-0.258308634811909
101.65002942085266,5.920000000102328,22.432999999957193,2.1695400032055923,-4.9125795549553875e-09,4.434664115961218e-12,-0.4537855062504253
101.75006055831909,5.920000000114931,22.432999999945828,2.1098700022206605,-0.0005000048031472866,4.158546127082125e-12,-0.600393190570773
101.85004115104675,5.9200000001102175,22.43299999993978,2.0287800037247483,-0.0005000046978437204,3.9073393145013435e-12,-0.8063420097989404
101.94994235038757,5.920000000103013,22.432000000128983,1.9339200021069058,-0.002500003667812941,4.184201906327445e-12,-0.9424777291459764
102.0499656200409,5.919000000315262,22.43299999970693,1.8390600003579718,0.012999989895284876,3.83768693805128e-12,-0.9634217364593493
102.15005898475647,5.917000000259775,22.435999999539348,1.7610299967354774,0.03999998647107484,3.1253497324992352e-12,-0.7853982509547417
102.25005197525024,5.913000000314254,22.440999999549266,1.701359997013935,0.07449998409704198,2.751442508143573e-12,-0.5934120432049379
102.34999227523804,5.907000000281114,22.44899999957757,1.658519997135548,0.10099998845431427,2.4589220506545197e-12,-0.4293510767084323
102.45010185241699,5.9000000002527795,22.458999999605663,1.6325099972494042,0.13199998711259409,2.240921077681661e-12,-0.24783684601113254
102.54999279975891,5.8910000002859295,22.471999999639955,1.6248599971234996,0.16199998866355472,2.213385315586174e-12,-0.07679457120784736
102.65016102790833,5.880000000425208,22.48799999947248,1.6263899984611139,0.1914999891801864,2.2645959695829056e-12,0.010471931198435258
102.75030446052551,5.868000000211481,22.505999999682466,1.62639000017453,0.22049999038860155,2.123198885213833e-12,-0.006981308421228443
102.85003685951233,5.854000000363986,22.52699999945368,1.6263899998836426,0.2514999898615594,1.9944300558131806e-12,0.006981309917205932
102.95002150535583,5.839999999930921,22.548000000103244,1.621800000869078,0.25550000082644214,1.8697818756824628e-12,-0.05235984836537383
103.04996871948242,5.826999999807015,22.56700000043328,1.5988500030135122,0.22200001504736236,1.987491620154098e-12,-0.2199114006355694
103.1501977443695,5.816999999599372,22.58400000042821,1.5575400031094389,0.19200001241558812,1.511024521685131e-12,-0.42236957937629704
103.2499897480011,5.8089999997194,22.59900000028779,1.500930002532892,0.16400001124659774,1.1194981027367104e-12,-0.5654866050456798
103.34997534751892,5.80199999991665,22.613000000174505,1.435140001372495,0.16200000062895942,1.0603024915925856e-12,-0.6457717837093718
103.45003771781921,5.795999999961559,22.629999999547387,1.387709997263697,0.188499989738787,3.708627154103795e-13,-0.47472964337858614
103.55008316040039,5.788000000272751,22.65099999944029,1.3601699966063294,0.22499998699328366,5.52038367089173e-13,-0.28274343332059854
103.64997577667236,5.780999999982444,22.673999999645883,1.3479299973575203,0.24999999175065943,1.3566415214151105e-13,-0.1256637858349329
103.750004529953,5.7720000002313645,22.70099999950084,1.3494599976543025,0.2789999910592539,3.4238627092268215e-13,0.020943878783558967
103.85000824928284,5.762000000297863,22.729999999499775,1.3479300006078305,0.31099999013770024,7.099439580052908e-13,-0.010471959571963584
103.94998836517334,5.75200000004589,22.761999999711577,1.3494599995744623,0.3379999929634283,5.263833402208688e-13,0.0034906516321109964
104.0500168800354,5.741000000133252,22.796999999425083,1.3479300003171208,0.3704999909747668,3.4856480780791555e-13,1.7723217342509312e-09
104.1500449180603,5.728000000262805,22.834999999698002,1.3479299999999985,0.39949999322248964,8.278853198247043e-13,8.7121272572021e-16
104.24992728233337,5.715000000170961,22.87499999959619,1.3479299999999985,0.4289999930766427,8.960414917710238e-13,4.428234142546335e-22
104.34991550445557,5.701999999905489,22.917000000028523,1.3540499989968233,0.43350000309661196,5.831066159284383e-13,0.048869195024309746
104.44994187355042,5.688000000124355,22.95600000040443,1.3739399974457105,0.4030000162222675,1.2715134007031169e-12,0.2059487719214967
104.54992461204529,5.674999999880084,22.990000000987667,1.4167799964086887,0.3700000157610325,1.862680751252234e-12,0.42586022932054945
104.64997959136963,5.661999999890519,23.022000000416973,1.4749199972499203,0.34350001272988023,1.905583806899216e-12,0.5829398903477127
104.74992871284485,5.647000000035182,23.051000000543894,1.5483599976735687,0.31200001345949285,2.6146589361054537e-12,0.7365288687888109
104.8499505519867,5.631999999997832,23.075000000575717,1.643219996219337,0.2800000132121474,3.2864674574280403e-12,0.94247769149938
104.94994735717773,5.615000000159032,23.096000000476483,1.7380800001519723,0.2770000013059892,4.3516069315129545e-12,0.956440423223697
105.04993224143982,5.595000000488087,23.117999999777123,1.8145800029919887,0.28849999572946106,4.772039591960245e-12,0.7574729963994336
105.15003824234009,5.575999999704036,23.136000000567375,1.87425000283624,0.2585000114510033,5.063728633248493e-12,0.5969026832021957
105.25013709068298,5.558999999640499,23.1500000006018,1.9140300032164181,0.21900001473421338,5.368728837960423e-12,0.3944445137364362
105.34995746612549,5.543999999625748,23.163000000215447,1.9385100025577437,0.19300000837264894,4.8006617585138805e-12,0.24783682594302028
105.45018577575684,5.5290000000572705,23.174000000137095,1.9461600028359016,0.19049999920158317,4.935916614806158e-12,0.07330391719908036
105.55000281333923,5.512000000364994,23.186999999769057,1.9415700019747795,0.21699998851432692,4.763701890906583e-12,-0.04188784535164068
105.64995193481445,5.4930000004484985,23.201999999641874,1.9446299987845053,0.2529999852888045,4.465181251071923e-12,0.03141588935492684
105.74997901916504,5.471000000338563,23.218999999780777,1.9431000007746957,0.2789999902996943,4.3020019055477416e-12,-0.017453268458972354
105.85006976127625,5.446000000662913,23.237999999610096,1.9430999997091098,0.3099999886845471,4.3487392608124436e-12,0.006981304607555923
105.95004200935364,5.420000000205807,23.25899999972632,1.943100000116353,0.34049998992797065,3.800667710375039e-12,3.436566615479253e-09
106.0502438545227,5.392000000293979,23.2799999999727,1.9385100007768021,0.3459999997235423,4.0474001391745855e-12,-0.038397224049024625
106.15022873878479,5.366999999479931,23.30000000037947,1.918620002624087,0.3160000129151665,3.714065394886919e-12,-0.2024581124618234
106.25005531311035,5.345999999387999,23.31800000037377,1.8773100036143462,0.2805000145744094,3.1873198233554976e-12,-0.4118975971744231
106.35122084617615,5.326999999575896,23.33600000019712,1.8191700026721187,0.2540000099334315,2.5573181615208746e-12,-0.5759585724221976
106.45018529891968,5.309999999886976,23.35399999994266,1.7564400010199486,0.2515000004851421,2.044530247921996e-12,-0.6352998175891684
106.55023431777954,5.292000000230204,23.37499999965819,1.7074799974425887,0.27999998898151357,1.754686098602977e-12,-0.495673576275121
106.65016722679138,5.273000000370834,23.398999999536176,1.6768799969182884,0.311499988166763,1.658171568937961e-12,-0.2932154171423724
106.75023627281189,5.253000000195825,23.4259999997253,1.6661699968681352,0.3389999907618103,1.5344923504531888e-12,-0.11868247493828493
106.85020542144775,5.232000000254215,23.45599999943311,1.6661699980219562,0.37099998925713074,1.064498772010864e-12,-6.032204363792815e-08
106.94993901252747,5.208000000319847,23.487999999769336,1.6661699999999962,0.3984999919849236,1.3885479078733763e-12,-2.9658616065814167e-14
107.04991054534912,5.184000000155109,23.520999999800093,1.6600500010362986,0.40450000034216527,1.3288548169151536e-12,-0.048869194230727504
107.14994502067566,5.161999999589819,23.552000000514628,1.6416900021963081,0.37450001367843727,1.1397143380387166e-12,-0.19896746088492892
107.24994349479675,5.142999999598473,23.580000000496245,1.5988500039371298,0.33800001569311744,9.251820407943129e-13,-0.4153882520477978
107.34997916221619,5.126999999551223,23.608000000221608,1.5422400023595064,0.3155000091106567,3.8696428893306683e-14,-0.5689772605957244
107.450031042099,5.113999999600632,23.633000000435462,1.468800002952531,0.28600001150389937,-3.778278679709263e-13,-0.7400195159586205
107.549964427948,5.103999999595827,23.657000000443254,1.3770000027199056,0.24750001375354067,-9.305446686403015e-13,-0.9215337557577206
107.6500174999237,5.096999999793179,23.67900000015556,1.2760200017333587,0.2225000082281576,-1.3005179611278231e-12,-1.0122909200710286
107.78337526321411,5.092999999748137,23.69800000055431,1.1780999990569785,0.19500000825465322,-1.5858358742731915e-12,-0.9843657117524472
107.84999704360962,5.091999999669995,23.716999999909607,1.0832399997947815,0.1914999990159444,-2.4821354154786293e-12,-0.9424778175386813
107.95032691955566,5.091999999830074,23.737999999656303,1.0067399968256514,0.21799998796129336,-2.9138104232093393e-12,-0.7644542998745778
108.04995822906494,5.0929999999341655,23.762999999261442,0.945539997625032,0.2549999843477821,-2.8640354095900737e-12,-0.6108653162417935
108.14990830421448,5.095999999882312,23.790999999567184,0.9042299965940281,0.2779999909376549,-2.929429382107925e-12,-0.4188791149396658
108.24997115135193,5.099999999934195,23.820999999439476,0.8797499971597849,0.31049998759527775,-2.72351439530472e-12,-0.24434618385257065
108.34993767738342,5.105999999804827,23.85399999966804,0.8720999971833199,0.3394999900268426,-2.9967706240792077e-12,-0.08028522638410063
108.45001530647278,5.111000000114806,23.888999999627497,0.8766899978854352,0.34449999945771637,-2.2955153030420217e-12,0.05235981024247288
108.55011892318726,5.116000000127394,23.921000000516532,0.8965799976085915,0.317000011551579,-2.0184924407238387e-12,0.19896746254976644
108.65017580986023,5.119000000285646,23.949000000583293,0.9394199960669334,0.27700001593908946,-1.3008538232439366e-12,0.4188789088414513
108.74995827674866,5.121000000151159,23.974000000567486,0.9960299976928162,0.2515000091291305,-9.221547234414859e-13,0.5689772622663449
108.85017991065979,5.121000000211311,23.997000000318792,1.0679399973142591,0.22650000868188055,-2.7886125574476107e-13,0.7295475458179974
108.98349213600159,5.12000000006458,24.01700000053297,1.1612699968479672,0.19000001209625775,-7.94891766896275e-15,0.9354963777088368
109.04996919631958,5.11700000015157,24.033000000455356,1.260719998761092,0.166000007020671,6.056828347345683e-13,0.9878563300452519
109.18330597877502,5.11300000007344,24.047000000401468,1.3586400004055066,0.13600000851481178,1.0740589317663105e-12,0.9843656998421786
109.24994492530823,5.108000000183782,24.059000000070096,1.4519700006095957,0.13249999824158204,1.5932649241208181e-12,0.9285151904197722
109.3833315372467,5.102000000138502,24.071999999815993,1.5330600021878946,0.1589999872454767,1.6614176914182062e-12,0.8168141448430968
109.45031881332397,5.093000000343323,24.086999999705856,1.591200003761331,0.1679999943692852,2.0431267770088337e-12,0.589921402519744
109.58336305618286,5.0849999998438005,24.099000000442942,1.6340400028099702,0.13750000940274537,2.231214377414691e-12,0.4153884477994419
109.64992117881775,5.078999999722328,24.10800000037948,1.6585200027781881,0.10050001168782416,2.0462858702418804e-12,0.2443461821616662
109.78329062461853,5.074999999674909,24.1140000003766,1.667700002566669,0.07450000645774736,1.7747831038532618e-12,0.0907571966816059
109.84993410110474,5.070999999994924,24.118000000310236,1.6585200030663008,0.0515000052282254,2.1982450802276185e-12,-0.08028505874672272
109.98337244987488,5.069999999667967,24.120000000346828,1.6325100029271593,0.016000009242873325,1.8446644443203966e-12,-0.2583086417156577
110.04997396469116,5.069999999887301,24.120000000166737,1.5896700029460864,0.0005000014727131021,1.7331915499760949e-12,-0.436332222600113
110.1833143234253,5.070000000055412,24.1199999999098,1.5284700027651756,-0.0010000039699043142,1.6253045628377306e-12,-0.6073744955363714
110.24995565414429,5.070000000059166,24.11999999988902,1.4489100033455702,-0.0015000040938459754,1.5270984202856211e-12,-0.7993606999110789
110.38332891464233,5.07000000005229,24.11999999987978,1.3555800019883795,0.000499995232003024,1.4320639307711003e-12,-0.9320057552825698
110.44994306564331,5.070000000025666,24.119999999921713,1.253070001814455,-3.5491640459905938e-09,1.345507197514004e-12,-1.0227628955918875
110.58335328102112,5.0700000000195455,24.11999999991022,1.1551499990133043,-0.004000002042103217,1.261750432884494e-12,-0.9808750602302269
110.64992165565491,5.070000000017704,24.12099999964578,1.0602899997061423,0.014999989351417607,1.1151468508644683e-12,-0.9599310992305146
110.78332686424255,5.06999999999455,24.124999999459853,0.9837899965503127,0.042499987098924406,9.912164972752306e-13,-0.7679449653584616
110.84996199607849,5.07099999984162,24.13099999959953,0.9241199972966538,0.0704999873689454,5.259606307578821e-13,-0.5969026909994104
110.9832911491394,5.071999999962568,24.140999999421073,0.8797499973300043,0.10049998774235942,5.842292475622242e-13,-0.43982304880379824
111.04990434646606,5.07399999991306,24.15399999935589,0.8552699968089457,0.13249998738055213,5.962260504798947e-13,-0.24085553770559484
111.18326044082642,5.076999999896325,24.16899999967698,0.8460899974928167,0.1614999896285078,4.2319519085388306e-13,-0.08377588145882897
111.24999070167542,5.080999999812524,24.18799999935139,0.8491499980856463,0.19049998992024444,2.1919419665010633e-13,0.01745324110279174
111.38335680961609,5.084999999940465,24.20899999966711,0.8476200005418604,0.22149999015364646,2.1864051927045257e-13,-0.010471961769701443
111.44992232322693,5.089000000038065,24.23199999973328,0.8522099990483896,0.22600000049835067,4.666883483089542e-13,0.04886918891693781
111.58335041999817,5.093000000058536,24.253000000358067,0.8629199990576566,0.21850000495008715,4.1006452252796363e-13,0.10821038442135017
111.65009951591492,5.0969999999615005,24.27699999949173,0.8644500015446508,0.24499999176802129,5.364205466028683e-13,0.010472025119242792
111.78340268135071,5.101999999878878,24.30499999940127,0.8629200004254156,0.28649998705634244,4.5345689068560804e-13,-0.010471965208981913
111.85015749931335,5.106999999999881,24.334999999635176,0.8629199998254642,0.30599999573888315,6.14852393716718e-13,0.0034906514114134563
111.98367142677307,5.1120000001039765,24.367999999644148,0.8644499998074138,0.34249998997224806,1.0969208189984074e-12,1.716313495405547e-09
112.04996919631958,5.1189999997829085,24.40399999954575,0.8629200002591015,0.3699999935670731,6.29284538330489e-13,8.590143184558992e-16
112.18332242965698,5.125000000133609,24.44299999974025,0.864449999749096,0.39799999411510595,1.1491165113264236e-12,0.0034906567867108614
112.24990844726562,5.131999999976505,24.483999999631774,0.8675099995401134,0.40550000196278024,1.2002893910418395e-12,0.04188788254580327
112.38338541984558,5.138000000214762,24.521000000807522,0.8889299971854645,0.3715000172455591,1.3605609495380953e-12,0.2024581142356332
112.48346042633057,5.143000000111219,24.555000000580495,0.9287099967080308,0.340500015334891,1.349045105480403e-12,0.4049162846798571
112.58339762687683,5.145000000353293,24.58700000045977,0.9853199973702744,0.31600001183010584,2.198079267598963e-12,0.568977254612409
112.6833143234253,5.145000000336414,24.61600000044645,1.0602899967895891,0.28150001513461964,2.9929290433662733e-12,0.7435101726977653
112.7833023071289,5.1440000000730475,24.64100000071713,1.1520899973385188,0.25150001211627565,3.087295489853756e-12,0.921533757476399
112.88333129882812,5.140000000242326,24.663000000521027,1.253069998272418,0.22400001078290802,3.792687333558308e-12,1.0088002633545536
112.98412084579468,5.134000000225772,24.684000000242836,1.3479300012949342,0.21950000129535138,4.4208546549131264e-12,0.9494591422082186
113.08326959609985,5.126000000289066,24.70699999950539,1.4213700033632972,0.24999998788631997,4.5232721292354705e-12,0.747001022910467
113.18336391448975,5.114000000483361,24.732999999544763,1.4810400026609583,0.28249998828867107,5.120522017873106e-12,0.5934120212683353
113.28340196609497,5.101000000203215,24.75999999965688,1.5223500028967698,0.3079999912851894,4.920346268822481e-12,0.40840713892580577
113.38437032699585,5.084000000451241,24.789999999601466,1.5468300027919661,0.34149998917918545,5.290406720153242e-12,0.24085551921251505
113.4841661453247,5.066000000292747,24.820999999737378,1.5529500029791792,0.37049999116297,5.351367947335479e-12,0.06283194339907303
113.58337140083313,5.046000000248427,24.855999999633777,1.5514200012982706,0.3979999925958072,5.132455707518844e-12,-0.010471939424260238
113.68334078788757,5.026000000111983,24.8909999999024,1.5483600003431852,0.4060000001677004,4.970220613995471e-12,-0.03490657263766277
113.78348660469055,5.007999999552052,24.92400000063895,1.5269400029342077,0.3720000157635923,4.412231551190085e-12,-0.20594876750811691
113.88351035118103,4.99199999974035,24.955000000305358,1.4871600033006982,0.342000013676291,3.8904718663079546e-12,-0.4084069421622176
113.9832935333252,4.978999999582932,24.984000000471166,1.4290200027279958,0.31300001209950046,3.107272211343333e-12,-0.5759585707243051
114.08329653739929,4.967999999844303,25.012999999912804,1.3647600012767023,0.31250000083485435,2.393097899748911e-12,-0.6422811310586212
114.18329358100891,4.957999999953404,25.04399999985046,1.3157999973225454,0.33849999099835404,1.953191452941838e-12,-0.4886922661033004
114.28341364860535,4.948000000163732,25.079999999244887,1.2867299967765944,0.37299998798543993,1.6886960105548694e-12,-0.29670607034709007
114.38434720039368,4.938999999920851,25.117999999817773,1.274489997061176,0.39749999284066295,1.1993337464478906e-12,-0.1256637902510046
114.48339748382568,4.929000000155305,25.158999999468055,1.2760199976464057,0.42799999067796957,1.2057680166618228e-12,0.013962563053865673
114.5832953453064,4.918000000121092,25.203999999580272,1.2744900004828987,0.4604999909284981,1.1905545464111313e-12,-0.013962620316618598
114.68330240249634,4.90600000026193,25.250999999495026,1.2744899997672872,0.4864999935263719,1.523600187765988e-12,0.006981306360653743
114.78331208229065,4.89400000006292,25.29999999990987,1.2744900001163522,0.5014999983026261,1.5553441094933221e-12,3.4386701099412e-09
114.8832495212555,4.882999999867875,25.348000000084294,1.2744899999999968,0.4985000051053421,1.1390840210121162e-12,1.7480340292290567e-15
114.98334217071533,4.871000000001819,25.396000000359255,1.269900000750369,0.48550000842439783,1.3408527781503794e-12,-0.05235985188053217
115.08331489562988,4.860999999795938,25.441000000338324,1.2500100025054262,0.45850001346606184,9.029985913775829e-13,-0.19547680330297934
115.18328142166138,4.85199999983617,25.483000000739818,1.2071700037641055,0.42300001540175436,8.317917828378819e-13,-0.429350880985246
115.28327631950378,4.846999999591762,25.522000000431714,1.1475000029481017,0.39600001165871784,-1.9806467411898635e-13,-0.5864305488749809
115.38353228569031,4.842999999922826,25.561000000213046,1.0847700005129541,0.3935000015654788,-3.548161560688114e-13,-0.6318091668976763
115.48330044746399,4.841999999836539,25.602999999361433,1.0373399974990307,0.42399998890458995,-9.065641452288308e-13,-0.4747296363160012
115.58327627182007,4.842999999811879,25.647999999674187,1.0067399971069393,0.4569999890336687,-1.4433319050363388e-12,-0.30019671722515173
115.68325972557068,4.8449999998845845,25.695999999445004,0.9960299968098787,0.4804999929317369,-1.646795781778097e-12,-0.1047198543998498
115.78325152397156,4.846000000212874,25.745999999832765,0.9975599980037528,0.4999999951284919,-8.500691876757102e-13,0.006981262052219286
115.88336515426636,4.848000000004759,25.795999999912592,0.9975600001163509,0.499500002824979,-7.739253247831602e-13,-0.0034906531928178006
115.98339581489563,4.850000000015988,25.84500000039061,0.9975599999418194,0.49600000375106335,-7.257051629583572e-13,-1.7188338291736216e-09
116.08328104019165,4.852000000001011,25.895999999617782,0.9975599999999969,0.5010000003229853,-6.324773392396717e-13,-8.722116736956821e-16
116.18333983421326,4.854000000017092,25.946000000220852,0.9960300002510578,0.49900000294454877,-5.677024446800019e-13,-1.2553457294240962e-17
116.28327107429504,4.8550000002213345,25.995000000072057,0.9975599997411551,0.49700000278942086,1.1534213412403541e-13,0.006981313464726065
116.38335752487183,4.857000000013475,26.045000000132628,0.9975600001163518,0.49850000129997246,1.3357895718984431e-13,3.43727034942537e-09
116.48349857330322,4.859000000002344,26.094999999853858,0.9975599999999969,0.49850000177705206,1.5020839717186778e-13,-0.0034906567322041666
116.58334112167358,4.861000000014734,26.145000000163623,0.9975599999418194,0.5000000011122893,1.6629273190648237e-13,-1.7176289847896375e-09
116.68339133262634,4.863000000003078,26.194999999871715,0.9975599999999969,0.4980000023639916,1.809356472225296e-13,0.00698131346212899
116.78332781791687,4.864000000210883,26.245000000146913,0.9975600001163518,0.4990000010851982,8.16164860982559e-13,-0.00349065335056202
116.8833339214325,4.866000000002104,26.294999999848248,0.9975599999418194,0.4965000023443838,7.915318740210489e-13,-1.7725747987473728e-09
116.98330330848694,4.8680000000130565,26.344000000319713,0.9975599999999969,0.4990000003230717,7.423002697304131e-13,-8.713833950008659e-16
117.08461427688599,4.870000000001672,26.394999999634113,0.9975599999999969,0.5020000000821848,7.467509467535204e-13,-4.429417421085177e-22
117.18412709236145,4.872000000017282,26.4440000004232,0.9960300002507299,0.49650000324836957,7.003125085688715e-13,-0.006981313575733388
117.28330850601196,4.874000000014919,26.49399999978858,0.9975599996245763,0.499499999874765,7.288892394281832e-13,0.003490653184536281
117.383305311203,4.875000000211607,26.54400000016614,0.9975600000581744,0.49700000194814925,1.3301472896662923e-12,1.7174049339770125e-09
117.48363995552063,4.877000000001121,26.593999999824963,0.9975599999999969,0.49949999995456823,1.2743224325832388e-12,-0.003490656735862774
117.58361172676086,4.879000000013601,26.644000000135964,0.9975599999418194,0.5010000003517452,1.2205833826978542e-12,-1.7225705211190712e-09
117.6832525730133,4.881000000004002,26.693999999895407,0.9975599999999969,0.4965000026011875,1.1714244064002478e-12,-8.729462758404879e-16
117.78332090377808,4.883000000011579,26.744000000086654,0.9975599999999969,0.49899999980399184,1.1240073461588897e-12,-4.301512645928041e-22
117.88331913948059,4.884000000204487,26.793999999828376,0.9975599999999969,0.49750000131520594,1.6836105221483435e-12,0.010471970191858004
117.98330450057983,4.886000000012959,26.84400000012104,0.9975600001745293,0.5019999990001943,1.6042358828949701e-12,-0.0034906516341966683
118.08330202102661,4.88800000000397,26.8939999998945,0.9975599999418194,0.49800000225150215,1.5319638791786035e-12,-0.003490658503985169
118.18327951431274,4.890000000013033,26.943000000319568,0.9975599999418194,0.49800000058710703,1.4367138146968088e-12,-1.718087595369705e-09
118.2832863330841,4.892000000000754,26.992999999815705,0.9975599999999969,0.4965000011243329,1.3745462118508727e-12,0.003490656732708551
118.38324785232544,4.893000000208529,27.043000000087172,0.9975600000581744,0.49799999992893385,1.935200003885904e-12,1.718753766047354e-09
118.48329567909241,4.895000000000573,27.092999999811422,0.9975599999999969,0.5014999991531814,1.8429300935389166e-12,0.0034906567317087634
118.58334517478943,4.897000000015961,27.1430000001947,0.9975600000581744,0.49950000127664884,1.7536377682758077e-12,1.7172941879292636e-09
118.68327474594116,4.899000000001824,27.192999999842062,0.9960300002588387,0.49900000065116,1.6723198990691284e-12,-0.006981313464733287
118.78326797485352,4.9010000000286915,27.243000000131534,0.9975599996324784,0.49800000078939816,1.641280931523575e-12,0.003490653346780645
118.8835723400116,4.902000000203797,27.292999999823476,0.9975600000581744,0.4985000001815146,2.170761534325198e-12,0.0034906585039860424
118.98328614234924,4.904000000012852,27.343000000118426,0.9975600000581744,0.500999999435825,2.0612048038434055e-12,-0.0034906550643125566
119.08351540565491,4.906000000002709,27.392000000066883,0.9975599999418194,0.4980000015407285,1.9367220975281645e-12,-1.772520924741422e-09
119.18325638771057,4.908000000012681,27.442000000114295,0.9975599999999969,0.49800000030165736,1.8416428033588656e-12,-8.725291205925664e-16
119.2834644317627,4.910000000000266,27.49199999980385,0.9975599999999969,0.4965000008564827,1.755030784261302e-12,-4.429836615853754e-22
119.38338494300842,4.911000000208447,27.54200000008922,0.9975599999999969,0.49949999912415305,2.292398478447109e-12,-8.49393243281261e-26
119.48324418067932,4.913000000001408,27.59199999983206,0.9975599999999969,0.4990000004779393,2.1785606122098986e-12,-3.439334089785261e-27
119.58337569236755,4.915000000014005,27.642000000147146,0.9960300002506819,0.4985000004416233,2.0682830109502136e-12,-0.0069813135763920914
119.68412137031555,4.917000000015482,27.691999999802395,0.9960299998836424,0.49700000080383566,2.014239164729089e-12,-3.547705807079027e-09
119.7832579612732,4.919000000027168,27.741000000293102,0.9975599997490927,0.4970000001810361,1.9355746499466063e-12,0.006981313573388706
119.88326930999756,4.92099999999924,27.79199999957549,0.9975600001163518,0.49999999902584835,1.86793854310089e-12,3.546179922625514e-09
119.98324799537659,4.922000000211173,27.84100000035323,0.9975599999999969,0.4975000011513308,2.372958936721584e-12,1.7446279910477292e-15
120.08331990242004,4.923999999999649,27.89099999978895,0.9975599999999969,0.5009999988215081,2.254279288703366e-12,8.861592828084903e-22
120.18333792686462,4.9260000000151924,27.941000000176107,0.9975599999999969,0.4980000013353409,2.1393796463379817e-12,-0.0034906567866768512
120.28361558914185,4.928000000000002,27.99099999979747,0.9975599999418194,0.49800000014587564,2.0348094750496405e-12,0.006981311689355799
120.38325524330139,4.930000000012783,28.04100000011695,0.9975600001163518,0.5004999992136377,1.933575577652187e-12,3.434724814461998e-09
120.48326420783997,4.931000000205238,28.09099999985079,0.9975599999999969,0.4975000013309769,2.4446094494946606e-12,1.743748296460398e-15
120.583327293396,4.933000000012177,28.141000000102263,0.9960300002510025,0.49949999936669764,2.3179005296828314e-12,-0.010471970357992232
120.6832902431488,4.935000000016686,28.19099999983163,0.9975599995666014,0.497000001099202,2.2487060211275707e-12,0.0034906514169203064
120.78328680992126,4.937000000011839,28.24100000009391,0.9975600000581744,0.49999999897094816,2.1341766626032104e-12,0.003490658503985169
120.88326501846313,4.939000000001676,28.290999999838544,0.9975600000581744,0.4985000007158186,2.0299007149853616e-12,-0.0034906549589640867
120.98331069946289,4.9400000002098094,28.34000000031865,0.9975599999418194,0.4980000002834285,2.5247163622834625e-12,0.003490655068454865
121.08337211608887,4.942000000000255,28.38999999980405,0.9975600000581744,0.49849999989120036,2.396764077726161e-12,-0.00349065496098204
121.18325710296631,4.944000000012814,28.44000000011778,0.9960300001929052,0.49899999990328076,2.273076523590155e-12,-1.7185302924639656e-09
121.28351354598999,4.946000000016332,28.48999999982335,0.997559999741179,0.4985000002854152,2.2065809847243993e-12,0.006981313465054435
121.38329648971558,4.948000000012878,28.540000000119303,0.9975600001163518,0.4980000002615644,2.0946986744639433e-12,3.436213429248991e-09
121.48403811454773,4.949000000203467,28.589999999814236,0.9975599999999969,0.50049999910855,2.596604319567478e-12,1.7422447269522379e-15
121.58325052261353,4.951000000014135,28.640000000150128,0.9975599999999969,0.4985000008538178,2.460563708079483e-12,-0.006981313568564788
121.68330812454224,4.953000000000277,28.689999999804403,0.997559999883642,0.49800000025309676,2.3365957030287068e-12,-3.54599201911332e-09
121.78330039978027,4.955000000012595,28.740000000112477,0.9975599999999969,0.5004999991234517,2.2165999945093513e-12,-1.7449745238896976e-15
121.8832368850708,4.9570000000020356,28.789000000050482,0.9975599999999969,0.49750000124603033,2.08271601360836e-12,0.0034906567316146282
121.98328709602356,4.958000000209079,28.839000000107152,0.9975600000581744,0.4984999996564029,2.59990408379724e-12,1.716674169569693e-09
122.08331561088562,4.960000000000322,28.888999999805595,0.9975599999999969,0.49949999966561137,2.467502236065157e-12,-0.003490656731105588
122.18342995643616,4.962000000013911,28.939000000144883,0.9960300001926938,0.4990000002515216,2.3393126128760347e-12,-1.7170854612301445e-09
122.28330731391907,4.964000000015814,28.988999999810527,0.9975599997408859,0.49800000043394105,2.2688872239939113e-12,0.003490656730522215
122.38350677490234,4.966000000012664,29.03900000011421,0.9975600000581744,0.49800000002542066,2.1530628105384726e-12,1.7170784212885981e-09
122.48326921463013,4.967000000202965,29.088999999792026,0.9975599999999969,0.4975000002154179,2.6505391323195003e-12,8.722741506473482e-16
122.58332657814026,4.969000000014755,29.1390000001669,0.9975599999999969,0.4999999990944089,2.5101200838603373e-12,4.263929625227051e-22
122.68335103988647,4.970999999999088,29.188999999774058,0.9975599999999969,0.5000000000684119,2.383866768671276e-12,-3.242177272571786e-27
122.78330445289612,4.973000000014067,29.239000000148504,0.996030000251031,0.4995000002483434,2.2609584272485035e-12,-0.003490656785804226
122.88334155082703,4.975000000016541,29.288000000031122,0.997559999682903,0.4985000004298754,2.1696740270301523e-12,0.006981311691576581
122.98327112197876,4.976000000209767,29.3380000001216,0.9975600001163518,0.49850000002184597,2.6812110491487894e-12,-0.0034906533514377416
123.08332991600037,4.978000000000298,29.38799999980505,0.9975599999418194,0.49899999983021726,2.5438918134748265e-12,-1.7728103928436878e-09
123.18336296081543,4.980000000013868,29.438000000144047,0.9960300002506295,0.4994999998464929,2.410825971533193e-12,-8.837553228374041e-16
123.28331923484802,4.982000000015872,29.487999999811453,0.9975599997406692,0.4980000006144245,2.3361398163439673e-12,1.2965898414002092e-17
123.38340401649475,4.9840000000125215,29.53800000011069,0.9975599999999969,0.49800000000362826,2.2161622131538594e-12,8.503343167566668e-24
123.48331308364868,4.9859999999998905,29.587999999794814,0.9975599999999969,0.498499999813133,2.106947547610453e-12,0.003490656731207339
123.58355021476746,4.987000000210486,29.63800000015635,0.9975600000581744,0.5004999992791158,2.6240470173060173e-12,1.711638473317345e-09
123.68349170684814,4.989000000001282,29.687999999828836,0.9975599999999969,0.4980000010163136,2.4903704137874366e-12,8.706083633696458e-16
123.78329801559448,4.991000000011797,29.737000000289836,0.9975599999999969,0.49799999999818034,2.3357030438047157e-12,4.291663142643972e-22
123.88352227210999,4.992999999999969,29.78699999979685,0.9975599999999969,0.497000000380541,2.2192326415190864e-12,0.003490656731744225
123.98331499099731,4.995000000011787,29.837000000092626,0.9975600000581744,0.5014999983143692,2.1065342539774664e-12,1.7176246063475842e-09
124.08328604698181,4.996000000205807,29.886999999862294,0.9975599999999969,0.49700000179920967,2.606882731498461e-12,8.724352996995391e-16
124.1832447052002,4.998000000011584,29.93700000008779,0.9960300002510549,0.5004999986795023,2.4701024027494966e-12,-0.0034906567856418467
124.2832248210907,5.000000000018562,29.986000000080313,0.9929700004576998,0.48550000575555163,2.3658059510050936e-12,-0.04188788262792114
124.38324880599976,5.002000000044363,30.032000000590177,0.973080002575204,0.45650001044832333,2.2742351875820006e-12,-0.1919861436134103
124.48323607444763,5.005999999780338,30.075000000334047,0.930240004049462,0.42050001279144883,1.4203686067846318e-12,-0.4223695620286338
124.58382821083069,5.010999999916452,30.114000000621925,0.8736300022501964,0.3950000077017121,8.582365427803828e-13,-0.5689772639752751
124.68352842330933,5.017999999862849,30.151000000212466,0.8017200026843223,0.3705000071479081,3.0044520827570944e-13,-0.7260568890953427
124.78325605392456,5.027999999753097,30.18500000044484,0.7191000014415618,0.36050000106113045,-8.071488275691321e-13,-0.8237953588794518
124.88358426094055,5.040999999605683,30.221999999280005,0.6563699968964216,0.39299998488682064,-1.1988412133062047e-12,-0.6318092867881315
124.98326826095581,5.057999999574605,30.259999999790747,0.6089399972483069,0.4234999869608153,-2.1249824680913063e-12,-0.46425766346524233
125.08326411247253,5.076999999665082,30.300999999368475,0.5829299966639216,0.4509999885355578,-2.120302998151783e-12,-0.2652901473140876
125.18322658538818,5.09799999983819,30.343999999645415,0.5706899975870852,0.4844999873501995,-1.9549580917722345e-12,-0.11868246131075572
125.28363990783691,5.119999999909841,30.388999999529222,0.572219997762994,0.4999999945961205,-1.4453760352483875e-12,0.006981253199552659
125.38332891464233,5.142999999976221,30.434000000093445,0.5722200001163515,0.5000000008367802,-1.5552207120395002e-12,0.003490660221871054
125.48332571983337,5.1650000000324106,30.477000000212033,0.5676300008346407,0.4825000074614557,-1.6586696446397372e-12,-0.04188787901850364
125.5835919380188,5.186000000241146,30.518000000526346,0.5477400025640764,0.46050000845401295,-1.6307287771787646e-12,-0.20594877101116907
125.68341541290283,5.207000000060921,30.556000000380603,0.5064300035611038,0.42500001335893006,-1.9054213120986148e-12,-0.4014256286788038
125.78338599205017,5.228000000155608,30.59000000059559,0.4482900028440856,0.3930000108108277,-2.3176728268978187e-12,-0.5829398808652827
125.88324475288391,5.2499999998807105,30.621000000198183,0.3825000014229105,0.39249999851448303,-2.799784026072795e-12,-0.6632250749798007
125.98326301574707,5.276999999459784,30.653999999708812,0.335069996725077,0.42099998789750065,-3.41724414708994e-12,-0.4677483357127924
126.08331108093262,5.305999999553974,30.687999999514734,0.3075299968660725,0.45299998695511545,-3.289302373364481e-12,-0.28972474623672423
126.18325448036194,5.337999999760941,30.722999999870584,0.2937599974297078,0.48249998906897074,-3.37422597797136e-12,-0.12915444365423945
126.28345465660095,5.371999999655076,30.75999999960413,0.2952899975886073,0.49849999453800387,-3.1269070838879252e-12,0.0069812479211388
126.38328242301941,5.406000000068619,30.797000000076093,0.29376000036738814,0.5010000000459629,-2.935570015221681e-12,-0.006981310135184927
126.48324942588806,5.439999999903907,30.833999999874155,0.2937599998836422,0.49650000268498573,-2.7147469131217532e-12,0.0034906531904134496
126.583416223526,5.473000000238596,30.870000000221214,0.2891700008116276,0.48650000449885417,-2.465535450125588e-12,-0.04537853648607567
126.68336200714111,5.505000000128227,30.904000000220133,0.2677500028670421,0.45850001120553446,-2.4833324051702394e-12,-0.212930083715489
126.78331708908081,5.535000000460848,30.934000000652002,0.22491000348169,0.42150001351328237,-2.718742847801633e-12,-0.4293508894393315
126.88349795341492,5.56500000001039,30.9610000002862,0.1683000024163328,0.3980000079640922,-3.152500682444587e-12,-0.5794492355217619
126.98337817192078,5.594000000329757,30.98400000056618,0.09486000239525072,0.36700000997479343,-3.6511913267524244e-12,-0.7365288670033899
127.08351993560791,5.623000000009122,31.003000000417426,0.009180002216824246,0.3560000020944791,-4.420431421348504e-12,-0.8517206165210754
127.18326354026794,5.656999999372595,31.021999999909216,-0.05661000339149019,0.3934999839163836,-4.920042416081444e-12,-0.6597345518360878
127.2838032245636,5.694999999270174,31.039999999945007,-0.10404000297045052,0.42449998694837915,-5.471833249226727e-12,-0.47822030718269515
127.38346147537231,5.7359999996641475,31.057999999988898,-0.1346400029542591,0.4534999888671578,-5.540738945804995e-12,-0.31066868925224556
127.48328614234924,5.78099999924147,31.076999999662664,-0.14841000284649203,0.4824999891896185,-5.155409890425489e-12,-0.13264511357200862
127.58331346511841,5.826999999926127,31.095000000085765,-0.14841000221075307,0.4979999951922007,-5.173589907650207e-12,0.010471905108701107
127.68328666687012,5.872999999911705,31.113999999880516,-0.14840999982547137,0.49700000159654106,-4.63089959818429e-12,5.321324632670543e-09
127.7840964794159,5.919999999993353,31.132999999995693,-0.14841000000000287,0.5000000000085424,-4.338265181729546e-12,2.618399611986991e-15
127.88341164588928,5.965000000151864,31.15100000009866,-0.151469999482214,0.4860000064593717,-4.179132791914822e-12,-0.03839722405203721
127.98435187339783,6.008000000561714,31.168000000268787,-0.17288999712709918,0.4580000110592705,-4.0477529843012915e-12,-0.20245811251389337
128.083722114563,6.049000000226467,31.182000000371698,-0.21419999638181197,0.4215000139681152,-4.600585215656103e-12,-0.4223695673102153
128.18403482437134,6.088000000307474,31.194000000268094,-0.2616299992593163,0.41650000103849566,-4.814914424469425e-12,-0.47123887398965103
128.28326177597046,6.131999999087747,31.205999999790446,-0.2891700031910398,0.45399998481016696,-4.649455828480663e-12,-0.2757621211066251
128.38325881958008,6.178999999582288,31.217000000027017,-0.2998800028396462,0.4834999891578293,-4.76111554695291e-12,-0.1012291824834157
128.48351216316223,6.226999999730208,31.228999999808313,-0.29835000194497185,0.4989999948345173,-4.099754373200438e-12,0.013962575783946829
128.5835223197937,6.276000000056016,31.240000000148438,-0.29987999951552613,0.49650000196048116,-4.258080809471784e-12,-0.006981306668777179
128.683513879776,6.323999999930577,31.25199999985514,-0.29835000037547266,0.49800000034184966,-3.6302180235665577e-12,0.0034906531835246788
128.78341555595398,6.373000000069153,31.263000000151106,-0.29987999969094004,0.49900000052296367,-3.8182946811537695e-12,-0.0034906550696597745
128.88363218307495,6.421999999786007,31.274999999869134,-0.2998800000581805,0.5000000004804013,-3.3555280746382955e-12,-1.7714327465827295e-09
128.98325276374817,6.470000000297079,31.286000000142867,-0.29988000000000303,0.5000000008302997,-3.369615926617029e-12,-8.722679532034038e-16
129.08360743522644,6.518999999798961,31.297999999872186,-0.29835000025889036,0.49800000154398766,-2.9340968368850914e-12,0.003490656732056355
129.18335103988647,6.56700000025632,31.309000000148874,-0.29834999994182576,0.4980000006854094,-3.021248256727862e-12,1.7178706911841202e-09
129.28329801559448,6.615999999792281,31.320999999886606,-0.2983500000000032,0.49800000064455907,-2.6520693574780545e-12,8.687141722928683e-16
129.3832724094391,6.664000000223517,31.332000000141353,-0.29987999974816626,0.49999999986271476,-2.756444152993815e-12,-1.2591397916976707e-17
129.4840784072876,6.712999999790547,31.343999999870167,-0.2983500002590356,0.5000000006140894,-2.358200877546632e-12,1.2951584396006335e-17
129.583646774292,6.761000000284118,31.355999999958588,-0.2983500000000032,0.4985000011294217,-1.876947872672056e-12,8.460956139629651e-24
129.68326139450073,6.809999999761385,31.36700000008207,-0.2983500000000032,0.5004999997433176,-2.165558128768019e-12,0.0069813134638904645
129.7833592891693,6.859000000104949,31.378999999962918,-0.29834999988364785,0.4965000019971175,-1.8399989741414258e-12,-0.0034906533521590543
129.88352584838867,6.906999999917769,31.390000000070987,-0.2983500000581807,0.4989999994429372,-1.9907207994342992e-12,-1.7730305049666606e-09
129.9833104610443,6.9550000002710854,31.401999999955674,-0.3044699989969626,0.48750000467156,-1.5315839798195623e-12,-0.052359851815192156
130.08348035812378,7.000000000335174,31.4120000001672,-0.32435999750295297,0.4580000114093816,-1.6976794065182892e-12,-0.20594877367336467
130.18331480026245,7.0420000006651176,31.42000000031103,-0.3671999964110908,0.4200000134663675,-2.12007188097696e-12,-0.4293508861451162
130.28346729278564,7.082000000108691,31.42500000035746,-0.42533999731125416,0.3940000085361088,-2.986159696659286e-12,-0.5759585786847989
130.38333463668823,7.119000000488493,31.428000000244875,-0.4987799975557592,0.3665000082452445,-3.404779205155948e-12,-0.7330382085583598
130.48413491249084,7.153000000337453,31.42700000044707,-0.6099453005734796,0.33300001036881793,-4.492510850430246e-12,-0.9459683464157767
130.5835406780243,7.184000000449492,31.424000000081502,-0.709395306646365,0.3065000067305662,-4.580151772307301e-12,-1.0018189631838392
130.68324971199036,7.21300000005308,31.41800000015588,-0.8057853075465884,0.3039999974847011,-4.786869312663634e-12,-0.9564404531563822
130.7832329273224,7.243999999692834,31.408000000343495,-0.8807553108270949,0.3364999846943977,-5.272403463458023e-12,-0.7539823364553873
130.88324737548828,7.277999999384482,31.39500000035611,-0.9404253096518111,0.3634999873384868,-5.324791106157381e-12,-0.6073746540972006
130.98326969146729,7.313999999581847,31.379000000266924,-0.9817353105399778,0.39449998698701005,-5.243950779726804e-12,-0.4153884562600455
131.08342003822327,7.350999999572533,31.361000000238366,-1.0077453096907316,0.4209999890797071,-5.014018805590782e-12,-0.24783683904696518
131.1832344532013,7.391999999449541,31.34100000006693,-1.0153953100580786,0.4544999875380131,-4.091556386843294e-12,-0.07330391428437696
131.2832567691803,7.434999999343666,31.320000000029562,-1.013865308660359,0.48299998977557157,-3.0170458348971994e-12,0.010471932960677208
131.38383269309998,7.478999999924408,31.297000000042043,-1.0138653070050578,0.502999993873423,-2.8369500691227505e-12,-0.0034906516201579293
131.4834599494934,7.523999999816888,31.274999999789284,-1.0138653072377672,0.5010000024184609,-1.8576308543231186e-12,-1.77144593698636e-09
131.5832691192627,7.569000000063598,31.25199999986661,-1.0138653071795898,0.49900000224392344,-1.4612397781984003e-12,-8.709900737215243e-16
131.68337750434875,7.612999999925608,31.229999999838217,-1.012335307438847,0.49350000347118417,-8.457339341382594e-13,0.0069813134590452925
131.78337001800537,7.657999999935692,31.20699999995055,-1.013865306812455,0.5034999974686926,-5.604911767439932e-13,-0.006981310142214946
131.88347244262695,7.702000000007222,31.18499999979566,-1.0138653072959447,0.4985000032277567,7.955463312104463e-16,-3.5478631517024684e-09
131.98329281806946,7.747000000010103,31.162999999697934,-1.0138653071795898,0.49650000185796606,8.327655268318477e-13,-1.7445243519344212e-15
132.0836889743805,7.790999999879883,31.14000000006548,-1.0138653071795898,0.49900000005188344,7.753335462806071e-13,-8.866059200758083e-22
132.18321752548218,7.8360000000133345,31.117999999696142,-1.0138653071795898,0.4985000011859451,1.5587539448075468e-12,-1.101589916916657e-25
132.28410363197327,7.8809999997472495,31.095000000029042,-1.0138653071795898,0.497000001500485,1.7374614608508957e-12,-3.8016987990205445e-26
132.38358783721924,7.925000000138917,31.072999999732563,-1.0138653071795898,0.5019999989838584,2.1714158062905798e-12,-7.169568341187767e-26
132.48353385925293,7.9699999997776345,31.050000000012847,-1.0138653071795898,0.49900000204718276,2.3125449326338214e-12,-0.003490656731650426
132.5841646194458,8.014000000217774,31.027999999692472,-1.0138653072377672,0.49700000151285245,2.712917692956115e-12,-1.7144443282580968e-09
132.68397045135498,8.058999999702557,31.005999999849518,-1.0138653071795898,0.4989999999216723,3.357389317731538e-12,-8.690008780562629e-16
132.78389716148376,8.103999999979113,30.982999999910543,-1.0138653071795898,0.497500001242521,3.4287134119588298e-12,0.003490656781706216
132.8832368850708,8.147999999898481,30.960999999852756,-1.0138653071214123,0.5019999988937,3.749371981236118e-12,-0.003490654959249717
132.98335194587708,8.192000000243084,30.938999999678895,-1.0184553064847979,0.4850000069526107,4.059571946722455e-12,-0.04886919672337574
133.08337903022766,8.233000000238219,30.91699999994344,-1.039875304367135,0.46050000959871196,3.632668771097903e-12,-0.20594877194283884
133.18331503868103,8.272000000362503,30.894999999860747,-1.0720053053436867,0.45000000353853514,3.2346858854371673e-12,-0.32463118248960643
133.2836365699768,8.31299999939956,30.871000000247502,-1.084245310519035,0.47849998856943277,3.325291376889833e-12,-0.12217315041037685
133.38328170776367,8.355999999699737,30.8459999998954,-1.082715309466876,0.5059999899774236,3.896483757189991e-12,0.013962566997656856
133.48327684402466,8.398999999905378,30.81999999998101,-1.0827153069468807,0.49950000324018,3.856412690133584e-12,0.0034906638211247686
133.58328008651733,8.441000000256015,30.79499999969227,-1.0781253078740551,0.48600000554377415,4.022475979555259e-12,0.04188788315935875
133.6832675933838,8.481000000172804,30.771999999633604,-1.0582353098496275,0.463000008999615,4.443402231511903e-12,0.20245811165852534
133.7832748889923,8.519000000504969,30.751999999303695,-1.0153953108283749,0.4230000144303499,5.2698395065851455e-12,0.42586022761460773
133.88455033302307,8.555000000147919,30.734999999541603,-0.9572553099141419,0.4005000073507181,5.955520100784251e-12,0.5724679202744202
133.98329138755798,8.590000000343114,30.720999999483862,-0.883815309697503,0.36550001126401754,6.6220965410962625e-12,0.7365288635238919
134.08325362205505,8.622000000295497,30.711999999337475,-0.7904853106936529,0.33650000868603724,7.770007978225111e-12,0.9424776915498728
134.18325924873352,8.653000000315249,30.705999999487585,-0.6895053080344051,0.30450000891542284,8.59775820688264e-12,1.0088002750179739
134.28326106071472,8.681000000228362,30.70299999967266,-0.5900553072025816,0.28050000570285905,8.93321381494408e-12,1.001818994190419
134.3832721710205,8.706000000560472,30.7039999994871,-0.4743000022966348,0.246000008943083,9.892334808291395e-12,0.9808750499305188
134.4840567111969,8.728000000319227,30.705999999872727,-0.3763800002209283,0.2160000070836965,9.727994783683986e-12,0.9878563530849163
134.58334255218506,8.747000000389805,30.709999999862692,-0.2769299998468217,0.18650000610678424,9.743050729946927e-12,0.9983283269881399
134.68328547477722,8.762000000433169,30.714999999894335,-0.1790099998865355,0.16200000414937576,9.786083164794405e-12,0.9808750484572468
134.783282995224,8.775000000334018,30.72000000008332,-0.08261999946043058,0.13100000602722822,9.295899956778464e-12,0.970403069261184
134.88329243659973,8.785000000191195,30.725999999853816,0.01224000006553938,0.12699999572865722,9.370772014523788e-12,0.9459684670283812
134.9832842350006,8.79699999970323,30.73399999967673,0.09333000246413248,0.1519999852361095,9.175800629024605e-12,0.8098328399204029
135.0832941532135,8.811999999343389,30.744999999493235,0.15300000339866104,0.18899998125684891,8.699584692765158e-12,0.5899213988274326
135.1836392879486,8.827999999724028,30.758999999594383,0.19431000306464463,0.21349998748499566,8.599182618144324e-12,0.4223697613271479
135.28339004516602,8.843999999892054,30.773999999746838,0.2187900028930776,0.21999999480925478,8.429081095758482e-12,0.24783684247012153
135.3832802772522,8.859000000203803,30.787000000389096,0.22797000262475953,0.18750000960812066,7.446342489418915e-12,0.08726654161759381
135.48325371742249,8.870000000414823,30.798000000285857,0.21726000326760297,0.1555000092214531,7.231001757248114e-12,-0.10471965761189815
135.58325266838074,8.880000000228902,30.80700000027444,0.19278000227040815,0.12750000679172305,6.639780227507075e-12,-0.2408553697794677
135.68326711654663,8.88800000020072,30.81400000019652,0.1484100034839897,0.10150000593083632,6.196869220157853e-12,-0.4398228706298498
135.7832751274109,8.89400000029461,30.819000000211343,0.08721000271757562,0.07000000731234163,5.878876036560744e-12,-0.610865153951676
135.8832221031189,8.898000000216518,30.821000000328002,0.010710002769570348,0.040500006469189054,5.1043261312816186e-12,-0.7749261045640456
135.98326754570007,8.898000000563243,30.821000000340188,-0.08414999735682471,0.007500007006883729,4.786612768406767e-12,-0.9459683704196549
136.08343386650085,8.898000000006611,30.821000000003306,-0.1851299986724872,0.0004999970501038458,4.497375357258196e-12,-1.0157815892072686
136.18366718292236,8.89899999968862,30.821999999761825,-0.27846000162087714,0.010499990875624993,4.590374319874313e-12,-0.9320058617898714
136.28346800804138,8.902999999293224,30.822000000027483,-0.356490002328385,0.04199998310612314,3.706181761091226e-12,-0.7853982378288044
136.38361835479736,8.909999999373925,30.822999999936865,-0.4146300035604735,0.07449998416763393,3.325597262509943e-12,-0.5794494129308343
136.48355293273926,8.918999999596004,30.82399999996552,-0.45747000240370417,0.0994999875910898,3.0856133722060013e-12,-0.4223697587740689
136.5833306312561,8.931999999392783,30.824999999949828,-0.4804200032738928,0.13399998515079908,2.908217789919271e-12,-0.2373648693372176
136.68334197998047,8.947999999415371,30.825999999935743,-0.4880700026620275,0.16049998870593568,2.8330458977572116e-12,-0.06632259837496132
136.78331184387207,8.96699999947036,30.826000000142724,-0.48654000135655506,0.191499988043905,2.13340237962173e-12,0.010471937690492497
136.88327479362488,8.987999999585965,30.82699999997384,-0.4880699995665614,0.2219999886044763,2.0258178942068514e-12,-0.01047196487948315
136.98339676856995,9.012999999562268,30.82800000000223,-0.48654000042517165,0.24999999060802222,1.8311940014331804e-12,0.010471965219217566
137.08342742919922,9.038999999748208,30.82999999982462,-0.48348000034407734,0.25649999903518556,2.2059211392822247e-12,0.03490657261640037
137.1833052635193,9.062000000616722,30.83100000005526,-0.4620600029312145,0.22350001375432696,1.989749934505321e-12,0.20594876757997815
137.28335690498352,9.081000000596767,30.83299999990793,-0.4207500035610572,0.19050001331608077,2.267184047413022e-12,0.4153882556041405
137.38337087631226,9.098000000420953,30.835000000028888,-0.3641400023648762,0.16450000951406601,2.1837447291328028e-12,0.5654866037662098
137.48329854011536,9.112000000369317,30.837999999936667,-0.29376000248313217,0.13900000904817783,2.4215777817080666e-12,0.7155849171302935
137.58333444595337,9.122000000681227,30.841000000054297,-0.20043000337647315,0.10250001224272867,2.613274680981733e-12,0.9250244005345742
137.68329167366028,9.130000000251677,30.8440000000377,-0.10098000142132202,0.07700000774337995,2.5933431232889035e-12,1.001818951637319
137.78329157829285,9.134000000537927,30.846000000216566,-0.0030599993504120127,0.04600000897664816,2.5213334956512455e-12,0.9773843931300209
137.88331723213196,9.136000000307176,30.847000000214376,0.09638999944385285,0.015000008819133177,2.2804822918901933e-12,1.001818978227792
137.9837670326233,9.136000000161857,30.84700000011779,0.19584000039022842,-0.0004999978285202614,2.1384963502161895e-12,0.991347020284017
138.08340334892273,9.135999999925083,30.84699999993325,0.2907000004827722,0.0004999959281757772,2.0091381434323764e-12,0.9459684775997975
138.18340849876404,9.135999999946607,30.846999999942486,0.3672000032032422,-0.0015000026988081791,1.884225048665207e-12,0.7749262721515189
138.28341555595398,9.135999999931904,30.84699999991432,0.4238100033332527,0.0004999959603054199,1.7703612869367333e-12,0.5689774407308565
138.3835048675537,9.135999999961207,30.846999999945094,0.46665000245917687,-2.8417882196735134e-09,1.6601254859059623e-12,0.4223697510932167
138.48345041275024,9.135999999960156,30.846999999938145,0.49113000289468234,-0.0055000007548768465,1.5598304161103227e-12,0.25132749916671415
138.58335852622986,9.135999999907229,30.846999999847807,0.4987800029487155,0.0004999950111663834,1.4616607942307671e-12,0.0663226015441386
138.68332290649414,9.135999999974235,30.84699999995704,0.4911300024163068,0.0014999971172254952,1.3743477444080345e-12,-0.06632244338408683
138.78333449363708,9.135999999985433,30.846999999976152,0.4666500029101175,0.002999997128421694,1.2888090659794738e-12,-0.2548179780334693
138.88333010673523,9.136000000002252,30.84700000000355,0.419220003779349,-0.002000000235267817,1.210908196291687e-12,-0.464257474703629
138.98345971107483,9.135999999945794,30.846999999923977,0.35802000229858544,-0.001000002493874168,1.135523978804256e-12,-0.6108651660712824
139.08341932296753,9.135999999957216,30.84699999994717,0.2799900030244058,-2.3549437426148567e-09,1.0668925985046372e-12,-0.7923793882491641
139.18332743644714,9.13599999996676,30.846999999964947,0.18207000284877273,-0.00300000072032609,1.0004628368294336e-12,-0.9738936333288905
139.28339910507202,9.135999999923714,30.84699999993386,0.08873999955618361,0.0019999963069365634,9.399689973452934e-13,-0.9459684687524209
139.38342118263245,9.135999999997292,30.846999999998086,0.00917999729584107,-0.003999999342514592,8.81514444315293e-13,-0.7853982424835877
139.4833788871765,9.135999999900966,30.84699999994044,-0.04590000377246373,0.0024999959171875374,8.282138284242862e-13,-0.5619961325163367
139.58347392082214,9.136000000013256,30.847000000007032,-0.08874000233356488,0.001499999015301493,7.767068513859024e-13,-0.4188790909651314
139.68342280387878,9.1359999999972,30.84699999999869,-0.11169000309600685,-0.0005000005319173327,7.297778311999615e-13,-0.23736487045933244
139.784264087677,9.135999999962756,30.84699999998335,-0.12087000245081336,0.001499998001084012,6.843414759788365e-13,-0.08028522286200085
139.8833293914795,9.13600000000013,30.84700000000007,-0.11322000263252358,-0.0014999999939461,6.429730911428321e-13,0.06632243715454351
139.98335981369019,9.13599999994679,30.8469999999763,-0.08721000316203487,-0.0005000015060009433,6.029630214700554e-13,0.2652899483705766
140.08333587646484,9.135999999967744,30.84699999998462,-0.041310003344881496,-0.0005000010449722602,5.665129048549212e-13,0.4502948531048863
140.1833155155182,9.135999999970046,30.84699999998399,0.019889997467562814,0.000999998466380336,5.312487665030827e-13,0.6143558159796177
140.28354358673096,9.135999999997681,30.846999999998577,0.09944999676870248,-0.0005000003135177249,4.991536877857065e-13,0.7993607034421233
140.38333988189697,9.135999999974672,30.846999999981474,0.1958399975229047,0.0004999987655492683,4.680657930760209e-13,0.9599310096372458
140.48337364196777,9.135999999992492,30.84699999999331,0.2952899991592397,-0.000500000408411612,4.3979006448012026e-13,1.0053096260972185
140.58338618278503,9.135999999978416,30.8460000001734,0.3962700001868602,-0.004499999287287828,-8.015458704562141e-15,1.001818992362922
140.68340253829956,9.135999999936692,30.846999999712207,0.4941900001202213,0.002499996518040163,3.5389142076589896e-13,0.9878563637199369
140.78337240219116,9.136000000017201,30.84700000002844,0.5921100004067983,3.243811959492693e-10,3.3185506942012973e-13,0.984365699842057
140.8842089176178,9.135999999993277,30.846999999985965,0.6915599995780721,-0.0005000004288689469,3.117948408581071e-13,0.9878563548568212
140.98355197906494,9.135999999991267,30.84699999997586,0.7910100001467755,-0.0015000002232559853,2.923939184959091e-13,0.994837670200342
141.08338403701782,9.135999999989298,30.84699999995765,0.8904599997638818,-0.0005000009609447604,2.747079088854802e-13,0.998328330369972
141.1833062171936,9.13599999999657,30.846999999977033,0.9883800005702121,-0.000500000520543281,2.5761676193769936e-13,0.99134701856966
141.28327679634094,9.135999999998893,30.846999999977992,1.087829999685735,-0.0005000004890624952,2.4205170239252534e-13,0.9913470151327809
141.38339281082153,9.136000000001065,30.846999999978348,1.187280000249539,-0.0005000004585213017,2.2695165324160298e-13,0.9948376719232502
141.4834108352661,9.136000000002962,30.846999999980223,1.285200000001009,0.0004999991873663901,2.132407583470893e-13,0.9843657034440765
141.58340883255005,9.13600000000014,30.846999999999422,1.3846500000610649,-0.0009999998260987683,1.999931421938457e-13,0.9983283252563125
141.68346905708313,9.136000000009759,30.846999999972933,1.4840999998268303,0.0004999990357614378,1.8789295212869923e-13,0.9948376754070447
141.78421139717102,9.135999999999605,30.847000000000808,1.5835500002651615,-0.0004999999642944245,1.762002287451371e-13,0.9913470168507786
141.8834388256073,9.136000000009474,30.846999999984366,1.6829999996832439,-0.0005000003363716911,1.6555578449619049e-13,0.99134701513278
141.9834005832672,9.13600000001082,30.846999999985602,1.7824500002114791,-0.0005000003154022154,1.5525047741624793e-13,0.9948376719192425
142.0833342075348,9.136000000011911,30.84699999998705,1.8803699999987669,-0.0010000001053717487,1.45872556217068e-13,0.9913470169061099
142.18344044685364,9.136000000019935,30.8469999999822,1.979820000210688,-6.584866037856463e-10,1.3679289289454997e-13,0.9948376719191601
142.283278465271,9.136000000005442,30.846999999996033,2.079269999764034,-0.0009999998675083244,1.2851864196723612e-13,0.9913470169035449
142.38385367393494,9.136000000023149,30.846999999986433,2.178720000235139,-0.001500000071942606,1.2050783538599598e-13,0.9983283287106898
142.48331546783447,9.136000000032356,30.84699999998514,2.276640000069992,-0.0005000006337316871,1.1322309740032923e-13,0.9878563619445975
142.58331680297852,9.136000000014562,30.84699999999496,2.3760900001046834,-0.0005000002134725926,1.0619497132828584e-13,0.9948376701914811
142.68331623077393,9.136000000013652,30.846999999996758,2.474010000009644,0.0009999992270117504,9.977631309624182e-14,0.9843657034413049
142.78330516815186,9.135999999985897,30.847000000001916,2.5749899998445405,-0.001999999046183942,9.356545412195547e-14,0.9983283252708054
142.8834342956543,9.136000000044016,30.84699999999849,2.6774999992945854,-9.762967535104083e-10,8.790906267671377e-14,0.9948376754085722
142.98329067230225,9.136000000004211,30.84700000000029,2.7754200005202456,-0.0004999999693592736,8.243712374657435e-14,0.9948376736367687
143.08420634269714,9.136000000012759,30.847000000002136,2.874869999748273,0.0009999992713588634,7.745510917605262e-14,0.9913470169052054
143.18328714370728,9.135999999985245,30.846999999995983,2.974320000208216,-0.0019999990042554585,7.263468795131805e-14,0.9948376719188999
143.28337931632996,9.136000000039953,30.847000000015267,3.0676500007712386,0.0004999988708865697,6.824844490979683e-14,0.9424778226849919
143.3834273815155,9.135999999995676,30.84699999999786,3.145680002917412,-0.0034999986300336887,6.399793659520229e-14,0.7714356134923005
143.48337864875793,9.136000000061614,30.84700000003664,3.2038200030146937,0.0014999978999769188,6.013106114912225e-14,0.5864307226288519
143.58331084251404,9.135999999977535,30.8469999999848,3.2451300029987125,-0.0004999993260746355,5.638799695892862e-14,0.41538844613096826
143.6834692955017,9.136000000011364,30.84700000000839,3.2696100027784394,-0.0029999991518742035,5.2981283569919485e-14,0.23736486869442583
143.78345584869385,9.136000000049552,30.847000000038495,3.277260002701364,-0.0010000008954289654,4.96834317287942e-14,0.07330390930891645
143.88345336914062,9.13600000001553,30.847000000012255,3.269610002515839,0.0034999981817914277,4.6679364795094595e-14,-0.06981309744863512
143.98338723182678,9.13599999994505,30.84699999995731,3.245130002853691,0.0025000003773815,4.377525017115583e-14,-0.2513273229259699
144.0833387374878,9.135999999961784,30.846999999971782,3.208410002025371,-0.0009999986798952176,4.1129389791550706e-14,-0.3665190844367553
144.18330240249634,9.136000000020049,30.84700000001369,3.1900499969023492,-0.0039999989876838655,3.856901707241506e-14,-0.18151433322856478
144.28335785865784,9.136000000067607,30.84700000004438,3.1885199972336116,0.0009999979343333588,3.623722649084025e-14,-0.0034907488605409875
144.38330364227295,9.135999999984755,30.84699999999002,3.190049999691308,-0.0004999994805770968,3.3977937495862323e-14,0.0034906550747749107
144.48326587677002,9.136000000009709,30.84700000000637,3.1885200003175447,-0.000500000065752834,3.1927567655312344e-14,-0.0034906549534956402
144.58326601982117,9.136000000009417,30.847000000006158,3.190049999691037,-2.460823877569601e-10,2.9939010136732476e-14,-1.7164510385941911e-09
144.68325924873352,9.136000000000955,30.847000000000623,3.190049999999996,-4.640898230220004e-11,2.8131177407428468e-14,-8.723243350747264e-16
144.783264875412,9.136000000000923,30.8470000000006,3.190049999999996,-4.35211754330235e-11,2.6380755538967952e-14,-4.293842470488334e-22
144.88326573371887,9.136000000000841,30.847000000000552,3.190049999999996,-4.0892035756330027e-11,2.478707866587895e-14,-2.181154764603026e-28
144.98415780067444,9.136000000000813,30.84700000000053,3.190049999999996,-3.834601156028038e-11,2.324378298162039e-14,-1.0729196830416467e-34
145.08335280418396,9.136000000000742,30.847000000000488,3.190049999999996,-3.602849034465682e-11,2.1838996467472348e-14,-5.427361632646649e-41
145.18332290649414,9.136000000000717,30.847000000000474,3.190049999999996,-3.37869143605821e-11,2.0480244844048818e-14,6.082397800104084e-41
145.28333020210266,9.136000000000653,30.847000000000424,3.190049999999996,-3.174433437468094e-11,1.9242116449639028e-14,5.737927490242218e-41
145.38325834274292,9.136000000000632,30.84700000000041,3.190049999999996,-2.976751007147116e-11,1.8043846454494265e-14,1.0813704505118843e-41
145.48327922821045,9.136000000000575,30.84700000000038,3.190049999999996,-2.7969556019662688e-11,1.6954000283105523e-14,-5.579076793273499e-43
145.5835726261139,9.136000000000557,30.847000000000367,3.190049999999996,-2.6228160255096188e-11,1.5898437439384655e-14,4.406861321936211e-41
145.68356895446777,9.136000000000507,30.84700000000033,3.190049999999996,-2.464259743798717e-11,1.4937334141607144e-14,3.100408004520125e-41
145.78331923484802,9.13600000000049,30.847000000000317,3.190049999999996,-2.3109455619734973e-11,1.4008006318698923e-14,1.3261295333986546e-41
145.88327503204346,9.136000000000447,30.84700000000029,3.190049999999996,-2.1712369092051747e-11,1.316114963370699e-14,-6.220182829722306e-43
145.98326230049133,9.136000000000433,30.847000000000282,3.190049999999996,-2.036146574155122e-11,1.2342287301595029e-14,-1.8586212948661766e-41
146.0833101272583,9.136000000000394,30.84700000000026,3.190049999999996,-1.9130369807534003e-11,1.1596047324449385e-14,3.02028427992317e-41
146.18357467651367,9.13600000000038,30.847000000000246,3.190049999999996,-1.7940158683431556e-11,1.0874590055650188e-14,2.1205050888857257e-41
146.28325080871582,9.136000000000347,30.847000000000225,3.190049999999996,-1.685356844046467e-11,1.0215943512511733e-14,-3.317867614590967e-42
146.38327813148499,9.136000000000333,30.847000000000218,3.190049999999996,-1.5806890993059868e-11,9.58149047366068e-15,-1.5507125502705576e-41
146.48325562477112,9.136000000000305,30.847000000000197,3.190049999999996,-1.4851683664623364e-11,9.00248288143047e-15,-1.868287999792985e-42
146.5835907459259,9.136000000000294,30.84700000000019,3.190049999999996,-1.3927249856312239e-11,8.442128933314825e-15,9.258234319804544e-42
146.68327045440674,9.13600000000027,30.84700000000017,3.190049999999996,-1.3085044244692031e-11,7.93161835773895e-15,-3.2703865615792975e-42
146.7833378314972,9.13600000000026,30.84700000000017,3.190049999999996,-1.2271002729289781e-11,7.438179701436485e-15,-1.1765501334810008e-41
146.8833281993866,9.136000000000237,30.847000000000154,3.190049999999996,-1.1529054478405434e-11,6.9884410365998646e-15,6.038362139924694e-42
146.98363423347473,9.13600000000023,30.847000000000154,3.190049999999996,-1.081151956359278e-11,6.553500732183492e-15,1.5727487178449958e-45
147.0833306312561,9.136000000000209,30.84700000000014,3.190049999999996,-1.0158222221425201e-11,6.157498621687905e-15,1.0873830445392664e-41
147.18332600593567,9.136000000000202,30.847000000000133,3.190049999999996,-9.526142634458e-12,5.7743578429198154e-15,3.7874472541750377e-42
147.28334283828735,9.136000000000184,30.84700000000012,3.190049999999996,-8.95042903453682e-12,5.425383813947149e-15,-3.225803527205575e-42
147.383553981781,9.136000000000177,30.84700000000012,3.190049999999996,-8.393136459818908e-12,5.087575859667389e-15,-1.028003831693933e-41
147.48356890678406,9.13600000000016,30.847000000000104,3.190049999999996,-7.886066592902334e-12,4.780210855155822e-15,4.0648515870632095e-42
147.58335971832275,9.136000000000156,30.847000000000097,3.190049999999996,-7.39505627754219e-12,4.482580497558945e-15,4.457712495776736e-42
147.68355321884155,9.136000000000141,30.84700000000009,3.190049999999996,-6.948172838136275e-12,4.2116980425011235e-15,-5.239311060467647e-42
147.78329586982727,9.136000000000138,30.84700000000009,3.190049999999996,-6.515562249481037e-12,3.949467211745059e-15,1.0848141186090966e-41
147.8835587501526,9.136000000000125,30.847000000000076,3.190049999999996,-6.12168360097985e-12,3.710714096113855e-15,6.530740834000146e-42
147.98337411880493,9.13600000000012,30.847000000000076,3.190049999999996,-5.740777573773987e-12,3.479824447244433e-15,-5.219190680169132e-42
148.0834023952484,9.13600000000011,30.84700000000007,3.190049999999996,-5.393981825934269e-12,3.269611052942862e-15,-3.623420900024623e-42
148.1833393573761,9.136000000000106,30.84700000000007,3.190049999999996,-5.058195727639667e-12,3.0660712608335013e-15,-1.528264825622065e-42
148.28334283828735,9.136000000000097,30.84700000000006,3.190049999999996,-4.752514125579252e-12,2.8807795809259566e-15,-2.1015928408667696e-42
148.3833281993866,9.136000000000095,30.847000000000055,3.190049999999996,-4.4565621300977996e-12,2.701385589598074e-15,-4.627918587968443e-42
148.48333430290222,9.136000000000084,30.847000000000047,3.190049999999996,-4.1874192288404504e-12,2.538242173517449e-15,-4.828756873006517e-42
148.58330392837524,9.136000000000083,30.847000000000047,3.190049999999996,-3.926789378009372e-12,2.380259019463479e-15,-5.613719202959079e-42
148.68340802192688,9.136000000000076,30.847000000000047,3.190049999999996,-3.689492105113466e-12,2.236419122772852e-15,-2.1057284143800335e-42
148.7833149433136,9.136000000000072,30.847000000000047,3.190049999999996,-3.459497641968793e-12,2.0970058938836503e-15,3.005258029865314e-42
148.88355588912964,9.136000000000067,30.847000000000047,3.190049999999996,-3.2506879895250482e-12,1.97043403023632e-15,1.7837586412600348e-42
148.98342418670654,9.136000000000063,30.84700000000004,3.190049999999996,-3.0484286546206578e-12,1.8478327046667767e-15,7.074318871214742e-42
149.08334636688232,9.13600000000006,30.84700000000004,3.190049999999996,-2.8641410269752998e-12,1.7361250880298445e-15,2.1265484376147975e-42
149.1833200454712,9.136000000000056,30.84700000000004,3.190049999999996,-2.685939121838826e-12,1.628106385077808e-15,-5.12260224092032e-43
149.28334307670593,9.13600000000005,30.847000000000033,3.190049999999996,-2.5234567226469417e-12,1.5296162039036187e-15,4.246705152200851e-43
149.3833270072937,9.136000000000049,30.847000000000033,3.190049999999996,-2.3661701133390078e-12,1.4342755013311966e-15,2.988002284037135e-42
149.48328733444214,9.136000000000045,30.847000000000026,3.190049999999996,-2.2230433978560372e-12,1.3475179457407024e-15,2.2594975635488807e-42
149.58346366882324,9.136000000000044,30.847000000000026,3.190049999999996,-2.0847889802100652e-12,1.2637137706985185e-15,-2.7792967421343607e-42
