time_s,x_m,y_m,yaw_rad,vx_m_s,vy_m_s,wz_rad_s
1.0047993659973145,0.0,0.0,0.0,0.0,0.0,0.0
1.104555606842041,0.0,0.0,0.0,0.0,0.0,0.0
1.2027294635772705,0.0,0.0,0.0,0.0,0.0,0.0
1.3043949604034424,0.0,0.0,0.0,0.0,0.0,0.0
1.4027514457702637,0.0,0.0,0.0,0.0,0.0,0.0
1.5042402744293213,0.0,0.0,0.0,0.0,0.0,0.0
1.602893590927124,0.0,0.0,0.0,0.0,0.0,0.0
1.7044689655303955,0.0,0.0,0.0,0.0,0.0,0.0
1.8029580116271973,0.0,0.0,0.0,0.0,0.0,0.0
1.9046220779418945,0.0,0.0,0.0,0.0,0.0,0.0
2.0028798580169678,0.0,0.0,0.0,0.0,0.0,0.0
2.1045219898223877,0.0,0.0,0.0,0.0,0.0,0.0
2.203010320663452,0.0,0.0,0.0,0.0,0.0,0.0
2.304703950881958,0.0,0.0,0.0,0.0,0.0,0.0
2.403169631958008,0.0,0.0,0.0,0.0,0.0,0.0
2.5047545433044434,0.0,0.0,0.0,0.0,0.0,0.0
2.603288412094116,0.0,0.0,0.0,0.0,0.0,0.0
2.7048721313476562,0.0,0.0,0.0,0.0,0.0,0.0
2.803462505340576,0.0,0.0,0.0,0.0,0.0,0.0
2.9050867557525635,0.0,0.0,0.0,0.0,0.0,0.0
3.0033533573150635,0.0,0.0,0.0,0.0,0.0,0.0
3.1051597595214844,0.0,0.0,0.0,0.0,0.0,0.0
3.2033417224884033,0.0,0.0,0.0,0.0,0.0,0.0
3.3049380779266357,0.0,0.0,0.0,0.0,0.0,0.0
3.4038519859313965,0.0,0.0,0.0,0.0,0.0,0.0
3.5053279399871826,0.0,0.0,0.0,0.0,0.0,0.0
3.6037673950195312,0.0,0.0,0.0,0.0,0.0,0.0
3.7052078247070312,0.0,0.0,0.0,0.0,0.0,0.0
3.8039052486419678,0.0,0.0,0.0,0.0,0.0,0.0
3.905416488647461,0.0,0.0,0.0,0.0,0.0,0.0
4.003807544708252,0.0,0.0,0.0,0.0,0.0,0.0
4.105559825897217,0.0,0.0,0.0,0.0,0.0,0.0
4.203942775726318,0.0,0.0,0.0,0.0,0.0,0.0
4.305677890777588,0.0,0.0,0.0,0.0,0.0,0.0
4.404156923294067,0.0,0.0,0.0,0.0,0.0,0.0
4.506049871444702,0.0,0.0,0.0,0.0,0.0,0.0
4.604115009307861,0.0,0.0,0.0,0.0,0.0,0.0
4.705786228179932,0.0,0.0,0.0,0.0,0.0,0.0
4.80409049987793,0.0,0.0,0.0,0.0,0.0,0.0
4.905702114105225,0.0,0.0,0.0,0.0,0.0,0.0
5.0041680335998535,0.0,0.0,0.0,0.0,0.0,0.0
5.106106758117676,0.0,0.0,0.0,0.0,0.0,0.0
5.204266548156738,0.0,0.0,0.0,0.0,0.0,0.0
5.306139945983887,0.0,0.0,0.0,0.0,0.0,0.0
5.4044249057769775,0.0,0.0,0.0,0.0,0.0,0.0
5.506047248840332,0.0,0.0,0.0,0.0,0.0,0.0
5.604538440704346,0.0,0.0,0.0,0.0,0.0,0.0
5.706035614013672,0.0,0.0,0.0,0.0,0.0,0.0
5.804567098617554,0.0,0.0,0.0,0.0,0.0,0.0
5.9060821533203125,0.0,0.0,0.0,0.0,0.0,0.0
6.004690885543823,0.0,0.0,0.0,0.0,0.0,0.0
6.106184720993042,0.0,0.0,0.0,0.0,0.0,0.0
6.2048163414001465,0.0,0.0,0.0,0.0,0.0,0.0
6.306441068649292,0.0,0.0,0.0,0.0,0.0,0.0
6.404988527297974,0.0,0.0,0.0,0.0,0.0,0.0
6.506582021713257,0.0,0.0,0.0,0.0135,0.0,0.003490658503988659
6.605047225952148,0.0029999999999992255,0.0019999999999997797,0.0,0.037,0.0,0.0
6.706607341766357,0.009999999999999787,0.004999999999999893,0.0,0.0775,0.0,0.0
6.805094480514526,0.017999999999999794,0.009999999999999787,0.0,0.0985,0.0,-0.003490658503988659
6.906799554824829,0.028999999999999915,0.01699999999999946,0.0,0.1345,0.0,0.003490658503988659
7.005128860473633,0.04299999999999926,0.024999999999999467,0.0,0.161,0.0,0.0
7.106876373291016,0.058999999999999275,0.03399999999999981,0.0,0.19,0.0,0.0
7.205193281173706,0.07599999999999962,0.04499999999999993,0.0,0.1955,0.0,0.0
7.3068084716796875,0.0909999999999993,0.05400000000000027,0.0,0.171,0.0,0.0
7.405329704284668,0.10199999999999942,0.05999999999999961,0.0,0.1295,0.0,0.003490658503988659
7.506964445114136,0.11199999999999921,0.06599999999999984,0.0,0.1015,0.0,0.0
7.605744361877441,0.11899999999999977,0.07000000000000028,0.006120000000000014,0.0765,0.0,0.05585053606381855
7.707152366638184,0.12299999999999933,0.07299999999999951,0.026009999999999867,0.046,0.0,0.1954768762233649
7.805513858795166,0.125,0.07299999999999951,0.06732000000000005,0.015,0.0,0.4153883619746504
7.907200813293457,0.125,0.07399999999999984,0.1239300000000001,0.0005,0.0,0.5619960191421741
8.005574941635132,0.125,0.07299999999999951,0.19890000000000008,-0.0015,0.0,0.7609635538695277
8.10702109336853,0.125,0.07399999999999984,0.29070000000000007,0.0015,0.0,0.9145525280450286
8.205532550811768,0.125,0.07299999999999951,0.39168000000000014,-0.0015,0.0,1.0088003076527225
8.307083129882812,0.125,0.07299999999999951,0.49112999999999996,-0.001,0.0,0.9913470151327791
8.405694723129272,0.125,0.07399999999999984,0.5859900000000003,0.0015,0.0,0.9529497715889039
8.507219314575195,0.125,0.07299999999999951,0.6640199999999999,-0.0015,0.0,0.7888888219014369
8.605722188949585,0.125,0.07299999999999951,0.72216,0.0005,0.0,0.5759586531581288
8.707265138626099,0.125,0.07299999999999951,0.76347,0.001,0.0,0.4223696789826278
8.805727481842041,0.125,0.07299999999999951,0.7894799999999998,0.0,0.0,0.25830872929516074
8.907464742660522,0.125,0.07299999999999951,0.7956000000000004,0.0,0.0,0.059341194567807204
9.006025075912476,0.125,0.07299999999999951,0.7956000000000004,0.0,0.0,-0.003490658503988659
9.107778549194336,0.125,0.07299999999999951,0.7956000000000004,-0.0005,0.0,0.0
9.206103801727295,0.125,0.07399999999999984,0.7940699999999999,0.001,0.0,-0.013962634015954637
9.30774450302124,0.125,0.07299999999999951,0.77418,0.0015,0.0,-0.20245819323134223
9.406100749969482,0.125,0.07399999999999984,0.73287,0.0,0.0,-0.4118977034706618
9.507636785507202,0.125,0.07299999999999951,0.6747299999999999,-0.001,0.0,-0.5794493116621174
9.606076717376709,0.125,0.07399999999999984,0.60129,0.001,0.0,-0.7435102613495844
9.707693099975586,0.125,0.07299999999999951,0.50643,-0.001,0.0,-0.9389871375729493
9.80620789527893,0.125,0.07399999999999984,0.41156999999999977,0.013,0.0,-0.9564404300928925
9.907768726348877,0.12699999999999978,0.07699999999999996,0.33201,0.0395,0.0,-0.7923794804054255
10.00620985031128,0.13199999999999967,0.08199999999999985,0.2754000000000001,0.078,0.0,-0.5794493116621174
10.107850551605225,0.13899999999999935,0.08899999999999952,0.22949999999999993,0.096,0.0,-0.4537856055185257
10.206316709518433,0.1479999999999997,0.09799999999999986,0.2065499999999999,0.1335,0.0,-0.23387411976724018
10.307963609695435,0.15999999999999925,0.10799999999999965,0.19736999999999993,0.1615,0.0,-0.08028514559173915
10.40645432472229,0.1739999999999995,0.12099999999999955,0.19890000000000008,0.189,0.0,0.010471975511965976
10.507997512817383,0.1899999999999995,0.1349999999999998,0.19890000000000008,0.2235,0.0,-0.003490658503988659
10.606476306915283,0.20699999999999985,0.1509999999999998,0.1943100000000001,0.225,0.0,-0.041887902047863905
10.708263874053955,0.22199999999999953,0.1639999999999997,0.17442000000000024,0.195,0.0,-0.20245819323134223
10.806573390960693,0.23499999999999943,0.17499999999999982,0.13310999999999995,0.1625,0.0,-0.4118977034706618
10.908239126205444,0.24599999999999955,0.18299999999999983,0.07496999999999987,0.1335,0.0,-0.57246799465414
11.006734132766724,0.25599999999999934,0.18900000000000006,0.004590000000000094,0.113,0.0,-0.7120943348136863
11.108275175094604,0.26199999999999957,0.19299999999999962,-0.08874000000000015,0.0705,0.0,-0.9285151620609834
11.206873655319214,0.26699999999999946,0.19500000000000028,-0.18819000000000002,0.0455,0.0,-0.9983283321407566
11.308373212814331,0.2709999999999999,0.19599999999999973,-0.28151999999999994,0.044,0.0,-0.9320058205649718
11.406946897506714,0.27699999999999925,0.19700000000000006,-0.3595499999999999,0.07,0.0,-0.7853981633974483
11.50863242149353,0.2869999999999999,0.1979999999999995,-0.41922,0.1025,0.0,-0.5899212871740833
11.607051134109497,0.2989999999999995,0.19899999999999984,-0.46052999999999994,0.13,0.0,-0.4153883619746504
11.708698749542236,0.3149999999999995,0.20000000000000018,-0.48500999999999994,0.1625,0.0,-0.24434609527920614
11.80732798576355,0.33399999999999963,0.20099999999999962,-0.49112999999999996,0.191,0.0,-0.06283185307179587
11.908670425415039,0.35599999999999987,0.20199999999999996,-0.4895999999999999,0.22,0.0,0.010471975511965976
12.007092714309692,0.37899999999999956,0.2030000000000003,-0.49112999999999996,0.225,0.0,-0.003490658503988659
12.108889818191528,0.399,0.20399999999999974,-0.4895999999999999,0.1965,0.0,0.006981317007977318
12.207382202148438,0.41500000000000004,0.20399999999999974,-0.4895999999999999,0.1595,0.0,0.003490658503988659
12.309239387512207,0.4289999999999994,0.20500000000000007,-0.49112999999999996,0.134,0.0,-0.010471975511965976
12.407251358032227,0.4419999999999993,0.20500000000000007,-0.49112999999999996,0.133,0.0,-0.003490658503988659
12.508856058120728,0.45699999999999985,0.20599999999999952,-0.4895999999999999,0.1595,0.0,0.013962634015954637
12.607709169387817,0.476,0.20699999999999985,-0.49112999999999996,0.193,0.0,-0.006981317007977318
12.709121942520142,0.49799999999999933,0.20800000000000018,-0.4895999999999999,0.2185,0.0,0.006981317007977318
12.807503938674927,0.5229999999999997,0.20899999999999963,-0.4895999999999999,0.2525,0.0,0.0
12.90911054611206,0.5499999999999998,0.20999999999999996,-0.49112999999999996,0.2805,0.0,0.0
13.00789737701416,0.5809999999999995,0.2110000000000003,-0.4895999999999999,0.309,0.0,0.003490658503988659
13.109326601028442,0.6149999999999993,0.21199999999999974,-0.4895999999999999,0.3405,0.0,0.0
13.207645177841187,0.6509999999999998,0.21399999999999952,-0.49112999999999996,0.368,0.0,0.0
13.309471130371094,0.6909999999999998,0.2160000000000002,-0.4895999999999999,0.4015,0.0,0.0
13.408921480178833,0.7329999999999997,0.21699999999999964,-0.49112999999999996,0.4275,0.0,0.0
13.509433031082153,0.7789999999999999,0.2190000000000003,-0.4895999999999999,0.4595,0.0,0.0
13.60794997215271,0.827,0.22100000000000009,-0.49112999999999996,0.4885,0.0,0.0
13.709413766860962,0.8779999999999992,0.22299999999999986,-0.49112999999999996,0.5025,0.0,0.0
13.807981967926025,0.9259999999999993,0.22499999999999964,-0.49112999999999996,0.4845,0.0,0.0
13.909493207931519,0.9719999999999995,0.2270000000000003,-0.4895999999999999,0.456,0.0,0.003490658503988659
14.008176803588867,1.0149999999999997,0.2290000000000001,-0.4895999999999999,0.427,0.0,0.003490658503988659
14.109558582305908,1.0559999999999996,0.23099999999999987,-0.48806999999999995,0.397,0.0,0.010471975511965976
14.208123207092285,1.0939999999999994,0.23299999999999965,-0.4895999999999999,0.394,0.0,-0.017453292519943295
14.309625387191772,1.1359999999999997,0.23399999999999999,-0.4895999999999999,0.4195,0.0,0.006981317007977318
14.408197402954102,1.1809999999999996,0.23599999999999977,-0.4895999999999999,0.4575,0.0,-0.003490658503988659
14.510021686553955,1.2289999999999996,0.23799999999999955,-0.4895999999999999,0.4775,0.0,0.0
14.608299970626831,1.2789999999999995,0.2400000000000002,-0.4895999999999999,0.503,0.0,0.0
14.709894180297852,1.3289999999999997,0.242,-0.49112999999999996,0.4995,0.0,0.0
14.808273315429688,1.3789999999999996,0.24399999999999977,-0.49112999999999996,0.4985,0.0,-0.006981317007977318
14.910321235656738,1.4279999999999995,0.24599999999999955,-0.4895999999999999,0.4965,0.0,0.020943951023931952
15.00836730003357,1.4779999999999998,0.24800000000000022,-0.4895999999999999,0.491,0.0,-0.010471975511965976
15.110026836395264,1.5239999999999996,0.25,-0.49112999999999996,0.4615,0.0,-0.013962634015954637
15.20847463607788,1.5669999999999997,0.2519999999999998,-0.48806999999999995,0.424,0.0,0.03490658503988659
15.310060262680054,1.6059999999999994,0.25399999999999956,-0.4895999999999999,0.3925,0.0,-0.013962634015954637
15.408698081970215,1.6439999999999997,0.2549999999999999,-0.49112999999999996,0.3675,0.0,-0.010471975511965976
15.51023006439209,1.6779999999999995,0.2569999999999997,-0.49112999999999996,0.339,0.0,0.0
15.608784914016724,1.7089999999999996,0.258,-0.49112999999999996,0.31,0.0,-0.006981317007977318
15.710274934768677,1.7389999999999994,0.25899999999999945,-0.4895999999999999,0.3055,0.0,0.013962634015954637
15.80873966217041,1.7709999999999995,0.2610000000000001,-0.4895999999999999,0.3325,0.0,0.0
15.910581827163696,1.8079999999999998,0.26199999999999957,-0.4895999999999999,0.366,0.0,0.0
16.008894443511963,1.8459999999999996,0.26400000000000023,-0.49112999999999996,0.3865,0.0,-0.003490658503988659
16.1106858253479,1.8879999999999995,0.2649999999999997,-0.4895999999999999,0.4275,0.0,0.0
16.209153413772583,1.9329999999999998,0.26699999999999946,-0.49112999999999996,0.452,0.0,0.0
16.310696840286255,1.9809999999999994,0.26900000000000013,-0.4895999999999999,0.4815,0.0,0.0
16.409141540527344,2.0309999999999997,0.2709999999999999,-0.49112999999999996,0.502,0.0,-0.003490658503988659
16.51061201095581,2.0809999999999995,0.2729999999999997,-0.49112999999999996,0.499,0.0,0.003490658503988659
16.609082221984863,2.131,0.27499999999999947,-0.49112999999999996,0.4995,0.0,0.0
16.710676431655884,2.1809999999999996,0.27700000000000014,-0.4895999999999999,0.499,0.0,0.0
16.809226512908936,2.2299999999999995,0.28000000000000025,-0.4895999999999999,0.4855,0.0,0.0
16.910974502563477,2.276,0.2809999999999997,-0.4895999999999999,0.456,0.0,0.0
17.00934886932373,2.3189999999999995,0.2829999999999995,-0.49112999999999996,0.427,0.0,-0.003490658503988659
17.111364364624023,2.3589999999999995,0.28500000000000014,-0.49112999999999996,0.3945,0.0,0.0
17.209273099899292,2.3959999999999995,0.2859999999999996,-0.4895999999999999,0.366,0.0,0.010471975511965976
17.311362504959106,2.4299999999999997,0.28800000000000026,-0.49418999999999996,0.3365,0.0,-0.048869219055841226
17.40952229499817,2.4609999999999994,0.2889999999999997,-0.5171399999999999,0.3085,0.0,-0.2199114857512855
17.51128053665161,2.4889999999999994,0.2889999999999997,-0.5747553071795863,0.2745,0.0,-0.41887902047863906
17.609625577926636,2.514,0.2869999999999999,-0.6313653071795864,0.248,0.0,-0.5654866776461627
17.711675882339478,2.5359999999999996,0.28500000000000014,-0.7078653071795864,0.2175,0.0,-0.7574728953655391
17.80953311920166,2.5549999999999997,0.2809999999999997,-0.7996653071795864,0.1855,0.0,-0.9320058205649718
17.91146945953369,2.5709999999999997,0.2759999999999998,-0.8991153071795864,0.162,0.0,-0.9878563566287906
18.009614944458008,2.5829999999999997,0.2709999999999999,-0.9939753071795865,0.1245,0.0,-0.9599310885968813
18.111284255981445,2.5919999999999996,0.266,-1.0720053071795863,0.101,0.0,-0.778416846389471
18.209768295288086,2.5979999999999994,0.26199999999999957,-1.1316753071795862,0.072,0.0,-0.5899212871740833
18.311529636383057,2.6019999999999994,0.2599999999999998,-1.1714553071795863,0.0405,0.0,-0.40491638646268446
18.409940481185913,2.6029999999999998,0.25899999999999945,-1.1959353071795862,0.011,0.0,-0.24434609527920614
18.511401891708374,2.6029999999999998,0.25899999999999945,-1.2035853071795866,-0.001,0.0,-0.07679448708775051
18.609943151474,2.6029999999999998,0.25899999999999945,-1.1989953071795862,0.001,0.0,0.048869219055841226
18.711726665496826,2.6029999999999998,0.25899999999999945,-1.1745153071795862,0.005,0.0,0.24085543677521748
18.81023859977722,2.6029999999999998,0.25899999999999945,-1.1286153071795866,-0.0045,0.0,0.4572762640225143
18.911662340164185,2.6029999999999998,0.25899999999999945,-1.0689453071795865,0.003,0.0,0.6003932626860493
19.010518312454224,2.6029999999999998,0.25899999999999945,-0.9893853071795864,-0.002,0.0,0.7958701389094144
19.11174702644348,2.6029999999999998,0.25899999999999945,-0.9021753071795864,0.0115,0.0,0.8691739674931761
19.210195302963257,2.6069999999999998,0.258,-0.8348553071795864,0.0415,0.0,0.6841690667817772
19.31177282333374,2.6139999999999994,0.2560000000000002,-0.7843653071795864,0.074,0.0,0.49567350756638956
19.41040277481079,2.6229999999999998,0.25399999999999956,-0.7507053071795864,0.0985,0.0,0.33510321638291124
19.5119366645813,2.6359999999999997,0.25100000000000033,-0.7369353071795863,0.1345,0.0,0.1466076571675237
19.61057472229004,2.651,0.24800000000000022,-0.7354053071795864,0.16,0.0,0.003490658503988659
19.71218466758728,2.6699999999999995,0.2450000000000001,-0.7354053071795864,0.192,0.0,0.0
19.810370683670044,2.691,0.24099999999999966,-0.7354053071795864,0.221,0.0,0.0
19.912054538726807,2.7149999999999994,0.23599999999999977,-0.7369353071795863,0.2495,0.0,-0.003490658503988659
20.01048731803894,2.7429999999999994,0.23099999999999987,-0.7354053071795864,0.282,0.0,0.003490658503988659
20.11247420310974,2.7729999999999997,0.22599999999999998,-0.7354053071795864,0.309,0.0,-0.003490658503988659
20.210556983947754,2.8059999999999996,0.2190000000000003,-0.7354053071795864,0.342,0.0,0.003490658503988659
20.312188386917114,2.8419999999999996,0.21300000000000008,-0.7369353071795863,0.3705,0.0,-0.003490658503988659
20.410772800445557,2.881,0.20500000000000007,-0.7354053071795864,0.399,0.0,0.003490658503988659
20.51238703727722,2.9229999999999996,0.19700000000000006,-0.7354053071795864,0.4305,0.0,0.0
20.610780715942383,2.9669999999999996,0.18900000000000006,-0.7354053071795864,0.4575,0.0,0.0
20.712403535842896,3.0149999999999997,0.17999999999999972,-0.7354053071795864,0.49,0.0,0.0
20.81081748008728,3.0639999999999996,0.16999999999999993,-0.7354053071795864,0.499,0.0,0.0
20.912466764450073,3.1129999999999995,0.1609999999999996,-0.7369353071795863,0.497,0.0,0.0
21.010940313339233,3.1629999999999994,0.15200000000000014,-0.7369353071795863,0.501,0.0,0.0
21.112717390060425,3.2109999999999994,0.1429999999999998,-0.7369353071795863,0.498,0.0,0.0
21.211405277252197,3.26,0.133,-0.7354053071795864,0.4995,0.0,0.0
21.312654972076416,3.3099999999999996,0.12399999999999967,-0.7369353071795863,0.499,0.0,0.0
21.411190271377563,3.3589999999999995,0.11500000000000021,-0.7354053071795864,0.497,0.0,0.003490658503988659
21.513157606124878,3.4079999999999995,0.10499999999999954,-0.7354053071795864,0.5,0.0,0.0
21.611193418502808,3.457,0.09600000000000009,-0.7369353071795863,0.4995,0.0,0.0
21.712818145751953,3.5059999999999993,0.08699999999999974,-0.7354053071795864,0.499,0.0,0.0
21.811574935913086,3.5549999999999997,0.07800000000000029,-0.7354053071795864,0.497,0.0,0.0
21.913140058517456,3.6039999999999996,0.06799999999999962,-0.7354053071795864,0.5,0.0,0.0
22.011654376983643,3.6529999999999996,0.05900000000000016,-0.7369353071795863,0.4985,0.0,-0.003490658503988659
22.113160848617554,3.702,0.04999999999999982,-0.7354053071795864,0.5,0.0,0.003490658503988659
22.21179509162903,3.7509999999999994,0.040000000000000036,-0.7369353071795863,0.502,0.0,-0.003490658503988659
22.31313133239746,3.8,0.030999999999999694,-0.7369353071795863,0.497,0.0,0.0
22.41155767440796,3.8489999999999993,0.02200000000000024,-0.7354053071795864,0.4975,0.0,0.006981317007977318
22.51313090324402,3.8979999999999997,0.011999999999999567,-0.7369353071795863,0.4995,0.0,-0.003490658503988659
22.611694812774658,3.9469999999999996,0.0030000000000001137,-0.7369353071795863,0.501,0.0,0.0
22.713406324386597,3.9959999999999996,-0.006000000000000227,-0.7354053071795864,0.501,0.0,0.0
22.812052488327026,4.045,-0.01499999999999968,-0.7354053071795864,0.496,0.0,0.0
22.913578033447266,4.093999999999999,-0.025000000000000355,-0.7369353071795863,0.498,0.0,0.0
23.011829614639282,4.143,-0.03399999999999981,-0.7354053071795864,0.4975,0.0,0.003490658503988659
23.113661766052246,4.191999999999999,-0.04300000000000015,-0.7354053071795864,0.5025,0.0,0.0
23.211859941482544,4.242,-0.052999999999999936,-0.7369353071795863,0.5005,0.0,-0.003490658503988659
23.313456535339355,4.2909999999999995,-0.06200000000000028,-0.7369353071795863,0.4985,0.0,0.0
23.411988019943237,4.3389999999999995,-0.07099999999999973,-0.7354053071795864,0.4965,0.0,0.003490658503988659
23.51371455192566,4.388,-0.0810000000000004,-0.7369353071795863,0.499,0.0,-0.003490658503988659
23.61223316192627,4.438,-0.08999999999999986,-0.7354053071795864,0.501,0.0,0.003490658503988659
23.713802099227905,4.487,-0.0990000000000002,-0.7369353071795863,0.4975,0.0,0.0
23.812328815460205,4.536,-0.10899999999999999,-0.7369353071795863,0.4995,0.0,0.0
23.91389751434326,4.585,-0.11800000000000033,-0.7354053071795864,0.497,0.0,0.003490658503988659
24.01258111000061,4.6339999999999995,-0.12699999999999978,-0.7354053071795864,0.4995,0.0,0.0
24.11380672454834,4.683,-0.13600000000000012,-0.7369353071795863,0.502,0.0,0.0
24.21262526512146,4.731999999999999,-0.1459999999999999,-0.7354053071795864,0.498,0.0,0.0
24.313969612121582,4.781,-0.15500000000000025,-0.7354053071795864,0.497,0.0,0.0
24.41272521018982,4.83,-0.1639999999999997,-0.7369353071795863,0.4975,0.0,-0.003490658503988659
24.514436960220337,4.879,-0.17400000000000038,-0.7354053071795864,0.5005,0.0,0.003490658503988659
24.612496614456177,4.927,-0.18299999999999983,-0.7354053071795864,0.487,0.0,0.0
24.71412491798401,4.973,-0.19099999999999984,-0.7384653071795864,0.4605,0.0,-0.017453292519943295
24.81251835823059,5.015,-0.19899999999999984,-0.7369353071795863,0.422,0.0,0.006981317007977318
24.914564609527588,5.053999999999999,-0.20699999999999985,-0.7354053071795864,0.396,0.0,0.010471975511965976
25.01256227493286,5.09,-0.2140000000000004,-0.7354053071795864,0.3655,0.0,0.0
25.11427593231201,5.124,-0.21999999999999975,-0.7369353071795863,0.3365,0.0,-0.006981317007977318
25.21277403831482,5.154,-0.22599999999999998,-0.7369353071795863,0.3085,0.0,0.0
25.314340591430664,5.1819999999999995,-0.23099999999999987,-0.7369353071795863,0.278,0.0,-0.006981317007977318
25.412715673446655,5.207,-0.23599999999999977,-0.7338753071795865,0.2455,0.0,0.027925268031909273
25.514782190322876,5.228999999999999,-0.2400000000000002,-0.7354053071795864,0.2155,0.0,-0.013962634015954637
25.61285638809204,5.247,-0.24300000000000033,-0.7369353071795863,0.187,0.0,-0.003490658503988659
25.714748859405518,5.263,-0.24600000000000044,-0.7354053071795864,0.1595,0.0,0.003490658503988659
25.812925815582275,5.276,-0.24899999999999967,-0.7354053071795864,0.1285,0.0,0.0
25.91485333442688,5.287,-0.25100000000000033,-0.7354053071795864,0.101,0.0,0.0
26.01302170753479,5.294,-0.2519999999999998,-0.7354053071795864,0.068,0.0,0.0
26.114587783813477,5.298,-0.2530000000000001,-0.7354053071795864,0.0375,0.0,0.0
26.2131450176239,5.2989999999999995,-0.2530000000000001,-0.7354053071795864,0.009,0.0,0.003490658503988659
26.31520676612854,5.2989999999999995,-0.2530000000000001,-0.7369353071795863,-0.0025,0.0,-0.003490658503988659
26.41349506378174,5.2989999999999995,-0.2530000000000001,-0.7354053071795864,0.0005,0.0,0.003490658503988659
26.515214443206787,5.2989999999999995,-0.2530000000000001,-0.7354053071795864,-0.0005,0.0,0.0
26.61365056037903,5.2989999999999995,-0.2530000000000001,-0.7354053071795864,0.0,0.0,0.0
26.715219736099243,5.2989999999999995,-0.2530000000000001,-0.7354053071795864,0.0,0.0,0.0
26.813836336135864,5.2989999999999995,-0.2530000000000001,-0.7354053071795864,0.0,0.0,0.0
26.915158987045288,5.2989999999999995,-0.2530000000000001,-0.7354053071795864,0.0,0.0,0.0
27.013537645339966,5.2989999999999995,-0.2530000000000001,-0.7354053071795864,0.0,0.0,0.0
27.11508536338806,5.2989999999999995,-0.2530000000000001,-0.7354053071795864,0.0,0.0,0.0
27.214839935302734,5.2989999999999995,-0.2530000000000001,-0.7354053071795864,0.0,0.0,0.0
27.31591248512268,5.2989999999999995,-0.2530000000000001,-0.7354053071795864,0.0,0.0,0.0
27.413607120513916,5.2989999999999995,-0.2530000000000001,-0.7354053071795864,0.0,0.0,0.0
27.515613794326782,5.2989999999999995,-0.2530000000000001,-0.7354053071795864,0.0,0.0,0.0
27.61390256881714,5.2989999999999995,-0.2530000000000001,-0.7354053071795864,0.0,0.0,0.0
27.715615034103394,5.2989999999999995,-0.2530000000000001,-0.7354053071795864,0.0,0.0,0.0
27.813793659210205,5.2989999999999995,-0.2530000000000001,-0.7354053071795864,0.0,0.0,0.0
27.915733814239502,5.2989999999999995,-0.2530000000000001,-0.7354053071795864,0.0,0.0,0.0
28.01400089263916,5.2989999999999995,-0.2530000000000001,-0.7354053071795864,0.0,0.0,0.0
28.115673065185547,5.2989999999999995,-0.2530000000000001,-0.7354053071795864,0.0,0.0,0.0
28.214139223098755,5.2989999999999995,-0.2530000000000001,-0.7354053071795864,0.0,0.0,0.0
28.315860271453857,5.2989999999999995,-0.2530000000000001,-0.7354053071795864,0.0,0.0,0.0
28.414151906967163,5.2989999999999995,-0.2530000000000001,-0.7323453071795865,0.003,0.0,0.027925268031909273
28.51582622528076,5.2989999999999995,-0.2530000000000001,-0.7109253071795865,0.0025,0.0,0.2199114857512855
28.614161729812622,5.2989999999999995,-0.2530000000000001,-0.6696153071795864,-0.002,0.0,0.4153883619746504
28.71614384651184,5.2989999999999995,-0.2530000000000001,-0.6114753071795864,-0.001,0.0,0.5759586531581288
28.814640998840332,5.3,-0.2530000000000001,-0.5217299999999994,0.002,0.0,0.7435102613495844
28.915849208831787,5.2989999999999995,-0.2530000000000001,-0.4283999999999994,-0.0025,0.0,0.9285151620609834
29.01470708847046,5.2989999999999995,-0.2530000000000001,-0.3289499999999994,0.0005,0.0,1.0088003076527225
29.115912675857544,5.2989999999999995,-0.2530000000000001,-0.22949999999999948,-0.0015,0.0,0.9878563566287906
29.21447205543518,5.2989999999999995,-0.2530000000000001,-0.13157999999999953,-0.0005,0.0,0.9878563566287906
29.316153287887573,5.2989999999999995,-0.2530000000000001,-0.03212999999999944,-0.001,0.0,0.9983283321407566
29.414703130722046,5.3,-0.2530000000000001,0.06273000000000051,0.014,0.0,0.9459684545809266
29.516060829162598,5.303,-0.25100000000000033,0.14229000000000047,0.041,0.0,0.7923794804054255
29.614490509033203,5.308,-0.24600000000000044,0.2019600000000007,0.0745,0.0,0.5969026041820608
29.71615219116211,5.3149999999999995,-0.23899999999999988,0.24480000000000068,0.0995,0.0,0.42586033748661634
29.814592599868774,5.324,-0.23000000000000043,0.2692800000000005,0.1325,0.0,0.2548180707911721
29.9163076877594,5.335,-0.2190000000000003,0.27693000000000056,0.1615,0.0,0.06981317007977318
30.014723777770996,5.3469999999999995,-0.2060000000000004,0.2799900000000005,0.167,0.0,0.03490658503988659
30.116419315338135,5.356999999999999,-0.19599999999999973,0.2998800000000008,0.138,0.0,0.20245819323134223
30.214839935302734,5.364,-0.18700000000000028,0.3335400000000007,0.1245,0.0,0.32812189937493397
30.316513299942017,5.375,-0.17499999999999982,0.3473100000000007,0.1625,0.0,0.1361356816555577
30.41488528251648,5.387,-0.16000000000000014,0.3442500000000006,0.1925,0.0,-0.020943951023931952
30.516597509384155,5.3999999999999995,-0.1429999999999998,0.3457800000000003,0.2185,0.0,0.010471975511965976
30.615121364593506,5.4159999999999995,-0.12399999999999967,0.3457800000000003,0.253,0.0,0.0
30.71668028831482,5.433,-0.10400000000000009,0.3503700000000005,0.254,0.0,0.048869219055841226
30.815133333206177,5.446999999999999,-0.0860000000000003,0.3717900000000004,0.227,0.0,0.20943951023931953
30.916778087615967,5.459,-0.07000000000000028,0.4146300000000005,0.1925,0.0,0.42586033748661634
31.015310049057007,5.468,-0.05600000000000005,0.4697100000000004,0.1675,0.0,0.5585053606381855
31.11678385734558,5.475,-0.04400000000000048,0.5446800000000006,0.1355,0.0,0.7504915783575616
31.21524143218994,5.4799999999999995,-0.03500000000000014,0.6364800000000005,0.1055,0.0,0.9145525280450286
31.317196369171143,5.483,-0.025000000000000355,0.7313400000000004,0.103,0.0,0.9529497715889039
31.415396690368652,5.487,-0.014000000000000234,0.8109000000000003,0.1295,0.0,0.7888888219014369
31.51699471473694,5.489999999999999,0.0019999999999997797,0.8690399999999999,0.1655,0.0,0.5864306286700948
31.615559101104736,5.492,0.020999999999999908,0.9103500000000003,0.189,0.0,0.4153883619746504
31.71733522415161,5.494999999999999,0.041999999999999815,0.9348300000000004,0.224,0.0,0.24434609527920614
31.815755367279053,5.497,0.06700000000000017,0.9409500000000001,0.2505,0.0,0.06283185307179587
31.917460680007935,5.499,0.09299999999999997,0.9348300000000004,0.2545,0.0,-0.059341194567807204
32.01594400405884,5.502,0.11599999999999966,0.9134100000000002,0.2255,0.0,-0.2199114857512855
32.11718940734863,5.504,0.1349999999999998,0.87057,0.189,0.0,-0.41887902047863906
32.2157666683197,5.508,0.15200000000000014,0.8139600000000001,0.16,0.0,-0.5689773361501514
32.31739521026611,5.510999999999999,0.16500000000000004,0.7420500000000002,0.14,0.0,-0.7295476273336298
32.41574573516846,5.515,0.1769999999999996,0.65637,0.13,0.0,-0.8552113334772214
32.51793193817139,5.521,0.19099999999999984,0.5905799999999995,0.158,0.0,-0.6527531402458793
32.615856885910034,5.529999999999999,0.20800000000000018,0.5416199999999999,0.195,0.0,-0.49218284906240095
32.7175874710083,5.539999999999999,0.22599999999999998,0.5110200000000001,0.195,0.0,-0.29670597283903605
32.81595587730408,5.5489999999999995,0.24099999999999966,0.49572000000000027,0.1675,0.0,-0.15707963267948966
32.91761016845703,5.555,0.2519999999999998,0.5003099999999999,0.132,0.0,0.04537856055185257
33.016281604766846,5.561,0.2610000000000001,0.52326,0.1065,0.0,0.2199114857512855
33.11816096305847,5.5649999999999995,0.26900000000000013,0.5584499999999998,0.078,0.0,0.36302848441482055
33.216233253479004,5.566999999999999,0.2729999999999997,0.61506,0.0445,0.0,0.5654866776461627
33.317933320999146,5.568,0.27499999999999947,0.6885,0.0175,0.0,0.7295476273336298
33.41631460189819,5.568,0.27499999999999947,0.7787699999999996,-0.004,0.0,0.9110618695410401
33.51810264587402,5.568,0.27499999999999947,0.8797499999999999,0.002,0.0,1.0088003076527225
33.61640954017639,5.568,0.27499999999999947,0.9746099999999996,0.0085,0.0,0.9564404300928925
33.71809673309326,5.568,0.2789999999999999,1.0526399999999998,0.041,0.0,0.767944870877505
33.81641983985901,5.566999999999999,0.2859999999999996,1.1123099999999995,0.0735,0.0,0.6003932626860493
33.91808485984802,5.566,0.29600000000000026,1.15515,0.1,0.0,0.4293509959906051
34.01666069030762,5.5649999999999995,0.30799999999999983,1.17963,0.133,0.0,0.25132741228718347
34.118155002593994,5.561999999999999,0.32399999999999984,1.1872799999999994,0.1615,0.0,0.06981317007977318
34.2167112827301,5.56,0.34299999999999997,1.1857499999999996,0.1895,0.0,-0.006981317007977318
34.31834268569946,5.555999999999999,0.3639999999999999,1.1872799999999994,0.223,0.0,0.003490658503988659
34.41677737236023,5.553,0.38699999999999957,1.1826899999999991,0.2245,0.0,-0.041887902047863905
34.518369913101196,5.55,0.40699999999999914,1.16127,0.196,0.0,-0.21293016874330817
34.616804361343384,5.548,0.42299999999999915,1.1199599999999998,0.1605,0.0,-0.40840704496667307
34.71867251396179,5.547,0.4370000000000003,1.0633499999999998,0.1335,0.0,-0.5689773361501514
34.816911458969116,5.547,0.44900000000000073,0.9929699999999998,0.1085,0.0,-0.7120943348136863
34.91864252090454,5.548,0.4560000000000004,0.8996399999999999,0.073,0.0,-0.9250245035569946
35.01689910888672,5.5489999999999995,0.4609999999999994,0.8001900000000001,0.0455,0.0,-1.0053096491487339
35.118720054626465,5.55,0.46500000000000075,0.7053300000000001,0.043,0.0,-0.9389871375729493
35.21709489822388,5.552,0.4709999999999992,0.6288300000000001,0.07,0.0,-0.767944870877505
35.31866908073425,5.5569999999999995,0.47999999999999954,0.5691600000000002,0.104,0.0,-0.6108652381980153
35.41708731651306,5.561999999999999,0.49100000000000055,0.52785,0.13,0.0,-0.40142572795869574
35.51904511451721,5.569999999999999,0.5049999999999999,0.5033700000000002,0.163,0.0,-0.24783675378319478
35.61731147766113,5.58,0.5209999999999999,0.4972500000000003,0.1905,0.0,-0.06632251157578452
35.719011306762695,5.590999999999999,0.5390000000000006,0.4987800000000001,0.22,0.0,0.017453292519943295
35.817758083343506,5.603999999999999,0.560999999999999,0.4972500000000003,0.252,0.0,-0.013962634015954637
35.91935420036316,5.617,0.5829999999999993,0.5033700000000002,0.2545,0.0,0.06283185307179587
36.01751685142517,5.629,0.6030000000000006,0.5247899999999998,0.223,0.0,0.20943951023931953
36.11939358711243,5.638,0.6200000000000001,0.5661000000000002,0.193,0.0,0.4153883619746504
36.217374086380005,5.645,0.6360000000000001,0.6227100000000002,0.171,0.0,0.5654866776461627
36.31914496421814,5.6499999999999995,0.649,0.6976799999999995,0.1345,0.0,0.7504915783575616
36.41769218444824,5.653,0.6589999999999998,0.7879499999999998,0.106,0.0,0.9110618695410401
36.519352436065674,5.654999999999999,0.6670000000000007,0.8889299999999999,0.075,0.0,1.0088003076527225
36.6182336807251,5.656,0.6740000000000004,0.9837899999999992,0.0725,0.0,0.9424777960769379
36.719090700149536,5.656,0.6830000000000007,1.0618199999999995,0.1,0.0,0.7923794804054255
36.81756925582886,5.654999999999999,0.6960000000000006,1.12302,0.1345,0.0,0.6003932626860493
36.91947078704834,5.653,0.7109999999999994,1.1643299999999996,0.158,0.0,0.4223696789826278
37.01775622367859,5.6499999999999995,0.7299999999999995,1.1903400000000004,0.194,0.0,0.25132741228718347
37.11918926239014,5.646999999999999,0.7519999999999998,1.1979900000000003,0.22,0.0,0.07679448708775051
37.21769833564758,5.643,0.7760000000000007,1.1964599999999992,0.2495,0.0,-0.013962634015954637
37.31936502456665,5.638,0.8029999999999999,1.1964599999999992,0.2825,0.0,0.006981317007977318
37.417858362197876,5.6339999999999995,0.8319999999999999,1.1918699999999998,0.284,0.0,-0.048869219055841226
37.519434690475464,5.63,0.8579999999999997,1.17198,0.2565,0.0,-0.20245819323134223
37.617854833602905,5.627,0.8799999999999999,1.1291399999999996,0.2225,0.0,-0.41887902047863906
37.71958589553833,5.6259999999999994,0.8999999999999995,1.0740599999999998,0.197,0.0,-0.5515240436302081
37.817952394485474,5.6259999999999994,0.9170000000000007,1.0006199999999996,0.1625,0.0,-0.7330382858376184
37.919583797454834,5.627,0.931,0.9103499999999999,0.137,0.0,-0.9180431865490173
38.018007040023804,5.629,0.9430000000000005,0.8154899999999995,0.132,0.0,-0.9424777960769379
38.11960315704346,5.633,0.9579999999999993,0.7343999999999996,0.1605,0.0,-0.8063421144213803
38.218119382858276,5.638999999999999,0.976,0.6747299999999997,0.1935,0.0,-0.5969026041820608
38.319740295410156,5.646999999999999,0.9959999999999996,0.6334199999999998,0.2205,0.0,-0.4153883619746504
38.4182026386261,5.657,1.0189999999999992,0.6089399999999997,0.2515,0.0,-0.25132741228718347
38.51978135108948,5.669,1.0439999999999996,0.6012899999999993,0.2795,0.0,-0.06981317007977318
38.618391036987305,5.6819999999999995,1.072,0.6028199999999996,0.309,0.0,0.010471975511965976
38.71984672546387,5.696,1.1019999999999994,0.6012899999999993,0.3395,0.0,-0.006981317007977318
38.81838893890381,5.710999999999999,1.1350000000000007,0.6028199999999996,0.3695,0.0,0.006981317007977318
38.920153856277466,5.728,1.1710000000000003,0.6012899999999993,0.4005,0.0,0.0
39.01869773864746,5.744999999999999,1.2090000000000005,0.6058799999999996,0.403,0.0,0.041887902047863905
39.120179176330566,5.760999999999999,1.2429999999999994,0.6257699999999996,0.375,0.0,0.1954768762233649
39.218761682510376,5.773,1.2749999999999995,0.66861,0.339,0.0,0.41887902047863906
39.320247650146484,5.784,1.3050000000000006,0.7236899999999996,0.3125,0.0,0.5619960191421741
39.41873550415039,5.792,1.3329999999999993,0.7971299999999996,0.288,0.0,0.7330382858376184
39.520366191864014,5.797,1.3579999999999997,0.8904599999999995,0.2515,0.0,0.921533845053006
39.6194703578949,5.7989999999999995,1.38,0.9868500000000003,0.221,0.0,0.9773843811168246
39.7203574180603,5.7989999999999995,1.4010000000000007,1.06488,0.1975,0.0,0.7819075048934596
39.81918168067932,5.798,1.4189999999999996,1.12302,0.188,0.0,0.5759586531581288
39.92047667503357,5.795999999999999,1.4400000000000004,1.16433,0.2205,0.0,0.41887902047863906
40.01892280578613,5.792,1.4650000000000007,1.1903399999999995,0.253,0.0,0.25132741228718347
40.120492935180664,5.787999999999999,1.492,1.1979900000000003,0.2795,0.0,0.08726646259971647
40.219239473342896,5.7829999999999995,1.5219999999999994,1.1949299999999994,0.3075,0.0,-0.031415926535897934
40.32063579559326,5.778,1.5539999999999994,1.1918700000000002,0.3155,0.0,-0.027925268031909273
40.41908097267151,5.773,1.5829999999999993,1.1704499999999998,0.284,0.0,-0.2199114857512855
40.520817041397095,5.77,1.6079999999999997,1.1276099999999993,0.252,0.0,-0.41887902047863906
40.619234561920166,5.769,1.6320000000000006,1.0786499999999988,0.2485,0.0,-0.49567350756638956
40.72068953514099,5.768,1.6599999999999993,1.0480499999999995,0.283,0.0,-0.31066860685499065
40.81922769546509,5.768,1.6909999999999998,1.0358099999999992,0.308,0.0,-0.12217304763960307
40.920790910720825,5.768,1.7239999999999993,1.0358099999999992,0.34,0.0,0.0
41.019283294677734,5.768,1.7610000000000001,1.0358099999999992,0.3695,0.0,0.0
41.12120509147644,5.768,1.8009999999999993,1.0358099999999992,0.3995,0.0,0.0
41.21947121620178,5.768,1.8440000000000003,1.0358099999999992,0.43,0.0,0.0
41.3210129737854,5.768,1.8890000000000002,1.034279999999999,0.4595,0.0,0.0
41.41965317726135,5.768,1.9379999999999997,1.034279999999999,0.4875,0.0,0.0
41.521225690841675,5.768,1.9880000000000004,1.034279999999999,0.502,0.0,0.0
41.61980628967285,5.768,2.0379999999999994,1.034279999999999,0.4985,0.0,0.0
41.72123599052429,5.768,2.088,1.034279999999999,0.498,0.0,0.0
41.81977462768555,5.768,2.137999999999999,1.0358099999999992,0.4995,0.0,0.003490658503988659
41.92128229141235,5.768,2.1879999999999997,1.0358099999999992,0.4985,0.0,0.0
42.01987075805664,5.768,2.2380000000000004,1.034279999999999,0.5005,0.0,-0.006981317007977318
42.12142729759216,5.768,2.2879999999999994,1.0358099999999992,0.5,0.0,0.006981317007977318
42.21987795829773,5.7669999999999995,2.338,1.0358099999999992,0.498,0.0,0.0
42.321725368499756,5.7669999999999995,2.387999999999999,1.034279999999999,0.5,0.0,-0.003490658503988659
42.41988015174866,5.7669999999999995,2.4379999999999997,1.0358099999999992,0.4975,0.0,0.0
42.521546363830566,5.7669999999999995,2.4880000000000004,1.0358099999999992,0.503,0.0,0.0
42.61998629570007,5.7669999999999995,2.5379999999999994,1.034279999999999,0.4995,0.0,-0.006981317007977318
42.72174286842346,5.7669999999999995,2.588,1.034279999999999,0.4975,0.0,0.003490658503988659
42.82017230987549,5.7669999999999995,2.637999999999999,1.0358099999999992,0.498,0.0,0.003490658503988659
42.921786069869995,5.7669999999999995,2.6870000000000003,1.034279999999999,0.498,0.0,-0.003490658503988659
43.020336866378784,5.7669999999999995,2.7380000000000004,1.0358099999999992,0.501,0.0,0.0
43.12202024459839,5.7669999999999995,2.7879999999999994,1.0358099999999992,0.5,0.0,0.0
43.220412492752075,5.7669999999999995,2.8370000000000006,1.034279999999999,0.498,0.0,-0.003490658503988659
43.32219457626343,5.7669999999999995,2.8869999999999996,1.0358099999999992,0.498,0.0,0.003490658503988659
43.42031788825989,5.7669999999999995,2.9370000000000003,1.0358099999999992,0.4995,0.0,0.0
43.52188014984131,5.7669999999999995,2.986999999999999,1.034279999999999,0.502,0.0,-0.003490658503988659
43.62038850784302,5.7669999999999995,3.037,1.034279999999999,0.497,0.0,-0.003490658503988659
43.72205114364624,5.7669999999999995,3.0870000000000006,1.0358099999999992,0.501,0.0,0.003490658503988659
43.820629835128784,5.7669999999999995,3.1369999999999996,1.0358099999999992,0.497,0.0,0.0
43.922252893447876,5.7669999999999995,3.1870000000000003,1.0358099999999992,0.5015,0.0,0.0
44.02060794830322,5.7669999999999995,3.236999999999999,1.0358099999999992,0.501,0.0,0.0
44.122143268585205,5.7669999999999995,3.287,1.034279999999999,0.499,0.0,0.0
44.22068738937378,5.7669999999999995,3.3370000000000006,1.034279999999999,0.498,0.0,0.0
44.322266817092896,5.7669999999999995,3.3869999999999996,1.0358099999999992,0.497,0.0,0.006981317007977318
44.42085599899292,5.7669999999999995,3.4370000000000003,1.0358099999999992,0.5005,0.0,-0.003490658503988659
44.52238702774048,5.7669999999999995,3.486999999999999,1.0358099999999992,0.5015,0.0,0.0
44.62093496322632,5.766,3.537,1.0358099999999992,0.499,0.0,0.0
44.72238516807556,5.766,3.5870000000000006,1.0358099999999992,0.499,0.0,0.0
44.821101665496826,5.766,3.6369999999999996,1.034279999999999,0.497,0.0,0.0
44.92257642745972,5.766,3.6870000000000003,1.0358099999999992,0.501,0.0,0.003490658503988659
45.02132797241211,5.766,3.736999999999999,1.0358099999999992,0.4985,0.0,0.0
45.12263250350952,5.766,3.787,1.034279999999999,0.4995,0.0,-0.006981317007977318
45.2213671207428,5.766,3.8370000000000006,1.0358099999999992,0.497,0.0,0.006981317007977318
45.32285165786743,5.766,3.8869999999999996,1.0358099999999992,0.4985,0.0,0.003490658503988659
45.42130446434021,5.766,3.9370000000000003,1.0358099999999992,0.501,0.0,-0.003490658503988659
45.522825956344604,5.766,3.986999999999999,1.0358099999999992,0.5,0.0,0.0
45.62127065658569,5.766,4.037,1.034279999999999,0.4985,0.0,-0.003490658503988659
45.722898721694946,5.766,4.087000000000001,1.034279999999999,0.4975,0.0,0.0
45.82142972946167,5.766,4.137,1.0358099999999992,0.4985,0.0,0.003490658503988659
45.92291712760925,5.766,4.187,1.0358099999999992,0.4995,0.0,0.0
46.021467447280884,5.766,4.236999999999999,1.034279999999999,0.5,0.0,0.0
46.12343168258667,5.766,4.287,1.034279999999999,0.4995,0.0,0.0
46.221625328063965,5.766,4.337000000000001,1.034279999999999,0.497,0.0,0.0
46.323142766952515,5.766,4.387,1.034279999999999,0.499,0.0,0.0
46.42176389694214,5.766,4.437,1.0358099999999992,0.4985,0.0,0.0
46.523207902908325,5.766,4.486999999999999,1.0358099999999992,0.5005,0.0,0.0
46.621695041656494,5.766,4.5360000000000005,1.034279999999999,0.4995,0.0,-0.003490658503988659
46.72327971458435,5.766,4.585999999999999,1.034279999999999,0.498,0.0,0.0
46.82183122634888,5.765,4.636,1.0358099999999992,0.4985,0.0,0.0
46.92342948913574,5.765,4.685999999999999,1.0358099999999992,0.499,0.0,0.0
47.02187705039978,5.765,4.736,1.0358099999999992,0.501,0.0,-0.003490658503988659
47.1235933303833,5.765,4.7860000000000005,1.034279999999999,0.4985,0.0,0.0
47.22211837768555,5.765,4.835999999999999,1.0358099999999992,0.499,0.0,0.0
47.32370948791504,5.765,4.886,1.034279999999999,0.4995,0.0,0.0
47.422017097473145,5.765,4.935999999999999,1.0358099999999992,0.4995,0.0,0.003490658503988659
47.52362895011902,5.765,4.986,1.034279999999999,0.5005,0.0,-0.003490658503988659
47.62212300300598,5.765,5.0360000000000005,1.034279999999999,0.499,0.0,0.0
47.72395896911621,5.765,5.085999999999999,1.034279999999999,0.498,0.0,0.0
47.822328329086304,5.765,5.136,1.0358099999999992,0.4975,0.0,0.003490658503988659
47.92411422729492,5.765,5.185999999999999,1.0358099999999992,0.4995,0.0,0.0
48.022329568862915,5.765,5.236,1.034279999999999,0.498,0.0,0.0
48.124348163604736,5.765,5.2860000000000005,1.0358099999999992,0.5,0.0,0.0
48.22240495681763,5.765,5.335999999999999,1.034279999999999,0.5,0.0,-0.003490658503988659
48.32423663139343,5.765,5.386,1.0358099999999992,0.4985,0.0,0.0
48.42253136634827,5.765,5.435999999999999,1.0358099999999992,0.4985,0.0,0.0
48.524269580841064,5.765,5.486,1.0358099999999992,0.501,0.0,0.0
48.62252926826477,5.765,5.5360000000000005,1.034279999999999,0.499,0.0,0.0
48.724173069000244,5.765,5.585999999999999,1.034279999999999,0.499,0.0,0.0
48.82254099845886,5.765,5.636,1.0358099999999992,0.4985,0.0,0.003490658503988659
48.924224853515625,5.765,5.685999999999999,1.0358099999999992,0.498,0.0,0.0
49.02272891998291,5.765,5.736,1.0358099999999992,0.5005,0.0,0.0
49.12428092956543,5.763999999999999,5.7860000000000005,1.0358099999999992,0.5005,0.0,0.0
49.22298288345337,5.763999999999999,5.835,1.0312199999999994,0.486,0.0,-0.041887902047863905
49.324488401412964,5.765,5.880999999999999,1.0113299999999996,0.4585,0.0,-0.1954768762233649
49.422914266586304,5.7669999999999995,5.924,0.9684899999999993,0.4195,0.0,-0.4223696789826278
49.524489402770996,5.77,5.965000000000001,0.9210599999999992,0.4195,0.0,-0.47822021504644624
49.62299084663391,5.776,6.010000000000001,0.8935199999999986,0.454,0.0,-0.27576202181510406
49.72457146644592,5.7829999999999995,6.058000000000001,0.8828099999999993,0.4865,0.0,-0.10471975511965977
49.82302403450012,5.7909999999999995,6.107,0.8843399999999989,0.501,0.0,0.017453292519943295
49.9246940612793,5.798,6.156,0.8843399999999989,0.497,0.0,-0.006981317007977318
50.02315378189087,5.805999999999999,6.204999999999999,0.8843399999999989,0.4985,0.0,0.0
50.124738931655884,5.813,6.255,0.8843399999999989,0.502,0.0,0.0
50.223204374313354,5.819999999999999,6.303999999999999,0.8843399999999989,0.4975,0.0,0.0
50.3248507976532,5.827999999999999,6.354,0.8843399999999989,0.497,0.0,0.003490658503988659
50.42341446876526,5.835,6.403,0.8843399999999989,0.4995,0.0,0.0
50.52500081062317,5.843,6.451999999999999,0.8843399999999989,0.497,0.0,-0.003490658503988659
50.623456954956055,5.85,6.502,0.8843399999999989,0.5085,0.0,0.003490658503988659
50.725072145462036,5.858,6.550999999999999,0.8812799999999984,0.503,0.0,-0.020943951023931952
50.82345485687256,5.864999999999999,6.6000000000000005,0.8828099999999987,0.495,0.0,0.010471975511965976
50.92506456375122,5.872999999999999,6.649,0.8843399999999985,0.494,0.0,0.013962634015954637
51.02356576919556,5.88,6.699000000000001,0.8843399999999985,0.503,0.0,-0.006981317007977318
51.12533092498779,5.888,6.749,0.8828099999999987,0.5005,0.0,-0.003490658503988659
51.22362494468689,5.895,6.797999999999999,0.8843399999999985,0.4995,0.0,0.003490658503988659
51.325225830078125,5.903,6.847,0.8858699999999985,0.498,0.0,0.013962634015954637
51.42362093925476,5.909999999999999,6.896,0.8858699999999985,0.496,0.0,0.003490658503988659
51.525248527526855,5.917999999999999,6.946000000000001,0.8843399999999985,0.5025,0.0,-0.017453292519943295
51.62379217147827,5.925,6.995,0.8843399999999985,0.498,0.0,0.003490658503988659
51.72533893585205,5.9319999999999995,7.044,0.8843399999999985,0.4965,0.0,-0.003490658503988659
51.82408332824707,5.9399999999999995,7.094,0.8843399999999985,0.5,0.0,0.003490658503988659
51.92561626434326,5.946999999999999,7.143,0.8843399999999985,0.4965,0.0,0.0
52.024200677871704,5.955,7.1930000000000005,0.8843399999999985,0.5005,0.0,0.0
52.12568163871765,5.962,7.242,0.8843399999999985,0.499,0.0,0.0
52.22411274909973,5.97,7.2909999999999995,0.8843399999999985,0.5005,0.0,0.0
52.32574439048767,5.976999999999999,7.341,0.8843399999999985,0.498,0.0,0.0
52.42421364784241,5.984,7.39,0.8843399999999985,0.4975,0.0,0.0
52.52573037147522,5.991999999999999,7.438999999999999,0.8843399999999985,0.5,0.0,0.0
52.62439727783203,5.999,7.489,0.8843399999999985,0.501,0.0,0.0
52.72589063644409,6.007,7.537999999999999,0.8843399999999985,0.5,0.0,0.0
52.82444763183594,6.013999999999999,7.587000000000001,0.8843399999999985,0.498,0.0,0.003490658503988659
52.926297664642334,6.021999999999999,7.637,0.8843399999999985,0.499,0.0,-0.003490658503988659
53.0244460105896,6.029,7.685999999999999,0.8843399999999985,0.497,0.0,0.0
53.126182079315186,6.037,7.736,0.8843399999999985,0.502,0.0,0.0
53.22449970245361,6.044,7.784999999999999,0.8843399999999985,0.4995,0.0,0.0
53.326112270355225,6.052,7.8340000000000005,0.8843399999999985,0.4995,0.0,0.0
53.42470192909241,6.058999999999999,7.8839999999999995,0.8843399999999985,0.499,0.0,0.003490658503988659
53.526625633239746,6.066,7.933000000000001,0.8843399999999985,0.499,0.0,-0.003490658503988659
53.624674558639526,6.074,7.982,0.8843399999999985,0.499,0.0,0.0
53.72623825073242,6.0809999999999995,8.032,0.8843399999999985,0.4995,0.0,0.0
53.82466769218445,6.0889999999999995,8.081,0.8843399999999985,0.5,0.0,0.0
53.926334857940674,6.096,8.129999999999999,0.8843399999999985,0.498,0.0,0.0
54.02481150627136,6.103999999999999,8.18,0.8843399999999985,0.4995,0.0,0.0
54.12635374069214,6.111,8.229,0.8843399999999985,0.499,0.0,-0.003490658503988659
54.225157022476196,6.119,8.277999999999999,0.8843399999999985,0.5015,0.0,0.0
54.32663941383362,6.1259999999999994,8.328,0.8843399999999985,0.5,0.0,0.0
54.42518138885498,6.132999999999999,8.376999999999999,0.8843399999999985,0.4975,0.0,0.003490658503988659
54.52659058570862,6.141,8.425999999999998,0.8843399999999985,0.4995,0.0,-0.006981317007977318
54.62529993057251,6.148,8.475999999999999,0.8843399999999985,0.4995,0.0,0.006981317007977318
54.727041482925415,6.156,8.524999999999999,0.8843399999999985,0.5015,0.0,-0.006981317007977318
54.82539176940918,6.162999999999999,8.575,0.8843399999999985,0.5015,0.0,0.003490658503988659
54.92672061920166,6.170999999999999,8.623999999999999,0.8843399999999985,0.497,0.0,0.0
55.025654792785645,6.178,8.672999999999998,0.8843399999999985,0.498,0.0,0.0
55.127132415771484,6.186,8.722999999999999,0.8843399999999985,0.4995,0.0,0.0
55.22568392753601,6.193,8.771999999999998,0.8843399999999985,0.5,0.0,0.0
55.32700514793396,6.199999999999999,8.820999999999998,0.8843399999999985,0.4995,0.0,0.0
55.425371170043945,6.208,8.870999999999999,0.8843399999999985,0.5,0.0,0.0
55.527015686035156,6.215,8.919999999999998,0.8843399999999985,0.4975,0.0,-0.003490658503988659
55.62542653083801,6.223,8.968999999999998,0.8843399999999985,0.5,0.0,0.003490658503988659
55.727293729782104,6.2299999999999995,9.018999999999998,0.8828099999999987,0.502,0.0,-0.006981317007977318
55.82570242881775,6.2379999999999995,9.067999999999998,0.8843399999999985,0.4985,0.0,0.006981317007977318
55.92714500427246,6.244999999999999,9.116999999999997,0.8843399999999985,0.499,0.0,0.0
56.0257363319397,6.253,9.166999999999998,0.8843399999999985,0.498,0.0,0.0
56.12723112106323,6.26,9.215999999999998,0.8843399999999985,0.5,0.0,0.0
56.2257239818573,6.268,9.265,0.8843399999999985,0.501,0.0,0.0
56.32726430892944,6.2749999999999995,9.314999999999998,0.8843399999999985,0.499,0.0,0.003490658503988659
56.42580699920654,6.282,9.364,0.8843399999999985,0.4985,0.0,0.0
56.52737259864807,6.289999999999999,9.413,0.8843399999999985,0.496,0.0,0.0
56.62592816352844,6.297,9.462999999999997,0.8843399999999985,0.5015,0.0,0.0
56.72749972343445,6.305,9.512,0.8843399999999985,0.5005,0.0,-0.003490658503988659
56.8261981010437,6.311999999999999,9.561999999999998,0.8843399999999985,0.4995,0.0,0.003490658503988659
56.927579402923584,6.319999999999999,9.611,0.8843399999999985,0.4965,0.0,-0.003490658503988659
57.02620029449463,6.327,9.66,0.8843399999999985,0.499,0.0,0.003490658503988659
57.12767243385315,6.334999999999999,9.709999999999997,0.8843399999999985,0.499,0.0,-0.003490658503988659
57.22616720199585,6.342,9.759,0.8843399999999985,0.5,0.0,0.003490658503988659
57.32793426513672,6.348999999999999,9.808,0.8843399999999985,0.5015,0.0,-0.003490658503988659
57.42619824409485,6.356999999999999,9.857,0.8843399999999985,0.496,0.0,0.003490658503988659
57.527902603149414,6.364,9.907,0.8843399999999985,0.4995,0.0,0.0
57.626246213912964,6.372,9.956,0.8843399999999985,0.501,0.0,-0.003490658503988659
57.72791528701782,6.379,10.006,0.8843399999999985,0.4985,0.0,0.0
57.82664942741394,6.387,10.055,0.8843399999999985,0.5005,0.0,0.0
57.92860245704651,6.394,10.104,0.8843399999999985,0.4975,0.0,0.0
58.026477098464966,6.401,10.152999999999999,0.8873999999999987,0.487,0.0,0.038397243543875255
58.12814497947693,6.4079999999999995,10.198999999999998,0.9072899999999989,0.4595,0.0,0.1954768762233649
58.22676491737366,6.412,10.241,0.9516599999999987,0.423,0.0,0.4328416544945937
58.32820749282837,6.414,10.280999999999999,1.0067399999999989,0.399,0.0,0.5585053606381855
58.42664098739624,6.414,10.317999999999998,1.080179999999999,0.367,0.0,0.7295476273336298
58.528235912323,6.411,10.352,1.173509999999999,0.334,0.0,0.9424777960769379
58.62668204307556,6.404999999999999,10.384,1.2698999999999994,0.329,0.0,0.9599310885968813
58.728294134140015,6.395,10.419,1.3463999999999987,0.365,0.0,0.767944870877505
58.82676315307617,6.382,10.456,1.4060699999999988,0.396,0.0,0.5969026041820608
58.92844772338867,6.366,10.494,1.4473799999999986,0.4215,0.0,0.4223696789826278
59.026846170425415,6.3469999999999995,10.535,1.471859999999999,0.451,0.0,0.23736477827122882
59.12855887413025,6.327,10.579,1.4810399999999988,0.4845,0.0,0.08726646259971647
59.22700810432434,6.305,10.623999999999999,1.479509999999999,0.5005,0.0,-0.017453292519943295
59.32888102531433,6.284,10.668,1.4733899999999993,0.485,0.0,-0.05585053606381855
59.42723560333252,6.265,10.709999999999997,1.4519699999999998,0.4585,0.0,-0.2059488517353309
59.52871489524841,6.247,10.750999999999998,1.4198399999999989,0.4455,0.0,-0.32812189937493397
59.62727761268616,6.2299999999999995,10.794999999999998,1.407599999999999,0.4815,0.0,-0.1117010721276371
59.72883343696594,6.210999999999999,10.841999999999999,1.4091299999999993,0.502,0.0,0.013962634015954637
59.82755160331726,6.193,10.889,1.4106599999999982,0.5035,0.0,0.013962634015954637
59.92917346954346,6.175,10.934999999999999,1.4091299999999993,0.4975,0.0,-0.013962634015954637
60.02738332748413,6.157,10.980999999999998,1.4091299999999993,0.495,0.0,-0.006981317007977318
60.12893843650818,6.138,11.026999999999997,1.4045399999999986,0.4875,0.0,-0.038397243543875255
60.22734785079956,6.122,11.07,1.3831199999999995,0.4545,0.0,-0.2199114857512855
60.32895755767822,6.108,11.111,1.3402799999999995,0.426,0.0,-0.41887902047863906
60.42743372917175,6.0969999999999995,11.148999999999997,1.2836699999999994,0.397,0.0,-0.5794493116621174
60.52904987335205,6.0889999999999995,11.186,1.2102299999999997,0.369,0.0,-0.7330382858376184
60.62774181365967,6.084999999999999,11.218999999999998,1.116899999999999,0.333,0.0,-0.9389871375729493
60.72940468788147,6.084,11.25,1.015919999999999,0.306,0.0,-1.0088003076527225
60.82762551307678,6.085999999999999,11.279999999999998,0.9195299999999987,0.3015,0.0,-0.9634217471008699
60.9297456741333,6.090999999999999,11.311999999999998,0.844559999999999,0.332,0.0,-0.7539822368615503
61.02769064903259,6.098999999999999,11.347999999999999,0.7848899999999986,0.3645,0.0,-0.6003932626860493
61.129292488098145,6.109,11.384,0.7420499999999982,0.3675,0.0,-0.4223696789826278
61.22780966758728,6.119,11.416999999999998,0.7160399999999986,0.338,0.0,-0.26529004630313807
61.32941269874573,6.129,11.445,0.7099199999999984,0.3025,0.0,-0.05585053606381855
61.4278359413147,6.138,11.472999999999999,0.7175699999999986,0.2835,0.0,0.07679448708775051
61.53034424781799,6.146,11.495999999999999,0.7451099999999985,0.245,0.0,0.2687807048071268
61.62792372703552,6.151,11.518,0.7894799999999985,0.217,0.0,0.45029494701453704
61.729639291763306,6.156,11.536999999999999,0.8491499999999991,0.1905,0.0,0.5934119456780721
61.82805919647217,6.1579999999999995,11.552999999999997,0.9271799999999989,0.1555,0.0,0.7888888219014369
61.92990970611572,6.159,11.567,1.012859999999999,0.155,0.0,0.8587019919812102
62.028382778167725,6.159,11.584999999999997,1.0832399999999982,0.1845,0.0,0.6911503837897546
62.12980031967163,6.157,11.607,1.1321999999999988,0.2175,0.0,0.4886921905584123
62.22841143608093,6.154,11.631,1.1643299999999983,0.244,0.0,0.3316125578789226
62.33020544052124,6.151,11.657,1.179629999999999,0.2755,0.0,0.1466076571675237
62.42838406562805,6.146,11.686999999999998,1.179629999999999,0.3045,0.0,0.003490658503988659
62.53030514717102,6.141,11.719999999999999,1.179629999999999,0.332,0.0,0.0
62.62859392166138,6.135999999999999,11.756,1.179629999999999,0.365,0.0,0.0
62.730175256729126,6.130999999999999,11.794,1.179629999999999,0.391,0.0,0.0
62.82866811752319,6.124,11.835999999999999,1.179629999999999,0.4245,0.0,-0.003490658503988659
62.930089473724365,6.117999999999999,11.879999999999999,1.179629999999999,0.4535,0.0,0.0
63.028568983078,6.111,11.927999999999997,1.179629999999999,0.483,0.0,0.0
63.13029932975769,6.103999999999999,11.977,1.179629999999999,0.5005,0.0,0.0
63.22865676879883,6.0969999999999995,12.026999999999997,1.179629999999999,0.4985,0.0,0.006981317007977318
63.33034634590149,6.0889999999999995,12.076,1.179629999999999,0.496,0.0,0.0
63.42875790596008,6.082,12.125999999999998,1.179629999999999,0.504,0.0,0.0
63.53049683570862,6.074999999999999,12.175,1.179629999999999,0.499,0.0,0.0
63.62889266014099,6.068,12.224,1.179629999999999,0.4965,0.0,-0.003490658503988659
63.7305634021759,6.061,12.273999999999997,1.179629999999999,0.4985,0.0,0.0
63.82894849777222,6.053,12.322,1.1765699999999986,0.4855,0.0,-0.03490658503988659
63.930654764175415,6.047,12.367999999999999,1.1551499999999986,0.46,0.0,-0.20245819323134223
64.0289855003357,6.042999999999999,12.410999999999998,1.1138399999999988,0.4225,0.0,-0.4223696789826278
64.13067936897278,6.0409999999999995,12.451,1.0556999999999985,0.396,0.0,-0.57246799465414
64.22907328605652,6.0409999999999995,12.488,0.9837899999999987,0.3685,0.0,-0.7260569688296411
64.33122277259827,6.045,12.521999999999998,0.8919899999999988,0.3365,0.0,-0.9180431865490173
64.42950010299683,6.05,12.552,0.7910099999999988,0.3065,0.0,-1.0122909661567112
64.5312135219574,6.058999999999999,12.579999999999998,0.6961499999999988,0.302,0.0,-0.9494591130849153
64.6292872428894,6.071,12.611,0.6211799999999993,0.3335,0.0,-0.7574728953655391
64.7309513092041,6.087,12.643999999999998,0.561509999999999,0.3665,0.0,-0.5934119456780721
64.82937431335449,6.103999999999999,12.677,0.520199999999999,0.366,0.0,-0.40840704496667307
64.93098020553589,6.122,12.706,0.4941899999999989,0.3375,0.0,-0.25830872929516074
65.02943205833435,6.138,12.732,0.49112999999999885,0.303,0.0,-0.041887902047863905
65.1310601234436,6.151999999999999,12.756999999999998,0.498779999999999,0.2815,0.0,0.08377580409572781
65.22984504699707,6.164999999999999,12.779,0.5263199999999989,0.2465,0.0,0.2722713633111154
65.33151125907898,6.175,12.797999999999998,0.572219999999999,0.216,0.0,0.460766922526503
65.4297788143158,6.183,12.815999999999999,0.6334199999999991,0.1895,0.0,0.6108652381980153
65.53123736381531,6.189,12.831,0.7129799999999992,0.1565,0.0,0.8063421144213803
65.6297116279602,6.193,12.843999999999998,0.8078399999999982,0.1325,0.0,0.9389871375729493
65.73130893707275,6.194999999999999,12.854,0.9072899999999989,0.098,0.0,1.0018189906447452
65.82979607582092,6.194999999999999,12.861,1.0067399999999984,0.07,0.0,0.9878563566287906
65.93145513534546,6.194999999999999,12.866999999999997,1.1000699999999983,0.066,0.0,0.9354964790689607
66.0299117565155,6.194,12.875999999999998,1.1780999999999984,0.094,0.0,0.7853981633974483
66.13159966468811,6.192,12.887999999999998,1.237769999999999,0.1275,0.0,0.5934119456780721
66.22999000549316,6.189,12.902999999999999,1.2790799999999996,0.1545,0.0,0.40840704496667307
66.33165168762207,6.183999999999999,12.919999999999998,1.3035599999999983,0.1855,0.0,0.24783675378319478
66.43019771575928,6.178,12.940999999999999,1.3096799999999984,0.216,0.0,0.06283185307179587
66.53171062469482,6.172,12.963999999999999,1.3081499999999986,0.2425,0.0,-0.013962634015954637
66.63018202781677,6.164999999999999,12.988,1.3096799999999984,0.2505,0.0,0.006981317007977318
66.73185610771179,6.1579999999999995,13.012,1.3096799999999984,0.2475,0.0,0.010471975511965976
66.830570936203,6.151,13.036999999999999,1.3081499999999986,0.265,0.0,-0.017453292519943295
66.932382106781,6.143,13.065999999999999,1.3081499999999986,0.3095,0.0,0.0
67.03025841712952,6.1339999999999995,13.097999999999999,1.3081499999999986,0.334,0.0,-0.003490658503988659
67.1320333480835,6.124,13.133,1.3096799999999984,0.361,0.0,0.010471975511965976
67.23076820373535,6.114,13.169999999999998,1.3081499999999986,0.3965,0.0,0.0
67.33196353912354,6.101999999999999,13.210999999999999,1.3081499999999986,0.42,0.0,0.0
67.43050622940063,6.09,13.253999999999998,1.3081499999999986,0.4555,0.0,0.0
67.53204226493835,6.077,13.3,1.3081499999999986,0.482,0.0,0.0
67.63059854507446,6.064,13.347999999999999,1.3081499999999986,0.4995,0.0,0.0
67.73234343528748,6.05,13.395999999999997,1.3081499999999986,0.4975,0.0,-0.003490658503988659
67.83106541633606,6.037,13.443999999999999,1.3096799999999984,0.499,0.0,0.003490658503988659
67.9324836730957,6.023,13.492999999999999,1.3081499999999986,0.5025,0.0,-0.003490658503988659
68.03072214126587,6.0089999999999995,13.54,1.3096799999999984,0.4965,0.0,0.003490658503988659
68.13231706619263,5.9959999999999996,13.587999999999997,1.3081499999999986,0.501,0.0,-0.003490658503988659
68.23073649406433,5.981999999999999,13.637,1.3081499999999986,0.5,0.0,0.0
68.33323884010315,5.968999999999999,13.684999999999999,1.3081499999999986,0.4975,0.0,0.0
68.43094372749329,5.955,13.733,1.3081499999999986,0.5,0.0,0.0
68.53261828422546,5.941999999999999,13.780999999999999,1.3081499999999986,0.4995,0.0,0.0
68.6316237449646,5.928,13.829,1.3081499999999986,0.4985,0.0,0.0
68.73345470428467,5.914999999999999,13.876999999999999,1.3081499999999986,0.4975,0.0,0.0
68.8310272693634,5.901,13.925,1.3081499999999986,0.501,0.0,0.0
68.9326708316803,5.888,13.972999999999999,1.3081499999999986,0.499,0.0,0.0
69.0311348438263,5.874,14.020999999999997,1.3096799999999984,0.5,0.0,0.003490658503988659
69.13279128074646,5.861,14.068999999999999,1.3081499999999986,0.501,0.0,-0.003490658503988659
69.23116898536682,5.8469999999999995,14.116999999999997,1.3096799999999984,0.4965,0.0,0.0
69.33299803733826,5.834,14.165,1.3081499999999986,0.5005,0.0,-0.003490658503988659
69.43183970451355,5.819999999999999,14.212999999999997,1.3081499999999986,0.5015,0.0,0.0
69.53328251838684,5.8069999999999995,14.261,1.3081499999999986,0.4995,0.0,0.0
69.63146781921387,5.792999999999999,14.308999999999997,1.305089999999998,0.486,0.0,-0.041887902047863905
69.73306465148926,5.781,14.352999999999998,1.2851999999999992,0.4585,0.0,-0.1954768762233649
69.8315908908844,5.771999999999999,14.395,1.2423599999999988,0.4205,0.0,-0.4293509959906051
69.9331603050232,5.765,14.433999999999997,1.1842199999999985,0.395,0.0,-0.5689773361501514
70.03157091140747,5.76,14.471,1.1138399999999993,0.371,0.0,-0.715584993317675
70.13354468345642,5.7589999999999995,14.504999999999999,1.020509999999999,0.3355,0.0,-0.9285151620609834
70.23177075386047,5.760999999999999,14.535999999999998,0.9225899999999988,0.307,0.0,-0.9773843811168246
70.33339166641235,5.765,14.564,0.844559999999999,0.279,0.0,-0.7819075048934596
70.43181991577148,5.771,14.59,0.7879499999999989,0.2725,0.0,-0.5759586531581288
70.53343510627747,5.779,14.619,0.746639999999999,0.3025,0.0,-0.40840704496667307
70.6320104598999,5.789,14.651,0.7206299999999989,0.3365,0.0,-0.25830872929516074
70.7338342666626,5.8,14.684999999999999,0.7129799999999992,0.3625,0.0,-0.07679448708775051
70.8319399356842,5.811999999999999,14.721999999999998,0.7160399999999992,0.393,0.0,0.027925268031909273
70.93360114097595,5.826,14.762,0.7129799999999992,0.4235,0.0,-0.017453292519943295
71.03202533721924,5.84,14.803999999999998,0.7145099999999992,0.45,0.0,0.010471975511965976
71.13416242599487,5.8549999999999995,14.849999999999998,0.7145099999999992,0.4845,0.0,-0.003490658503988659
71.23220181465149,5.869999999999999,14.896999999999998,0.7190999999999989,0.4875,0.0,0.041887902047863905
71.333740234375,5.8839999999999995,14.940999999999999,0.738989999999999,0.4585,0.0,0.20245819323134223
71.43223786354065,5.896,14.982,0.7802999999999988,0.4205,0.0,0.4153883619746504
71.5338294506073,5.904999999999999,15.020999999999997,0.836909999999999,0.3955,0.0,0.5689773361501514
71.6324474811554,5.911,15.058,0.910349999999999,0.368,0.0,0.7225663103256524
71.73422932624817,5.914,15.090999999999998,1.002149999999999,0.3315,0.0,0.9285151620609834
71.83235931396484,5.912999999999999,15.122,1.1031299999999988,0.305,0.0,1.0157816246606999
71.93398547172546,5.909999999999999,15.149999999999999,1.2025799999999989,0.279,0.0,0.9878563566287906
72.03238606452942,5.904,15.175,1.2974399999999986,0.2505,0.0,0.9529497715889039
72.13408875465393,5.898,15.197,1.3739399999999988,0.238,0.0,0.7644542123735162
72.23254799842834,5.888,15.222999999999999,1.4305499999999998,0.275,0.0,0.5619960191421741
72.3343117237091,5.875,15.25,1.4733899999999993,0.303,0.0,0.4293509959906051
72.43266940116882,5.861,15.279999999999998,1.49634,0.332,0.0,0.2303834612632515
72.5344660282135,5.845,15.311999999999998,1.5024599999999997,0.365,0.0,0.06283185307179587
72.63278722763062,5.827,15.346999999999998,1.5024599999999997,0.3915,0.0,-0.003490658503988659
72.734304189682,5.808,15.384,1.5024599999999997,0.4225,0.0,0.003490658503988659
72.83302807807922,5.789,15.422999999999998,1.4978699999999994,0.429,0.0,-0.041887902047863905
72.93451738357544,5.771,15.459,1.4764499999999998,0.399,0.0,-0.2059488517353309
73.03319692611694,5.755999999999999,15.491999999999997,1.4366699999999994,0.3595,0.0,-0.40840704496667307
73.1348226070404,5.742999999999999,15.523999999999997,1.3785299999999991,0.3365,0.0,-0.57246799465414
73.2331166267395,5.734,15.553999999999998,1.3050899999999994,0.307,0.0,-0.7400196028455956
73.3345685005188,5.728,15.582,1.2148199999999996,0.2805,0.0,-0.9005898940290741
73.43337225914001,5.723999999999999,15.605999999999998,1.1138399999999993,0.2465,0.0,-1.0192722831646883
73.53514814376831,5.723999999999999,15.628,1.0128599999999994,0.217,0.0,-1.0018189906447452
73.63334846496582,5.725,15.648,0.9149399999999998,0.188,0.0,-0.9808750396208132
73.73520922660828,5.728,15.663999999999998,0.8170199999999993,0.161,0.0,-0.9913470151327791
73.83318209648132,5.731,15.677,0.7190999999999993,0.129,0.0,-0.9773843811168246
73.93494486808777,5.734999999999999,15.686,0.6211799999999995,0.0995,0.0,-0.9808750396208132
74.03328943252563,5.7379999999999995,15.692999999999998,0.5217299999999995,0.07,0.0,-0.9983283321407566
74.13492202758789,5.741,15.698,0.4268699999999993,0.0645,0.0,-0.9424777960769379
74.233393907547,5.747,15.704999999999998,0.3488399999999996,0.0955,0.0,-0.7819075048934596
74.33540439605713,5.755,15.713999999999999,0.2891699999999996,0.1275,0.0,-0.5969026041820608
74.4337522983551,5.765,15.724999999999998,0.24938999999999967,0.154,0.0,-0.40840704496667307
74.53641390800476,5.778,15.738,0.2249099999999996,0.1865,0.0,-0.24434609527920614
74.6340594291687,5.792999999999999,15.750999999999998,0.21725999999999945,0.1925,0.0,-0.06283185307179587
74.73514866828918,5.805,15.762999999999998,0.22643999999999942,0.1635,0.0,0.08028514559173915
74.83373236656189,5.814,15.771999999999998,0.25550999999999935,0.1275,0.0,0.29670597283903605
74.93614459037781,5.821999999999999,15.779999999999998,0.29681999999999953,0.1045,0.0,0.4153883619746504
75.03387832641602,5.827999999999999,15.786999999999999,0.35189999999999966,0.092,0.0,0.5515240436302081
75.1354169845581,5.835,15.796,0.3886199999999994,0.122,0.0,0.3665191429188092
75.23393082618713,5.843999999999999,15.808,0.40544999999999953,0.1595,0.0,0.16755160819145562
75.33577108383179,5.8549999999999995,15.823,0.40850999999999926,0.183,0.0,0.024434609527920613
75.43397092819214,5.867,15.84,0.40697999999999923,0.2155,0.0,-0.006981317007977318
75.53558897972107,5.880999999999999,15.86,0.40850999999999926,0.246,0.0,0.006981317007977318
75.63417291641235,5.896999999999999,15.881,0.40697999999999923,0.2745,0.0,-0.006981317007977318
75.73575758934021,5.914999999999999,15.905999999999999,0.40697999999999923,0.305,0.0,0.0
75.83439517021179,5.933999999999999,15.931999999999999,0.40697999999999923,0.3325,0.0,0.0
75.93592357635498,5.9559999999999995,15.962,0.40697999999999923,0.3655,0.0,0.0
76.03411531448364,5.978,15.992999999999999,0.40697999999999923,0.3905,0.0,0.0
76.1359543800354,6.003,16.026999999999997,0.40697999999999923,0.4245,0.0,0.0
76.2345802783966,6.029999999999999,16.063,0.40697999999999923,0.4515,0.0,0.0
76.33583974838257,6.058,16.102,0.40697999999999923,0.483,0.0,0.0
76.43499398231506,6.087,16.143,0.40850999999999926,0.499,0.0,0.0
76.53622460365295,6.116999999999999,16.183,0.40850999999999926,0.4975,0.0,0.0
76.63453507423401,6.146,16.224,0.40697999999999923,0.4995,0.0,-0.003490658503988659
76.73619818687439,6.175,16.264,0.40697999999999923,0.501,0.0,0.0
76.8344099521637,6.205,16.304,0.40697999999999923,0.497,0.0,0.0
76.93628406524658,6.234,16.345,0.40850999999999926,0.499,0.0,0.0
77.03474187850952,6.263,16.384999999999998,0.40697999999999923,0.4965,0.0,-0.003490658503988659
77.1367826461792,6.292999999999999,16.425,0.40697999999999923,0.498,0.0,0.0
77.23476719856262,6.321999999999999,16.465,0.41156999999999966,0.4885,0.0,0.04537856055185257
77.33622121810913,6.348,16.503,0.4314599999999992,0.456,0.0,0.1954768762233649
77.4348976612091,6.372,16.538999999999998,0.4742999999999994,0.422,0.0,0.4223696789826278
77.53646492958069,6.3919999999999995,16.573,0.5309099999999997,0.395,0.0,0.5654866776461627
77.63500261306763,6.409,16.605999999999998,0.6028199999999994,0.37,0.0,0.7295476273336298
77.73649597167969,6.422,16.637999999999998,0.6946199999999992,0.336,0.0,0.921533845053006
77.83515238761902,6.430999999999999,16.669,0.7925399999999992,0.3285,0.0,0.9808750396208132
77.93656277656555,6.438,16.704,0.8690399999999995,0.364,0.0,0.7644542123735162
78.0351209640503,6.443,16.743,0.9287099999999996,0.395,0.0,0.5969026041820608
78.13715171813965,6.446999999999999,16.785,0.9715499999999996,0.4205,0.0,0.41887902047863906
78.23513579368591,6.449,16.83,0.9960299999999996,0.453,0.0,0.24434609527920614
78.33700776100159,6.451,16.878,1.0021499999999994,0.482,0.0,0.07330382858376185
78.43533492088318,6.452,16.927999999999997,1.0021499999999994,0.5015,0.0,-0.010471975511965976
78.53690671920776,6.454,16.977999999999998,1.0021499999999994,0.4985,0.0,0.010471975511965976
78.63558840751648,6.455,17.026999999999997,1.0021499999999994,0.4975,0.0,-0.006981317007977318
78.73711943626404,6.457,17.076,0.9975599999999994,0.4885,0.0,-0.048869219055841226
78.83572912216187,6.459,17.122999999999998,0.9761399999999992,0.459,0.0,-0.20943951023931953
78.93716478347778,6.462,17.165,0.9332999999999997,0.4235,0.0,-0.42586033748661634
79.03585147857666,6.467,17.205,0.8751599999999994,0.3955,0.0,-0.57246799465414
79.13721656799316,6.475,17.241999999999997,0.8032499999999995,0.3685,0.0,-0.7330382858376184
79.23571276664734,6.484,17.273999999999997,0.7083899999999997,0.334,0.0,-0.9424777960769379
79.33741450309753,6.494999999999999,17.302999999999997,0.6089400000000001,0.3065,0.0,-1.0018189906447452
79.43671345710754,6.507999999999999,17.328,0.5079599999999999,0.276,0.0,-1.0018189906447452
79.53744959831238,6.521999999999999,17.349,0.41310000000000013,0.252,0.0,-0.9494591130849153
79.63645648956299,6.535,17.366999999999997,0.33812999999999993,0.2165,0.0,-0.7609635538695277
79.73742485046387,6.5489999999999995,17.381999999999998,0.27998999999999985,0.2125,0.0,-0.5794493116621174
79.8358461856842,6.566,17.398999999999997,0.2402099999999996,0.244,0.0,-0.39444441095071847
79.93738412857056,6.585999999999999,17.418,0.21572999999999987,0.275,0.0,-0.25132741228718347
80.03598976135254,6.608,17.438,0.2080799999999996,0.302,0.0,-0.06981317007977318
80.13743615150452,6.632,17.461,0.21113999999999977,0.33,0.0,0.031415926535897934
80.23591566085815,6.659,17.485,0.2080799999999996,0.3675,0.0,-0.020943951023931952
80.33750629425049,6.686999999999999,17.511,0.20960999999999974,0.3905,0.0,0.010471975511965976
80.43663716316223,6.717,17.538999999999998,0.21419999999999972,0.4015,0.0,0.03490658503988659
80.53808164596558,6.744,17.564999999999998,0.2340899999999998,0.3705,0.0,0.1989675347273536
80.63631415367126,6.768,17.587999999999997,0.2753999999999994,0.3345,0.0,0.41887902047863906
80.73779487609863,6.789,17.611,0.3320099999999999,0.307,0.0,0.57246799465414
80.83635878562927,6.805999999999999,17.633,0.4069799999999999,0.278,0.0,0.747000919853573
80.93799018859863,6.819999999999999,17.654999999999998,0.4972500000000003,0.2475,0.0,0.9005898940290741
81.03641748428345,6.8309999999999995,17.674,0.5982299999999997,0.2175,0.0,1.0192722831646883
81.13788723945618,6.837999999999999,17.692,0.6976799999999995,0.1895,0.0,0.9948376736367678
81.23627185821533,6.843,17.708,0.7971299999999996,0.165,0.0,0.9878563566287906
81.33788394927979,6.845,17.721,0.89199,0.128,0.0,0.9599310885968813
81.43629264831543,6.846,17.730999999999998,0.9929699999999996,0.0975,0.0,1.0088003076527225
81.53860354423523,6.846,17.738,1.0908899999999995,0.0695,0.0,0.9808750396208132
81.63651776313782,6.845,17.741999999999997,1.1903399999999995,0.0415,0.0,0.9913470151327791
81.73806047439575,6.845,17.744999999999997,1.2836700000000003,0.0335,0.0,0.9424777960769379
81.8365433216095,6.843,17.750999999999998,1.3616999999999995,0.065,0.0,0.778416846389471
81.938472032547,6.84,17.759999999999998,1.4213699999999991,0.098,0.0,0.5969026041820608
82.03704881668091,6.834999999999999,17.770999999999997,1.4626800000000002,0.1235,0.0,0.40840704496667307
82.13863277435303,6.829,17.784,1.4871599999999998,0.156,0.0,0.25132741228718347
82.23706340789795,6.819999999999999,17.801,1.4932799999999995,0.1855,0.0,0.059341194567807204
82.33861780166626,6.811,17.82,1.4917499999999997,0.214,0.0,-0.010471975511965976
82.43739604949951,6.8,17.842,1.4932799999999995,0.2465,0.0,0.006981317007977318
82.5389392375946,6.789,17.864,1.4871599999999998,0.247,0.0,-0.05585053606381855
82.6374261379242,6.779999999999999,17.884999999999998,1.4672699999999996,0.222,0.0,-0.20943951023931953
82.73900699615479,6.771999999999999,17.901999999999997,1.4244299999999996,0.1835,0.0,-0.4223696789826278
82.83718228340149,6.766,17.916999999999998,1.3662899999999998,0.1585,0.0,-0.5794493116621174
82.93884515762329,6.762,17.93,1.2943799999999999,0.135,0.0,-0.7295476273336298
83.03720450401306,6.76,17.939999999999998,1.2010499999999995,0.0975,0.0,-0.921533845053006
83.13902401924133,6.7589999999999995,17.947,1.1000699999999992,0.0705,0.0,-1.0122909661567112
83.23713612556458,6.7589999999999995,17.953,1.0067399999999997,0.065,0.0,-0.9389871375729493
83.33890748023987,6.76,17.962,0.9287099999999996,0.0945,0.0,-0.7819075048934596
83.43729972839355,6.760999999999999,17.974,0.8675099999999994,0.127,0.0,-0.6178465552059926
83.53933668136597,6.763999999999999,17.989,0.8261999999999997,0.1545,0.0,-0.40491638646268446
83.6374442577362,6.768,18.006999999999998,0.8001899999999996,0.1855,0.0,-0.26529004630313807
83.73927736282349,6.773,18.026,0.7940699999999995,0.19,0.0,-0.06632251157578452
83.83744549751282,6.776999999999999,18.041999999999998,0.8017199999999994,0.157,0.0,0.08028514559173915
83.93927669525146,6.779999999999999,18.054,0.8292599999999996,0.1285,0.0,0.27576202181510406
84.03783750534058,6.781,18.064999999999998,0.8705699999999995,0.105,0.0,0.4118977034706618
84.14005494117737,6.782,18.072,0.9317699999999994,0.069,0.0,0.6178465552059926
84.23771286010742,6.7829999999999995,18.076,1.0097999999999998,0.038,0.0,0.7714355293814937
84.33936381340027,6.7829999999999995,18.078,1.1046600000000004,0.0115,0.0,0.9634217471008699
84.43783497810364,6.7829999999999995,18.078,1.2056399999999998,-0.0015,0.0,1.0018189906447452
84.5394515991211,6.7829999999999995,18.076999999999998,1.3035599999999992,-0.0005,0.0,0.9843656981248019
84.6379542350769,6.7829999999999995,18.078,1.4030099999999996,0.0005,0.0,1.0018189906447452
84.73972368240356,6.7829999999999995,18.078,1.5024599999999997,-0.0005,0.0,0.9878563566287906
84.83829164505005,6.7829999999999995,18.078,1.6003799999999995,-0.0005,0.0,0.9913470151327791
84.93957185745239,6.7829999999999995,18.078,1.6952399999999992,0.0,0.0,0.9424777960769379
85.03787803649902,6.7829999999999995,18.076999999999998,1.771739999999999,-0.0015,0.0,0.7749261878854823
85.13971138000488,6.7829999999999995,18.078,1.8298799999999993,0.0035,0.0,0.5759586531581288
85.23818373680115,6.7829999999999995,18.076999999999998,1.8727199999999993,-0.0015,0.0,0.42586033748661634
85.33971643447876,6.7829999999999995,18.076999999999998,1.8971999999999989,0.0,0.0,0.23736477827122882
85.43837404251099,6.7829999999999995,18.076999999999998,1.9048499999999993,-0.002,0.0,0.07330382858376185
85.53976345062256,6.7829999999999995,18.076999999999998,1.8971999999999989,-0.0005,0.0,-0.06632251157578452
85.63826823234558,6.7829999999999995,18.078,1.8727199999999993,0.004,0.0,-0.25132741228718347
85.73997521400452,6.7829999999999995,18.076999999999998,1.825289999999999,-0.0025,0.0,-0.4642575810304917
85.83848452568054,6.7829999999999995,18.076999999999998,1.764089999999999,0.001,0.0,-0.6108652381980153
85.94001603126526,6.7829999999999995,18.078,1.6845299999999988,-0.0005,0.0,-0.8028514559173915
86.0385262966156,6.7829999999999995,18.076999999999998,1.5881399999999988,-0.001,0.0,-0.9634217471008699
86.14010286331177,6.7829999999999995,18.078,1.4886899999999987,0.0005,0.0,-0.9983283321407566
86.23880910873413,6.7829999999999995,18.076999999999998,1.3892399999999987,-0.001,0.0,-0.9913470151327791
86.34020042419434,6.782,18.078,1.2959099999999997,0.0135,0.0,-0.9459684545809266
86.43848705291748,6.782,18.082,1.2163499999999985,0.041,0.0,-0.7888888219014369
86.54042172431946,6.781,18.089,1.158209999999999,0.073,0.0,-0.5794493116621174
86.63875555992126,6.779999999999999,18.098,1.115369999999999,0.1,0.0,-0.42586033748661634
86.74052047729492,6.779,18.111,1.0924199999999988,0.1345,0.0,-0.23387411976724018
86.83901834487915,6.778,18.127,1.084769999999999,0.159,0.0,-0.07330382858376185
86.9405026435852,6.776999999999999,18.145999999999997,1.087829999999999,0.192,0.0,0.017453292519943295
87.03894352912903,6.776,18.166999999999998,1.0862999999999987,0.22,0.0,-0.013962634015954637
87.14063429832458,6.7749999999999995,18.192,1.0862999999999987,0.2515,0.0,0.010471975511965976
87.239013671875,6.773,18.22,1.0862999999999987,0.2795,0.0,-0.003490658503988659
87.34082007408142,6.771999999999999,18.25,1.0862999999999987,0.31,0.0,0.003490658503988659
87.43911838531494,6.77,18.284,1.0862999999999987,0.34,0.0,-0.003490658503988659
87.54073357582092,6.768,18.320999999999998,1.0862999999999987,0.3705,0.0,0.0
87.63932585716248,6.766,18.36,1.0862999999999987,0.3995,0.0,0.0
87.74062061309814,6.763999999999999,18.403,1.0862999999999987,0.429,0.0,0.0
87.83940744400024,6.762,18.448,1.0862999999999987,0.4585,0.0,-0.003490658503988659
87.94091272354126,6.7589999999999995,18.497,1.0862999999999987,0.487,0.0,0.003490658503988659
88.03933644294739,6.757,18.547,1.0862999999999987,0.5025,0.0,0.0
88.14079880714417,6.754,18.596999999999998,1.0862999999999987,0.499,0.0,0.0
88.23927617073059,6.7509999999999994,18.647,1.0862999999999987,0.498,0.0,0.0
88.34115982055664,6.749,18.697,1.0862999999999987,0.499,0.0,0.006981317007977318
88.4396607875824,6.7459999999999996,18.747,1.0862999999999987,0.4985,0.0,-0.006981317007977318
88.54115414619446,6.744,18.796,1.087829999999999,0.4985,0.0,0.010471975511965976
88.63961052894592,6.741,18.846,1.0862999999999987,0.5005,0.0,-0.003490658503988659
88.74103450775146,6.739,18.895999999999997,1.0862999999999987,0.5005,0.0,-0.003490658503988659
88.83964490890503,6.736,18.945999999999998,1.0862999999999987,0.4985,0.0,0.003490658503988659
88.94130969047546,6.734,18.996,1.0862999999999987,0.498,0.0,0.003490658503988659
89.03972125053406,6.731,19.046,1.0862999999999987,0.5,0.0,0.0
89.14136099815369,6.728,19.096,1.0862999999999987,0.4985,0.0,0.0
89.2397563457489,6.725999999999999,19.145999999999997,1.0862999999999987,0.499,0.0,0.0
89.34144949913025,6.723,19.195999999999998,1.0862999999999987,0.499,0.0,-0.003490658503988659
89.44046592712402,6.721,19.244999999999997,1.0862999999999987,0.499,0.0,0.006981317007977318
89.5415620803833,6.718,19.294999999999998,1.0862999999999987,0.498,0.0,0.0
89.63995957374573,6.715999999999999,19.345,1.0862999999999987,0.499,0.0,0.0
89.7415919303894,6.712999999999999,19.395,1.0862999999999987,0.499,0.0,0.0
89.8400661945343,6.709999999999999,19.445,1.0862999999999987,0.498,0.0,0.0
89.94163775444031,6.708,19.494999999999997,1.0862999999999987,0.4995,0.0,0.0
90.04011654853821,6.705,19.544999999999998,1.0862999999999987,0.4995,0.0,0.0
90.14180064201355,6.702999999999999,19.595,1.0862999999999987,0.5005,0.0,0.0
90.24016046524048,6.699999999999999,19.645,1.0862999999999987,0.5,0.0,-0.006981317007977318
90.34202694892883,6.6979999999999995,19.694,1.0862999999999987,0.4975,0.0,0.0
90.4403121471405,6.694999999999999,19.744,1.0908899999999995,0.4885,0.0,0.041887902047863905
90.54184532165527,6.692,19.79,1.1107799999999992,0.459,0.0,0.1954768762233649
90.64051389694214,6.688,19.832,1.152089999999999,0.4235,0.0,0.42586033748661634
90.74196553230286,6.6819999999999995,19.872,1.208699999999999,0.397,0.0,0.5619960191421741
90.84058570861816,6.675,19.907999999999998,1.2821399999999987,0.3665,0.0,0.7295476273336298
90.942138671875,6.664999999999999,19.941,1.3739399999999993,0.333,0.0,0.9285151620609834
91.04067015647888,6.653,19.968999999999998,1.4749199999999996,0.306,0.0,1.0053096491487339
91.14215993881226,6.638999999999999,19.996,1.5713099999999995,0.299,0.0,0.9669124056048585
91.24056339263916,6.6209999999999996,20.023,1.6447499999999993,0.331,0.0,0.7365289443416071
91.34221053123474,6.6,20.051,1.7044199999999998,0.342,0.0,0.5934119456780721
91.44073915481567,6.58,20.075,1.7472599999999994,0.307,0.0,0.4363323129985824
91.54231643676758,6.561999999999999,20.096,1.7686799999999998,0.2735,0.0,0.21293016874330817
91.6407322883606,6.545,20.114,1.7763299999999997,0.2475,0.0,0.06283185307179587
91.74230742454529,6.529999999999999,20.131,1.7686799999999998,0.219,0.0,-0.07330382858376185
91.84082865715027,6.5169999999999995,20.145,1.7380799999999996,0.183,0.0,-0.30019663134302466
91.94250321388245,6.507,20.157999999999998,1.6937099999999994,0.157,0.0,-0.439822971502571
92.04103374481201,6.497999999999999,20.169999999999998,1.6416899999999992,0.1555,0.0,-0.5201081170943103
92.1428472995758,6.4879999999999995,20.185,1.6049699999999993,0.183,0.0,-0.3700098014227978
92.2409987449646,6.476999999999999,20.203,1.5881399999999997,0.2185,0.0,-0.16755160819145562
92.34259676933289,6.4639999999999995,20.223,1.5850799999999992,0.2425,0.0,-0.020943951023931952
92.44113278388977,6.449999999999999,20.246,1.5866099999999994,0.2755,0.0,0.006981317007977318
92.54263997077942,6.433999999999999,20.272,1.5850799999999992,0.304,0.0,-0.006981317007977318
92.64124703407288,6.417,20.3,1.5866099999999994,0.3335,0.0,0.006981317007977318
92.74276065826416,6.398999999999999,20.329,1.5804899999999993,0.3395,0.0,-0.05235987755982988
92.84134149551392,6.382999999999999,20.355999999999998,1.5606,0.307,0.0,-0.20943951023931953
92.94302248954773,6.369,20.38,1.5162300000000002,0.2745,0.0,-0.4293509959906051
93.04157972335815,6.358,20.403,1.4611499999999986,0.2505,0.0,-0.5585053606381855
93.14304399490356,6.35,20.424,1.3846499999999984,0.2175,0.0,-0.7644542123735162
93.24155616760254,6.343,20.442999999999998,1.3004999999999982,0.209,0.0,-0.8412486994612668
93.34298968315125,6.337999999999999,20.467,1.2362399999999987,0.245,0.0,-0.6562437987498679
93.44158864021301,6.333,20.494,1.1872799999999986,0.278,0.0,-0.48171087355043496
93.5431740283966,6.329,20.523,1.1566799999999988,0.3025,0.0,-0.3036872898470133
93.64171934127808,6.324999999999999,20.555999999999997,1.1429099999999988,0.3345,0.0,-0.1361356816555577
93.74319458007812,6.321,20.592,1.144439999999999,0.364,0.0,0.003490658503988659
93.84178304672241,6.317,20.628999999999998,1.1474999999999986,0.369,0.0,0.038397243543875255
93.94329071044922,6.313,20.663,1.1673899999999988,0.338,0.0,0.20245819323134223
94.04215669631958,6.308,20.694,1.2102299999999997,0.305,0.0,0.41887902047863906
94.14362621307373,6.303,20.721,1.2668399999999989,0.277,0.0,0.5654866776461627
94.24179983139038,6.295999999999999,20.747,1.3310999999999993,0.276,0.0,0.6387905062299246
94.3436689376831,6.286,20.775,1.3800599999999985,0.3025,0.0,0.4991641660703783
94.44190621376038,6.273999999999999,20.807,1.4091299999999993,0.3365,0.0,0.28274333882308134
94.54354476928711,6.262,20.837999999999997,1.4213699999999987,0.337,0.0,0.12915436464758037
94.64191842079163,6.25,20.866999999999997,1.418309999999999,0.3055,0.0,-0.03490658503988659
94.74354887008667,6.239999999999999,20.893,1.393829999999999,0.273,0.0,-0.23387411976724018
94.84198546409607,6.231,20.916999999999998,1.3571099999999987,0.25,0.0,-0.37699111843077515
94.94364857673645,6.225,20.938,1.298969999999998,0.2155,0.0,-0.582939970166106
95.04215431213379,6.22,20.957,1.2239999999999993,0.1855,0.0,-0.7435102613495844
95.14374542236328,6.218,20.973,1.1352599999999988,0.162,0.0,-0.8970992355250854
95.24214792251587,6.217,20.988,1.0388699999999988,0.151,0.0,-0.9669124056048585
95.34368896484375,6.218,21.006,0.9593099999999987,0.1825,0.0,-0.7853981633974483
95.44226145744324,6.22,21.026999999999997,0.8996399999999983,0.2165,0.0,-0.603883921190038
95.5438277721405,6.223999999999999,21.051,0.8583299999999986,0.244,0.0,-0.4118977034706618
95.64250087738037,6.228999999999999,21.076999999999998,0.8338499999999985,0.2735,0.0,-0.25132741228718347
95.74410653114319,6.234999999999999,21.107,0.826199999999999,0.304,0.0,-0.07330382858376185
95.84308886528015,6.241999999999999,21.137999999999998,0.8307899999999987,0.311,0.0,0.05235987755982988
95.94432139396667,6.247,21.166,0.8522099999999987,0.279,0.0,0.20245819323134223
96.04282188415527,6.2509999999999994,21.189999999999998,0.893519999999998,0.243,0.0,0.4118977034706618
96.14417910575867,6.254,21.212,0.9501299999999985,0.2165,0.0,0.5654866776461627
96.24255871772766,6.254,21.230999999999998,1.0235699999999985,0.1925,0.0,0.7330382858376184
96.3441071510315,6.254,21.247999999999998,1.1138399999999984,0.157,0.0,0.9110618695410401
96.44266700744629,6.252,21.261,1.2132899999999984,0.13,0.0,1.0018189906447452
96.54428553581238,6.25,21.270999999999997,1.3127399999999985,0.098,0.0,0.9948376736367678
96.6427845954895,6.247,21.279,1.4075999999999982,0.0935,0.0,0.9459684545809266
96.74443483352661,6.241999999999999,21.29,1.4856299999999982,0.125,0.0,0.7853981633974483
96.84279894828796,6.234999999999999,21.304,1.5452999999999983,0.157,0.0,0.603883921190038
96.94444441795349,6.225999999999999,21.319,1.5881399999999983,0.1815,0.0,0.41887902047863906
97.04343557357788,6.215,21.337,1.6141499999999982,0.2185,0.0,0.25830872929516074
97.14486813545227,6.202,21.355999999999998,1.6202699999999979,0.218,0.0,0.06283185307179587
97.2429792881012,6.192,21.372,1.612619999999998,0.187,0.0,-0.07679448708775051
97.34460020065308,6.183,21.384999999999998,1.5850799999999978,0.1555,0.0,-0.2687807048071268
97.44304752349854,6.176,21.397,1.540709999999999,0.131,0.0,-0.44331363000655966
97.54468512535095,6.170999999999999,21.406,1.4825699999999982,0.101,0.0,-0.5899212871740833
97.64310240745544,6.167999999999999,21.413,1.4030099999999979,0.069,0.0,-0.7923794804054255
97.74478054046631,6.167,21.419,1.3188599999999986,0.066,0.0,-0.8517206749732327
97.84323358535767,6.164,21.427,1.2484799999999967,0.094,0.0,-0.6981317007977318
97.94486713409424,6.162,21.439,1.1979899999999986,0.1255,0.0,-0.4991641660703783
98.04340600967407,6.16,21.454,1.1658599999999981,0.156,0.0,-0.3246312408709453
98.14490914344788,6.1579999999999995,21.471999999999998,1.1505599999999978,0.185,0.0,-0.15707963267948966
98.24374032020569,6.154999999999999,21.493,1.1505599999999978,0.2155,0.0,0.0
98.34520149230957,6.153,21.517,1.1505599999999978,0.245,0.0,0.0
98.44384241104126,6.148999999999999,21.544,1.1505599999999978,0.275,0.0,0.0
98.54537153244019,6.146,21.573999999999998,1.1505599999999978,0.303,0.0,0.0
98.64364552497864,6.1419999999999995,21.607,1.1505599999999978,0.334,0.0,0.0
98.74521994590759,6.138,21.643,1.1505599999999978,0.3625,0.0,0.0
98.84388303756714,6.1339999999999995,21.682,1.1505599999999978,0.3945,0.0,0.0
98.9454174041748,6.129,21.723,1.1505599999999978,0.423,0.0,-0.003490658503988659
99.04404926300049,6.124,21.768,1.1505599999999978,0.4535,0.0,0.003490658503988659
99.1456708908081,6.117999999999999,21.816,1.1505599999999978,0.4825,0.0,-0.003490658503988659
99.24430799484253,6.112,21.865,1.1505599999999978,0.5015,0.0,0.0
99.34563684463501,6.106,21.915,1.1505599999999978,0.4975,0.0,0.0
99.44386863708496,6.100999999999999,21.964,1.1505599999999978,0.497,0.0,0.006981317007977318
99.54552626609802,6.095,22.014,1.1505599999999978,0.5025,0.0,0.0
99.64400792121887,6.0889999999999995,22.064,1.149029999999998,0.4985,0.0,-0.010471975511965976
99.7458028793335,6.083,22.112,1.1551499999999986,0.485,0.0,0.059341194567807204
99.84434747695923,6.077,22.157999999999998,1.1765699999999981,0.4605,0.0,0.2059488517353309
99.94573760032654,6.071,22.2,1.219409999999998,0.4235,0.0,0.4293509959906051
100.04418349266052,6.061999999999999,22.239,1.2775499999999984,0.396,0.0,0.582939970166106
100.14580941200256,6.052,22.275,1.3494599999999983,0.3675,0.0,0.7260569688296411
100.24424147605896,6.039999999999999,22.307,1.4427899999999991,0.3355,0.0,0.9354964790689607
100.345942735672,6.026,22.334999999999997,1.543769999999998,0.3055,0.0,1.0122909661567112
100.44447588920593,6.010999999999999,22.358,1.6447499999999984,0.276,0.0,1.0053096491487339
100.54684543609619,5.9959999999999996,22.378,1.7426699999999986,0.248,0.0,0.9878563566287906
100.64456295967102,5.981,22.395,1.8405899999999988,0.218,0.0,0.9773843811168246
100.74602222442627,5.965999999999999,22.407,1.9400399999999984,0.186,0.0,0.9983283321407566
100.8448326587677,5.952999999999999,22.416,2.036429999999999,0.1585,0.0,0.9564404300928925
100.9462251663208,5.941,22.423,2.114459999999999,0.1355,0.0,0.7819075048934596
101.04477262496948,5.9319999999999995,22.427999999999997,2.1725999999999988,0.0975,0.0,0.5934119456780721
101.14637112617493,5.925999999999999,22.43,2.2139099999999985,0.0685,0.0,0.40840704496667307
101.24481558799744,5.922,22.432,2.239919999999999,0.039,0.0,0.2617993877991494
101.3463249206543,5.92,22.433,2.2475699999999987,0.0105,0.0,0.06981317007977318
101.44476318359375,5.92,22.433,2.239919999999999,-0.0005,0.0,-0.06632251157578452
101.5464141368866,5.92,22.433,2.2139099999999985,0.001,0.0,-0.25830872929516074
101.64485836029053,5.92,22.433,2.1695399999999987,0.0,0.0,-0.4537856055185257
101.74646091461182,5.92,22.433,2.109869999999999,-0.0005,0.0,-0.6003932626860493
101.84489107131958,5.92,22.433,2.028779999999999,-0.0005,0.0,-0.8063421144213803
101.94660210609436,5.92,22.432,1.9339199999999992,-0.0025,0.0,-0.9424777960769379
102.04501152038574,5.919,22.433,1.8390599999999986,0.013,0.0,-0.9634217471008699
102.14681243896484,5.917,22.436,1.7610299999999985,0.04,0.0,-0.7853981633974483
102.24507808685303,5.912999999999999,22.441,1.7013599999999984,0.0745,0.0,-0.5934119456780721
102.34672284126282,5.907,22.448999999999998,1.6585199999999984,0.101,0.0,-0.4293509959906051
102.44546031951904,5.8999999999999995,22.459,1.6325099999999981,0.132,0.0,-0.24783675378319478
102.54687595367432,5.891,22.471999999999998,1.6248599999999982,0.162,0.0,-0.07679448708775051
102.64527463912964,5.88,22.488,1.626389999999998,0.1915,0.0,0.010471975511965976
102.7468786239624,5.867999999999999,22.506,1.626389999999998,0.2205,0.0,-0.006981317007977318
102.84535050392151,5.853999999999999,22.526999999999997,1.626389999999998,0.2515,0.0,0.006981317007977318
102.9469633102417,5.84,22.548,1.6217999999999981,0.2555,0.0,-0.05235987755982988
103.04538655281067,5.827,22.567,1.5988499999999983,0.222,0.0,-0.2199114857512855
103.14716362953186,5.816999999999999,22.584,1.5575399999999981,0.192,0.0,-0.4223696789826278
103.24563932418823,5.808999999999999,22.599,1.500929999999998,0.164,0.0,-0.5654866776461627
103.34714984893799,5.802,22.613,1.4351399999999983,0.162,0.0,-0.6457718232379019
103.44566488265991,5.795999999999999,22.63,1.3877099999999976,0.1885,0.0,-0.47472955654245763
103.54721069335938,5.787999999999999,22.651,1.3601699999999988,0.225,0.0,-0.28274333882308134
103.64577221870422,5.781,22.674,1.347929999999998,0.25,0.0,-0.12566370614359174
103.74737524986267,5.771999999999999,22.701,1.3494599999999983,0.279,0.0,0.020943951023931952
103.84597182273865,5.762,22.73,1.347929999999998,0.311,0.0,-0.010471975511965976
103.9473774433136,5.752,22.762,1.3494599999999983,0.338,0.0,0.003490658503988659
104.04599690437317,5.741,22.797,1.347929999999998,0.3705,0.0,0.0
104.14796543121338,5.728,22.834999999999997,1.347929999999998,0.3995,0.0,0.0
104.24609470367432,5.715,22.875,1.347929999999998,0.429,0.0,0.0
104.34777736663818,5.702,22.916999999999998,1.3540499999999978,0.4335,0.0,0.048869219055841226
104.44619131088257,5.688,22.956,1.3739399999999984,0.403,0.0,0.2059488517353309
104.5478048324585,5.675,22.99,1.416779999999998,0.37,0.0,0.42586033748661634
104.64629483222961,5.662,23.022,1.4749199999999978,0.3435,0.0,0.582939970166106
104.74794292449951,5.646999999999999,23.051,1.5483599999999984,0.312,0.0,0.7365289443416071
104.84637784957886,5.632,23.075,1.6432199999999981,0.28,0.0,0.9424777960769379
104.94787573814392,5.614999999999999,23.096,1.7380799999999978,0.277,0.0,0.9564404300928925
105.04635572433472,5.595,23.118,1.8145799999999976,0.2885,0.0,0.7574728953655391
105.14813804626465,5.576,23.136,1.8742499999999978,0.2585,0.0,0.5969026041820608
105.24656224250793,5.558999999999999,23.15,1.9140299999999977,0.219,0.0,0.39444441095071847
105.3481879234314,5.544,23.163,1.9385099999999977,0.193,0.0,0.24783675378319478
105.44656682014465,5.529,23.174,1.9461599999999977,0.1905,0.0,0.07330382858376185
105.54827499389648,5.512,23.186999999999998,1.9415699999999974,0.217,0.0,-0.041887902047863905
105.64677357673645,5.492999999999999,23.201999999999998,1.9446299999999974,0.253,0.0,0.031415926535897934
105.74830555915833,5.471,23.218999999999998,1.9430999999999976,0.279,0.0,-0.017453292519943295
105.84699392318726,5.446,23.238,1.9430999999999976,0.31,0.0,0.006981317007977318
105.94832420349121,5.42,23.259,1.9430999999999976,0.3405,0.0,0.0
106.04672980308533,5.3919999999999995,23.279999999999998,1.9385099999999973,0.346,0.0,-0.038397243543875255
106.1485800743103,5.367,23.3,1.918619999999997,0.316,0.0,-0.20245819323134223
106.24715733528137,5.346,23.317999999999998,1.8773099999999974,0.2805,0.0,-0.4118977034706618
106.34839916229248,5.327,23.336,1.8191699999999975,0.254,0.0,-0.5759586531581288
106.44703221321106,5.31,23.354,1.7564399999999973,0.2515,0.0,-0.635299847725936
106.54860424995422,5.292,23.375,1.7074799999999972,0.28,0.0,-0.49567350756638956
106.64704751968384,5.273,23.398999999999997,1.676879999999997,0.3115,0.0,-0.2932153143350474
106.74886512756348,5.252999999999999,23.426,1.666169999999997,0.339,0.0,-0.11868238913561441
106.84720826148987,5.231999999999999,23.456,1.666169999999997,0.371,0.0,0.0
106.94886326789856,5.207999999999999,23.488,1.666169999999997,0.3985,0.0,0.0
107.04738140106201,5.183999999999999,23.520999999999997,1.660049999999997,0.4045,0.0,-0.048869219055841226
107.14892649650574,5.162,23.552,1.6416899999999965,0.3745,0.0,-0.1989675347273536
107.24746251106262,5.143,23.58,1.598849999999997,0.338,0.0,-0.4153883619746504
107.34907245635986,5.127,23.608,1.542239999999997,0.3155,0.0,-0.5689773361501514
107.44735527038574,5.114,23.633,1.4687999999999972,0.286,0.0,-0.7400196028455956
107.54890966415405,5.103999999999999,23.657,1.3769999999999971,0.2475,0.0,-0.921533845053006
107.64751958847046,5.0969999999999995,23.679,1.2760199999999973,0.2225,0.0,-1.0122909661567112
107.74989938735962,5.093,23.698,1.1780999999999975,0.195,0.0,-0.9843656981248019
107.84742856025696,5.092,23.717,1.0832399999999973,0.1915,0.0,-0.9424777960769379
107.94938373565674,5.092,23.738,1.0067399999999966,0.218,0.0,-0.7644542123735162
108.04759526252747,5.093,23.762999999999998,0.9455399999999968,0.255,0.0,-0.6108652381980153
108.14919662475586,5.096,23.791,0.9042299999999973,0.278,0.0,-0.41887902047863906
108.2477605342865,5.1,23.820999999999998,0.879749999999997,0.3105,0.0,-0.24434609527920614
108.34928703308105,5.106,23.854,0.8720999999999971,0.3395,0.0,-0.08028514559173915
108.44789862632751,5.111,23.889,0.876689999999997,0.3445,0.0,0.05235987755982988
108.54932880401611,5.116,23.921,0.8965799999999969,0.317,0.0,0.1989675347273536
108.64782357215881,5.119,23.948999999999998,0.9394199999999965,0.277,0.0,0.41887902047863906
108.7494387626648,5.1209999999999996,23.974,0.996029999999997,0.2515,0.0,0.5689773361501514
108.84809303283691,5.1209999999999996,23.997,1.0679399999999974,0.2265,0.0,0.7295476273336298
108.94945907592773,5.119999999999999,24.017,1.161269999999997,0.19,0.0,0.9354964790689607
109.04795002937317,5.117,24.032999999999998,1.260719999999997,0.166,0.0,0.9878563566287906
109.14959573745728,5.1129999999999995,24.047,1.3586399999999967,0.136,0.0,0.9843656981248019
109.24805426597595,5.108,24.058999999999997,1.4519699999999975,0.1325,0.0,0.9285151620609834
109.34978890419006,5.101999999999999,24.072,1.5330599999999976,0.159,0.0,0.8168140899333461
109.44811058044434,5.093,24.087,1.591199999999997,0.168,0.0,0.5899212871740833
109.54979157447815,5.085,24.099,1.6340399999999966,0.1375,0.0,0.4153883619746504
109.6482310295105,5.079,24.108,1.6585199999999967,0.1005,0.0,0.24434609527920614
109.74999022483826,5.074999999999999,24.114,1.6676999999999969,0.0745,0.0,0.09075712110370514
109.84843063354492,5.071,24.118,1.6585199999999967,0.0515,0.0,-0.08028514559173915
109.94993233680725,5.069999999999999,24.119999999999997,1.6325099999999972,0.016,0.0,-0.25830872929516074
110.04837894439697,5.069999999999999,24.119999999999997,1.5896699999999968,0.0005,0.0,-0.4363323129985824
110.15000796318054,5.069999999999999,24.119999999999997,1.5284699999999982,-0.001,0.0,-0.6073745796940266
110.24847555160522,5.069999999999999,24.119999999999997,1.448909999999997,-0.0015,0.0,-0.7993607974134028
110.35008382797241,5.069999999999999,24.119999999999997,1.355579999999998,0.0005,0.0,-0.9320058205649718
110.4485285282135,5.069999999999999,24.119999999999997,1.253069999999998,0.0,0.0,-1.0227629416686772
110.55019903182983,5.069999999999999,24.119999999999997,1.1551499999999972,-0.004,0.0,-0.9808750396208132
110.64867854118347,5.069999999999999,24.121,1.0602899999999975,0.015,0.0,-0.9599310885968813
110.75035810470581,5.069999999999999,24.125,0.9837899999999972,0.0425,0.0,-0.767944870877505
110.84892249107361,5.071,24.131,0.9241199999999968,0.0705,0.0,-0.5969026041820608
110.9504656791687,5.072,24.141,0.879749999999997,0.1005,0.0,-0.439822971502571
111.0490415096283,5.074,24.154,0.8552699999999972,0.1325,0.0,-0.24085543677521748
111.15049433708191,5.077,24.169,0.846089999999997,0.1615,0.0,-0.08377580409572781
111.24906587600708,5.0809999999999995,24.188,0.8491499999999966,0.1905,0.0,0.017453292519943295
111.35057973861694,5.085,24.209,0.8476199999999973,0.2215,0.0,-0.010471975511965976
111.44893479347229,5.0889999999999995,24.232,0.8522099999999974,0.226,0.0,0.048869219055841226
111.55055260658264,5.093,24.253,0.8629199999999969,0.2185,0.0,0.10821041362364843
111.64921545982361,5.0969999999999995,24.276999999999997,0.8644499999999972,0.245,0.0,0.010471975511965976
111.75079131126404,5.101999999999999,24.305,0.8629199999999969,0.2865,0.0,-0.010471975511965976
111.84945011138916,5.106999999999999,24.334999999999997,0.8629199999999969,0.306,0.0,0.003490658503988659
111.95087742805481,5.111999999999999,24.368,0.8644499999999972,0.3425,0.0,0.0
112.04934191703796,5.119,24.404,0.8629199999999969,0.37,0.0,0.0
112.15087842941284,5.125,24.443,0.8644499999999972,0.398,0.0,0.003490658503988659
112.24931001663208,5.132,24.483999999999998,0.8675099999999966,0.4055,0.0,0.041887902047863905
112.35144686698914,5.138,24.520999999999997,0.8889299999999977,0.3715,0.0,0.20245819323134223
112.45043182373047,5.143,24.554999999999996,0.9287099999999974,0.3405,0.0,0.40491638646268446
112.55118751525879,5.145,24.587,0.9853199999999976,0.316,0.0,0.5689773361501514
112.64947247505188,5.145,24.615999999999996,1.0602899999999975,0.2815,0.0,0.7435102613495844
112.75110530853271,5.143999999999999,24.641000000000002,1.1520899999999976,0.2515,0.0,0.921533845053006
112.84964776039124,5.14,24.663,1.2530699999999975,0.224,0.0,1.0088003076527225
112.95148015022278,5.1339999999999995,24.684,1.3479299999999976,0.2195,0.0,0.9494591130849153
113.04998421669006,5.1259999999999994,24.706999999999997,1.4213699999999982,0.25,0.0,0.747000919853573
113.15147733688354,5.114,24.733,1.481039999999997,0.2825,0.0,0.5934119456780721
113.2498517036438,5.101,24.76,1.522349999999998,0.308,0.0,0.40840704496667307
113.35172200202942,5.084,24.789999999999996,1.5468299999999973,0.3415,0.0,0.24085543677521748
113.45009112358093,5.066,24.821,1.5529499999999974,0.3705,0.0,0.06283185307179587
113.55155825614929,5.045999999999999,24.855999999999998,1.5514199999999976,0.398,0.0,-0.010471975511965976
113.65005803108215,5.026,24.891000000000002,1.5483599999999984,0.406,0.0,-0.03490658503988659
113.75177574157715,5.008,24.923999999999996,1.5269399999999975,0.372,0.0,-0.2059488517353309
113.85014581680298,4.992,24.955000000000002,1.487159999999999,0.342,0.0,-0.40840704496667307
113.95172667503357,4.978999999999999,24.983999999999998,1.4290199999999977,0.313,0.0,-0.5759586531581288
114.05023956298828,4.968,25.013,1.3647599999999978,0.3125,0.0,-0.6422811647339132
114.15187954902649,4.957999999999999,25.044,1.3157999999999976,0.3385,0.0,-0.4886921905584123
114.25024008750916,4.9479999999999995,25.080000000000002,1.2867299999999973,0.373,0.0,-0.29670597283903605
114.3523519039154,4.939,25.118,1.2744899999999975,0.3975,0.0,-0.12566370614359174
114.45051264762878,4.928999999999999,25.159000000000002,1.2760199999999973,0.428,0.0,0.013962634015954637
114.5525164604187,4.917999999999999,25.203999999999997,1.2744899999999975,0.4605,0.0,-0.013962634015954637
114.65063714981079,4.906,25.251,1.2744899999999975,0.4865,0.0,0.006981317007977318
114.75213980674744,4.893999999999999,25.3,1.2744899999999975,0.5015,0.0,0.0
114.85058784484863,4.883,25.348000000000003,1.2744899999999975,0.4985,0.0,0.0
114.95247316360474,4.8709999999999996,25.395999999999997,1.2698999999999976,0.4855,0.0,-0.05235987755982988
115.0505781173706,4.861,25.441,1.2500099999999983,0.4585,0.0,-0.1954768762233649
115.15256214141846,4.851999999999999,25.483,1.2071699999999979,0.423,0.0,-0.4293509959906051
115.25106549263,4.8469999999999995,25.522000000000002,1.1474999999999977,0.396,0.0,-0.5864306286700948
115.35244750976562,4.843,25.560999999999996,1.0847699999999971,0.3935,0.0,-0.6318091892219473
115.4507520198822,4.842,25.602999999999998,1.0373399999999977,0.424,0.0,-0.47472955654245763
115.55235004425049,4.843,25.648,1.0067399999999975,0.457,0.0,-0.30019663134302466
115.65105128288269,4.845,25.696,0.996029999999997,0.4805,0.0,-0.10471975511965977
115.75240349769592,4.845999999999999,25.746,0.9975599999999974,0.5,0.0,0.006981317007977318
115.85099172592163,4.848,25.795999999999996,0.9975599999999974,0.4995,0.0,-0.003490658503988659
115.95244693756104,4.85,25.845000000000002,0.9975599999999974,0.496,0.0,0.0
116.05107092857361,4.851999999999999,25.895999999999997,0.9975599999999974,0.501,0.0,0.0
116.15281248092651,4.853999999999999,25.946,0.996029999999997,0.499,0.0,0.0
116.25133633613586,4.8549999999999995,25.995,0.9975599999999974,0.497,0.0,0.006981317007977318
116.35277080535889,4.856999999999999,26.044999999999998,0.9975599999999974,0.4985,0.0,0.0
116.45156168937683,4.859,26.095000000000002,0.9975599999999974,0.4985,0.0,-0.003490658503988659
116.55281472206116,4.861,26.145,0.9975599999999974,0.5,0.0,0.0
116.65126156806946,4.8629999999999995,26.194999999999997,0.9975599999999974,0.498,0.0,0.006981317007977318
116.75282979011536,4.864,26.245,0.9975599999999974,0.499,0.0,-0.003490658503988659
116.85129165649414,4.866,26.294999999999998,0.9975599999999974,0.4965,0.0,0.0
116.95311236381531,4.867999999999999,26.343999999999998,0.9975599999999974,0.499,0.0,0.0
117.05154275894165,4.869999999999999,26.395,0.9975599999999974,0.502,0.0,0.0
117.15303325653076,4.872,26.444,0.996029999999997,0.4965,0.0,-0.006981317007977318
117.25151324272156,4.874,26.493999999999996,0.9975599999999974,0.4995,0.0,0.003490658503988659
117.35353302955627,4.875,26.544,0.9975599999999974,0.497,0.0,0.0
117.45217633247375,4.877,26.593999999999998,0.9975599999999974,0.4995,0.0,-0.003490658503988659
117.55322980880737,4.879,26.644000000000002,0.9975599999999974,0.501,0.0,0.0
117.65245151519775,4.880999999999999,26.694,0.9975599999999974,0.4965,0.0,0.0
117.75331687927246,4.883,26.743999999999996,0.9975599999999974,0.499,0.0,0.0
117.85171556472778,4.8839999999999995,26.794,0.9975599999999974,0.4975,0.0,0.010471975511965976
117.9533178806305,4.885999999999999,26.843999999999998,0.9975599999999974,0.502,0.0,-0.003490658503988659
118.05182576179504,4.888,26.894000000000002,0.9975599999999974,0.498,0.0,-0.003490658503988659
118.15347099304199,4.89,26.943,0.9975599999999974,0.498,0.0,0.0
118.25220131874084,4.8919999999999995,26.993,0.9975599999999974,0.4965,0.0,0.003490658503988659
118.35352897644043,4.893,27.042999999999996,0.9975599999999974,0.498,0.0,0.0
118.4519522190094,4.895,27.093,0.9975599999999974,0.5015,0.0,0.003490658503988659
118.55364274978638,4.896999999999999,27.142999999999997,0.9975599999999974,0.4995,0.0,0.0
118.6521155834198,4.899,27.193,0.996029999999997,0.499,0.0,-0.006981317007977318
118.7536416053772,4.901,27.243,0.9975599999999974,0.498,0.0,0.003490658503988659
118.85227990150452,4.901999999999999,27.292999999999996,0.9975599999999974,0.4985,0.0,0.003490658503988659
118.95378994941711,4.904,27.343,0.9975599999999974,0.501,0.0,-0.003490658503988659
119.05223155021667,4.906,27.392,0.9975599999999974,0.498,0.0,0.0
119.15381622314453,4.9079999999999995,27.441999999999997,0.9975599999999974,0.498,0.0,0.0
119.25226902961731,4.909999999999999,27.492,0.9975599999999974,0.4965,0.0,0.0
119.35392570495605,4.911,27.541999999999998,0.9975599999999974,0.4995,0.0,0.0
119.45234537124634,4.912999999999999,27.592000000000002,0.9975599999999974,0.499,0.0,0.0
119.55409288406372,4.915,27.642,0.996029999999997,0.4985,0.0,-0.006981317007977318
119.6524567604065,4.917,27.691999999999997,0.996029999999997,0.497,0.0,0.0
119.75421524047852,4.919,27.740999999999996,0.9975599999999974,0.497,0.0,0.006981317007977318
119.85261726379395,4.920999999999999,27.791999999999998,0.9975599999999974,0.5,0.0,0.0
119.95468974113464,4.922,27.840999999999998,0.9975599999999974,0.4975,0.0,0.0
120.05271053314209,4.9239999999999995,27.891000000000002,0.9975599999999974,0.501,0.0,0.0
120.15440559387207,4.925999999999999,27.941,0.9975599999999974,0.498,0.0,-0.003490658503988659
120.25268888473511,4.928,27.990999999999996,0.9975599999999974,0.498,0.0,0.006981317007977318
120.35435771942139,4.93,28.041,0.9975599999999974,0.5005,0.0,0.0
120.45285892486572,4.931,28.090999999999998,0.9975599999999974,0.4975,0.0,0.0
120.55454230308533,4.933,28.141000000000002,0.996029999999997,0.4995,0.0,-0.010471975511965976
120.6529290676117,4.935,28.191,0.9975599999999974,0.497,0.0,0.003490658503988659
120.75454378128052,4.936999999999999,28.240999999999996,0.9975599999999974,0.5,0.0,0.003490658503988659
120.8533103466034,4.939,28.291,0.9975599999999974,0.4985,0.0,-0.003490658503988659
120.95471334457397,4.9399999999999995,28.34,0.9975599999999974,0.498,0.0,0.003490658503988659
121.053151845932,4.941999999999999,28.389999999999997,0.9975599999999974,0.4985,0.0,-0.003490658503988659
121.15476083755493,4.944,28.44,0.996029999999997,0.499,0.0,0.0
121.25321865081787,4.946,28.49,0.9975599999999974,0.4985,0.0,0.006981317007977318
121.35485887527466,4.9479999999999995,28.539999999999996,0.9975599999999974,0.498,0.0,0.0
121.45343232154846,4.949,28.59,0.9975599999999974,0.5005,0.0,0.0
121.55506873130798,4.951,28.639999999999997,0.9975599999999974,0.4985,0.0,-0.006981317007977318
121.65336537361145,4.952999999999999,28.69,0.9975599999999974,0.498,0.0,0.0
121.75496768951416,4.955,28.74,0.9975599999999974,0.5005,0.0,0.0
121.85345196723938,4.957,28.788999999999998,0.9975599999999974,0.4975,0.0,0.003490658503988659
121.95508098602295,4.957999999999999,28.839000000000002,0.9975599999999974,0.4985,0.0,0.0
122.05358099937439,4.96,28.889,0.9975599999999974,0.4995,0.0,-0.003490658503988659
122.1552221775055,4.962,28.938999999999997,0.996029999999997,0.499,0.0,0.0
122.25369501113892,4.9639999999999995,28.989,0.9975599999999974,0.498,0.0,0.003490658503988659
122.35528993606567,4.965999999999999,29.038999999999998,0.9975599999999974,0.498,0.0,0.0
122.45372343063354,4.967,29.089000000000002,0.9975599999999974,0.4975,0.0,0.0
122.55641722679138,4.968999999999999,29.139,0.9975599999999974,0.5,0.0,0.0
122.65425419807434,4.970999999999999,29.188999999999997,0.9975599999999974,0.5,0.0,0.0
122.75581860542297,4.973,29.239,0.996029999999997,0.4995,0.0,-0.003490658503988659
122.85401320457458,4.975,29.288,0.9975599999999974,0.4985,0.0,0.006981317007977318
122.95568799972534,4.976,29.337999999999997,0.9975599999999974,0.4985,0.0,-0.003490658503988659
123.05419301986694,4.978,29.388,0.9975599999999974,0.499,0.0,0.0
123.15587377548218,4.9799999999999995,29.438,0.996029999999997,0.4995,0.0,0.0
123.25414204597473,4.981999999999999,29.487999999999996,0.9975599999999974,0.498,0.0,0.0
123.35664653778076,4.984,29.538,0.9975599999999974,0.498,0.0,0.0
123.45434212684631,4.986,29.587999999999997,0.9975599999999974,0.4985,0.0,0.003490658503988659
123.55681300163269,4.986999999999999,29.638,0.9975599999999974,0.5005,0.0,0.0
123.65452694892883,4.989,29.688,0.9975599999999974,0.498,0.0,0.0
123.75601696968079,4.991,29.737,0.9975599999999974,0.498,0.0,0.0
123.85460162162781,4.992999999999999,29.786999999999995,0.9975599999999974,0.497,0.0,0.003490658503988659
123.95647120475769,4.994999999999999,29.837,0.9975599999999974,0.5015,0.0,0.0
124.05471730232239,4.9959999999999996,29.886999999999997,0.9975599999999974,0.497,0.0,0.0
124.15602588653564,4.997999999999999,29.937,0.996029999999997,0.5005,0.0,-0.003490658503988659
124.25510501861572,5.0,29.986,0.9929699999999971,0.4855,0.0,-0.041887902047863905
124.35636067390442,5.002,30.032,0.973079999999997,0.4565,0.0,-0.19198621771937624
124.4548282623291,5.005999999999999,30.075,0.9302399999999974,0.4205,0.0,-0.4223696789826278
124.55607914924622,5.010999999999999,30.114,0.8736299999999969,0.395,0.0,-0.5689773361501514
124.65460896492004,5.018,30.151,0.8017199999999968,0.3705,0.0,-0.7260569688296411
124.75628089904785,5.028,30.185,0.7190999999999969,0.3605,0.0,-0.8237954069413236
124.85468244552612,5.0409999999999995,30.221999999999998,0.6563699999999971,0.393,0.0,-0.6318091892219473
124.95628476142883,5.058,30.26,0.6089399999999968,0.4235,0.0,-0.4642575810304917
125.05495071411133,5.077,30.301,0.5829299999999972,0.451,0.0,-0.26529004630313807
125.15631055831909,5.098,30.343999999999998,0.5706899999999969,0.4845,0.0,-0.11868238913561441
125.25477647781372,5.119999999999999,30.389,0.572219999999997,0.5,0.0,0.006981317007977318
125.3563928604126,5.143,30.434,0.572219999999997,0.5,0.0,0.003490658503988659
125.45491194725037,5.165,30.477,0.5676299999999973,0.4825,0.0,-0.041887902047863905
125.55655670166016,5.186,30.517999999999997,0.5477399999999969,0.4605,0.0,-0.2059488517353309
125.65513944625854,5.207,30.556,0.5064299999999972,0.425,0.0,-0.40142572795869574
125.75657391548157,5.228,30.59,0.44828999999999675,0.393,0.0,-0.582939970166106
125.8550808429718,5.25,30.621,0.38249999999999706,0.3925,0.0,-0.6632251157578452
125.95679903030396,5.276999999999999,30.654,0.335069999999997,0.421,0.0,-0.46774823953448036
126.05522322654724,5.305999999999999,30.688,0.30752999999999686,0.453,0.0,-0.2897246558310587
126.15686655044556,5.337999999999999,30.723000000000003,0.293759999999997,0.4825,0.0,-0.12915436464758037
126.25537371635437,5.372,30.76,0.29528999999999694,0.4985,0.0,0.006981317007977318
126.35711693763733,5.406,30.797,0.293759999999997,0.501,0.0,-0.006981317007977318
126.4554386138916,5.4399999999999995,30.834,0.293759999999997,0.4965,0.0,0.003490658503988659
126.55692768096924,5.473,30.87,0.28916999999999715,0.4865,0.0,-0.04537856055185257
126.6558005809784,5.505,30.904,0.26774999999999705,0.4585,0.0,-0.21293016874330817
126.75737190246582,5.534999999999999,30.934,0.22490999999999695,0.4215,0.0,-0.4293509959906051
126.8556170463562,5.5649999999999995,30.961000000000002,0.16829999999999679,0.398,0.0,-0.5794493116621174
126.95723605155945,5.593999999999999,30.983999999999998,0.09485999999999672,0.367,0.0,-0.7365289443416071
127.05575060844421,5.622999999999999,31.002999999999997,0.009179999999996857,0.356,0.0,-0.8517206749732327
127.15720224380493,5.657,31.022000000000002,-0.05661000000000305,0.3935,0.0,-0.6597344572538565
127.25577044487,5.694999999999999,31.039999999999996,-0.10404000000000307,0.4245,0.0,-0.47822021504644624
127.35761070251465,5.736,31.057999999999996,-0.13464000000000315,0.4535,0.0,-0.31066860685499065
127.45581340789795,5.781,31.077,-0.1484100000000031,0.4825,0.0,-0.13264502315156904
127.55794143676758,5.827,31.095000000000002,-0.1484100000000031,0.498,0.0,0.010471975511965976
127.65592837333679,5.872999999999999,31.114,-0.1484100000000031,0.497,0.0,0.0
127.75755858421326,5.92,31.133,-0.1484100000000031,0.5,0.0,0.0
127.85597515106201,5.965,31.151,-0.1514700000000031,0.486,0.0,-0.038397243543875255
127.95758295059204,6.007999999999999,31.167999999999996,-0.17289000000000315,0.458,0.0,-0.20245819323134223
128.0560643672943,6.0489999999999995,31.182,-0.21420000000000333,0.4215,0.0,-0.4223696789826278
128.15767621994019,6.087999999999999,31.194,-0.2616300000000033,0.4165,0.0,-0.47123889803846897
128.2560625076294,6.132,31.206,-0.2891700000000032,0.454,0.0,-0.27576202181510406
128.35772609710693,6.178999999999999,31.217000000000002,-0.2998800000000032,0.4835,0.0,-0.10122909661567112
128.4571316242218,6.226999999999999,31.228999999999996,-0.29835000000000317,0.499,0.0,0.013962634015954637
128.55815267562866,6.276,31.24,-0.2998800000000032,0.4965,0.0,-0.006981317007977318
128.65651607513428,6.324,31.252,-0.29835000000000317,0.498,0.0,0.003490658503988659
128.75814700126648,6.372999999999999,31.263,-0.2998800000000032,0.499,0.0,-0.003490658503988659
128.85658049583435,6.422,31.275000000000002,-0.2998800000000032,0.5,0.0,0.0
128.95832777023315,6.47,31.285999999999998,-0.2998800000000032,0.5,0.0,0.0
129.05655932426453,6.519,31.298,-0.29835000000000317,0.498,0.0,0.003490658503988659
129.1584415435791,6.567,31.309,-0.29835000000000317,0.498,0.0,0.0
129.25719451904297,6.616,31.321,-0.29835000000000317,0.498,0.0,0.0
129.35862588882446,6.664,31.331999999999997,-0.2998800000000032,0.5,0.0,0.0
129.45678305625916,6.712999999999999,31.343999999999998,-0.29835000000000317,0.5,0.0,0.0
129.5581831932068,6.760999999999999,31.355999999999998,-0.29835000000000317,0.4985,0.0,0.0
129.65678477287292,6.81,31.367,-0.29835000000000317,0.5005,0.0,0.006981317007977318
129.75840616226196,6.859,31.379,-0.29835000000000317,0.4965,0.0,-0.003490658503988659
129.85672402381897,6.907,31.389999999999997,-0.29835000000000317,0.499,0.0,0.0
129.9584674835205,6.955,31.401999999999997,-0.3044700000000032,0.4875,0.0,-0.05235987755982988
130.05701899528503,7.0,31.411999999999995,-0.32436000000000315,0.458,0.0,-0.2059488517353309
130.1585066318512,7.042,31.419999999999998,-0.3672000000000032,0.42,0.0,-0.4293509959906051
130.25695323944092,7.082,31.425,-0.42534000000000316,0.394,0.0,-0.5759586531581288
130.35871839523315,7.119,31.428,-0.49878000000000317,0.3665,0.0,-0.7330382858376184
130.45731592178345,7.153,31.426999999999996,-0.6099453071795897,0.333,0.0,-0.9459684545809266
130.55900597572327,7.183999999999999,31.423999999999996,-0.7093953071795897,0.3065,0.0,-1.0018189906447452
130.65705919265747,7.212999999999999,31.417999999999996,-0.8057853071795897,0.304,0.0,-0.9564404300928925
130.75877976417542,7.244,31.407999999999998,-0.8807553071795897,0.3365,0.0,-0.7539822368615503
130.85728073120117,7.278,31.395,-0.9404253071795898,0.3635,0.0,-0.6073745796940266
130.95926022529602,7.314,31.379,-0.9817353071795896,0.3945,0.0,-0.4153883619746504
131.05726742744446,7.350999999999999,31.361,-1.0077453071795897,0.421,0.0,-0.24783675378319478
131.15919065475464,7.3919999999999995,31.340999999999998,-1.0153953071795896,0.4545,0.0,-0.07330382858376185
131.2581958770752,7.435,31.319999999999997,-1.0138653071795898,0.483,0.0,0.010471975511965976
131.35898971557617,7.478999999999999,31.297,-1.0138653071795898,0.503,0.0,-0.003490658503988659
131.45754432678223,7.523999999999999,31.275000000000002,-1.0138653071795898,0.501,0.0,0.0
131.5591869354248,7.568999999999999,31.252,-1.0138653071795898,0.499,0.0,0.0
131.65755701065063,7.6129999999999995,31.23,-1.0123353071795895,0.4935,0.0,0.006981317007977318
131.75931453704834,7.6579999999999995,31.206999999999997,-1.0138653071795898,0.5035,0.0,-0.006981317007977318
131.85778284072876,7.702,31.185,-1.0138653071795898,0.4985,0.0,0.0
131.9593596458435,7.747,31.163,-1.0138653071795898,0.4965,0.0,0.0
132.05778336524963,7.7909999999999995,31.139999999999997,-1.0138653071795898,0.499,0.0,0.0
132.15962314605713,7.835999999999999,31.118,-1.0138653071795898,0.4985,0.0,0.0
132.2584400177002,7.881,31.095000000000002,-1.0138653071795898,0.497,0.0,0.0
132.3593430519104,7.925,31.072999999999997,-1.0138653071795898,0.502,0.0,0.0
132.4580557346344,7.97,31.05,-1.0138653071795898,0.499,0.0,-0.003490658503988659
132.5597333908081,8.014,31.028000000000002,-1.0138653071795898,0.497,0.0,0.0
132.6585614681244,8.059,31.005999999999997,-1.0138653071795898,0.499,0.0,0.0
132.7595865726471,8.104,30.983,-1.0138653071795898,0.4975,0.0,0.003490658503988659
132.85810804367065,8.148,30.961000000000002,-1.0138653071795898,0.502,0.0,-0.003490658503988659
132.959641456604,8.192,30.938999999999997,-1.0184553071795899,0.485,0.0,-0.048869219055841226
133.0580928325653,8.233,30.916999999999998,-1.0398753071795896,0.4605,0.0,-0.2059488517353309
133.15991067886353,8.272,30.895,-1.0720053071795899,0.45,0.0,-0.3246312408709453
133.2586305141449,8.312999999999999,30.871,-1.08424530717959,0.4785,0.0,-0.12217304763960307
133.3599100112915,8.356,30.846,-1.0827153071795899,0.506,0.0,0.013962634015954637
133.4587070941925,8.399,30.819999999999997,-1.0827153071795899,0.4995,0.0,0.003490658503988659
133.5599880218506,8.440999999999999,30.794999999999998,-1.0781253071795898,0.486,0.0,0.041887902047863905
133.6585192680359,8.481,30.772000000000002,-1.0582353071795896,0.463,0.0,0.20245819323134223
133.759996175766,8.519,30.752,-1.0153953071795896,0.423,0.0,0.42586033748661634
133.85897016525269,8.555,30.734999999999996,-0.9572553071795897,0.4005,0.0,0.57246799465414
133.9601514339447,8.59,30.721,-0.8838153071795897,0.3655,0.0,0.7365289443416071
134.05866813659668,8.622,30.712,-0.7904853071795899,0.3365,0.0,0.9424777960769379
134.1601860523224,8.652999999999999,30.706,-0.6895053071795897,0.3045,0.0,1.0088003076527225
134.258722782135,8.681,30.703,-0.5900553071795898,0.2805,0.0,1.0018189906447452
134.3603835105896,8.706,30.703999999999997,-0.4743000000000028,0.246,0.0,0.9808750396208132
134.45886826515198,8.728,30.706,-0.37638000000000277,0.216,0.0,0.9878563566287906
134.56043601036072,8.747,30.709999999999997,-0.2769300000000028,0.1865,0.0,0.9983283321407566
134.65918469429016,8.762,30.715,-0.17901000000000272,0.162,0.0,0.9808750396208132
134.76100492477417,8.774999999999999,30.720000000000002,-0.08262000000000286,0.131,0.0,0.9704030641088471
134.85907411575317,8.785,30.725999999999996,0.012239999999997142,0.127,0.0,0.9459684545809266
134.9604516029358,8.797,30.733999999999998,0.09332999999999692,0.152,0.0,0.8098327729253689
135.0589427947998,8.812,30.745,0.15299999999999714,0.189,0.0,0.5899212871740833
135.16067838668823,8.828,30.758999999999997,0.1943099999999971,0.2135,0.0,0.4223696789826278
135.25907850265503,8.844,30.773999999999997,0.21878999999999704,0.22,0.0,0.24783675378319478
135.36064767837524,8.859,30.786999999999995,0.22796999999999712,0.1875,0.0,0.08726646259971647
135.459233045578,8.87,30.798,0.217259999999997,0.1555,0.0,-0.10471975511965977
135.5607180595398,8.879999999999999,30.807,0.1927799999999974,0.1275,0.0,-0.24085543677521748
135.65935039520264,8.888,30.813999999999997,0.14840999999999716,0.1015,0.0,-0.439822971502571
135.76108193397522,8.894,30.819,0.08720999999999723,0.07,0.0,-0.6108652381980153
135.85932970046997,8.898,30.821,0.010709999999997,0.0405,0.0,-0.7749261878854823
135.9610252380371,8.898,30.821,-0.08415000000000294,0.0075,0.0,-0.9459684545809266
136.05948328971863,8.898,30.821,-0.1851300000000028,0.0005,0.0,-1.0157816246606999
136.1612012386322,8.899,30.822,-0.27846000000000276,0.0105,0.0,-0.9320058205649718
136.25966882705688,8.902999999999999,30.822,-0.3564900000000028,0.042,0.0,-0.7853981633974483
136.36124968528748,8.91,30.822999999999997,-0.41463000000000283,0.0745,0.0,-0.5794493116621174
136.45973420143127,8.919,30.824,-0.4574700000000028,0.0995,0.0,-0.4223696789826278
136.56127190589905,8.931999999999999,30.825,-0.4804200000000028,0.134,0.0,-0.23736477827122882
136.65982484817505,8.948,30.825999999999997,-0.48807000000000283,0.1605,0.0,-0.06632251157578452
136.76135635375977,8.966999999999999,30.825999999999997,-0.4865400000000028,0.1915,0.0,0.010471975511965976
136.86000609397888,8.988,30.827,-0.48807000000000283,0.222,0.0,-0.010471975511965976
136.96165204048157,9.013,30.828,-0.4865400000000028,0.25,0.0,0.010471975511965976
137.06010174751282,9.039,30.830000000000002,-0.4834800000000028,0.2565,0.0,0.03490658503988659
137.16153502464294,9.062,30.831,-0.4620600000000028,0.2235,0.0,0.2059488517353309
137.26012992858887,9.081,30.833000000000002,-0.42075000000000284,0.1905,0.0,0.4153883619746504
137.36141657829285,9.097999999999999,30.834999999999997,-0.3641400000000028,0.1645,0.0,0.5654866776461627
137.4599232673645,9.111999999999998,30.837999999999997,-0.2937600000000028,0.139,0.0,0.715584993317675
137.56159234046936,9.122,30.840999999999998,-0.20043000000000277,0.1025,0.0,0.9250245035569946
137.66002440452576,9.129999999999999,30.843999999999998,-0.10098000000000285,0.077,0.0,1.0018189906447452
137.7616946697235,9.134,30.846,-0.0030600000000028382,0.046,0.0,0.9773843811168246
137.86009287834167,9.136,30.846999999999998,0.09638999999999742,0.015,0.0,1.0018189906447452
137.96179485321045,9.136,30.846999999999998,0.19583999999999724,-0.0005,0.0,0.9913470151327791
138.06059646606445,9.136,30.846999999999998,0.2906999999999974,0.0005,0.0,0.9459684545809266
138.16219925880432,9.136,30.846999999999998,0.3671999999999973,-0.0015,0.0,0.7749261878854823
138.26049947738647,9.136,30.846999999999998,0.4238099999999976,0.0005,0.0,0.5689773361501514
138.36210703849792,9.136,30.846999999999998,0.46664999999999734,0.0,0.0,0.4223696789826278
138.46048521995544,9.136,30.846999999999998,0.4911299999999973,-0.0055,0.0,0.25132741228718347
138.56337594985962,9.136,30.846999999999998,0.49877999999999745,0.0005,0.0,0.06632251157578452
138.66048979759216,9.136,30.846999999999998,0.4911299999999973,0.0015,0.0,-0.06632251157578452
138.76209902763367,9.136,30.846999999999998,0.46664999999999734,0.003,0.0,-0.2548180707911721
138.86068105697632,9.136,30.846999999999998,0.4192199999999974,-0.002,0.0,-0.4642575810304917
138.96237325668335,9.136,30.846999999999998,0.35801999999999734,-0.001,0.0,-0.6108652381980153
139.06080412864685,9.136,30.846999999999998,0.2799899999999973,0.0,0.0,-0.7923794804054255
139.16244268417358,9.136,30.846999999999998,0.1820699999999974,-0.003,0.0,-0.9738937226128358
139.26102900505066,9.136,30.846999999999998,0.08873999999999749,0.002,0.0,-0.9459684545809266
139.36255073547363,9.136,30.846999999999998,0.009179999999997412,-0.004,0.0,-0.7853981633974483
139.4612991809845,9.136,30.846999999999998,-0.04590000000000255,0.0025,0.0,-0.5619960191421741
139.56253576278687,9.136,30.846999999999998,-0.08874000000000237,0.0015,0.0,-0.41887902047863906
139.66103959083557,9.136,30.846999999999998,-0.11169000000000257,-0.0005,0.0,-0.23736477827122882
139.7627034187317,9.136,30.846999999999998,-0.12087000000000259,0.0015,0.0,-0.08028514559173915
139.8612024784088,9.136,30.846999999999998,-0.11322000000000243,-0.0015,0.0,0.06632251157578452
139.96295857429504,9.136,30.846999999999998,-0.08721000000000234,-0.0005,0.0,0.26529004630313807
140.0613658428192,9.136,30.846999999999998,-0.04131000000000262,-0.0005,0.0,0.45029494701453704
140.1628291606903,9.136,30.846999999999998,0.019889999999997632,0.001,0.0,0.6143558967020041
140.26124334335327,9.136,30.846999999999998,0.0994499999999976,-0.0005,0.0,0.7993607974134028
140.36281657218933,9.136,30.846999999999998,0.19583999999999735,0.0005,0.0,0.9599310885968813
140.46122241020203,9.136,30.846999999999998,0.2952899999999973,-0.0005,0.0,1.0053096491487339
140.56298351287842,9.136,30.846,0.39626999999999757,-0.0045,0.0,1.0018189906447452
140.66127014160156,9.136,30.846999999999998,0.4941899999999976,0.0025,0.0,0.9878563566287906
140.76288509368896,9.136,30.846999999999998,0.5921099999999971,0.0,0.0,0.9843656981248019
140.86162662506104,9.136,30.846999999999998,0.6915599999999976,-0.0005,0.0,0.9878563566287906
140.96306991577148,9.136,30.846999999999998,0.7910099999999968,-0.0015,0.0,0.9948376736367678
141.06186389923096,9.136,30.846999999999998,0.8904599999999973,-0.0005,0.0,0.9983283321407566
141.16317296028137,9.136,30.846999999999998,0.9883799999999977,-0.0005,0.0,0.9913470151327791
141.2616696357727,9.136,30.846999999999998,1.0878299999999972,-0.0005,0.0,0.9913470151327791
141.3637673854828,9.136,30.846999999999998,1.1872799999999963,-0.0005,0.0,0.9948376736367678
141.4619481563568,9.136,30.846999999999998,1.2851999999999975,0.0005,0.0,0.9843656981248019
141.56330847740173,9.136,30.846999999999998,1.3846499999999962,-0.001,0.0,0.9983283321407566
141.66207456588745,9.136,30.846999999999998,1.4840999999999966,0.0005,0.0,0.9948376736367678
141.76353120803833,9.136,30.846999999999998,1.5835499999999967,-0.0005,0.0,0.9913470151327791
141.861958026886,9.136,30.846999999999998,1.6829999999999967,-0.0005,0.0,0.9913470151327791
141.96353673934937,9.136,30.846999999999998,1.7824499999999968,-0.0005,0.0,0.9948376736367678
142.06200098991394,9.136,30.846999999999998,1.8803699999999965,-0.001,0.0,0.9913470151327791
142.16383528709412,9.136,30.846999999999998,1.9798199999999966,0.0,0.0,0.9948376736367678
142.2621030807495,9.136,30.846999999999998,2.0792699999999966,-0.001,0.0,0.9913470151327791
142.36388635635376,9.136,30.846999999999998,2.178719999999996,-0.0015,0.0,0.9983283321407566
142.4623212814331,9.136,30.846999999999998,2.2766399999999964,-0.0005,0.0,0.9878563566287906
142.56365823745728,9.136,30.846999999999998,2.3760899999999965,-0.0005,0.0,0.9948376736367678
142.66237425804138,9.136,30.846999999999998,2.4740099999999963,0.001,0.0,0.9843656981248019
142.76374292373657,9.136,30.846999999999998,2.574989999999996,-0.002,0.0,0.9983283321407566
142.86225175857544,9.136,30.846999999999998,2.677499999999996,0.0,0.0,0.9948376736367678
142.96389937400818,9.136,30.846999999999998,2.7754199999999964,-0.0005,0.0,0.9948376736367678
143.06240391731262,9.136,30.846999999999998,2.874869999999996,0.001,0.0,0.9913470151327791
143.1641983985901,9.136,30.846999999999998,2.974319999999996,-0.002,0.0,0.9948376736367678
143.26243472099304,9.136,30.846999999999998,3.067649999999996,0.0005,0.0,0.9424777960769379
143.36410188674927,9.136,30.846999999999998,3.145679999999996,-0.0035,0.0,0.7714355293814937
143.46245503425598,9.136,30.846999999999998,3.203819999999996,0.0015,0.0,0.5864306286700948
143.56411290168762,9.136,30.846999999999998,3.2451299999999956,-0.0005,0.0,0.4153883619746504
143.66251492500305,9.136,30.846999999999998,3.269609999999996,-0.003,0.0,0.23736477827122882
143.76436591148376,9.136,30.846999999999998,3.277259999999996,-0.001,0.0,0.07330382858376185
143.86264896392822,9.136,30.846999999999998,3.269609999999996,0.0035,0.0,-0.06981317007977318
143.96444463729858,9.136,30.846999999999998,3.2451299999999956,0.0025,0.0,-0.25132741228718347
144.06278204917908,9.136,30.846999999999998,3.2084099999999953,-0.001,0.0,-0.3665191429188092
144.16460490226746,9.136,30.846999999999998,3.190049999999996,-0.004,0.0,-0.18151424220741028
144.26307082176208,9.136,30.846999999999998,3.188519999999996,0.001,0.0,-0.003490658503988659
144.3648431301117,9.136,30.846999999999998,3.190049999999996,-0.0005,0.0,0.003490658503988659
144.4631564617157,9.136,30.846999999999998,3.188519999999996,-0.0005,0.0,-0.003490658503988659
144.56487894058228,9.136,30.846999999999998,3.190049999999996,0.0,0.0,0.0
144.66322922706604,9.136,30.846999999999998,3.190049999999996,0.0,0.0,0.0
144.7647967338562,9.136,30.846999999999998,3.190049999999996,0.0,0.0,0.0
144.8632161617279,9.136,30.846999999999998,3.190049999999996,0.0,0.0,0.0
144.96485710144043,9.136,30.846999999999998,3.190049999999996,0.0,0.0,0.0
145.06334781646729,9.136,30.846999999999998,3.190049999999996,0.0,0.0,0.0
145.1649808883667,9.136,30.846999999999998,3.190049999999996,0.0,0.0,0.0
145.26346158981323,9.136,30.846999999999998,3.190049999999996,0.0,0.0,0.0
145.36514806747437,9.136,30.846999999999998,3.190049999999996,0.0,0.0,0.0
145.46351528167725,9.136,30.846999999999998,3.190049999999996,0.0,0.0,0.0
145.5651605129242,9.136,30.846999999999998,3.190049999999996,0.0,0.0,0.0
145.6636462211609,9.136,30.846999999999998,3.190049999999996,0.0,0.0,0.0
145.76527214050293,9.136,30.846999999999998,3.190049999999996,0.0,0.0,0.0
145.86371970176697,9.136,30.846999999999998,3.190049999999996,0.0,0.0,0.0
145.96526861190796,9.136,30.846999999999998,3.190049999999996,0.0,0.0,0.0
146.06378841400146,9.136,30.846999999999998,3.190049999999996,0.0,0.0,0.0
146.16540956497192,9.136,30.846999999999998,3.190049999999996,0.0,0.0,0.0
146.26405024528503,9.136,30.846999999999998,3.190049999999996,0.0,0.0,0.0
146.3657100200653,9.136,30.846999999999998,3.190049999999996,0.0,0.0,0.0
146.46395778656006,9.136,30.846999999999998,3.190049999999996,0.0,0.0,0.0
146.56564617156982,9.136,30.846999999999998,3.190049999999996,0.0,0.0,0.0
146.6640820503235,9.136,30.846999999999998,3.190049999999996,0.0,0.0,0.0
146.7656056880951,9.136,30.846999999999998,3.190049999999996,0.0,0.0,0.0
146.86441040039062,9.136,30.846999999999998,3.190049999999996,0.0,0.0,0.0
146.9657325744629,9.136,30.846999999999998,3.190049999999996,0.0,0.0,0.0
147.06418776512146,9.136,30.846999999999998,3.190049999999996,0.0,0.0,0.0
147.16583633422852,9.136,30.846999999999998,3.190049999999996,0.0,0.0,0.0
147.26440143585205,9.136,30.846999999999998,3.190049999999996,0.0,0.0,0.0
147.36599397659302,9.136,30.846999999999998,3.190049999999996,0.0,0.0,0.0
147.46442532539368,9.136,30.846999999999998,3.190049999999996,0.0,0.0,0.0
147.56609797477722,9.136,30.846999999999998,3.190049999999996,0.0,0.0,0.0
147.6645097732544,9.136,30.846999999999998,3.190049999999996,0.0,0.0,0.0
147.7661156654358,9.136,30.846999999999998,3.190049999999996,0.0,0.0,0.0
147.86456084251404,9.136,30.846999999999998,3.190049999999996,0.0,0.0,0.0
147.96622467041016,9.136,30.846999999999998,3.190049999999996,0.0,0.0,0.0
148.0645990371704,9.136,30.846999999999998,3.190049999999996,0.0,0.0,0.0
148.16623663902283,9.136,30.846999999999998,3.190049999999996,0.0,0.0,0.0
148.26471614837646,9.136,30.846999999999998,3.190049999999996,0.0,0.0,0.0
148.3663992881775,9.136,30.846999999999998,3.190049999999996,0.0,0.0,0.0
148.46478080749512,9.136,30.846999999999998,3.190049999999996,0.0,0.0,0.0
148.56632661819458,9.136,30.846999999999998,3.190049999999996,0.0,0.0,0.0
148.66479897499084,9.136,30.846999999999998,3.190049999999996,0.0,0.0,0.0
148.76661825180054,9.136,30.846999999999998,3.190049999999996,0.0,0.0,0.0
148.86491584777832,9.136,30.846999999999998,3.190049999999996,0.0,0.0,0.0
148.96641039848328,9.136,30.846999999999998,3.190049999999996,0.0,0.0,0.0
149.06484246253967,9.136,30.846999999999998,3.190049999999996,0.0,0.0,0.0
149.16643571853638,9.136,30.846999999999998,3.190049999999996,0.0,0.0,0.0
149.26497435569763,9.136,30.846999999999998,3.190049999999996,0.0,0.0,0.0
149.36673998832703,9.136,30.846999999999998,3.190049999999996,0.0,0.0,0.0
149.46531677246094,9.136,30.846999999999998,3.190049999999996,0.0,0.0,0.0
149.5671570301056,9.136,30.846999999999998,3.190049999999996,0.0,0.0,0.0
