time_s,wz_rad_s,ax_m_s2,ay_m_s2
0.0,-0.0063950995492922,-0.39983167724609375,-0.21308394775390624
0.0195770263671875,-0.004263399699528133,-0.36631285400390623,-0.22505495605468748
0.039566993713378906,-0.002797856052815337,-0.35673604736328124,-0.229843359375
0.05954265594482422,-0.0030643185340358454,-0.373495458984375,-0.2346317626953125
0.07952880859375,-0.004663093421358896,-0.39743747558593745,-0.23223756103515625
0.09948420524597168,-0.006794793271122962,-0.3687070556640625,-0.18914193115234373
0.11934852600097656,-0.006528330789902454,-0.39264907226562495,-0.2154781494140625
0.13972973823547363,-0.007194486992953725,-0.39983167724609375,-0.21787235107421873
0.15943050384521484,-0.007727411955394742,-0.3758896606445312,-0.25139117431640623
0.17954754829406738,-0.003464012255866608,-0.3806780639648437,-0.258573779296875
0.1993422508239746,-0.008127105677225504,-0.3758896606445312,-0.26815058593749996
0.21949267387390137,-0.0031975497746461,-0.35194764404296874,-0.19871873779296872
0.2394852638244629,-0.002531393571594829,-0.3758896606445312,-0.2537853759765625
0.2594470977783203,-0.0074609494741742334,-0.38307226562499996,-0.27293898925781246
0.2795984745025635,-0.004929555902579405,-0.3806780639648437,-0.22266075439453123
0.2994060516357422,-0.007061255752343471,-0.38786066894531246,-0.21787235107421873
0.319446325302124,-0.005995405827461438,-0.36391865234375,-0.21068974609375
0.33936095237731934,-0.004263399699528133,-0.3806780639648437,-0.2346317626953125
0.3599734306335449,-0.0058621745868511835,-0.4070142822265625,-0.201112939453125
0.37999510765075684,-0.006261868308681946,-0.37828386230468747,-0.2753331909179687
0.40024352073669434,-0.005462480865020421,-0.36152445068359373,-0.22744915771484372
0.4200277328491211,-0.0039969372183076245,-0.33758243408203126,-0.24660277099609373
0.4399983882904053,-0.0058621745868511835,-0.38307226562499996,-0.26815058593749996
0.46024274826049805,-0.0039969372183076245,-0.3687070556640625,-0.23223756103515625
0.48062562942504883,-0.006528330789902454,-0.3711012573242187,-0.19632453613281248
0.5002443790435791,-0.004929555902579405,-0.36391865234375,-0.19393033447265623
0.5199391841888428,-0.0035972434964768626,-0.37828386230468747,-0.19871873779296872
0.5403754711151123,-0.009992343045769061,-0.38307226562499996,-0.229843359375
0.5601625442504883,-0.004929555902579405,-0.411802685546875,-0.2705447875976562
0.5799844264984131,-0.006661562030512709,-0.33758243408203126,-0.19632453613281248
0.5998806953430176,-0.0073277182335639785,-0.35673604736328124,-0.2609679809570312
0.6198761463165283,-0.008260336917835759,-0.3711012573242187,-0.2561795776367187
0.6400673389434814,-0.009459418083328047,-0.3902548706054687,-0.22744915771484372
0.6600387096405029,-0.0074609494741742334,-0.34715924072265625,-0.19393033447265623
0.6798534393310547,-0.0031975497746461,-0.39743747558593745,-0.201112939453125
0.70005202293396,-0.008127105677225504,-0.40462008056640625,-0.19632453613281248
0.7202832698822021,-0.010125574286379316,-0.41419688720703124,-0.2154781494140625
0.7400658130645752,-0.007727411955394742,-0.354341845703125,-0.19871873779296872
0.7597293853759766,-0.004929555902579405,-0.3711012573242187,-0.229843359375
0.7799615859985352,-0.006928024511733216,-0.38307226562499996,-0.229843359375
0.8005383014678955,-0.007194486992953725,-0.4261678955078125,-0.1867477294921875
0.8201339244842529,-0.008127105677225504,-0.35194764404296874,-0.22266075439453123
0.8396792411804199,-0.0026646248122050836,-0.32561142578124996,-0.229843359375
0.8598134517669678,-0.0035972434964768626,-0.3902548706054687,-0.20829554443359374
0.8800632953643799,-0.002398162330984575,-0.40462008056640625,-0.24660277099609373
0.9000756740570068,-0.005329249624410167,-0.38786066894531246,-0.2609679809570312
0.9197463989257812,-0.0058621745868511835,-0.38786066894531246,-0.24660277099609373
0.9399964809417725,-0.0057289433462409285,-0.34715924072265625,-0.258573779296875
0.9599840641021729,-0.010258805526989571,-0.34237083740234375,-0.23223756103515625
0.9801909923553467,-0.0037304747370871167,-0.4070142822265625,-0.24899697265624998
1.000042200088501,-0.004929555902579405,-0.4070142822265625,-0.2561795776367187
1.0199291706085205,-0.0014655436467127959,-0.33758243408203126,-0.239420166015625
1.040144681930542,-0.004529862180748642,-0.4165910888671875,-0.229843359375
1.0608453750610352,-0.0057289433462409285,-0.40462008056640625,-0.24181436767578124
1.0801353454589844,-0.0057289433462409285,-0.36152445068359373,-0.23702596435546874
1.099818468093872,-0.003863705977697371,-0.4070142822265625,-0.24660277099609373
1.1198749542236328,-0.00159877488732305,-0.36391865234375,-0.23702596435546874
1.1407086849212646,-0.005595712105630674,-0.40222587890625,-0.24899697265624998
1.1604492664337158,-0.006928024511733216,-0.33039982910156246,-0.24181436767578124
1.1802315711975098,-0.004663093421358896,-0.3806780639648437,-0.26336218261718747
1.200697660446167,-0.007194486992953725,-0.37828386230468747,-0.239420166015625
1.2206463813781738,-0.006128637068071691,-0.36391865234375,-0.22505495605468748
1.24049711227417,-0.0037304747370871167,-0.32561142578124996,-0.26336218261718747
1.2600383758544922,-0.005062787143189658,-0.3854664672851562,-0.2059013427734375
1.2803065776824951,-0.00479632466196915,-0.4070142822265625,-0.24660277099609373
1.3000876903533936,-0.007993874436615249,-0.40222587890625,-0.23702596435546874
1.3201954364776611,-0.00479632466196915,-0.3591302490234375,-0.2537853759765625
1.340320110321045,-0.005196018383799912,-0.3399766357421875,-0.25139117431640623
1.3603198528289795,-0.009326186842717792,-0.38307226562499996,-0.23702596435546874
1.3807318210601807,-0.0031975497746461,-0.41419688720703124,-0.23702596435546874
1.4007298946380615,-0.009192955602107537,-0.40222587890625,-0.22266075439453123
1.4203405380249023,-0.007061255752343471,-0.4213794921875,-0.2537853759765625
1.4403598308563232,-0.001732006127933304,-0.39264907226562495,-0.2657563842773437
1.4602291584014893,-0.005995405827461438,-0.37828386230468747,-0.2442085693359375
1.481410026550293,-0.005329249624410167,-0.40222587890625,-0.2537853759765625
1.5004594326019287,-0.004663093421358896,-0.4285620971679687,-0.21787235107421873
1.520256757736206,-0.010791730489430587,-0.3806780639648437,-0.2825157958984375
1.5408222675323486,-0.00159877488732305,-0.3950432739257812,-0.24660277099609373
1.560744285583496,-0.00866003063966652,-0.36631285400390623,-0.21787235107421873
1.580719232559204,-0.001732006127933304,-0.38786066894531246,-0.22744915771484372
1.600597620010376,-0.004263399699528133,-0.36391865234375,-0.229843359375
1.6208469867706299,-0.005196018383799912,-0.373495458984375,-0.24181436767578124
1.6404619216918945,-0.00479632466196915,-0.4070142822265625,-0.24660277099609373
1.6602351665496826,-0.007061255752343471,-0.373495458984375,-0.229843359375
1.680208683013916,-0.0073277182335639785,-0.3711012573242187,-0.21068974609375
1.700108528137207,-0.002264931090374321,-0.3758896606445312,-0.24660277099609373
1.7202048301696777,-0.005995405827461438,-0.3758896606445312,-0.2059013427734375
1.7401702404022217,-0.004130168458917879,-0.39743747558593745,-0.22266075439453123
1.7602221965789795,-0.0037304747370871167,-0.3806780639648437,-0.21308394775390624
1.7801179885864258,0.03370750387439431,-0.36391865234375,-0.24181436767578124
1.8001229763031006,-0.002398162330984575,-0.3591302490234375,-0.24899697265624998
1.820136308670044,-0.00479632466196915,-0.3950432739257812,-0.22505495605468748
1.840343952178955,-0.0057289433462409285,-0.37828386230468747,-0.24899697265624998
1.860050916671753,-0.005196018383799912,-0.3687070556640625,-0.22266075439453123
1.880136251449585,-0.004529862180748642,-0.39743747558593745,-0.2442085693359375
1.9001610279083252,-0.002531393571594829,-0.3687070556640625,-0.22744915771484372
1.9202773571014404,-0.001732006127933304,-0.3806780639648437,-0.24181436767578124
1.9403047561645508,-0.0037304747370871167,-0.35673604736328124,-0.26336218261718747
1.9603021144866943,-0.0030643185340358454,-0.3806780639648437,-0.22505495605468748
1.9806885719299316,-0.002531393571594829,-0.35673604736328124,-0.2561795776367187
2.000498056411743,-0.004263399699528133,-0.38307226562499996,-0.22505495605468748
2.020228147506714,-0.007993874436615249,-0.3950432739257812,-0.25139117431640623
2.0412344932556152,-0.0019984686091538122,-0.39743747558593745,-0.26815058593749996
2.0606460571289062,-0.007993874436615249,-0.3950432739257812,-0.22266075439453123
2.080179452896118,-0.0037304747370871167,-0.39743747558593745,-0.26336218261718747
2.1009840965270996,-0.005196018383799912,-0.40222587890625,-0.25139117431640623
2.1203675270080566,-0.004929555902579405,-0.3711012573242187,-0.22744915771484372
2.140375852584839,-0.0058621745868511835,-0.38786066894531246,-0.2537853759765625
2.160076379776001,-0.0033307810152563544,-0.38307226562499996,-0.21787235107421873
2.180272102355957,-0.0006661562030512709,-0.39264907226562495,-0.2537853759765625
2.2006030082702637,-0.007194486992953725,-0.38307226562499996,-0.1867477294921875
2.220243453979492,-0.006261868308681946,-0.41419688720703124,-0.22505495605468748
2.240353584289551,-0.005196018383799912,-0.36631285400390623,-0.2059013427734375
2.2599895000457764,-0.007194486992953725,-0.40940848388671874,-0.21787235107421873
2.2799808979034424,-0.005995405827461438,-0.38307226562499996,-0.20829554443359374
2.2999496459960938,0.00013323124061025415,-0.39264907226562495,-0.24660277099609373
2.320028781890869,-0.0075941807147844875,-0.40940848388671874,-0.20350714111328125
2.340362071990967,-0.002797856052815337,-0.41419688720703124,-0.2154781494140625
2.360010862350464,-0.007061255752343471,-0.39983167724609375,-0.21787235107421873
2.3798420429229736,-0.006661562030512709,-0.3758896606445312,-0.21308394775390624
2.40010666847229,-0.001732006127933304,-0.3327940307617187,-0.2346317626953125
2.419950246810913,-0.008393568158446012,-0.41898529052734373,-0.239420166015625
2.4402968883514404,-0.0057289433462409285,-0.3687070556640625,-0.22266075439453123
2.4600236415863037,-0.0058621745868511835,-0.36152445068359373,-0.24899697265624998
2.4799647331237793,-0.008127105677225504,-0.4261678955078125,-0.2154781494140625
2.4999160766601562,-0.0037304747370871167,-0.39743747558593745,-0.22744915771484372
2.5202038288116455,-0.005329249624410167,-0.39264907226562495,-0.23702596435546874
2.5407233238220215,-0.0057289433462409285,-0.3591302490234375,-0.239420166015625
2.560018539428711,-0.009992343045769061,-0.3854664672851562,-0.26336218261718747
2.5799689292907715,-0.0039969372183076245,-0.3854664672851562,-0.23702596435546874
2.599963426589966,-0.004263399699528133,-0.39983167724609375,-0.229843359375
2.9359612464904785,-0.0058621745868511835,-0.373495458984375,-0.21787235107421873
2.9361023902893066,-0.0058621745868511835,-0.41419688720703124,-0.23702596435546874
2.9363644123077393,-0.003863705977697371,-0.3758896606445312,-0.2346317626953125
2.9364757537841797,-0.003863705977697371,-0.38786066894531246,-0.21787235107421873
2.9365744590759277,-0.007061255752343471,-0.3711012573242187,-0.20829554443359374
2.9366211891174316,-0.006661562030512709,-0.3447650390625,-0.23223756103515625
2.9366848468780518,-0.005329249624410167,-0.3495534423828125,-0.2609679809570312
2.936741352081299,-0.004396630940138387,-0.38307226562499996,-0.19632453613281248
2.9367775917053223,-0.005196018383799912,-0.373495458984375,-0.22266075439453123
2.9368133544921875,-0.005595712105630674,-0.373495458984375,-0.28490999755859375
2.9368503093719482,-0.0035972434964768626,-0.36152445068359373,-0.2346317626953125
2.936885356903076,-0.0019984686091538122,-0.4165910888671875,-0.27293898925781246
2.940119743347168,-0.0057289433462409285,-0.373495458984375,-0.239420166015625
2.960580825805664,-0.004529862180748642,-0.36631285400390623,-0.19632453613281248
2.980067491531372,-0.0014655436467127959,-0.36631285400390623,-0.21787235107421873
3.000152349472046,-0.0013323124061025418,-0.3950432739257812,-0.28012159423828126
3.0199451446533203,-0.002797856052815337,-0.40222587890625,-0.2346317626953125
3.0402581691741943,-0.006661562030512709,-0.3854664672851562,-0.2154781494140625
3.0599398612976074,-0.0026646248122050836,-0.39983167724609375,-0.229843359375
3.079965114593506,-0.004396630940138387,-0.41419688720703124,-0.2346317626953125
3.1000030040740967,-0.003464012255866608,-0.40222587890625,-0.2561795776367187
3.1198065280914307,-0.009059724361497283,-0.411802685546875,-0.2561795776367187
3.1398208141326904,-0.009992343045769061,-0.40222587890625,-0.24181436767578124
3.1597816944122314,-0.004929555902579405,-0.3758896606445312,-0.23223756103515625
3.1797804832458496,-0.0009326186842717792,-0.3806780639648437,-0.23702596435546874
3.199871301651001,-0.005462480865020421,-0.39743747558593745,-0.2561795776367187
3.2200632095336914,-0.007727411955394742,-0.3854664672851562,-0.239420166015625
3.2399537563323975,-0.006261868308681946,-0.38307226562499996,-0.23702596435546874
3.260211706161499,-0.004263399699528133,-0.373495458984375,-0.2705447875976562
3.2802603244781494,-0.0075941807147844875,-0.35673604736328124,-0.24660277099609373
3.299940347671509,-0.005462480865020421,-0.3687070556640625,-0.2561795776367187
3.3199009895324707,-0.0014655436467127959,-0.3687070556640625,-0.2537853759765625
3.3399903774261475,-0.006128637068071691,-0.40940848388671874,-0.18914193115234373
3.3602592945098877,-0.008526799399056265,-0.3950432739257812,-0.258573779296875
3.3799664974212646,-0.0035972434964768626,-0.33518823242187495,-0.23223756103515625
3.400080442428589,-0.007194486992953725,-0.3806780639648437,-0.24181436767578124
3.4199330806732178,-0.0035972434964768626,-0.3711012573242187,-0.22744915771484372
3.440225601196289,0.0005329249624410166,-0.3950432739257812,-0.2537853759765625
3.460134983062744,-0.0037304747370871167,-0.38307226562499996,-0.2442085693359375
3.4803271293640137,-0.010258805526989571,-0.373495458984375,-0.24181436767578124
3.5002410411834717,-0.0073277182335639785,-0.36631285400390623,-0.26336218261718747
3.519850015640259,-0.002531393571594829,-0.3591302490234375,-0.201112939453125
3.5408270359039307,-0.0057289433462409285,-0.38786066894531246,-0.2059013427734375
3.560070753097534,-0.005329249624410167,-0.39983167724609375,-0.239420166015625
3.57987904548645,-0.004929555902579405,-0.40222587890625,-0.239420166015625
3.5999629497528076,-0.0021316998497640663,-0.3854664672851562,-0.2537853759765625
3.619800090789795,-0.009459418083328047,-0.3854664672851562,-0.2154781494140625
3.639842987060547,-0.006794793271122962,-0.4070142822265625,-0.20829554443359374
3.659956216812134,-0.005062787143189658,-0.33758243408203126,-0.2609679809570312
3.6799471378326416,-0.004263399699528133,-0.36391865234375,-0.22266075439453123
3.7005155086517334,-0.004663093421358896,-0.36152445068359373,-0.25139117431640623
3.720024824142456,-0.002398162330984575,-0.37828386230468747,-0.24660277099609373
3.7401039600372314,-0.008926493120887028,-0.3758896606445312,-0.23223756103515625
3.7597522735595703,-0.0033307810152563544,-0.37828386230468747,-0.2442085693359375
3.7799510955810547,-0.002398162330984575,-0.37828386230468747,-0.24899697265624998
3.799752712249756,-0.0074609494741742334,-0.3711012573242187,-0.20829554443359374
3.819941997528076,-0.006794793271122962,-0.3591302490234375,-0.229843359375
3.8397512435913086,-0.00866003063966652,-0.373495458984375,-0.2059013427734375
3.8597917556762695,-0.000799387443661525,-0.42377369384765623,-0.22266075439453123
3.8798017501831055,-0.006128637068071691,-0.40940848388671874,-0.21308394775390624
3.899754762649536,-0.0033307810152563544,-0.4333505004882812,-0.23702596435546874
3.919787645339966,-0.0074609494741742334,-0.3854664672851562,-0.239420166015625
3.9399049282073975,-0.005062787143189658,-0.39264907226562495,-0.26336218261718747
3.9596781730651855,-0.009992343045769061,-0.33758243408203126,-0.21787235107421873
3.979914426803589,-0.004263399699528133,-0.3687070556640625,-0.239420166015625
3.9997949600219727,-0.0011990811654922875,-0.37828386230468747,-0.20350714111328125
4.019837379455566,-0.0033307810152563544,-0.4070142822265625,-0.19153613281249998
4.039917945861816,-0.009725880564548555,-0.3854664672851562,-0.22026655273437498
4.059805154800415,-0.005462480865020421,-0.39264907226562495,-0.229843359375
4.079774618148804,-0.006261868308681946,-0.4333505004882812,-0.23223756103515625
4.09977650642395,-0.0063950995492922,-0.3687070556640625,-0.23702596435546874
4.120334148406982,-0.0073277182335639785,-0.37828386230468747,-0.2537853759765625
4.139968395233154,-0.003464012255866608,-0.3591302490234375,-0.2537853759765625
4.161208629608154,-0.003863705977697371,-0.36391865234375,-0.2537853759765625
4.179782152175903,-0.005462480865020421,-0.3711012573242187,-0.22026655273437498
4.199994087219238,-0.0033307810152563544,-0.3591302490234375,-0.24660277099609373
4.2198991775512695,-0.005995405827461438,-0.40462008056640625,-0.22505495605468748
4.239917039871216,-0.0002664624812205083,-0.3806780639648437,-0.2753331909179687
4.25990104675293,-0.004929555902579405,-0.3711012573242187,-0.22744915771484372
4.279875993728638,-0.005196018383799912,-0.38307226562499996,-0.229843359375
4.2997658252716064,-0.008526799399056265,-0.39264907226562495,-0.21308394775390624
4.319680690765381,-0.003863705977697371,-0.3854664672851562,-0.23223756103515625
4.339901447296143,-0.007194486992953725,-0.4070142822265625,-0.2753331909179687
4.359983205795288,-0.006528330789902454,-0.33518823242187495,-0.2346317626953125
4.379894256591797,-0.0037304747370871167,-0.39264907226562495,-0.24660277099609373
4.399890422821045,-0.007061255752343471,-0.3687070556640625,-0.239420166015625
4.419730186462402,-0.008260336917835759,-0.35673604736328124,-0.239420166015625
4.43976092338562,-0.004130168458917879,-0.36631285400390623,-0.22026655273437498
4.459691762924194,-0.005595712105630674,-0.39743747558593745,-0.22744915771484372
4.479919910430908,-0.00479632466196915,-0.40462008056640625,-0.239420166015625
4.499871730804443,-0.005995405827461438,-0.354341845703125,-0.23223756103515625
4.52086329460144,-0.008127105677225504,-0.3902548706054687,-0.22744915771484372
4.5406951904296875,-0.0026646248122050836,-0.3711012573242187,-0.21787235107421873
4.559985399246216,-0.009059724361497283,-0.3806780639648437,-0.22505495605468748
4.5798115730285645,-0.007727411955394742,-0.38307226562499996,-0.24660277099609373
4.5999062061309814,-0.006128637068071691,-0.4285620971679687,-0.2561795776367187
4.619895696640015,-0.0035972434964768626,-0.39743747558593745,-0.21787235107421873
4.640164136886597,-0.0031975497746461,-0.37828386230468747,-0.21787235107421873
4.659849643707275,-0.004396630940138387,-0.39743747558593745,-0.26815058593749996
4.680429220199585,-0.005462480865020421,-0.373495458984375,-0.2346317626953125
4.6998772621154785,-0.008526799399056265,-0.40940848388671874,-0.2442085693359375
4.719895362854004,-0.005995405827461438,-0.4070142822265625,-0.24181436767578124
4.739871263504028,-0.0019984686091538122,-0.373495458984375,-0.24660277099609373
4.759882926940918,-0.005062787143189658,-0.3902548706054687,-0.239420166015625
4.779825448989868,-0.007194486992953725,-0.3854664672851562,-0.20350714111328125
4.799838542938232,-0.004396630940138387,-0.38786066894531246,-0.2561795776367187
4.819774389266968,-0.002797856052815337,-0.38307226562499996,-0.2537853759765625
4.839640140533447,-0.004130168458917879,-0.36631285400390623,-0.2561795776367187
4.859865188598633,-0.006661562030512709,-0.3687070556640625,-0.22026655273437498
4.879728317260742,-0.005462480865020421,-0.40940848388671874,-0.201112939453125
4.899730682373047,-0.005995405827461438,-0.3854664672851562,-0.24181436767578124
4.919737815856934,-0.004663093421358896,-0.39264907226562495,-0.2561795776367187
4.939935922622681,-0.0030643185340358454,-0.38307226562499996,-0.21787235107421873
4.959826231002808,-0.0073277182335639785,-0.3591302490234375,-0.19871873779296872
4.979978084564209,-0.004130168458917879,-0.3758896606445312,-0.239420166015625
4.999907493591309,-0.00159877488732305,-0.39264907226562495,-0.22266075439453123
5.019944190979004,-0.004663093421358896,-0.3950432739257812,-0.229843359375
5.040341377258301,-0.005329249624410167,-0.36152445068359373,-0.24181436767578124
5.060237407684326,-0.0006661562030512709,-0.3447650390625,-0.23223756103515625
5.080184459686279,-0.005062787143189658,-0.41419688720703124,-0.2561795776367187
5.100359678268433,-0.0037304747370871167,-0.38307226562499996,-0.22744915771484372
5.1204118728637695,-0.001732006127933304,-0.40940848388671874,-0.229843359375
5.140089273452759,-0.0057289433462409285,-0.35673604736328124,-0.22744915771484372
5.1601033210754395,-0.0011990811654922875,-0.36391865234375,-0.21787235107421873
5.179951906204224,-0.002398162330984575,-0.37828386230468747,-0.22505495605468748
5.199936866760254,-0.007194486992953725,-0.40222587890625,-0.2442085693359375
5.219816446304321,-0.009326186842717792,-0.3758896606445312,-0.2537853759765625
5.240293025970459,-0.004263399699528133,-0.3687070556640625,-0.2537853759765625
5.259932041168213,-0.004929555902579405,-0.42377369384765623,-0.2154781494140625
5.279641151428223,-0.006261868308681946,-0.3758896606445312,-0.239420166015625
5.299890995025635,-0.006128637068071691,-0.39983167724609375,-0.239420166015625
5.319937467575073,-0.005462480865020421,-0.3711012573242187,-0.258573779296875
5.339923620223999,-0.009459418083328047,-0.36631285400390623,-0.229843359375
5.359839677810669,-0.004663093421358896,-0.4165910888671875,-0.2346317626953125
5.379853248596191,-0.010125574286379316,-0.36631285400390623,-0.2537853759765625
5.3998987674713135,-0.0063950995492922,-0.38307226562499996,-0.2705447875976562
5.419752836227417,-0.005462480865020421,-0.40462008056640625,-0.21068974609375
5.439926385879517,-0.002531393571594829,-0.38307226562499996,-0.2442085693359375
5.459847450256348,-0.007194486992953725,-0.3854664672851562,-0.20350714111328125
5.479948997497559,-0.002264931090374321,-0.33758243408203126,-0.22505495605468748
5.499862432479858,-0.002398162330984575,-0.35194764404296874,-0.20829554443359374
5.519787549972534,-0.008926493120887028,-0.3854664672851562,-0.2346317626953125
5.541196823120117,-0.004130168458917879,-0.36152445068359373,-0.24660277099609373
5.55988335609436,-0.002531393571594829,-0.40940848388671874,-0.25139117431640623
5.580408573150635,-0.006661562030512709,-0.36152445068359373,-0.239420166015625
5.599997520446777,-0.00159877488732305,-0.36391865234375,-0.2561795776367187
5.6202168464660645,-0.009059724361497283,-0.37828386230468747,-0.2561795776367187
5.640071392059326,-0.005595712105630674,-0.4070142822265625,-0.22505495605468748
5.660219430923462,-0.005595712105630674,-0.38786066894531246,-0.24181436767578124
5.679743528366089,-0.004663093421358896,-0.40222587890625,-0.22026655273437498
5.700562000274658,-0.006794793271122962,-0.3591302490234375,-0.239420166015625
5.720746994018555,-0.008526799399056265,-0.3950432739257812,-0.27293898925781246
5.74071478843689,-0.0029310872934255917,-0.40462008056640625,-0.22505495605468748
5.759748697280884,-0.006528330789902454,-0.37828386230468747,-0.239420166015625
5.779875993728638,-0.0057289433462409285,-0.354341845703125,-0.22744915771484372
5.800195932388306,-0.0006661562030512709,-0.3950432739257812,-0.2346317626953125
5.820662260055542,-0.0031975497746461,-0.3591302490234375,-0.23702596435546874
5.840802192687988,-0.008393568158446012,-0.3711012573242187,-0.22026655273437498
5.8600311279296875,-0.004263399699528133,-0.34715924072265625,-0.239420166015625
5.8797807693481445,-0.0021316998497640663,-0.39983167724609375,-0.21068974609375
5.8998024463653564,-0.0075941807147844875,-0.3806780639648437,-0.2442085693359375
5.919755458831787,-0.006794793271122962,-0.37828386230468747,-0.26815058593749996
5.940025568008423,-0.002398162330984575,-0.35673604736328124,-0.24660277099609373
5.959750652313232,-0.005995405827461438,-0.3950432739257812,-0.18914193115234373
5.979914665222168,-0.005462480865020421,-0.36152445068359373,-0.21308394775390624
5.999872446060181,-0.005995405827461438,-0.373495458984375,-0.24899697265624998
6.020157814025879,-0.0057289433462409285,-0.38786066894531246,-0.2561795776367187
6.039635896682739,-0.006661562030512709,-0.38786066894531246,-0.24899697265624998
6.05979323387146,-0.003863705977697371,-0.38786066894531246,-0.229843359375
6.080252408981323,-0.007727411955394742,-0.3902548706054687,-0.2346317626953125
6.0995588302612305,-0.0033307810152563544,-0.37828386230468747,-0.22505495605468748
6.119595766067505,-0.007061255752343471,-0.41419688720703124,-0.22026655273437498
6.140316009521484,-0.006794793271122962,-0.38307226562499996,-0.21068974609375
6.160067081451416,-0.006528330789902454,-0.36391865234375,-0.2609679809570312
6.1800312995910645,-0.0035972434964768626,-0.3687070556640625,-0.22744915771484372
6.200155258178711,-0.0075941807147844875,-0.430956298828125,-0.25139117431640623
6.220091104507446,-0.008393568158446012,-0.3327940307617187,-0.21308394775390624
6.240203380584717,-0.002797856052815337,-0.35673604736328124,-0.22266075439453123
6.2603960037231445,-0.008926493120887028,-0.40940848388671874,-0.2442085693359375
6.279841899871826,-0.008393568158446012,-0.3711012573242187,-0.2537853759765625
6.300138473510742,-0.006261868308681946,-0.34237083740234375,-0.21308394775390624
6.31992244720459,-0.004263399699528133,-0.3854664672851562,-0.23702596435546874
6.344277858734131,-0.005062787143189658,-0.3902548706054687,-0.229843359375
6.367652654647827,-0.004529862180748642,-0.3854664672851562,-0.24181436767578124
6.387956857681274,-0.007993874436615249,-0.3902548706054687,-0.26815058593749996
6.402726173400879,-0.004130168458917879,-0.3902548706054687,-0.229843359375
6.4204206466674805,-0.005595712105630674,-0.37828386230468747,-0.22026655273437498
6.440490007400513,-0.004529862180748642,-0.373495458984375,-0.2537853759765625
6.460164785385132,-0.005995405827461438,-0.39983167724609375,-0.239420166015625
6.480104446411133,-0.0005329249624410166,-0.40222587890625,-0.2561795776367187
6.50016975402832,-0.008393568158446012,-0.3854664672851562,-0.24660277099609373
6.519914150238037,-0.004663093421358896,-0.40940848388671874,-0.25139117431640623
6.540441989898682,-0.004929555902579405,-0.39264907226562495,-0.26336218261718747
6.560183525085449,-0.0058621745868511835,-0.3806780639648437,-0.24899697265624998
6.580199480056763,-0.0026646248122050836,-0.40222587890625,-0.24660277099609373
6.600442409515381,-0.004263399699528133,-0.3711012573242187,-0.24660277099609373
6.6200737953186035,-0.00479632466196915,-0.39264907226562495,-0.2561795776367187
6.640265464782715,-0.0026646248122050836,-0.39264907226562495,-0.26336218261718747
6.6616294384002686,-0.006661562030512709,-0.4070142822265625,-0.277727392578125
6.68180513381958,-0.005196018383799912,-0.38786066894531246,-0.21068974609375
6.69996190071106,-0.007727411955394742,-0.37828386230468747,-0.19632453613281248
6.721534967422485,-0.009059724361497283,-0.3806780639648437,-0.229843359375
6.740384101867676,-0.007993874436615249,-0.38307226562499996,-0.2059013427734375
6.759797811508179,-0.006794793271122962,-0.3591302490234375,-0.23223756103515625
6.779727935791016,-0.005995405827461438,-0.38786066894531246,-0.239420166015625
6.7998833656311035,-0.0057289433462409285,-0.32561142578124996,-0.24181436767578124
6.8196492195129395,-0.0030643185340358454,-0.3902548706054687,-0.26815058593749996
6.839703798294067,-0.00479632466196915,-0.40222587890625,-0.229843359375
6.859799146652222,-0.007061255752343471,-0.373495458984375,-0.19393033447265623
6.879587411880493,-0.005995405827461438,-0.40462008056640625,-0.22026655273437498
6.899639844894409,-0.0009326186842717792,-0.411802685546875,-0.20829554443359374
6.919343709945679,-0.004929555902579405,-0.36152445068359373,-0.21787235107421873
6.940328359603882,-0.006794793271122962,-0.3687070556640625,-0.24660277099609373
6.959772348403931,-0.004396630940138387,-0.3806780639648437,-0.277727392578125
6.979525566101074,-0.005595712105630674,-0.3711012573242187,-0.258573779296875
6.999963045120239,-0.0058621745868511835,-0.39264907226562495,-0.23702596435546874
7.02044415473938,-0.010258805526989571,-0.40940848388671874,-0.26815058593749996
7.040102958679199,-0.004263399699528133,-0.35673604736328124,-0.21787235107421873
7.060363531112671,-0.006928024511733216,-0.40222587890625,-0.22505495605468748
7.080080032348633,-0.0035972434964768626,-0.3902548706054687,-0.229843359375
7.100250244140625,-0.00479632466196915,-0.354341845703125,-0.2537853759765625
7.119877815246582,-0.004929555902579405,-0.3711012573242187,-0.229843359375
7.140212059020996,-0.0031975497746461,-0.35673604736328124,-0.23223756103515625
7.160291910171509,-0.007727411955394742,-0.39264907226562495,-0.20829554443359374
7.18013072013855,-0.0035972434964768626,-0.36391865234375,-0.20829554443359374
7.199983835220337,-0.007993874436615249,-0.3902548706054687,-0.24181436767578124
7.2198615074157715,-0.0030643185340358454,-0.40462008056640625,-0.229843359375
7.239786863327026,-0.005196018383799912,-0.3806780639648437,-0.2442085693359375
7.260178804397583,-0.006128637068071691,-0.3591302490234375,-0.26336218261718747
7.280115127563477,-0.0037304747370871167,-0.39743747558593745,-0.229843359375
7.299993515014648,-0.0063950995492922,-0.354341845703125,-0.2442085693359375
7.319711923599243,-0.003464012255866608,-0.3687070556640625,-0.25139117431640623
7.339929819107056,-0.005995405827461438,-0.3711012573242187,-0.2537853759765625
7.360005617141724,-0.005995405827461438,-0.36152445068359373,-0.2442085693359375
7.379995107650757,-0.007727411955394742,-0.3854664672851562,-0.2346317626953125
7.399982929229736,-0.007194486992953725,-0.411802685546875,-0.2154781494140625
7.419870138168335,-0.008926493120887028,-0.3902548706054687,-0.24899697265624998
7.44002628326416,-0.0039969372183076245,-0.38307226562499996,-0.21308394775390624
7.460174560546875,-0.007993874436615249,-0.34237083740234375,-0.23223756103515625
7.480038404464722,-0.0030643185340358454,-0.3950432739257812,-0.229843359375
7.500164031982422,-0.0063950995492922,-0.3280056274414062,-0.2346317626953125
7.519940137863159,-0.008127105677225504,-0.38786066894531246,-0.24181436767578124
7.540798187255859,-0.006661562030512709,-0.373495458984375,-0.239420166015625
7.560154914855957,-0.0026646248122050836,-0.430956298828125,-0.24899697265624998
7.57996392250061,-0.0057289433462409285,-0.3758896606445312,-0.24181436767578124
7.600113391876221,-0.005329249624410167,-0.36152445068359373,-0.239420166015625
7.620006561279297,-0.007860643196004996,-0.39743747558593745,-0.26336218261718747
7.6403138637542725,-0.0030643185340358454,-0.3950432739257812,-0.2442085693359375
7.66006326675415,-0.005595712105630674,-0.36391865234375,-0.2537853759765625
7.680214881896973,-0.00866003063966652,-0.3854664672851562,-0.25139117431640623
7.70024561882019,-0.00479632466196915,-0.3854664672851562,-0.28012159423828126
7.720003843307495,-0.008793261880276773,-0.39264907226562495,-0.20829554443359374
7.739961624145508,-0.0039969372183076245,-0.3687070556640625,-0.2346317626953125
7.760109901428223,-0.0019984686091538122,-0.3591302490234375,-0.239420166015625
7.7799036502838135,-0.004663093421358896,-0.3758896606445312,-0.22266075439453123
7.80046534538269,-0.0021316998497640663,-0.38786066894531246,-0.22505495605468748
7.820380926132202,-0.0095926493239383,-0.3591302490234375,-0.2059013427734375
7.840253591537476,-0.006661562030512709,-0.38307226562499996,-0.23702596435546874
7.860275745391846,-0.0029310872934255917,-0.3806780639648437,-0.21068974609375
7.880005121231079,-0.005196018383799912,-0.38786066894531246,-0.21787235107421873
7.900095462799072,-0.0033307810152563544,-0.39743747558593745,-0.22026655273437498
7.920231580734253,-0.0057289433462409285,-0.39264907226562495,-0.22026655273437498
7.940075635910034,-0.007194486992953725,-0.354341845703125,-0.19632453613281248
7.960050344467163,-0.010791730489430587,-0.36631285400390623,-0.19632453613281248
7.979890823364258,-0.003863705977697371,-0.38786066894531246,-0.239420166015625
8.000398874282837,-0.004663093421358896,-0.37828386230468747,-0.24899697265624998
8.019888401031494,-0.005062787143189658,-0.37828386230468747,-0.26815058593749996
8.040448427200317,-0.0075941807147844875,-0.40222587890625,-0.24660277099609373
8.060132026672363,-0.004263399699528133,-0.4070142822265625,-0.22026655273437498
8.079962491989136,-0.0014655436467127959,-0.40940848388671874,-0.26336218261718747
8.100173473358154,-0.006794793271122962,-0.3758896606445312,-0.2561795776367187
8.120049953460693,-0.0057289433462409285,-0.3854664672851562,-0.22266075439453123
8.139984607696533,-0.004929555902579405,-0.3687070556640625,-0.2059013427734375
8.160414457321167,-0.002531393571594829,-0.40462008056640625,-0.24181436767578124
8.180166721343994,-0.004263399699528133,-0.37828386230468747,-0.2561795776367187
8.200285196304321,-0.0033307810152563544,-0.36152445068359373,-0.2657563842773437
8.219911575317383,-0.006928024511733216,-0.373495458984375,-0.21068974609375
8.240469217300415,-0.005995405827461438,-0.41419688720703124,-0.2609679809570312
8.260464668273926,-0.0030643185340358454,-0.373495458984375,-0.26336218261718747
8.279996395111084,-0.005595712105630674,-0.373495458984375,-0.21787235107421873
8.299982786178589,-0.010924961730040842,-0.39743747558593745,-0.2442085693359375
8.319793462753296,-0.006261868308681946,-0.35194764404296874,-0.2561795776367187
8.340144395828247,-0.006528330789902454,-0.3711012573242187,-0.25139117431640623
8.360623836517334,-0.004396630940138387,-0.40222587890625,-0.21787235107421873
8.379903316497803,-0.0057289433462409285,-0.40222587890625,-0.25139117431640623
8.400476455688477,-0.00479632466196915,-0.3806780639648437,-0.22026655273437498
8.419774055480957,-0.0018652373685435584,-0.3711012573242187,-0.28730419921875
8.440301179885864,-0.0075941807147844875,-0.3758896606445312,-0.20350714111328125
8.460647583007812,-0.007194486992953725,-0.354341845703125,-0.239420166015625
8.48000192642212,-0.005329249624410167,-0.3711012573242187,-0.24899697265624998
8.500103235244751,-0.006261868308681946,-0.38786066894531246,-0.17956512451171874
8.519935607910156,-0.03410719759622506,-0.3806780639648437,-0.2537853759765625
8.540064334869385,-0.00866003063966652,-0.36391865234375,-0.23702596435546874
8.560356140136719,-0.0018652373685435584,-0.37828386230468747,-0.2561795776367187
8.57996678352356,-0.00479632466196915,-0.40222587890625,-0.22744915771484372
8.59997272491455,-0.0074609494741742334,-0.3758896606445312,-0.23223756103515625
8.619994401931763,-0.0030643185340358454,-0.37828386230468747,-0.2609679809570312
8.640637874603271,-0.0039969372183076245,-0.36391865234375,-0.21787235107421873
8.660430669784546,-0.005062787143189658,-0.3950432739257812,-0.22266075439453123
8.680363893508911,-0.006661562030512709,-0.3687070556640625,-0.2825157958984375
8.700265407562256,-0.0058621745868511835,-0.39743747558593745,-0.20829554443359374
8.71988034248352,-0.00479632466196915,-0.36631285400390623,-0.23702596435546874
8.740270376205444,-0.011990811654922875,-0.354341845703125,-0.2657563842773437
8.76036286354065,-0.0063950995492922,-0.38786066894531246,-0.19632453613281248
8.779974460601807,-0.0037304747370871167,-0.40462008056640625,-0.239420166015625
8.800195693969727,-0.005062787143189658,-0.36631285400390623,-0.2346317626953125
8.819963455200195,-0.008260336917835759,-0.38786066894531246,-0.24181436767578124
8.840336561203003,-0.004929555902579405,-0.3902548706054687,-0.19153613281249998
8.862561464309692,-0.003863705977697371,-0.34715924072265625,-0.2705447875976562
8.880270957946777,-0.007194486992953725,-0.39264907226562495,-0.22744915771484372
8.900214195251465,-0.0058621745868511835,-0.3327940307617187,-0.23702596435546874
8.920222282409668,-0.005062787143189658,-0.4285620971679687,-0.2561795776367187
8.940048933029175,-0.004263399699528133,-0.3711012573242187,-0.23702596435546874
8.960181474685669,-0.0057289433462409285,-0.3950432739257812,-0.258573779296875
8.97982931137085,-0.0037304747370871167,-0.36391865234375,-0.23223756103515625
9.000163555145264,-0.004263399699528133,-0.41419688720703124,-0.24181436767578124
9.019906997680664,-0.005462480865020421,-0.39983167724609375,-0.20350714111328125
9.040228128433228,-0.005995405827461438,-0.36152445068359373,-0.22266075439453123
9.06065821647644,-0.00479632466196915,-0.38786066894531246,-0.258573779296875
9.080005168914795,-0.007061255752343471,-0.373495458984375,-0.21308394775390624
9.100268602371216,-0.005062787143189658,-0.37828386230468747,-0.24899697265624998
9.11990213394165,-0.0074609494741742334,-0.34715924072265625,-0.26336218261718747
9.140108585357666,-0.00479632466196915,-0.36631285400390623,-0.24899697265624998
9.160223245620728,-0.001732006127933304,-0.3591302490234375,-0.2705447875976562
9.180038690567017,-0.002797856052815337,-0.3806780639648437,-0.23223756103515625
9.20020055770874,-0.0075941807147844875,-0.39743747558593745,-0.2442085693359375
9.220053434371948,-0.0074609494741742334,-0.3687070556640625,-0.2609679809570312
9.240491151809692,-0.0063950995492922,-0.3806780639648437,-0.24181436767578124
9.260379552841187,-0.0058621745868511835,-0.36631285400390623,-0.2059013427734375
9.279803037643433,-0.006928024511733216,-0.3902548706054687,-0.26815058593749996
9.300000667572021,-0.004263399699528133,-0.39743747558593745,-0.2442085693359375
9.319783449172974,-0.0063950995492922,-0.39743747558593745,-0.2561795776367187
9.340156078338623,-0.0073277182335639785,-0.42377369384765623,-0.22026655273437498
9.360160112380981,-0.0058621745868511835,-0.3591302490234375,-0.2609679809570312
9.380052328109741,-0.006528330789902454,-0.3854664672851562,-0.25139117431640623
9.40082049369812,-0.008127105677225504,-0.39983167724609375,-0.2537853759765625
9.42005443572998,-0.005995405827461438,-0.3950432739257812,-0.22266075439453123
9.439859628677368,-0.0033307810152563544,-0.41419688720703124,-0.22266075439453123
9.460134983062744,-0.002264931090374321,-0.35194764404296874,-0.24899697265624998
9.480244159698486,-0.005595712105630674,-0.3495534423828125,-0.2346317626953125
9.500229120254517,-0.001732006127933304,-0.35194764404296874,-0.26815058593749996
9.519909143447876,-0.011457886692481857,-0.38307226562499996,-0.2705447875976562
9.541586875915527,-0.0033307810152563544,-0.373495458984375,-0.23223756103515625
9.560078382492065,-0.005196018383799912,-0.40462008056640625,-0.239420166015625
9.579888105392456,-0.0058621745868511835,-0.39264907226562495,-0.24181436767578124
9.599984169006348,-0.010125574286379316,-0.38786066894531246,-0.2561795776367187
9.619965553283691,-0.004263399699528133,-0.40940848388671874,-0.229843359375
9.63982605934143,-0.0033307810152563544,-0.3758896606445312,-0.2609679809570312
9.660165309906006,-0.005329249624410167,-0.3950432739257812,-0.19153613281249998
9.680280208587646,-0.006794793271122962,-0.3447650390625,-0.20829554443359374
9.700059175491333,-0.005995405827461438,-0.35673604736328124,-0.258573779296875
9.720224857330322,-0.005062787143189658,-0.3902548706054687,-0.22266075439453123
9.740583896636963,-0.002398162330984575,-0.37828386230468747,-0.21787235107421873
9.760278940200806,-0.007860643196004996,-0.4070142822265625,-0.23223756103515625
9.77994704246521,-0.004663093421358896,-0.4165910888671875,-0.2753331909179687
9.800172805786133,-0.01052526800821008,-0.41898529052734373,-0.20350714111328125
9.819969177246094,-0.00866003063966652,-0.37828386230468747,-0.22026655273437498
9.839911937713623,-0.005995405827461438,-0.39983167724609375,-0.23702596435546874
9.860477209091187,-0.0033307810152563544,-0.37828386230468747,-0.2753331909179687
9.879972457885742,-0.00479632466196915,-0.3806780639648437,-0.19393033447265623
9.899983882904053,-0.0063950995492922,-0.38307226562499996,-0.22505495605468748
9.919937372207642,-0.002797856052815337,-0.40940848388671874,-0.23223756103515625
9.940235137939453,-0.009459418083328047,-0.38786066894531246,-0.21787235107421873
9.960009813308716,-0.008127105677225504,-0.3447650390625,-0.13646949462890623
9.979836463928223,-0.0063950995492922,-0.4070142822265625,-0.22505495605468748
9.999897956848145,-0.004929555902579405,-0.41419688720703124,-0.26336218261718747
10.019694328308105,0.014655436467127957,-0.201112939453125,-0.37828386230468747
10.040363550186157,0.06808116395183987,-0.16519991455078123,-0.4572925170898437
10.060165643692017,0.07034609504221419,-0.023942016601562498,-0.47884033203125
10.079946041107178,0.0909969373368036,-0.3280056274414062,-0.2753331909179687
10.100053548812866,0.12803522222645425,-0.5339069702148437,-0.411802685546875
10.11995244026184,0.15414854538606407,-0.565031591796875,-0.7637503295898437
10.140266418457031,0.1732006127933304,-0.49799394531249996,-0.612915625
10.160488367080688,0.18572434941069432,-0.45968671875,-0.076614453125
10.180035591125488,0.17719755001163803,-0.0909796630859375,0.10773907470703124
10.19998836517334,0.15641347647643838,-0.4070142822265625,0.07422025146484375
10.219897270202637,0.15188361429568975,-0.373495458984375,0.09816226806640624
10.240015983581543,0.12563705989546967,-0.4740519287109375,-0.181959326171875
10.260082006454468,0.11471209816542884,-0.3184288208007812,0.047884033203124995
10.279844284057617,0.112180704593834,-0.5578489868164063,-0.16519991455078123
10.300012350082397,0.1293675346325568,-0.5698199951171875,-0.38307226562499996
10.319971561431885,0.13522970921940797,-0.507570751953125,-0.277727392578125
10.340180158615112,0.14482235854334627,-0.5817910034179687,-0.48123453369140623
10.360149145126343,0.15761255764193066,-0.0383072265625,-0.26336218261718747
10.379881620407104,0.16533996959732541,-0.16280571289062498,-0.22026655273437498
10.399901628494263,0.16880398185319204,-0.22505495605468748,-0.47165772705078124
10.41994857788086,0.16267534478512033,-0.3854664672851562,-0.22266075439453123
10.440018653869629,0.1552143953109461,-0.3064578125,-0.27293898925781246
10.460016965866089,0.1594777950104742,-0.411802685546875,-0.12210428466796874
10.4799165725708,0.1458882084682283,-0.6751648681640625,-0.09576806640624999
10.499994277954102,0.15068453313019745,-0.603338818359375,-0.21787235107421873
10.519993305206299,0.14801990831799236,-0.4285620971679687,-0.2825157958984375
10.54168963432312,0.160410413694746,-0.5626373901367188,-0.42377369384765623
10.560006380081177,0.15628024523582812,-0.4644751220703125,-0.3687070556640625
10.579975128173828,0.1557473202733871,-0.2442085693359375,-0.24181436767578124
10.600046157836914,0.15254977049874102,-0.41419688720703124,-0.07900865478515624
10.619930267333984,0.15761255764193066,-0.16519991455078123,-0.258573779296875
10.639911413192749,0.16533996959732541,-0.3591302490234375,-0.4477157104492187
10.660281419754028,0.1662725882815972,-0.28012159423828126,-0.2609679809570312
10.680023193359375,0.1456217459870078,-0.6057330200195312,-0.2920926025390625
10.700374841690063,0.14575497722761804,-0.32082302246093747,-0.11731588134765625
10.719913005828857,0.13562940294123874,-0.5315127685546874,-0.2154781494140625
10.740450620651245,0.1028545177511162,-0.6057330200195312,-0.15322890625
10.760096073150635,0.14135834628747967,-0.51714755859375,-0.229843359375
10.779972314834595,0.14135834628747967,-0.44053310546874996,-0.36631285400390623
10.800046443939209,0.15388208290484356,-0.41898529052734373,-0.34237083740234375
10.819936037063599,0.1633415009881716,-0.4333505004882812,-0.3711012573242187
10.839868783950806,0.1616094948602383,-0.24181436767578124,-0.2705447875976562
10.860118865966797,0.15761255764193066,-0.4285620971679687,-0.0526724365234375
10.879987955093384,0.1557473202733871,-0.3136404174804687,-0.1149216796875
10.90001893043518,0.14908575824287443,-0.30406361083984373,-0.26336218261718747
10.91983413696289,0.14548851474639754,-0.47644613037109373,-0.17238251953125
10.940273523330688,0.13149923448232087,-0.4740519287109375,-0.0430956298828125
10.960599422454834,0.1424241962123617,-0.1580173095703125,-0.26336218261718747
10.979859590530396,0.1500183769271462,-0.47644613037109373,-0.22026655273437498
10.99981164932251,0.1520168455363,-0.36152445068359373,-0.21068974609375
11.019750833511353,0.16067687617596652,-0.4740519287109375,-0.3327940307617187
11.040353775024414,0.15747932640132042,-0.40462008056640625,-0.3399766357421875
11.060725212097168,0.16320826974756136,-0.30885201416015623,-0.05985504150390625
11.080699682235718,0.16494027587549465,-0.36631285400390623,-0.20829554443359374
11.10038423538208,0.17026952549990482,-0.30406361083984373,-0.2657563842773437
11.11981725692749,0.15108422685202821,-0.4165910888671875,-0.28012159423828126
11.140384197235107,0.16214241982267932,-0.3806780639648437,-0.031124621582031248
11.160070657730103,0.15987748873230498,-0.34715924072265625,-0.1149216796875
11.179895401000977,0.1529494642205718,-0.3758896606445312,-0.21787235107421873
11.200162649154663,0.14015926512198737,-0.5219359619140624,-0.12689268798828124
11.219990253448486,0.1529494642205718,-0.36631285400390623,-0.28730419921875
11.240024328231812,0.14655436467127958,-0.488417138671875,-0.21308394775390624
11.260484218597412,0.14628790219005908,-0.3950432739257812,-0.12689268798828124
11.28001880645752,0.13496324673818746,-0.7517793212890624,-0.15562310791015624
11.299968004226685,0.1340306280539157,-0.4477157104492187,-0.16998831787109375
11.319948196411133,0.13736140906917205,-0.7565677246093749,-0.3687070556640625
11.340032815933228,0.14349004613724373,-0.1580173095703125,-0.0718260498046875
11.360753536224365,0.14229096497175145,-0.45968671875,-0.4525041137695312
11.379727125167847,0.14229096497175145,-0.3399766357421875,-0.3758896606445312
11.400035858154297,0.15508116407033584,-0.28490999755859375,-0.23223756103515625
11.419861078262329,0.16640581952220743,-0.5123591552734374,-0.38307226562499996
11.439920425415039,0.16560643207854595,-0.3687070556640625,-0.21068974609375
11.460729598999023,0.16214241982267932,-0.612915625,-0.14604630126953125
11.479762554168701,0.1616094948602383,-0.39983167724609375,-0.2609679809570312
11.500118494033813,0.1594777950104742,-0.5267243652343749,-0.2657563842773437
11.519864559173584,0.1584119450855922,-0.5458779785156249,-0.23223756103515625
11.540705919265747,0.14468912730273603,-0.4429273071289062,-0.14125789794921875
11.560352802276611,0.1482863707992129,-0.20829554443359374,-0.16041151123046873
11.580286026000977,0.15334915794240253,-0.3327940307617187,-0.08140285644531249
11.600150108337402,0.15161715181446922,-0.15562310791015624,-0.2154781494140625
11.619741201400757,0.15588055151399735,-0.5219359619140624,-0.35194764404296874
11.63974380493164,0.14628790219005908,-0.42377369384765623,-0.20829554443359374
11.66072940826416,0.1628085760257306,-0.3711012573242187,-0.29448680419921874
11.68004822731018,0.16827105689075103,-0.4261678955078125,-0.2657563842773437
11.700086832046509,0.16613935704098695,-0.5315127685546874,-0.2609679809570312
11.719929933547974,0.15068453313019745,-0.6344634399414062,-0.13646949462890623
11.740513563156128,0.15161715181446922,-0.42377369384765623,-0.0526724365234375
11.760576248168945,0.15108422685202821,-0.6057330200195312,-0.2346317626953125
11.779876947402954,0.1397595714001566,-0.39983167724609375,-0.1580173095703125
11.800103902816772,0.11937519158678774,-0.7350199096679687,-0.13646949462890623
11.819819688796997,0.13349770309147468,-0.17238251953125,-0.20829554443359374
11.839828491210938,0.14322358365602322,-0.3591302490234375,-0.3687070556640625
11.860607624053955,0.15215007677691025,-0.2657563842773437,-0.15322890625
11.879942655563354,0.15561408903277688,-0.55545478515625,-0.29927520751953124
11.900200366973877,0.1554808577921666,-0.36391865234375,-0.3112462158203125
11.919851064682007,0.16054364493535628,-0.584185205078125,-0.201112939453125
11.940051555633545,0.15694640143887942,-0.5626373901367188,-0.0383072265625
11.960464239120483,0.16214241982267932,-0.5386953735351562,-0.12689268798828124
11.979849338531494,0.14402297109968476,-0.584185205078125,-0.181959326171875
12.000583410263062,0.14548851474639754,-0.45010991210937495,-0.16519991455078123
12.019810676574707,0.14895252700226413,-0.5434837768554687,-0.296881005859375
12.039932250976562,0.15761255764193066,-0.35673604736328124,-0.28012159423828126
12.060725212097168,0.1517503830550795,-0.469263525390625,-0.4525041137695312
12.079848051071167,0.15921133252925374,-0.19871873779296872,-0.22505495605468748
12.100035905838013,0.1584119450855922,-0.3399766357421875,-0.12210428466796874
12.119917631149292,0.1628085760257306,-0.39743747558593745,-0.18914193115234373
12.140062093734741,0.14908575824287443,-0.5363011718749999,-0.2920926025390625
12.16045594215393,0.14815313955860265,-0.3399766357421875,-0.14604630126953125
12.179973125457764,0.14775344583677189,-0.5865794067382812,-0.04548983154296875
12.200098752975464,0.14349004613724373,-0.5961562133789062,-0.1388636962890625
12.2201247215271,0.1433568148966335,-0.5386953735351562,-0.2561795776367187
12.239826679229736,0.1337641655726952,-0.5099649536132812,-0.26815058593749996
12.260573863983154,0.1458882084682283,-0.3711012573242187,-0.11252747802734374
12.279908895492554,0.15414854538606407,-0.5147533569335937,-0.30885201416015623
12.300021409988403,0.16174272610084856,-0.4285620971679687,-0.373495458984375
12.319774627685547,0.14668759591188982,-0.5434837768554687,-0.2753331909179687
12.339922666549683,0.1594777950104742,0.009576806640625,-0.16998831787109375
12.36017370223999,0.16467381339427414,-0.507570751953125,-0.39264907226562495
12.37985110282898,0.1625421135445101,-0.5506663818359374,-0.181959326171875
12.400315046310425,0.15135068933324874,-0.5267243652343749,-0.08858546142578125
12.419695615768433,0.14801990831799236,-0.3327940307617187,-0.43574470214843747
12.43974256515503,0.1529494642205718,-0.5482721801757812,-0.03591302490234375
12.460391759872437,0.1566799389576589,-0.584185205078125,-0.0383072265625
12.480275392532349,0.15308269546118203,-0.603338818359375,-0.41419688720703124
12.500298500061035,0.1494854519647052,-0.4908113403320312,-0.2154781494140625
12.520061016082764,0.1517503830550795,-0.5626373901367188,-0.11013327636718749
12.540723085403442,0.1625421135445101,-0.354341845703125,-0.23223756103515625
12.56022024154663,0.16347473222878187,-0.4213794921875,-0.19393033447265623
12.579821586608887,0.14921898948348467,-0.47884033203125,-0.07900865478515624
12.59999132156372,0.160410413694746,-0.296881005859375,-0.09816226806640624
12.61994218826294,0.15654670771704865,-0.49320554199218747,-0.19871873779296872
12.640070915222168,0.15601378275460764,-0.4381389038085937,-0.28969840087890625
12.660289764404297,0.14975191444592567,-0.4836287353515625,-0.19632453613281248
12.680032730102539,0.14988514568653594,-0.16759411621093748,-0.2609679809570312
12.70015549659729,0.1461546709494488,-0.5027823486328125,-0.12689268798828124
12.720126628875732,0.14402297109968476,-0.4333505004882812,-0.0383072265625
12.74085807800293,0.13762787155039255,-0.5458779785156249,-0.1771709228515625
12.76071310043335,0.13709494658795152,-0.3854664672851562,-0.28969840087890625
12.780137062072754,0.144156202340295,-0.6248866333007812,-0.22505495605468748
12.7999107837677,0.1482863707992129,-0.51714755859375,-0.30885201416015623
12.819777011871338,0.1461546709494488,-0.354341845703125,-0.10773907470703124
12.839772939682007,0.14255742745297195,-0.5027823486328125,-0.14604630126953125
12.860389947891235,0.16147626361962805,-0.21787235107421873,-0.3136404174804687
12.880254983901978,0.16387442595061263,-0.43574470214843747,-0.22744915771484372
12.900085210800171,0.16494027587549465,-0.42377369384765623,-0.15562310791015624
12.919844150543213,0.14921898948348467,-0.4955997436523437,-0.08140285644531249
12.940278053283691,0.16001071997291527,-0.22266075439453123,-0.3711012573242187
12.96029257774353,0.1589448700480332,-0.7517793212890624,-0.21068974609375
12.980043411254883,0.1554808577921666,-0.47884033203125,-0.16041151123046873
12.999979496002197,0.15028483940836668,-0.4477157104492187,-0.28969840087890625
13.019909620285034,0.14855283328043337,-0.4261678955078125,-0.26336218261718747
13.039693117141724,0.15028483940836668,-0.5099649536132812,-0.21308394775390624
13.060414552688599,0.15881163880742297,-0.430956298828125,-0.1005564697265625
13.080024480819702,0.15601378275460764,-0.4429273071289062,-0.17956512451171874
13.100516080856323,0.1404257276032079,-0.5770026000976562,-0.12210428466796874
13.119812488555908,0.1461546709494488,-0.5195417602539062,-0.023942016601562498
13.140179872512817,0.1397595714001566,-0.51714755859375,-0.2920926025390625
13.160277366638184,0.14548851474639754,-0.41419688720703124,-0.27293898925781246
13.180054903030396,0.14002603388137713,-0.45968671875,-0.086191259765625
13.200214385986328,0.13722817782856178,-0.30406361083984373,-0.20829554443359374
13.219801187515259,0.14375650861846423,-0.6655880615234374,-0.3711012573242187
13.239794731140137,0.15508116407033584,-0.411802685546875,-0.06943184814453125
13.260465383529663,0.1537488516642333,-0.5889736083984375,-0.24660277099609373
13.280309438705444,0.15068453313019745,-0.30885201416015623,-0.27293898925781246
13.300132513046265,0.15641347647643838,-0.5961562133789062,-0.06464344482421874
13.319777965545654,0.15694640143887942,-0.3758896606445312,-0.35673604736328124
13.340024948120117,0.15814548260437167,-0.55545478515625,-0.24181436767578124
13.360191583633423,0.14748698335555135,-0.507570751953125,-0.181959326171875
13.379786968231201,0.15641347647643838,-0.4477157104492187,-0.14604630126953125
13.400445699691772,0.15148392057385898,-0.5339069702148437,-0.1580173095703125
13.419781923294067,0.15228330801752052,-0.40940848388671874,-0.3184288208007812
13.439829587936401,0.14961868320531543,-0.430956298828125,-0.19153613281249998
13.460103273391724,0.1590781012886435,-0.33518823242187495,-0.17956512451171874
13.47982668876648,0.16600612580037669,-0.44532150878906246,-0.3016694091796875
13.500153541564941,0.1685375193719715,-0.30885201416015623,-0.2561795776367187
13.519874095916748,0.15601378275460764,-0.5434837768554687,-0.20829554443359374
13.540544033050537,0.15428177662667433,-0.6081272216796875,-0.23702596435546874
13.560197114944458,0.15121745809263848,-0.5865794067382812,-0.033518823242187495
13.57991099357605,0.1500183769271462,-0.3687070556640625,-0.23702596435546874
13.599982976913452,0.14428943358090526,-0.3758896606445312,-0.05985504150390625
13.61980390548706,0.1267029098203517,-0.6296750366210937,-0.23702596435546874
13.639897346496582,0.13696171534734128,-0.5267243652343749,-0.05746083984375
13.6602041721344,0.14575497722761804,-0.46686932373046874,-0.49320554199218747
13.67981481552124,0.15428177662667433,-0.49799394531249996,-0.4165910888671875
13.700005769729614,0.15121745809263848,-0.59376201171875,-0.03591302490234375
13.719794511795044,0.15428177662667433,-0.4525041137695312,-0.4213794921875
13.739946842193604,0.15414854538606407,-0.5889736083984375,-0.1484405029296875
13.760054588317871,0.1546814703485051,-0.4429273071289062,-0.06703764648437499
13.780262231826782,0.15334915794240253,-0.7326257080078125,-0.24660277099609373
13.800050973892212,0.14282388993419246,-0.47644613037109373,-0.36152445068359373
13.819661855697632,0.14375650861846423,-0.603338818359375,-0.2059013427734375
13.839787244796753,0.15228330801752052,-0.39743747558593745,-0.11252747802734374
13.860681533813477,0.15414854538606407,-0.3495534423828125,-0.21308394775390624
13.88025450706482,0.14735375211494112,-0.51714755859375,-0.04548983154296875
13.900187969207764,0.16374119471000237,-0.42377369384765623,-0.3016694091796875
13.919949054718018,0.16587289455976642,-0.5243301635742187,-0.38307226562499996
13.939971685409546,0.17026952549990482,-0.5434837768554687,-0.12210428466796874
13.960054636001587,0.1540153141454538,-0.5267243652343749,-0.03591302490234375
13.980080366134644,0.15761255764193066,-0.33039982910156246,-0.22026655273437498
13.999990701675415,0.15801225136376143,-0.47165772705078124,-0.0718260498046875
14.019747257232666,0.15747932640132042,-0.46686932373046874,-0.39983167724609375
14.040919303894043,0.14428943358090526,-0.5889736083984375,-0.1149216796875
14.06014108657837,0.14668759591188982,-0.45968671875,-0.3758896606445312
14.079772472381592,0.14801990831799236,-0.5147533569335937,-0.22266075439453123
14.099814653396606,0.15508116407033584,-0.34237083740234375,-0.2442085693359375
14.119940757751465,0.15095099561141798,-0.6057330200195312,-0.3112462158203125
14.140101671218872,0.136828484106731,-0.5626373901367188,0.00239420166015625
14.16011381149292,0.15015160816775644,-0.5243301635742187,0.023942016601562498
14.179840564727783,0.15028483940836668,-0.40222587890625,-0.2059013427734375
14.199979305267334,0.14801990831799236,-0.488417138671875,-0.40222587890625
14.219955682754517,0.13389739681330545,-0.5985504150390625,-0.07900865478515624
14.239921569824219,0.14375650861846423,-0.277727392578125,-0.09816226806640624
14.260364294052124,0.15028483940836668,-0.4955997436523437,-0.51714755859375
14.280304908752441,0.15707963267948966,-0.5482721801757812,-0.24899697265624998
14.300379753112793,0.14921898948348467,-0.7517793212890624,-0.2705447875976562
14.320044994354248,0.15308269546118203,-0.33039982910156246,-0.4740519287109375
14.339946746826172,0.14628790219005908,-0.5195417602539062,-0.29448680419921874
14.360305070877075,0.15121745809263848,-0.40222587890625,-0.055066638183593745
14.380047082901001,0.1596110262510845,-0.5291185668945312,-0.2346317626953125
14.400039196014404,0.14682082715250008,-0.5291185668945312,-0.24181436767578124
14.419763803482056,0.15654670771704865,-0.6296750366210937,-0.22266075439453123
14.439944744110107,0.15974425749169474,-0.4860229370117187,-0.34237083740234375
14.460364580154419,0.16947013805624328,-0.4477157104492187,-0.09816226806640624
14.48004150390625,0.1630750385069511,-0.5506663818359374,-0.0718260498046875
14.50045657157898,0.16813782565014074,-0.33518823242187495,-0.30406361083984373
14.519830703735352,0.16387442595061263,-0.5147533569335937,-0.16280571289062498
14.540204524993896,0.16227565106328956,-0.6344634399414062,-0.2561795776367187
14.560162782669067,0.144156202340295,-0.47884033203125,-0.0383072265625
14.579930543899536,0.1476202145961616,-0.3280056274414062,-0.16519991455078123
14.600178718566895,0.13336447185086442,-0.5027823486328125,-0.1149216796875
14.619845151901245,0.13296477812903365,-0.39743747558593745,-0.34237083740234375
14.64021372795105,0.13189892820415164,-0.4836287353515625,-0.28490999755859375
14.660241842269897,0.13469678425696696,-0.46686932373046874,-0.3064578125
14.679964542388916,0.14868606452104366,-0.51714755859375,-0.26336218261718747
14.700257778167725,0.15614701399521788,-0.411802685546875,-0.29448680419921874
14.719970226287842,0.15827871384498196,-0.6368576416015624,-0.3184288208007812
14.740186929702759,0.1444226648215155,-0.7637503295898437,-0.00239420166015625
14.760179996490479,0.15974425749169474,-0.4381389038085937,-0.0526724365234375
14.780258417129517,0.15281623297996152,-0.5961562133789062,-0.28969840087890625
14.800390720367432,0.1566799389576589,-0.4860229370117187,-0.2657563842773437
14.820131778717041,0.143623277377854,-0.6200982299804687,-0.0047884033203125
14.839982986450195,0.14628790219005908,-0.23223756103515625,-0.2346317626953125
14.860332012176514,0.15228330801752052,-0.47644613037109373,-0.3447650390625
14.88008713722229,0.15987748873230498,-0.4836287353515625,-0.24660277099609373
14.900485515594482,0.15747932640132042,-0.603338818359375,-0.2442085693359375
14.920106887817383,0.1572128639200999,-0.5746083984375,-0.3758896606445312
14.93973183631897,0.15747932640132042,-0.689530078125,-0.09816226806640624
14.960218667984009,0.15561408903277688,-0.47644613037109373,-0.13646949462890623
14.98002314567566,0.16120980113840752,-0.5099649536132812,-0.1484405029296875
15.000096082687378,0.1505513018895872,-0.5410895751953124,-0.086191259765625
15.020069122314453,0.14988514568653594,-0.5698199951171875,-0.17956512451171874
15.040075302124023,0.14708728963372059,-0.4644751220703125,-0.2561795776367187
15.06027626991272,0.15108422685202821,-0.48123453369140623,-0.23223756103515625
15.079988241195679,0.14349004613724373,-0.59376201171875,-0.01915361328125
15.100064039230347,0.1476202145961616,-0.3016694091796875,-0.19632453613281248
15.119832515716553,0.1438897398590745,-0.5770026000976562,-0.39743747558593745
15.139922618865967,0.15148392057385898,-0.4381389038085937,0.055066638183593745
15.160181522369385,0.1461546709494488,-0.5817910034179687,-0.07900865478515624
15.179927349090576,0.14841960203982313,-0.36631285400390623,-0.488417138671875
15.200161457061768,0.14775344583677189,-0.6488286499023437,-0.181959326171875
15.220213651657104,0.1476202145961616,-0.5315127685546874,-0.18914193115234373
15.23987627029419,0.15095099561141798,-0.6584054565429687,-0.06943184814453125
15.260372161865234,0.1424241962123617,-0.488417138671875,-0.13407529296874998
15.279965162277222,0.15441500786728457,-0.4381389038085937,-0.1388636962890625
15.300175428390503,0.15588055151399735,-0.4860229370117187,-0.4381389038085937
15.32007384300232,0.1636079634693921,-0.5889736083984375,-0.21787235107421873
15.339961528778076,0.1505513018895872,-0.5889736083984375,-0.105344873046875
15.360029458999634,0.1674716694470895,-0.181959326171875,-0.258573779296875
15.379952430725098,0.1636079634693921,-0.6512228515624999,-0.34237083740234375
15.400177240371704,0.16813782565014074,-0.5506663818359374,-0.033518823242187495
15.420014142990112,0.1633415009881716,-0.5147533569335937,-0.21308394775390624
15.44061279296875,0.1584119450855922,-0.354341845703125,-0.4572925170898437
15.460361003875732,0.1648070446348844,-0.5961562133789062,-0.076614453125
15.480100631713867,0.16374119471000237,-0.5243301635742187,-0.047884033203124995
15.500415563583374,0.1625421135445101,-0.5506663818359374,-0.17238251953125
15.519845008850098,0.1520168455363,-0.74699091796875,-0.22744915771484372
15.541078567504883,0.1461546709494488,-0.5865794067382812,-0.07422025146484375
15.560230731964111,0.14788667707738212,-0.5913678100585937,-0.143652099609375
15.58016324043274,0.14428943358090526,-0.3184288208007812,-0.16759411621093748
15.60004186630249,0.135762634181849,-0.5985504150390625,-0.27293898925781246
15.620110273361206,0.17040275674051508,-0.32082302246093747,-0.13407529296874998
15.639711380004883,0.13389739681330545,-0.6512228515624999,-0.28730419921875
15.660449981689453,0.14122511504686944,-0.39264907226562495,-0.28969840087890625
15.680132389068604,0.1389601839564951,-0.6057330200195312,-0.34715924072265625
15.700069427490234,0.14455589606212577,-0.373495458984375,-0.229843359375
15.720145463943481,0.1458882084682283,-0.737414111328125,-0.22505495605468748
15.739798307418823,0.15694640143887942,-0.45968671875,-0.229843359375
15.760446548461914,0.1573460951607102,-0.7445967163085937,-0.33758243408203126
15.780206680297852,0.1584119450855922,-0.59376201171875,-0.2346317626953125
15.800261497497559,0.15867840756681273,-0.6703764648437499,-0.08858546142578125
15.82052206993103,0.1594777950104742,-0.47644613037109373,-0.16280571289062498
15.840520858764648,0.1589448700480332,-0.5195417602539062,-0.16759411621093748
15.860076904296875,0.1534823891830128,-0.5339069702148437,-0.181959326171875
15.87996244430542,0.16147626361962805,-0.34715924072265625,-0.201112939453125
15.900079250335693,0.16653905076281772,-0.6081272216796875,-0.277727392578125
15.919816732406616,0.1674716694470895,-0.34715924072265625,-0.16998831787109375
15.940284490585327,0.15921133252925374,-0.59376201171875,-0.14604630126953125
15.960605144500732,0.1636079634693921,-0.29448680419921874,-0.2753331909179687
15.980193614959717,0.1668055132440382,-0.7541735229492187,-0.02154781494140625
16.000319004058838,0.16707197572525873,-0.47884033203125,-0.105344873046875
16.019723653793335,0.16294180726634083,-0.4955997436523437,-0.23223756103515625
16.040066957473755,0.1594777950104742,-0.4070142822265625,-0.15322890625
16.060298681259155,0.1594777950104742,-0.5817910034179687,-0.17956512451171874
16.079941749572754,0.1573460951607102,-0.5482721801757812,-0.17477672119140625
16.100034475326538,0.1590781012886435,-0.41419688720703124,-0.13407529296874998
16.11982488632202,0.143623277377854,-0.5913678100585937,-0.21308394775390624
16.140345335006714,0.1365620216255105,-0.34237083740234375,0.143652099609375
16.160117864608765,0.1316324657229311,-0.5147533569335937,-0.2442085693359375
16.180094480514526,0.13069984703865933,-0.33518823242187495,-0.12449848632812499
16.199906826019287,0.11631087305275188,-0.5315127685546874,-0.13407529296874998
16.219749689102173,0.10725114869125461,-0.3280056274414062,-0.12210428466796874
16.24014949798584,0.11537825436848011,-0.7565677246093749,-0.2561795776367187
16.260121822357178,0.12843491594828502,-0.4477157104492187,-0.24660277099609373
16.27976965904236,0.1438897398590745,-0.7302315063476562,-0.3711012573242187
16.29995036125183,0.15388208290484356,-0.622492431640625,-0.4333505004882812
16.319724082946777,0.17613170008675602,-0.7302315063476562,-0.28012159423828126
16.340330839157104,0.18465849948581226,-0.51714755859375,-0.373495458984375
16.360267400741577,0.17852986241774058,-0.55545478515625,-0.02154781494140625
16.380204677581787,0.18012863730506362,-0.5578489868164063,-0.15562310791015624
16.40021562576294,0.17160183790600736,-0.44532150878906246,-0.06943184814453125
16.41987109184265,0.1648070446348844,-0.6177040283203125,-0.12210428466796874
16.44034457206726,0.15854517632620244,-0.37828386230468747,-0.062249243164062495
16.460335731506348,0.14495558978395653,-0.6009446166992187,-0.17956512451171874
16.47988247871399,0.15041807064897697,-0.29927520751953124,-0.16759411621093748
16.50012969970703,0.15068453313019745,-0.5698199951171875,-0.22026655273437498
16.51986575126648,0.14628790219005908,-0.41898529052734373,-0.19871873779296872
16.541056632995605,0.13096630951987984,-0.5099649536132812,-0.16519991455078123
16.560378551483154,0.13856049023466432,-0.45489831542968745,-0.2154781494140625
16.580045223236084,0.13203215944476188,-0.507570751953125,-0.08379705810546874
16.600030660629272,0.12190658515838257,-0.5458779785156249,-0.20829554443359374
16.61988592147827,0.12523736617363893,-0.4429273071289062,-0.08379705810546874
16.640429973602295,0.13216539068537214,-0.6440402465820312,-0.373495458984375
16.6604106426239,0.1384272589940541,-0.679953271484375,-0.14125789794921875
16.680194854736328,0.1589448700480332,-0.5458779785156249,-0.32082302246093747
16.699912548065186,0.16573966331915618,-0.5147533569335937,-0.5315127685546874
16.719759702682495,0.16054364493535628,-0.5458779785156249,-0.00718260498046875
16.740267515182495,0.16520673835671518,-0.3184288208007812,-0.0143652099609375
16.760279655456543,0.16440735091305364,-0.5458779785156249,-0.08140285644531249
16.78003764152527,0.1628085760257306,-0.47884033203125,-0.22505495605468748
16.80021023750305,0.15881163880742297,-0.6081272216796875,-0.28012159423828126
16.819885730743408,0.15454823910789484,-0.3758896606445312,-0.2753331909179687
16.840890645980835,0.15508116407033584,-0.5961562133789062,-0.15322890625
16.860610485076904,0.1628085760257306,-0.3950432739257812,-0.040701428222656245
16.879984378814697,0.160410413694746,-0.4740519287109375,-0.3806780639648437
16.90007972717285,0.16347473222878187,-0.59376201171875,-0.14125789794921875
16.919898986816406,0.15987748873230498,-0.47165772705078124,-0.05027823486328125
16.93995189666748,0.16120980113840752,-0.5530605834960938,-0.24660277099609373
16.960435390472412,0.1584119450855922,-0.488417138671875,-0.29927520751953124
16.98007893562317,0.13962634015954636,-0.6703764648437499,-0.09816226806640624
17.00005078315735,0.1421577337311412,-0.32561142578124996,0.055066638183593745
17.020028591156006,0.13216539068537214,-0.5770026000976562,-0.201112939453125
17.040608644485474,0.12816845346706449,-0.38786066894531246,-0.0909796630859375
17.060201406478882,0.12337212880509535,-0.6009446166992187,-0.258573779296875
17.079874277114868,0.12883460967011579,-0.6081272216796875,-0.43574470214843747
17.100163459777832,0.14522205226517704,-0.5770026000976562,-0.07422025146484375
17.119885444641113,0.1572128639200999,-0.40462008056640625,-0.3064578125
17.140061616897583,0.16120980113840752,-0.6847416748046875,-0.6368576416015624
17.160118341445923,0.1534823891830128,-0.6440402465820312,-0.3280056274414062
17.179903507232666,0.1669387444846485,-0.5578489868164063,0.18914193115234373
17.200005769729614,0.16600612580037669,-0.4333505004882812,0.0143652099609375
17.220265865325928,0.15921133252925374,-0.41419688720703124,-0.3806780639648437
17.239915370941162,0.1028545177511162,-0.46686932373046874,-0.08379705810546874
17.260350942611694,0.14535528350578727,-0.22266075439453123,0.05027823486328125
17.280055046081543,0.14548851474639754,-0.48123453369140623,-0.22026655273437498
17.300060272216797,0.1546814703485051,-0.49320554199218747,-0.047884033203124995
17.320181846618652,0.144156202340295,-0.5674257934570313,-0.23702596435546874
17.34030818939209,0.14801990831799236,-0.430956298828125,-0.3495534423828125
17.36046600341797,0.14868606452104366,-0.6081272216796875,-0.2537853759765625
17.379956483840942,0.15308269546118203,-0.316034619140625,-0.05027823486328125
17.40011715888977,0.15588055151399735,-0.47884033203125,-0.20350714111328125
17.419989347457886,0.14921898948348467,-0.5698199951171875,-0.3232172241210937
17.440117120742798,0.15108422685202821,-0.6488286499023437,-0.02633621826171875
17.460167407989502,0.1526830017393513,-0.41419688720703124,-0.29448680419921874
17.47996211051941,0.15534762655155634,-0.5817910034179687,-0.2561795776367187
17.5000422000885,0.14575497722761804,-0.51714755859375,0.05027823486328125
17.519959926605225,0.15108422685202821,-0.32082302246093747,-0.07900865478515624
17.540030479431152,0.15041807064897697,-0.4836287353515625,-0.3184288208007812
17.56029963493347,0.15414854538606407,-0.5626373901367188,-0.19153613281249998
17.580183744430542,0.14269065869358222,-0.6440402465820312,-0.016759411621093748
17.60047745704651,0.14628790219005908,-0.36391865234375,-0.2561795776367187
17.620173454284668,0.15015160816775644,-0.5793968017578125,-0.23702596435546874
17.640097618103027,0.14748698335555135,-0.45968671875,-0.11731588134765625
17.660431146621704,0.14522205226517704,-0.6847416748046875,-0.3232172241210937
17.679908275604248,0.14482235854334627,-0.5027823486328125,-0.15562310791015624
17.70022749900818,0.15308269546118203,-0.32082302246093747,-0.20350714111328125
17.719988584518433,0.1590781012886435,-0.4165910888671875,-0.24899697265624998
17.73993730545044,0.16867075061258177,-0.6200982299804687,-0.181959326171875
17.76069164276123,0.14868606452104366,-0.6727706665039062,-0.055066638183593745
17.77992868423462,0.16227565106328956,-0.3399766357421875,-0.08140285644531249
17.800074815750122,0.16653905076281772,-0.5698199951171875,-0.3495534423828125
17.82004976272583,0.1630750385069511,-0.5626373901367188,-0.2753331909179687
17.83969235420227,0.1557473202733871,-0.5698199951171875,0.047884033203124995
17.860203742980957,0.1613430323790178,-0.3232172241210937,-0.14604630126953125
17.880676984786987,0.16600612580037669,-0.5482721801757812,-0.277727392578125
17.90043878555298,0.15681317019826913,-0.5961562133789062,-0.047884033203124995
17.920156478881836,0.1573460951607102,-0.5458779785156249,-0.15562310791015624
17.94005560874939,0.1529494642205718,-0.4740519287109375,-0.1197100830078125
17.9603590965271,0.14522205226517704,-0.5482721801757812,-0.1484405029296875
17.980203866958618,0.13856049023466432,-0.49799394531249996,-0.1292868896484375
18.000035524368286,0.17040275674051508,-0.3758896606445312,-0.1149216796875
18.019866466522217,0.13443032177574646,-0.6009446166992187,-0.22266075439453123
18.03970956802368,0.13509647797879773,-0.34237083740234375,-0.13407529296874998
18.060240507125854,0.1308330782792696,-0.6009446166992187,-0.2537853759765625
18.07981586456299,0.1458882084682283,-0.5315127685546874,-0.23702596435546874
18.100114822387695,0.14055895884381814,-0.7302315063476562,-0.18435352783203124
18.119776964187622,0.1546814703485051,-0.45968671875,-0.239420166015625
18.140267372131348,0.15614701399521788,-0.6440402465820312,-0.35194764404296874
18.16024088859558,0.16454058215366388,-0.5099649536132812,-0.1771709228515625
18.18003273010254,0.16240888230389983,-0.6727706665039062,-0.19153613281249998
18.200345516204834,0.15921133252925374,-0.35673604736328124,-0.28730419921875
18.220022678375244,0.16067687617596652,-0.565031591796875,-0.11731588134765625
18.239826917648315,0.16094333865718705,-0.6057330200195312,-0.13168109130859373
18.260191202163696,0.15867840756681273,-0.51714755859375,-0.16280571289062498
18.279852390289307,0.15761255764193066,-0.6512228515624999,-0.2154781494140625
18.300068855285645,0.16760490068769973,-0.36152445068359373,-0.15083470458984374
18.319836854934692,0.175598775124315,-0.5722141967773438,-0.3950432739257812
18.340107202529907,0.1787963248989611,-0.48123453369140623,-0.26336218261718747
18.360331773757935,0.1746661564400432,-0.7326257080078125,-0.09576806640624999
18.379961490631104,0.18452526824520202,-0.28969840087890625,-0.06943184814453125
18.400190114974976,0.1825267996360482,-0.6847416748046875,-0.4836287353515625
18.419917583465576,0.17839663117713034,-0.5003881469726562,0.0430956298828125
18.439853191375732,0.17413323147760218,-0.5722141967773438,-0.076614453125
18.46034336090088,0.16933690681563304,-0.44053310546874996,-0.5219359619140624
18.48034930229187,0.16707197572525873,-0.5626373901367188,-0.016759411621093748
18.500453233718872,0.16467381339427414,-0.30406361083984373,0.3280056274414062
18.51991081237793,0.15801225136376143,-0.4477157104492187,-0.20350714111328125
18.54004454612732,0.1517503830550795,-0.3902548706054687,-0.39983167724609375
18.560129404067993,0.14975191444592567,-0.5458779785156249,-0.1484405029296875
18.579883813858032,0.14175804000931044,-0.354341845703125,-0.10773907470703124
18.6002459526062,0.13722817782856178,-0.41419688720703124,-0.16519991455078123
18.619868993759155,0.13522970921940797,-0.5865794067382812,-0.1580173095703125
18.63996434211731,0.1389601839564951,-0.33518823242187495,-0.1484405029296875
18.66024613380432,0.13416385929452596,-0.6009446166992187,-0.23223756103515625
18.679920434951782,0.1394931089189361,-0.41419688720703124,-0.17238251953125
18.70013689994812,0.13882695271588483,-0.565031591796875,-0.2825157958984375
18.720052242279053,0.1520168455363,-0.5698199951171875,-0.2609679809570312
18.73999571800232,0.16187595734145882,-0.5267243652343749,-0.24660277099609373
18.760435581207275,0.1616094948602383,-0.5722141967773438,-0.19153613281249998
18.779968738555908,0.1625421135445101,-0.4477157104492187,-0.26336218261718747
18.800040245056152,0.16227565106328956,-0.5602431884765625,-0.22266075439453123
18.820063829421997,0.1633415009881716,-0.4477157104492187,-0.1388636962890625
18.839765548706055,0.1630750385069511,-0.7278373046875,-0.1771709228515625
18.86097741127014,0.16347473222878187,-0.36631285400390623,-0.2154781494140625
18.87997817993164,0.1590781012886435,-0.6655880615234374,-0.20350714111328125
18.90050959587097,0.16667228200342796,-0.3136404174804687,-0.21787235107421873
18.91999053955078,0.16760490068769973,-0.5578489868164063,-0.411802685546875
18.93972110748291,0.136828484106731,-0.32561142578124996,-0.09337386474609374
18.960283041000366,0.15801225136376143,-0.5051765502929687,0.12449848632812499
18.979912996292114,0.16147626361962805,-0.181959326171875,-0.14125789794921875
19.000067710876465,0.14722052087433085,-0.7062894897460937,-0.062249243164062495
19.020049571990967,0.14855283328043337,-0.3806780639648437,-0.25139117431640623
19.03993558883667,0.13096630951987984,-0.679953271484375,-0.00239420166015625
19.06016778945923,0.13549617170062847,-0.23702596435546874,-0.24181436767578124
19.079944610595703,0.1421577337311412,-0.4860229370117187,-0.19632453613281248
19.100035667419434,0.14868606452104366,-0.354341845703125,-0.12210428466796874
19.11984372138977,0.14642113343066934,-0.4261678955078125,-0.24660277099609373
19.140246629714966,0.1433568148966335,-0.6512228515624999,-0.2346317626953125
19.160255908966064,0.1488192957616539,-0.411802685546875,-0.09576806640624999
19.179934978485107,0.15095099561141798,-0.5626373901367188,-0.2609679809570312
19.200020790100098,0.1557473202733871,-0.3591302490234375,-0.11252747802734374
19.219918251037598,0.15108422685202821,-0.4429273071289062,-0.17477672119140625
19.239758491516113,0.15428177662667433,-0.2753331909179687,-0.22266075439453123
19.260510206222534,0.15135068933324874,-0.4908113403320312,-0.26815058593749996
19.280126810073853,0.15707963267948966,-0.33758243408203126,-0.1771709228515625
19.300015449523926,0.15774578888254095,-0.430956298828125,-0.30885201416015623
19.319915771484375,0.15867840756681273,-0.40222587890625,-0.2920926025390625
19.340455055236816,0.15628024523582812,-0.4740519287109375,-0.16519991455078123
19.360281467437744,0.15747932640132042,-0.41419688720703124,-0.2561795776367187
19.379918813705444,0.15241653925813076,-0.3184288208007812,-0.22505495605468748
19.400017976760864,0.14602143970883857,-0.55545478515625,0.1149216796875
19.419951677322388,0.1392266464377156,-0.40940848388671874,-0.0909796630859375
19.439867973327637,0.1316324657229311,-0.612915625,-0.16519991455078123
19.460320234298706,0.12337212880509535,-0.28012159423828126,-0.181959326171875
19.48048734664917,0.12190658515838257,-0.4955997436523437,-0.08379705810546874
19.500284671783447,0.1232388975644851,-0.2657563842773437,-0.2657563842773437
19.520130157470703,0.12390505376753637,-0.4955997436523437,-0.16519991455078123
19.540613651275635,0.12443797872997739,-0.373495458984375,0.028730419921875
19.5601909160614,0.12417151624875687,-0.4525041137695312,-0.3902548706054687
19.57981824874878,0.12110719771472103,-0.5722141967773438,-0.3806780639648437
19.59998631477356,0.13309800936964392,-0.6272808349609375,0.143652099609375
19.61993932723999,0.14402297109968476,-0.4955997436523437,-0.08379705810546874
19.6398983001709,0.15215007677691025,-0.45489831542968745,-0.22026655273437498
19.66026544570923,0.1494854519647052,-0.70868369140625,-0.45489831542968745
19.679917097091675,0.1680045944095305,-0.5770026000976562,-0.0047884033203125
19.69995951652527,0.17360030651516117,-0.5722141967773438,-0.3758896606445312
19.719875812530518,0.17626493132736626,-0.430956298828125,-0.21068974609375
19.740298748016357,0.1692036755750228,-0.5219359619140624,-0.076614453125
19.760371446609497,0.17613170008675602,-0.2561795776367187,-0.03591302490234375
19.779703855514526,0.17253445659027913,-0.5123591552734374,-0.181959326171875
19.800026655197144,0.17453292519943295,-0.4572925170898437,-0.18435352783203124
19.81986975669861,0.17360030651516117,-0.5363011718749999,-0.14125789794921875
19.839856386184692,0.17746401249285856,-0.373495458984375,-0.36631285400390623
19.860349416732788,0.1721347628684484,-0.612915625,-0.05746083984375
19.88005805015564,0.16440735091305364,-0.316034619140625,-0.09816226806640624
19.90029239654541,0.16001071997291527,-0.45010991210937495,-0.143652099609375
19.920148134231567,0.14815313955860265,-0.3711012573242187,-0.3016694091796875
19.940208435058594,0.14269065869358222,-0.4165910888671875,-0.10773907470703124
19.96044421195984,0.14349004613724373,-0.35194764404296874,-0.37828386230468747
19.9800066947937,0.12883460967011579,-0.4261678955078125,-0.06703764648437499
20.000020265579224,0.12190658515838257,-0.507570751953125,-0.07422025146484375
20.01989221572876,0.11804287918068519,-0.24899697265624998,-0.08140285644531249
20.040453672409058,0.11404594196237756,-0.5195417602539062,-0.24660277099609373
20.060302019119263,0.11111485466895196,-0.430956298828125,-0.2657563842773437
20.079996824264526,0.10751761117247512,-0.5722141967773438,-0.15083470458984374
20.100141286849976,0.1151117918872596,-0.4333505004882812,-0.316034619140625
20.120059490203857,0.1325650844072029,-0.5913678100585937,-0.32082302246093747
20.140230417251587,0.15854517632620244,-0.5267243652343749,-0.430956298828125
20.160253763198853,0.17186830038722786,-0.70868369140625,-0.4572925170898437
20.179884910583496,0.17026952549990482,-0.6919242797851562,-0.27293898925781246
20.200344800949097,0.1854578869294738,-0.49799394531249996,-0.06703764648437499
20.219940423965454,0.18932159290717118,-0.47884033203125,-0.3854664672851562
20.24001383781433,0.1898545178696122,-0.3950432739257812,-0.2920926025390625
20.26015591621399,0.1854578869294738,-0.6967126831054687,0.00239420166015625
20.279860734939575,0.17946248110201235,-0.4572925170898437,-0.17477672119140625
20.300293445587158,0.16054364493535628,-0.7206546997070312,-0.19393033447265623
20.320057153701782,0.13243185316659264,-0.4070142822265625,0.4908113403320312
20.340115070343018,0.08393568158446013,-0.373495458984375,0.411802685546875
20.360074281692505,0.040768759626737774,-0.4525041137695312,0.11013327636718749
20.37984037399292,-0.01705359879811253,-0.22744915771484372,0.43574470214843747
20.400100231170654,-0.06674885154573734,-0.19871873779296872,0.1005564697265625
20.42019534111023,-0.07540888218540386,-0.3184288208007812,-0.04548983154296875
20.44001603126526,-0.05275957128166065,-0.33039982910156246,-0.45489831542968745
20.460264682769775,-0.020251148572758632,-0.4165910888671875,-0.47884033203125
20.48005175590515,0.003464012255866608,-0.5386953735351562,-0.5363011718749999
20.50001621246338,0.009059724361497283,-0.5889736083984375,-0.21787235107421873
20.51982307434082,0.01732006127933304,-0.679953271484375,-0.05985504150390625
20.540497303009033,0.024114854550456002,-0.5746083984375,-0.105344873046875
20.560086488723755,0.006794793271122962,-0.47884033203125,-0.09337386474609374
20.579893112182617,-0.01532159267017923,-0.34715924072265625,-0.19393033447265623
20.600257635116577,-0.019052067407266345,-0.27293898925781246,-0.11731588134765625
20.619898796081543,-0.005995405827461438,-0.23223756103515625,-0.15562310791015624
20.639945030212402,0.002797856052815337,-0.43574470214843747,-0.2561795776367187
20.660361289978027,-0.0021316998497640663,-0.5291185668945312,-0.24181436767578124
20.68004846572876,-0.0095926493239383,-0.6392518432617187,-0.201112939453125
20.70012879371643,-0.003863705977697371,-0.55545478515625,-0.12449848632812499
20.719927549362183,-0.0011990811654922875,-0.5147533569335937,-0.16280571289062498
20.74001955986023,-0.004263399699528133,-0.4165910888671875,-0.2920926025390625
20.760305881500244,-0.0095926493239383,-0.36152445068359373,-0.23702596435546874
20.780158281326294,-0.0075941807147844875,-0.3687070556640625,-0.16519991455078123
20.80000877380371,-0.0002664624812205083,-0.4165910888671875,-0.19153613281249998
20.819844961166382,-0.0013323124061025418,-0.5051765502929687,-0.19153613281249998
20.84019160270691,-0.0057289433462409285,-0.5578489868164063,-0.22026655273437498
20.860398769378662,-0.0074609494741742334,-0.5219359619140624,-0.22744915771484372
20.880112648010254,-0.00866003063966652,-0.33518823242187495,-0.17477672119140625
20.900181531906128,-0.000799387443661525,-0.40462008056640625,-0.30406361083984373
20.919996738433838,-0.003464012255866608,-0.3711012573242187,-0.1867477294921875
20.940516471862793,-0.0057289433462409285,-0.4429273071289062,-0.16998831787109375
20.960529327392578,-0.005329249624410167,-0.47884033203125,-0.19871873779296872
20.98017978668213,-0.0011990811654922875,-0.47165772705078124,-0.19871873779296872
21.000267505645752,0.0021316998497640663,-0.5147533569335937,-0.22744915771484372
21.020248889923096,-0.00479632466196915,-0.4644751220703125,-0.21308394775390624
21.040290117263794,-0.00985911180515881,-0.4477157104492187,-0.20350714111328125
21.060365438461304,-0.008260336917835759,-0.4333505004882812,-0.17477672119140625
21.080037355422974,-0.0029310872934255917,-0.4285620971679687,-0.19393033447265623
21.100102186203003,-0.004396630940138387,-0.4381389038085937,-0.22026655273437498
21.12028431892395,-0.008526799399056265,-0.5267243652343749,-0.2059013427734375
21.139918088912964,-0.005595712105630674,-0.5267243652343749,-0.19393033447265623
21.16063117980957,-0.0011990811654922875,-0.5003881469726562,-0.1771709228515625
21.180275678634644,-0.002398162330984575,-0.4525041137695312,-0.18435352783203124
21.199962615966797,-0.004396630940138387,-0.39983167724609375,-0.2154781494140625
21.220258474349976,-0.006261868308681946,-0.430956298828125,-0.1771709228515625
21.239880323410034,-0.0033307810152563544,-0.4572925170898437,-0.19393033447265623
21.26048254966736,-0.004663093421358896,-0.48123453369140623,-0.201112939453125
21.27994203567505,-0.007194486992953725,-0.5051765502929687,-0.18435352783203124
21.300019025802612,-0.011324655451871604,-0.612915625,-0.17238251953125
21.320219039916992,-0.0033307810152563544,-0.4740519287109375,-0.17956512451171874
21.33993148803711,0.0013323124061025418,-0.46208092041015625,-0.22266075439453123
21.360023736953735,-0.0035972434964768626,-0.46686932373046874,-0.1771709228515625
21.37982487678528,-0.0057289433462409285,-0.49320554199218747,-0.16041151123046873
21.400371074676514,-0.005595712105630674,-0.4285620971679687,-0.19871873779296872
21.42006278038025,-0.0035972434964768626,-0.4860229370117187,-0.17238251953125
21.43999218940735,-0.006128637068071691,-0.3112462158203125,-0.2154781494140625
21.460258960723877,-0.004929555902579405,-0.47644613037109373,-0.23702596435546874
21.480090856552124,-0.006261868308681946,-0.4165910888671875,-0.17956512451171874
21.500274658203125,-0.0057289433462409285,-0.4525041137695312,-0.17956512451171874
21.52031660079956,-0.0033307810152563544,-0.4644751220703125,-0.19393033447265623
21.539782762527466,-0.006128637068071691,-0.47884033203125,-0.20829554443359374
21.560240030288696,-0.006661562030512709,-0.4860229370117187,-0.19632453613281248
21.57995867729187,-0.00866003063966652,-0.6057330200195312,-0.19632453613281248
21.600137948989868,-0.0002664624812205083,-0.4955997436523437,-0.16998831787109375
21.620848417282104,-0.0057289433462409285,-0.41898529052734373,-0.181959326171875
21.63994264602661,-0.006661562030512709,-0.4165910888671875,-0.2059013427734375
21.66041398048401,-0.005462480865020421,-0.5889736083984375,-0.19393033447265623
21.679973363876343,-0.0057289433462409285,-0.4572925170898437,-0.19632453613281248
21.700176239013672,-0.005462480865020421,-0.612915625,-0.2059013427734375
21.720312118530273,-0.005329249624410167,-0.4525041137695312,-0.17238251953125
21.739961624145508,-0.007993874436615249,-0.4525041137695312,-0.20829554443359374
21.760355949401855,-0.003863705977697371,-0.4165910888671875,-0.2154781494140625
21.779986143112183,-0.0033307810152563544,-0.4429273071289062,-0.16998831787109375
21.799986362457275,-0.008393568158446012,-0.4333505004882812,-0.1771709228515625
21.819974422454834,-0.002531393571594829,-0.46686932373046874,-0.18914193115234373
21.84000015258789,-0.0058621745868511835,-0.33758243408203126,-0.22744915771484372
21.860417127609253,-0.005329249624410167,-0.47165772705078124,-0.19153613281249998
21.88028573989868,-0.010258805526989571,-0.42377369384765623,-0.2154781494140625
21.90005326271057,-0.007194486992953725,-0.46686932373046874,-0.19871873779296872
21.920007467269897,-0.007727411955394742,-0.47644613037109373,-0.21308394775390624
21.940099477767944,-0.007194486992953725,-0.5003881469726562,-0.21787235107421873
21.960278749465942,-0.005595712105630674,-0.4381389038085937,-0.18914193115234373
21.980395793914795,-0.003863705977697371,-0.32561142578124996,-0.23223756103515625
22.000284433364868,-0.006128637068071691,-0.45489831542968745,-0.15562310791015624
22.020206928253174,-0.008260336917835759,-0.4285620971679687,-0.1484405029296875
22.04015040397644,-0.006928024511733216,-0.46208092041015625,-0.21787235107421873
22.0602445602417,-0.002398162330984575,-0.469263525390625,-0.1867477294921875
22.080012559890747,-0.004263399699528133,-0.45489831542968745,-0.1484405029296875
22.09999990463257,-0.006528330789902454,-0.46686932373046874,-0.15083470458984374
22.11987018585205,-0.004929555902579405,-0.4381389038085937,-0.2154781494140625
22.139912128448486,-0.007993874436615249,-0.3136404174804687,-0.17238251953125
22.16037082672119,-0.005462480865020421,-0.48123453369140623,-0.18435352783203124
22.179975509643555,-0.0063950995492922,-0.4525041137695312,-0.17956512451171874
22.199973344802856,-0.005595712105630674,-0.44532150878906246,-0.00239420166015625
22.220151901245117,-0.004929555902579405,-0.430956298828125,-0.17238251953125
22.239867210388184,-0.005196018383799912,-0.469263525390625,-0.17477672119140625
22.260226488113403,-0.005595712105630674,-0.5913678100585937,-0.201112939453125
22.279876470565796,-0.006128637068071691,-0.3136404174804687,-0.16759411621093748
22.30008029937744,-0.0058621745868511835,-0.32082302246093747,-0.2346317626953125
22.3200044631958,-0.0026646248122050836,-0.4836287353515625,-0.21787235107421873
22.339925289154053,-0.005462480865020421,-0.469263525390625,-0.16519991455078123
22.36019802093506,-0.004396630940138387,-0.46208092041015625,-0.201112939453125
22.38000726699829,-0.0037304747370871167,-0.4644751220703125,-0.18435352783203124
22.40023398399353,-0.0057289433462409285,-0.5985504150390625,-0.18914193115234373
22.41986894607544,-0.008393568158446012,-0.45010991210937495,-0.18914193115234373
22.439768314361572,-0.006928024511733216,-0.43574470214843747,-0.1580173095703125
22.46043610572815,-0.005329249624410167,-0.44053310546874996,-0.1771709228515625
22.47986125946045,-0.008926493120887028,-0.45489831542968745,-0.2059013427734375
22.50028920173645,-0.008926493120887028,-0.46686932373046874,-0.21068974609375
22.520068407058716,-0.008526799399056265,-0.4525041137695312,-0.19871873779296872
22.540781497955322,-0.005062787143189658,-0.4740519287109375,-0.20350714111328125
22.560258865356445,-0.0057289433462409285,-0.612915625,-0.22026655273437498
22.5798921585083,-0.00479632466196915,-0.4860229370117187,-0.19632453613281248
22.600253582000732,-0.006794793271122962,-0.46686932373046874,-0.15083470458984374
22.620020389556885,-0.007993874436615249,-0.4572925170898437,-0.18914193115234373
22.639865159988403,-0.008926493120887028,-0.45010991210937495,-0.16998831787109375
22.66023564338684,-0.005062787143189658,-0.469263525390625,-0.19393033447265623
22.679901361465454,-0.006128637068071691,-0.4955997436523437,-0.20829554443359374
22.700098037719727,-0.004396630940138387,-0.4644751220703125,-0.201112939453125
22.719863653182983,-0.007061255752343471,-0.4333505004882812,-0.2059013427734375
22.73989200592041,-0.0074609494741742334,-0.4955997436523437,-0.19153613281249998
22.760348796844482,-0.0026646248122050836,-0.4525041137695312,-0.21308394775390624
22.77987766265869,-0.005062787143189658,-0.4429273071289062,-0.2154781494140625
22.80012011528015,-0.006128637068071691,-0.44053310546874996,-0.21308394775390624
22.819904088974,-0.008127105677225504,-0.47884033203125,-0.19153613281249998
22.83972477912903,-0.0073277182335639785,-0.44532150878906246,-0.201112939453125
22.860464811325073,-0.005595712105630674,-0.3280056274414062,-0.17956512451171874
22.879926204681396,-0.002797856052815337,-0.43574470214843747,-0.229843359375
22.9000883102417,-0.005062787143189658,-0.4477157104492187,-0.16519991455078123
22.919864654541016,-0.0018652373685435584,-0.4333505004882812,-0.1867477294921875
22.939860105514526,-0.0057289433462409285,-0.4644751220703125,-0.011971008300781249
22.96017622947693,-0.005595712105630674,-0.44053310546874996,-0.1867477294921875
22.98012614250183,-0.0030643185340358454,-0.5961562133789062,-0.20829554443359374
23.00008797645569,-0.002531393571594829,-0.612915625,-0.19871873779296872
23.02008891105652,-0.0039969372183076245,-0.4572925170898437,-0.18914193115234373
23.040616989135742,-0.007194486992953725,-0.45010991210937495,-0.21308394775390624
23.06054162979126,-0.005062787143189658,-0.4740519287109375,-0.181959326171875
23.08059334754944,-0.004529862180748642,-0.46208092041015625,-0.16041151123046873
23.10042691230774,-0.0058621745868511835,-0.4477157104492187,-0.18914193115234373
23.12008023262024,-0.007860643196004996,-0.4525041137695312,-0.1771709228515625
23.14025068283081,-0.006928024511733216,-0.47644613037109373,-0.19871873779296872
23.160470247268677,-0.0063950995492922,-0.584185205078125,-0.19393033447265623
23.18011236190796,-0.004529862180748642,-0.6057330200195312,-0.1580173095703125
23.20034956932068,-0.008926493120887028,-0.4285620971679687,-0.1771709228515625
23.220197439193726,-0.0073277182335639785,-0.47165772705078124,-0.18914193115234373
23.240020513534546,-0.004263399699528133,-0.4740519287109375,-0.19153613281249998
23.260356187820435,-0.0063950995492922,-0.47644613037109373,-0.19871873779296872
23.280019998550415,-0.00866003063966652,-0.4333505004882812,-0.21068974609375
23.299976110458374,-0.004263399699528133,-0.46208092041015625,-0.201112939453125
23.320467948913574,-0.0030643185340358454,-0.4525041137695312,-0.1867477294921875
23.340250730514526,-0.006528330789902454,-0.4285620971679687,-0.18914193115234373
23.36049723625183,-0.006128637068071691,-0.46686932373046874,-0.19632453613281248
23.380248308181763,-0.005062787143189658,-0.488417138671875,-0.181959326171875
23.400110960006714,-0.0058621745868511835,-0.5889736083984375,-0.18914193115234373
23.42000460624695,-0.0035972434964768626,-0.46208092041015625,-0.21068974609375
23.440224647521973,-0.007727411955394742,-0.4860229370117187,-0.181959326171875
23.460291147232056,-0.006528330789902454,-0.47165772705078124,-0.20350714111328125
23.480063915252686,-0.006794793271122962,-0.5003881469726562,-0.1771709228515625
23.50034523010254,-0.0035972434964768626,-0.4477157104492187,-0.2154781494140625
23.519798278808594,-0.0063950995492922,-0.4955997436523437,-0.201112939453125
23.540480375289917,-0.0057289433462409285,-0.47165772705078124,-0.19871873779296872
23.560360193252563,-0.0030643185340358454,-0.5913678100585937,-0.22266075439453123
23.579993724822998,-0.008260336917835759,-0.48123453369140623,-0.16998831787109375
23.60062050819397,-0.0058621745868511835,-0.4285620971679687,-0.19871873779296872
23.619977712631226,-0.006794793271122962,-0.612915625,-0.17956512451171874
23.63979983329773,-0.005062787143189658,-0.46686932373046874,-0.181959326171875
23.660377264022827,-0.008526799399056265,-0.45968671875,-0.2154781494140625
23.679903268814087,-0.0058621745868511835,-0.469263525390625,-0.17956512451171874
23.700149297714233,-0.0063950995492922,-0.3232172241210937,-0.15322890625
23.719927072525024,-0.004929555902579405,-0.469263525390625,-0.181959326171875
23.739835739135742,-0.008526799399056265,-0.4908113403320312,-0.18914193115234373
23.760547876358032,-0.005462480865020421,-0.469263525390625,-0.3064578125
23.780014991760254,-0.0031975497746461,-0.488417138671875,-0.229843359375
23.80029535293579,-0.000799387443661525,-0.4860229370117187,-0.1867477294921875
23.81990694999695,-0.0037304747370871167,-0.42377369384765623,-0.19393033447265623
23.839838981628418,-0.007061255752343471,-0.4213794921875,-0.1771709228515625
23.861090421676636,-0.0057289433462409285,-0.4572925170898437,-0.1771709228515625
23.880657196044922,-0.005462480865020421,-0.469263525390625,-0.1867477294921875
23.900282859802246,-0.005062787143189658,-0.4644751220703125,-0.1771709228515625
23.919946908950806,-0.0030643185340358454,-0.42377369384765623,-0.1580173095703125
23.93982982635498,-0.006128637068071691,-0.46208092041015625,-0.2059013427734375
23.96011209487915,-0.007860643196004996,-0.48123453369140623,-0.16998831787109375
23.979817628860474,-0.010125574286379316,-0.45010991210937495,-0.20829554443359374
24.00045084953308,-0.008526799399056265,-0.3399766357421875,-0.229843359375
24.02032732963562,-0.002531393571594829,-0.4644751220703125,-0.17477672119140625
24.039971590042114,-0.005196018383799912,-0.4644751220703125,-0.19871873779296872
24.060484886169434,-0.002797856052815337,-0.42377369384765623,-0.17477672119140625
24.080424070358276,-0.00479632466196915,-0.47165772705078124,-0.201112939453125
24.100481033325195,-0.004396630940138387,-0.44053310546874996,-0.19153613281249998
24.120118618011475,-0.006661562030512709,-0.430956298828125,-0.19871873779296872
24.140111446380615,-0.005995405827461438,-0.584185205078125,-0.1771709228515625
24.160237312316895,-0.0075941807147844875,-0.33039982910156246,-0.239420166015625
24.18005347251892,-0.0057289433462409285,-0.44053310546874996,-0.21787235107421873
24.20035171508789,-0.009059724361497283,-0.4477157104492187,-0.22026655273437498
24.22066044807434,-0.0063950995492922,-0.47165772705078124,-0.16519991455078123
24.240097045898438,-0.0075941807147844875,-0.4429273071289062,-0.19393033447265623
24.260202884674072,-0.00479632466196915,-0.5770026000976562,-0.21068974609375
24.27989411354065,-0.0026646248122050836,-0.43574470214843747,-0.16280571289062498
24.300042152404785,-0.0037304747370871167,-0.47644613037109373,-0.18914193115234373
24.319761276245117,-0.005995405827461438,-0.32561142578124996,-0.16280571289062498
24.339978456497192,-0.005062787143189658,-0.3136404174804687,-0.21308394775390624
24.360347270965576,-0.005462480865020421,-0.4572925170898437,-0.29448680419921874
24.379811763763428,-0.005196018383799912,-0.430956298828125,-0.19393033447265623
24.400230884552002,-0.005196018383799912,-0.45968671875,-0.19632453613281248
24.419917345046997,-0.005062787143189658,-0.4740519287109375,-0.16998831787109375
24.44023108482361,-0.0075941807147844875,-0.4333505004882812,-0.1867477294921875
24.46041488647461,-0.005595712105630674,-0.46208092041015625,-0.24181436767578124
24.480093002319336,-0.003464012255866608,-0.5889736083984375,-0.16041151123046873
24.500211477279663,-0.0073277182335639785,-0.4740519287109375,-0.18914193115234373
24.519968271255493,-0.007194486992953725,-0.4477157104492187,-0.19153613281249998
24.540220737457275,-0.006928024511733216,-0.3232172241210937,-0.1484405029296875
24.56003427505493,-0.005196018383799912,-0.3232172241210937,-0.22505495605468748
24.57987928390503,-0.005196018383799912,-0.4836287353515625,-0.2059013427734375
24.600066661834717,-0.004263399699528133,-0.3136404174804687,-0.18435352783203124
24.619828462600708,-0.007993874436615249,-0.5793968017578125,-0.18435352783203124
24.640441179275513,-0.006128637068071691,-0.46686932373046874,-0.201112939453125
24.66022777557373,-0.0009326186842717792,-0.47884033203125,-0.16280571289062498
24.679823875427246,-0.0037304747370871167,-0.4525041137695312,-0.18435352783203124
24.70000195503235,-0.003464012255866608,-0.6081272216796875,-0.19153613281249998
24.720097303390503,-0.0021316998497640663,-0.5913678100585937,-0.18435352783203124
24.73979115486145,-0.004929555902579405,-0.4860229370117187,-0.17238251953125
24.76024580001831,-0.006261868308681946,-0.4525041137695312,-0.19871873779296872
24.779951810836792,-0.00479632466196915,-0.469263525390625,-0.19632453613281248
24.800161361694336,-0.005462480865020421,-0.45010991210937495,-0.2059013427734375
24.81990385055542,-0.0075941807147844875,-0.488417138671875,-0.19393033447265623
24.840116262435913,-0.008926493120887028,-0.4261678955078125,-0.16041151123046873
24.860352516174316,-0.008526799399056265,-0.4860229370117187,-0.1867477294921875
24.88004231452942,-0.006528330789902454,-0.3232172241210937,-0.20350714111328125
24.90003728866577,-0.001732006127933304,-0.3136404174804687,-0.2059013427734375
24.919840335845947,-0.002398162330984575,-0.4429273071289062,-0.18435352783203124
24.939708471298218,-0.006128637068071691,-0.45489831542968745,-0.1867477294921875
24.96039605140686,-0.006528330789902454,-0.4429273071289062,-0.2059013427734375
24.980100393295288,-0.0073277182335639785,-0.43574470214843747,-0.17956512451171874
25.000232458114624,-0.007194486992953725,-0.4572925170898437,-0.17477672119140625
25.019962787628174,-0.006128637068071691,-0.6105214233398437,-0.18914193115234373
25.040438175201416,-0.0021316998497640663,-0.4429273071289062,-0.201112939453125
25.06028652191162,-0.0039969372183076245,-0.4572925170898437,-0.17956512451171874
25.0797758102417,-0.0010658499248820332,-0.46208092041015625,-0.20350714111328125
25.099878787994385,-0.006661562030512709,-0.45010991210937495,-0.16519991455078123
25.120097637176514,-0.005995405827461438,-0.4285620971679687,-0.2059013427734375
25.140143632888794,-0.0058621745868511835,-0.45010991210937495,-0.16280571289062498
25.16023898124695,-0.005329249624410167,-0.32082302246093747,-0.18914193115234373
25.18005132675171,-0.0031975497746461,-0.4860229370117187,-0.16759411621093748
25.20047116279602,-0.0075941807147844875,-0.612915625,-0.16280571289062498
25.21995520591736,-0.0057289433462409285,-0.4381389038085937,-0.201112939453125
25.239916563034058,-0.0074609494741742334,-0.47165772705078124,-0.181959326171875
25.260330200195312,-0.006794793271122962,-0.6009446166992187,-0.22266075439453123
25.28001379966736,-0.0073277182335639785,-0.4333505004882812,-0.1867477294921875
25.300265073776245,-0.0037304747370871167,-0.488417138671875,-0.1771709228515625
25.319920301437378,-0.005062787143189658,-0.4740519287109375,-0.1580173095703125
25.34029722213745,-0.0057289433462409285,-0.612915625,-0.20350714111328125
25.360236167907715,-0.004663093421358896,-0.4525041137695312,-0.16519991455078123
25.379854440689087,-0.004529862180748642,-0.4572925170898437,-0.16519991455078123
25.400293350219727,-0.006528330789902454,-0.45489831542968745,-0.1867477294921875
25.41993284225464,-0.03397396635561481,-0.3232172241210937,-0.16280571289062498
25.440216302871704,-0.007727411955394742,-0.4333505004882812,-0.16759411621093748
25.460419416427612,-0.006794793271122962,-0.4644751220703125,-0.19153613281249998
25.48004460334778,-0.0057289433462409285,-0.47644613037109373,-0.16998831787109375
25.500277519226074,-0.004663093421358896,-0.45489831542968745,-0.22026655273437498
25.520159244537354,-0.006794793271122962,-0.45489831542968745,-0.201112939453125
25.540775537490845,-0.006128637068071691,-0.4572925170898437,-0.1580173095703125
25.56002187728882,-0.007727411955394742,-0.47165772705078124,-0.1867477294921875
25.579930782318115,-0.0039969372183076245,-0.6057330200195312,-0.21068974609375
25.60014533996582,-0.005995405827461438,-0.46686932373046874,-0.21308394775390624
25.62020492553711,-0.00479632466196915,-0.4429273071289062,-0.20350714111328125
25.63998794555664,-0.007061255752343471,-0.4644751220703125,-0.1867477294921875
25.660478591918945,-0.005462480865020421,-0.46686932373046874,-0.13646949462890623
25.6801118850708,-0.006794793271122962,-0.46208092041015625,-0.19393033447265623
25.700148105621338,-0.007993874436615249,-0.469263525390625,-0.22026655273437498
25.71990942955017,-0.006261868308681946,-0.488417138671875,-0.17956512451171874
25.74016547203064,-0.008393568158446012,-0.4477157104492187,-0.181959326171875
25.760445833206177,-0.00985911180515881,-0.4644751220703125,-0.16280571289062498
25.779982089996338,-0.0033307810152563544,-0.411802685546875,-0.21308394775390624
25.800495147705078,-0.004663093421358896,-0.4429273071289062,-0.21787235107421873
25.81994605064392,-0.004929555902579405,-0.45010991210937495,-0.16998831787109375
25.84055185317993,-0.003863705977697371,-0.4644751220703125,-0.18435352783203124
25.86103105545044,-0.0063950995492922,-0.469263525390625,-0.16759411621093748
25.88180184364319,-0.005595712105630674,-0.4644751220703125,-0.21308394775390624
25.90108346939087,-0.005062787143189658,-0.47644613037109373,-0.181959326171875
25.9204740524292,-0.0058621745868511835,-0.5003881469726562,-0.19632453613281248
25.94045853614807,-0.004663093421358896,-0.4644751220703125,-0.201112939453125
25.960687398910522,-0.007727411955394742,-0.48123453369140623,-0.19153613281249998
25.980085134506226,-0.007061255752343471,-0.4429273071289062,-0.17956512451171874
26.000910758972168,-0.006794793271122962,-0.6081272216796875,-0.1484405029296875
26.02001166343689,-0.00479632466196915,-0.6105214233398437,-0.181959326171875
26.040119171142578,-0.004263399699528133,-0.3280056274414062,-0.15083470458984374
26.061211585998535,-0.006528330789902454,-0.4429273071289062,-0.15083470458984374
26.08038854598999,-0.0021316998497640663,-0.4908113403320312,-0.17477672119140625
26.1010479927063,-0.005329249624410167,-0.4572925170898437,-0.16998831787109375
26.121216535568237,-0.0039969372183076245,-0.48123453369140623,-0.19153613281249998
26.141870498657227,-0.006661562030512709,-0.47884033203125,-0.21068974609375
26.1610050201416,-0.005595712105630674,-0.33039982910156246,-0.1771709228515625
26.180110454559326,-0.0063950995492922,-0.4740519287109375,-0.16280571289062498
26.199970483779907,-0.0037304747370871167,-0.5195417602539062,-0.17238251953125
26.22027564048767,-0.0035972434964768626,-0.46208092041015625,-0.18435352783203124
26.240206956863403,-0.006928024511733216,-0.469263525390625,-0.18914193115234373
26.2599458694458,-0.0063950995492922,-0.4572925170898437,-0.15562310791015624
26.28003716468811,-0.003863705977697371,-0.4525041137695312,-0.21068974609375
26.30033254623413,-0.004130168458917879,-0.4285620971679687,-0.17238251953125
26.3197762966156,-0.004929555902579405,-0.44532150878906246,-0.18914193115234373
26.34004235267639,-0.005196018383799912,-0.6081272216796875,-0.21787235107421873
26.359972953796387,-0.003863705977697371,-0.4740519287109375,-0.2154781494140625
26.380033016204834,-0.006928024511733216,-0.44532150878906246,-0.20829554443359374
26.400049686431885,-0.005462480865020421,-0.45489831542968745,-0.19153613281249998
26.419834852218628,-0.0029310872934255917,-0.4908113403320312,-0.17956512451171874
26.439889907836914,-0.0030643185340358454,-0.47165772705078124,-0.16759411621093748
26.460087060928345,-0.0057289433462409285,-0.45010991210937495,-0.22026655273437498
26.479904890060425,-0.005062787143189658,-0.46208092041015625,-0.17238251953125
26.49985361099243,-0.004396630940138387,-0.3184288208007812,-0.181959326171875
26.519909381866455,-0.004130168458917879,-0.5051765502929687,-0.1771709228515625
26.540225982666016,-0.008127105677225504,-0.4429273071289062,-0.16998831787109375
26.559956550598145,-0.0074609494741742334,-0.4836287353515625,-0.20350714111328125
26.57989811897278,-0.0073277182335639785,-0.45010991210937495,-0.17956512451171874
26.600261449813843,-0.0063950995492922,-0.47644613037109373,-0.17238251953125
26.62013864517212,-0.0095926493239383,-0.44532150878906246,-0.17238251953125
26.64017629623413,-0.005329249624410167,-0.4836287353515625,-0.19393033447265623
26.66021227836609,-0.007194486992953725,-0.488417138671875,-0.181959326171875
26.67989182472229,-0.0026646248122050836,-0.4740519287109375,-0.17956512451171874
26.699774503707886,-0.008260336917835759,-0.4429273071289062,-0.18914193115234373
26.720033168792725,-0.0058621745868511835,-0.469263525390625,-0.181959326171875
26.74131464958191,-0.005062787143189658,-0.5961562133789062,-0.20350714111328125
26.76018738746643,-0.0058621745868511835,-0.45489831542968745,-0.2059013427734375
26.779890298843384,-0.0029310872934255917,-0.4285620971679687,-0.18435352783203124
26.799787759780884,-0.005329249624410167,-0.43574470214843747,-0.1771709228515625
26.820153951644897,-0.004929555902579405,-0.47165772705078124,-0.22505495605468748
26.83987021446228,-0.010125574286379316,-0.46686932373046874,-0.2059013427734375
26.860135316848755,-0.008260336917835759,-0.41898529052734373,-0.19393033447265623
26.879901885986328,-0.0031975497746461,-0.469263525390625,-0.16519991455078123
26.900060653686523,-0.00866003063966652,-0.5147533569335937,-0.1771709228515625
26.920313358306885,-0.007727411955394742,-0.6081272216796875,-0.201112939453125
26.939862966537476,-0.0021316998497640663,-0.6081272216796875,-0.19871873779296872
26.96005344390869,-0.007194486992953725,-0.469263525390625,-0.16998831787109375
26.979853630065918,-0.0057289433462409285,-0.47165772705078124,-0.17956512451171874
26.999939441680908,-0.006128637068071691,-0.4572925170898437,-0.17477672119140625
27.019702672958374,-0.0039969372183076245,-0.45489831542968745,-0.16519991455078123
27.039731979370117,-0.007860643196004996,-0.4165910888671875,-0.17956512451171874
27.06010103225708,-0.005196018383799912,-0.316034619140625,-0.19632453613281248
27.079957485198975,-0.0003996937218307625,-0.30885201416015623,-0.18914193115234373
27.099801540374756,-0.004396630940138387,-0.45010991210937495,-0.16759411621093748
27.119961977005005,-0.0035972434964768626,-0.44053310546874996,-0.181959326171875
27.14017415046692,-0.007194486992953725,-0.469263525390625,-0.19632453613281248
27.160070180892944,-0.006261868308681946,-0.4644751220703125,-0.19153613281249998
27.179789543151855,-0.005062787143189658,-0.3184288208007812,-0.16759411621093748
27.199746131896973,-0.003464012255866608,-0.3184288208007812,-0.18914193115234373
27.220199823379517,-0.005595712105630674,-0.4429273071289062,-0.17956512451171874
27.240057945251465,-0.005196018383799912,-0.469263525390625,-0.16519991455078123
27.260103940963745,-0.005196018383799912,-0.4261678955078125,-0.17238251953125
27.27999758720398,-0.004529862180748642,-0.4525041137695312,-0.19153613281249998
27.299845695495605,-0.0018652373685435584,-0.4860229370117187,-0.17956512451171874
27.319875717163086,-0.004929555902579405,-0.3280056274414062,-0.20350714111328125
27.33974814414978,-0.005595712105630674,-0.30885201416015623,-0.19153613281249998
27.360096216201782,-0.003863705977697371,-0.47644613037109373,-0.181959326171875
27.3800048828125,-0.0074609494741742334,-0.46686932373046874,-0.18435352783203124
27.400116443634033,-0.004263399699528133,-0.45010991210937495,-0.201112939453125
27.42001461982727,-0.004929555902579405,-0.45489831542968745,-0.201112939453125
27.439768314361572,-0.009459418083328047,-0.4836287353515625,-0.15562310791015624
27.46017622947693,-0.00866003063966652,-0.4572925170898437,-0.2059013427734375
27.480066299438477,-0.0057289433462409285,-0.45010991210937495,-0.16519991455078123
27.499786376953125,-0.0073277182335639785,-0.4644751220703125,-0.19393033447265623
27.519883632659912,-0.004663093421358896,-0.4381389038085937,-0.17477672119140625
27.540619611740112,-0.004663093421358896,-0.46208092041015625,-0.19632453613281248
27.560067653656006,-0.0074609494741742334,-0.48123453369140623,-0.24660277099609373
27.579781532287598,-0.002398162330984575,-0.46208092041015625,-0.16759411621093748
27.599915027618408,-0.0074609494741742334,-0.4285620971679687,-0.21787235107421873
27.61971664428711,-0.0073277182335639785,-0.45968671875,-0.21308394775390624
27.639835834503174,-0.0074609494741742334,-0.4477157104492187,-0.229843359375
27.660221099853516,-0.005329249624410167,-0.603338818359375,-0.16759411621093748
27.67987871170044,-0.006661562030512709,-0.47165772705078124,-0.17477672119140625
27.699764251708984,-0.0057289433462409285,-0.4381389038085937,-0.22026655273437498
27.719932556152344,-0.004929555902579405,-0.46208092041015625,-0.20350714111328125
27.739970684051514,-0.0063950995492922,-0.469263525390625,-0.18435352783203124
27.760380506515503,-0.005062787143189658,-0.48123453369140623,-0.19393033447265623
27.780099868774414,-0.005462480865020421,-0.3184288208007812,-0.17956512451171874
27.800021171569824,-0.0019984686091538122,-0.45968671875,-0.201112939453125
27.819833755493164,-0.0039969372183076245,-0.47165772705078124,-0.14125789794921875
27.839799880981445,-0.00159877488732305,-0.45489831542968745,-0.0143652099609375
27.86086940765381,-0.006794793271122962,-0.45968671875,-0.18914193115234373
27.87985873222351,-0.005595712105630674,-0.32082302246093747,-0.2154781494140625
27.900094747543335,-0.0037304747370871167,-0.469263525390625,-0.16759411621093748
27.920382022857666,-0.004929555902579405,-0.43574470214843747,-0.26336218261718747
27.940035104751587,-0.006661562030512709,-0.5961562133789062,-0.201112939453125
27.960076093673706,-0.005062787143189658,-0.46208092041015625,-0.15562310791015624
27.98006820678711,-0.0039969372183076245,-0.4644751220703125,-0.19871873779296872
27.99994730949402,-0.0063950995492922,-0.4429273071289062,-0.16759411621093748
28.019856452941895,-0.0057289433462409285,-0.45968671875,-0.16998831787109375
28.039870977401733,-0.006261868308681946,-0.4333505004882812,-0.17956512451171874
28.060239791870117,-0.008526799399056265,-0.4572925170898437,-0.17956512451171874
28.08022952079773,-0.006794793271122962,-0.3112462158203125,-0.21068974609375
28.100133180618286,-0.0039969372183076245,-0.4285620971679687,-0.201112939453125
28.120420217514038,-0.0031975497746461,-0.4477157104492187,-0.17477672119140625
28.140395164489746,-0.0039969372183076245,-0.4525041137695312,-0.19153613281249998
28.160547971725464,-0.004396630940138387,-0.41898529052734373,-0.16759411621093748
28.180034637451172,-0.008793261880276773,-0.46208092041015625,-0.19871873779296872
28.199910640716553,-0.00479632466196915,-0.32082302246093747,-0.17477672119140625
28.21999740600586,-0.0031975497746461,-0.43574470214843747,-0.19871873779296872
28.23985767364502,-0.0058621745868511835,-0.30885201416015623,-0.16759411621093748
28.26021099090576,-0.0026646248122050836,-0.45489831542968745,-0.18914193115234373
28.280049324035645,-0.006528330789902454,-0.4477157104492187,-0.17956512451171874
28.299885749816895,-0.0073277182335639785,-0.4572925170898437,-0.18914193115234373
28.319839477539062,-0.0035972434964768626,-0.5003881469726562,-0.1867477294921875
28.33978581428528,-0.0095926493239383,-0.30885201416015623,-0.21068974609375
28.360021591186523,-0.003464012255866608,-0.45968671875,-0.18914193115234373
28.379973888397217,-0.002398162330984575,-0.6081272216796875,-0.181959326171875
28.399888038635254,-0.004263399699528133,-0.48123453369140623,-0.181959326171875
28.419736623764038,-0.0021316998497640663,-0.4860229370117187,-0.19632453613281248
28.439871788024902,-0.004529862180748642,-0.4572925170898437,-0.20829554443359374
28.460031270980835,-0.004130168458917879,-0.4381389038085937,-0.18435352783203124
28.47999143600464,-0.0037304747370871167,-0.469263525390625,-0.15562310791015624
28.500053644180298,-0.0063950995492922,-0.4165910888671875,-0.21068974609375
28.520012855529785,-0.006128637068071691,-0.411802685546875,-0.20829554443359374
28.539994955062866,-0.004663093421358896,-0.4860229370117187,-0.2154781494140625
28.560170888900757,-0.0063950995492922,-0.43574470214843747,-0.17956512451171874
28.579981088638306,-0.005995405827461438,-0.5051765502929687,-0.201112939453125
28.599907636642456,-0.0010658499248820332,-0.45010991210937495,-0.19153613281249998
28.61982226371765,-0.002264931090374321,-0.44053310546874996,-0.16759411621093748
28.63980722427368,-0.008393568158446012,-0.48123453369140623,-0.17238251953125
28.660409212112427,-0.005062787143189658,-0.3184288208007812,-0.21308394775390624
28.680259466171265,-0.005995405827461438,-0.46208092041015625,-0.22266075439453123
28.700015783309937,-0.006528330789902454,-0.4740519287109375,-0.1771709228515625
28.71998929977417,-0.0058621745868511835,-0.4525041137695312,-0.1867477294921875
28.73995280265808,-0.003863705977697371,-0.44053310546874996,-0.22266075439453123
28.760045051574707,-0.011324655451871604,-0.4429273071289062,-0.21068974609375
28.779995918273926,-0.007993874436615249,-0.4836287353515625,-0.16998831787109375
28.80004596710205,-0.007061255752343471,-0.612915625,-0.17477672119140625
28.820255517959595,-0.007194486992953725,-0.44532150878906246,-0.17238251953125
28.83978533744812,-0.005595712105630674,-0.46208092041015625,-0.29448680419921874
28.86006999015808,-0.006528330789902454,-0.47884033203125,-0.19871873779296872
28.879969596862793,-0.0074609494741742334,-0.30885201416015623,-0.22266075439453123
28.899873733520508,-0.005462480865020421,-0.4908113403320312,-0.21308394775390624
28.919843912124634,-0.005462480865020421,-0.32561142578124996,-0.1867477294921875
