time_s,wz_rad_s,ax_m_s2,ay_m_s2
0.0,-0.008926493120887028,-0.5051765502929687,-0.24181436767578124
0.019086122512817383,-0.004263399699528133,-0.5051765502929687,-0.23702596435546874
0.039077043533325195,-0.01052526800821008,-0.5434837768554687,-0.27293898925781246
0.05926966667175293,-0.008127105677225504,-0.5793968017578125,-0.2154781494140625
0.07885313034057617,-0.005995405827461438,-0.5434837768554687,-0.2609679809570312
0.09914517402648926,-0.004396630940138387,-0.5363011718749999,-0.2705447875976562
0.1192941665649414,-0.003863705977697371,-0.5219359619140624,-0.258573779296875
0.1393270492553711,-0.006128637068071691,-0.5315127685546874,-0.27293898925781246
0.15907716751098633,-0.006661562030512709,-0.5363011718749999,-0.2561795776367187
0.1788015365600586,-0.0058621745868511835,-0.5291185668945312,-0.22505495605468748
0.19926667213439941,-0.0075941807147844875,-0.51714755859375,-0.2561795776367187
0.21894073486328125,-0.007061255752343471,-0.5458779785156249,-0.22266075439453123
0.23868846893310547,-0.0035972434964768626,-0.5363011718749999,-0.25139117431640623
0.25916266441345215,-0.0039969372183076245,-0.5434837768554687,-0.239420166015625
0.2792239189147949,-0.004529862180748642,-0.5147533569335937,-0.2825157958984375
0.299224853515625,-0.005995405827461438,-0.5315127685546874,-0.2561795776367187
0.31882739067077637,-0.0039969372183076245,-0.5434837768554687,-0.2561795776367187
0.33906078338623047,-0.006261868308681946,-0.5530605834960938,-0.24660277099609373
0.3590586185455322,-0.006928024511733216,-0.5243301635742187,-0.24899697265624998
0.3789527416229248,-0.006128637068071691,-0.5434837768554687,-0.229843359375
0.3988494873046875,-0.005329249624410167,-0.5530605834960938,-0.26815058593749996
0.4187932014465332,-0.006261868308681946,-0.5530605834960938,-0.21787235107421873
0.43898725509643555,-0.0057289433462409285,-0.5123591552734374,-0.2825157958984375
0.4589710235595703,-0.004929555902579405,-0.5243301635742187,-0.2537853759765625
0.4787750244140625,-0.0058621745868511835,-0.5267243652343749,-0.27293898925781246
0.4987764358520508,-0.0031975497746461,-0.5602431884765625,-0.20829554443359374
0.519080400466919,-0.0057289433462409285,-0.5027823486328125,-0.24181436767578124
0.5395593643188477,-0.004529862180748642,-0.5602431884765625,-0.26815058593749996
0.5588071346282959,-0.005462480865020421,-0.5267243652343749,-0.277727392578125
0.5787832736968994,-0.0057289433462409285,-0.5099649536132812,-0.25139117431640623
0.5989224910736084,-0.004396630940138387,-0.5339069702148437,-0.28490999755859375
0.6191070079803467,-0.009992343045769061,-0.5339069702148437,-0.2825157958984375
0.6389744281768799,-0.004263399699528133,-0.59376201171875,-0.25139117431640623
0.6592793464660645,-0.004929555902579405,-0.5410895751953124,-0.24181436767578124
0.6792111396789551,-0.005995405827461438,-0.5291185668945312,-0.2346317626953125
0.6988406181335449,-0.004929555902579405,-0.5434837768554687,-0.27293898925781246
0.7188692092895508,-0.004663093421358896,-0.5674257934570313,-0.23223756103515625
0.7389984130859375,-0.006128637068071691,-0.5147533569335937,-0.2609679809570312
0.7589576244354248,-0.0095926493239383,-0.5410895751953124,-0.26336218261718747
0.7792973518371582,-0.0033307810152563544,-0.5698199951171875,-0.258573779296875
0.798954963684082,-0.004130168458917879,-0.5219359619140624,-0.22744915771484372
0.8194618225097656,-0.005196018383799912,-0.5243301635742187,-0.2753331909179687
0.8391387462615967,-0.005995405827461438,-0.5291185668945312,-0.28490999755859375
0.8589699268341064,-0.00866003063966652,-0.5243301635742187,-0.2561795776367187
0.8835008144378662,-0.0039969372183076245,-0.5434837768554687,-0.2537853759765625
0.9006438255310059,-0.0058621745868511835,-0.55545478515625,-0.26336218261718747
0.9192264080047607,-0.004130168458917879,-0.5363011718749999,-0.2705447875976562
0.9390163421630859,-0.004263399699528133,-0.5219359619140624,-0.2561795776367187
0.9587860107421875,-0.008793261880276773,-0.5339069702148437,-0.27293898925781246
0.9787828922271729,-0.005462480865020421,-0.5506663818359374,-0.28730419921875
0.9991793632507324,-0.006528330789902454,-0.5243301635742187,-0.2705447875976562
1.018956184387207,-0.005329249624410167,-0.5722141967773438,-0.27293898925781246
1.0391123294830322,-0.004263399699528133,-0.5506663818359374,-0.2753331909179687
1.0600841045379639,-0.006128637068071691,-0.507570751953125,-0.24899697265624998
1.0790836811065674,-0.011324655451871604,-0.6081272216796875,-0.22026655273437498
1.0992050170898438,-0.006661562030512709,-0.5195417602539062,-0.28969840087890625
1.119575023651123,-0.0029310872934255917,-0.5267243652343749,-0.2561795776367187
1.1390511989593506,-0.004929555902579405,-0.5363011718749999,-0.28969840087890625
1.159132719039917,-0.0037304747370871167,-0.5626373901367188,-0.3016694091796875
1.1788973808288574,-0.007061255752343471,-0.5315127685546874,-0.24181436767578124
1.1988916397094727,-0.004663093421358896,-0.5291185668945312,-0.24899697265624998
1.2192325592041016,-0.006528330789902454,-0.5530605834960938,-0.258573779296875
1.2390217781066895,-0.005196018383799912,-0.5386953735351562,-0.27293898925781246
1.2591662406921387,-0.002797856052815337,-0.5578489868164063,-0.2537853759765625
1.27903151512146,-0.004396630940138387,-0.5195417602539062,-0.24899697265624998
1.2989113330841064,-0.0030643185340358454,-0.4836287353515625,-0.2346317626953125
1.3195252418518066,-0.0039969372183076245,-0.5147533569335937,-0.23223756103515625
1.3392183780670166,-0.0014655436467127959,-0.5410895751953124,-0.24660277099609373
1.3600895404815674,-0.006528330789902454,-0.5147533569335937,-0.28490999755859375
1.3790082931518555,-0.00479632466196915,-0.5458779785156249,-0.28490999755859375
1.3990368843078613,-0.0035972434964768626,-0.5315127685546874,-0.2537853759765625
1.4193742275238037,-0.004663093421358896,-0.5315127685546874,-0.277727392578125
1.439208984375,-0.0006661562030512709,-0.5195417602539062,-0.24660277099609373
1.4590938091278076,-0.006794793271122962,-0.5434837768554687,-0.2657563842773437
1.4787750244140625,-0.007194486992953725,-0.5602431884765625,-0.23702596435546874
1.498845100402832,-0.0037304747370871167,-0.5578489868164063,-0.2346317626953125
1.519113540649414,-0.002531393571594829,-0.5243301635742187,-0.277727392578125
1.5390756130218506,-0.0063950995492922,-0.51714755859375,-0.2657563842773437
1.5590355396270752,-0.005462480865020421,-0.5291185668945312,-0.24660277099609373
1.5787596702575684,-0.005995405827461438,-0.5482721801757812,-0.2346317626953125
1.5987560749053955,-0.006794793271122962,-0.488417138671875,-0.2537853759765625
1.6187551021575928,-0.003464012255866608,-0.5147533569335937,-0.24660277099609373
1.6389756202697754,-0.008260336917835759,-0.4955997436523437,-0.28012159423828126
1.659087896347046,-0.007061255752343471,-0.5506663818359374,-0.2657563842773437
1.6787879467010498,-0.004929555902579405,-0.5291185668945312,-0.2442085693359375
1.6990127563476562,-0.005995405827461438,-0.5386953735351562,-0.2442085693359375
1.7188456058502197,-0.005062787143189658,-0.5243301635742187,-0.2609679809570312
1.7388148307800293,-0.007993874436615249,-0.5506663818359374,-0.277727392578125
1.7589964866638184,-0.0074609494741742334,-0.5291185668945312,-0.25139117431640623
1.7792744636535645,-0.002398162330984575,-0.5578489868164063,-0.25139117431640623
1.7991828918457031,-0.006528330789902454,-0.5410895751953124,-0.25139117431640623
1.8192179203033447,-0.005995405827461438,-0.5626373901367188,-0.29927520751953124
1.8391494750976562,-0.006661562030512709,-0.5458779785156249,-0.2346317626953125
1.859154462814331,-0.007061255752343471,-0.5817910034179687,-0.24899697265624998
1.8790974617004395,-0.006128637068071691,-0.5219359619140624,-0.2346317626953125
1.8989911079406738,-0.0063950995492922,-0.5434837768554687,-0.2561795776367187
1.919294834136963,-0.004929555902579405,-0.5363011718749999,-0.2657563842773437
1.9393527507781982,-0.006261868308681946,-0.5530605834960938,-0.2609679809570312
1.9593265056610107,-0.005462480865020421,-0.5410895751953124,-0.23223756103515625
1.9790077209472656,-0.002531393571594829,-0.5243301635742187,-0.25139117431640623
1.9990127086639404,-0.006528330789902454,-0.5363011718749999,-0.20350714111328125
2.018871784210205,-0.0073277182335639785,-0.5578489868164063,-0.2705447875976562
2.0392942428588867,-0.0029310872934255917,-0.5339069702148437,-0.2825157958984375
2.0592141151428223,-0.005329249624410167,-0.5578489868164063,-0.25139117431640623
2.0787980556488037,-0.00479632466196915,-0.5363011718749999,-0.2753331909179687
2.0989763736724854,-0.0037304747370871167,-0.5434837768554687,-0.2537853759765625
2.119001626968384,-0.0030643185340358454,-0.5339069702148437,-0.2609679809570312
2.1389997005462646,-0.009326186842717792,-0.5363011718749999,-0.26815058593749996
2.1589515209198,-0.0073277182335639785,-0.5363011718749999,-0.25139117431640623
2.17895245552063,-0.0074609494741742334,-0.5602431884765625,-0.22744915771484372
2.198815107345581,-0.006128637068071691,-0.51714755859375,-0.22505495605468748
2.2191197872161865,-0.004263399699528133,-0.5458779785156249,-0.25139117431640623
2.242391347885132,-0.003464012255866608,-0.5530605834960938,-0.24181436767578124
2.2591400146484375,-0.007860643196004996,-0.5147533569335937,-0.23702596435546874
2.2788219451904297,-0.008393568158446012,-0.5865794067382812,-0.2561795776367187
2.2987782955169678,-0.008526799399056265,-0.507570751953125,-0.28012159423828126
2.3191139698028564,-0.005995405827461438,-0.5291185668945312,-0.2346317626953125
2.3393328189849854,-0.004130168458917879,-0.5267243652343749,-0.2753331909179687
2.3589460849761963,-0.009326186842717792,-0.5386953735351562,-0.2537853759765625
2.3788533210754395,-0.007194486992953725,-0.5386953735351562,-0.2537853759765625
2.3988115787506104,-0.0057289433462409285,-0.5410895751953124,-0.27293898925781246
2.418940544128418,-0.009059724361497283,-0.5363011718749999,-0.28969840087890625
2.4392125606536865,-0.005995405827461438,-0.5746083984375,-0.25139117431640623
2.4589931964874268,-0.006128637068071691,-0.5123591552734374,-0.28969840087890625
2.4788360595703125,-0.007061255752343471,-0.5147533569335937,-0.28730419921875
2.498795509338379,-0.0063950995492922,-0.5363011718749999,-0.28490999755859375
2.518965482711792,-0.0074609494741742334,-0.5386953735351562,-0.23223756103515625
2.5391907691955566,-0.0031975497746461,-0.5291185668945312,-0.24181436767578124
2.558912754058838,-0.0073277182335639785,-0.5410895751953124,-0.2561795776367187
2.5789339542388916,-0.0074609494741742334,-0.5315127685546874,-0.27293898925781246
2.598909378051758,-0.004529862180748642,-0.5746083984375,-0.24899697265624998
2.6188299655914307,-0.0033307810152563544,-0.5602431884765625,-0.22266075439453123
2.6392645835876465,-0.004130168458917879,-0.5386953735351562,-0.2346317626953125
2.6590521335601807,-0.006928024511733216,-0.5339069702148437,-0.2537853759765625
2.678884267807007,-0.00479632466196915,-0.5674257934570313,-0.21068974609375
2.6988494396209717,-0.0074609494741742334,-0.5243301635742187,-0.2705447875976562
2.7188498973846436,-0.004529862180748642,-0.5195417602539062,-0.23702596435546874
2.739203453063965,-0.0095926493239383,-0.5458779785156249,-0.258573779296875
2.758971929550171,-0.0063950995492922,-0.5267243652343749,-0.25139117431640623
2.7788259983062744,-0.006794793271122962,-0.5817910034179687,-0.2561795776367187
2.7986714839935303,-0.006261868308681946,-0.5434837768554687,-0.2705447875976562
2.8188531398773193,-0.005995405827461438,-0.5817910034179687,-0.26336218261718747
2.8393359184265137,-0.006128637068071691,-0.5219359619140624,-0.24899697265624998
2.858919620513916,-0.005995405827461438,-0.507570751953125,-0.24660277099609373
2.8788695335388184,-0.0057289433462409285,-0.5099649536132812,-0.2609679809570312
2.8988733291625977,-0.005995405827461438,-0.5195417602539062,-0.28969840087890625
2.9188642501831055,-0.0035972434964768626,-0.5578489868164063,-0.26815058593749996
2.9393415451049805,-0.005062787143189658,-0.5506663818359374,-0.2561795776367187
2.9587841033935547,-0.004396630940138387,-0.5219359619140624,-0.22266075439453123
2.978938341140747,-0.007727411955394742,-0.5291185668945312,-0.24660277099609373
2.9988725185394287,-0.0063950995492922,-0.5195417602539062,-0.2537853759765625
3.018754720687866,-0.006661562030512709,-0.5291185668945312,-0.21787235107421873
3.038982391357422,-0.0058621745868511835,-0.5099649536132812,-0.2657563842773437
3.0587356090545654,-0.006928024511733216,-0.5339069702148437,-0.2609679809570312
3.0788280963897705,-0.0058621745868511835,-0.5482721801757812,-0.2537853759765625
3.0990586280822754,-0.00479632466196915,-0.5458779785156249,-0.23702596435546874
3.1190154552459717,-0.0074609494741742334,-0.5506663818359374,-0.28730419921875
3.1390228271484375,-0.009326186842717792,-0.5363011718749999,-0.2609679809570312
3.1588938236236572,-0.0095926493239383,-0.5530605834960938,-0.258573779296875
3.1787679195404053,-0.006528330789902454,-0.5099649536132812,-0.2705447875976562
3.1989192962646484,-0.006528330789902454,-0.5195417602539062,-0.24660277099609373
3.2191953659057617,-0.004529862180748642,-0.49320554199218747,-0.2657563842773437
3.2392168045043945,-0.0033307810152563544,-0.5267243652343749,-0.28012159423828126
3.258955955505371,-0.006528330789902454,-0.5147533569335937,-0.2609679809570312
3.2792112827301025,-0.0035972434964768626,-0.5506663818359374,-0.2537853759765625
3.2991766929626465,-0.0063950995492922,-0.5458779785156249,-0.229843359375
3.3192124366760254,-0.004529862180748642,-0.565031591796875,-0.229843359375
3.3396544456481934,-0.006794793271122962,-0.5339069702148437,-0.2154781494140625
3.3589279651641846,-0.0075941807147844875,-0.5506663818359374,-0.2705447875976562
3.3788366317749023,-0.0074609494741742334,-0.5410895751953124,-0.2705447875976562
3.3988265991210938,-0.0057289433462409285,-0.5267243652343749,-0.2537853759765625
3.418700933456421,-0.008393568158446012,-0.5793968017578125,-0.27293898925781246
3.4396347999572754,-0.002264931090374321,-0.5458779785156249,-0.24660277099609373
3.4590392112731934,-0.00479632466196915,-0.5506663818359374,-0.2657563842773437
3.4793295860290527,-0.0074609494741742334,-0.47165772705078124,-0.2609679809570312
3.4988698959350586,-0.0073277182335639785,-0.5315127685546874,-0.22505495605468748
3.518923759460449,-0.006128637068071691,-0.5363011718749999,-0.24181436767578124
3.5390689373016357,-0.007061255752343471,-0.5267243652343749,-0.258573779296875
3.5588502883911133,-0.004130168458917879,-0.5243301635742187,-0.22744915771484372
3.5786213874816895,-0.002264931090374321,-0.5291185668945312,-0.26336218261718747
3.599421501159668,-0.004529862180748642,-0.5003881469726562,-0.239420166015625
3.618842840194702,-0.010791730489430587,-0.5315127685546874,-0.24181436767578124
3.6393094062805176,-0.005196018383799912,-0.4860229370117187,-0.23223756103515625
3.6589033603668213,-0.004929555902579405,-0.5674257934570313,-0.24660277099609373
3.678854465484619,-0.007727411955394742,-0.5027823486328125,-0.2561795776367187
3.6988255977630615,-0.009459418083328047,-0.5243301635742187,-0.23702596435546874
3.718808174133301,-0.004929555902579405,-0.5578489868164063,-0.28012159423828126
3.7391357421875,-0.009725880564548555,-0.5363011718749999,-0.22266075439453123
3.7589523792266846,-0.0026646248122050836,-0.5386953735351562,-0.24899697265624998
3.7790629863739014,-0.008260336917835759,-0.5315127685546874,-0.2609679809570312
3.7989187240600586,-0.006528330789902454,-0.5722141967773438,-0.2753331909179687
3.8190226554870605,-0.005196018383799912,-0.5722141967773438,-0.2537853759765625
3.8389856815338135,-0.004929555902579405,-0.5363011718749999,-0.2705447875976562
3.858985185623169,-0.003863705977697371,-0.5339069702148437,-0.2346317626953125
3.878953218460083,-0.004263399699528133,-0.5410895751953124,-0.27293898925781246
3.8989155292510986,-0.004529862180748642,-0.5698199951171875,-0.22744915771484372
3.9188332557678223,-0.004396630940138387,-0.51714755859375,-0.239420166015625
3.9392611980438232,-0.007194486992953725,-0.5386953735351562,-0.24899697265624998
3.959336996078491,-0.004929555902579405,-0.5506663818359374,-0.2753331909179687
3.97895884513855,-0.0058621745868511835,-0.55545478515625,-0.258573779296875
3.999309778213501,-0.006261868308681946,-0.5482721801757812,-0.28490999755859375
4.018980503082275,-0.007860643196004996,-0.5722141967773438,-0.25139117431640623
4.039164781570435,-0.005062787143189658,-0.5315127685546874,-0.24899697265624998
4.058898448944092,-0.0074609494741742334,-0.5482721801757812,-0.2442085693359375
4.078855991363525,-0.008260336917835759,-0.5219359619140624,-0.24899697265624998
4.098600625991821,-0.0058621745868511835,-0.5746083984375,-0.24660277099609373
4.119153022766113,-0.004529862180748642,-0.5410895751953124,-0.2825157958984375
4.139122724533081,-0.005995405827461438,-0.565031591796875,-0.2609679809570312
4.159006834030151,-0.01052526800821008,-0.5506663818359374,-0.258573779296875
4.178891181945801,-0.007860643196004996,-0.5123591552734374,-0.2561795776367187
4.198879241943359,-0.005062787143189658,-0.5291185668945312,-0.24660277099609373
4.218907117843628,-0.0058621745868511835,-0.5770026000976562,-0.258573779296875
4.2393388748168945,-0.002797856052815337,-0.5410895751953124,-0.2442085693359375
4.25909161567688,-0.006128637068071691,-0.5339069702148437,-0.23702596435546874
4.278887033462524,-0.0037304747370871167,-0.5339069702148437,-0.2154781494140625
4.298859119415283,-0.008260336917835759,-0.5674257934570313,-0.2920926025390625
4.319329738616943,-0.0074609494741742334,-0.5219359619140624,-0.229843359375
4.339276313781738,-0.007061255752343471,-0.5339069702148437,-0.25139117431640623
4.3592369556427,-0.005995405827461438,-0.565031591796875,-0.2753331909179687
4.379075527191162,-0.0030643185340358454,-0.51714755859375,-0.258573779296875
4.398967266082764,-0.005995405827461438,-0.5147533569335937,-0.2442085693359375
4.419174909591675,-0.007993874436615249,-0.5243301635742187,-0.2825157958984375
4.439043760299683,-0.0006661562030512709,-0.5315127685546874,-0.23223756103515625
4.458932876586914,-0.005595712105630674,-0.5386953735351562,-0.2346317626953125
4.478926658630371,-0.006928024511733216,-0.5267243652343749,-0.19871873779296872
4.499302387237549,-0.005196018383799912,-0.565031591796875,-0.229843359375
4.518739938735962,-0.006261868308681946,-0.55545478515625,-0.2705447875976562
4.539308547973633,-0.006261868308681946,-0.5147533569335937,-0.24660277099609373
4.559216737747192,-0.002797856052815337,-0.5147533569335937,-0.22505495605468748
4.5787107944488525,-0.008127105677225504,-0.5003881469726562,-0.23702596435546874
4.598717451095581,-0.005196018383799912,-0.5099649536132812,-0.20350714111328125
4.618924856185913,-0.00479632466196915,-0.5530605834960938,-0.229843359375
4.639053583145142,-0.00479632466196915,-0.5434837768554687,-0.26815058593749996
4.659058094024658,-0.00159877488732305,-0.5506663818359374,-0.27293898925781246
4.678858518600464,-0.00479632466196915,-0.5482721801757812,-0.23223756103515625
4.698967695236206,-0.006928024511733216,-0.5123591552734374,-0.229843359375
4.718831777572632,-0.0057289433462409285,-0.5243301635742187,-0.23223756103515625
4.739279508590698,-0.0075941807147844875,-0.5482721801757812,-0.2059013427734375
4.759347677230835,-0.006794793271122962,-0.55545478515625,-0.29927520751953124
4.778747081756592,-0.006661562030512709,-0.565031591796875,-0.2561795776367187
4.798832893371582,-0.0033307810152563544,-0.5434837768554687,-0.2154781494140625
4.818792104721069,-0.008926493120887028,-0.5434837768554687,-0.2442085693359375
4.839009523391724,-0.0019984686091538122,-0.5339069702148437,-0.229843359375
4.859381198883057,-0.0026646248122050836,-0.5530605834960938,-0.25139117431640623
4.8788042068481445,-0.003863705977697371,-0.5722141967773438,-0.2920926025390625
4.898695468902588,-0.006661562030512709,-0.5243301635742187,-0.277727392578125
4.918698787689209,-0.0058621745868511835,-0.5458779785156249,-0.26336218261718747
4.93902850151062,-0.004396630940138387,-0.5315127685546874,-0.277727392578125
4.959285259246826,-0.0073277182335639785,-0.5339069702148437,-0.24181436767578124
4.979272127151489,-0.002264931090374321,-0.5506663818359374,-0.24181436767578124
4.999336242675781,-0.0074609494741742334,-0.5458779785156249,-0.24899697265624998
5.018941402435303,-0.004663093421358896,-0.5339069702148437,-0.26815058593749996
5.03898286819458,-0.004396630940138387,-0.5458779785156249,-0.23223756103515625
5.0590500831604,-0.006928024511733216,-0.5434837768554687,-0.28730419921875
5.078972578048706,-0.003863705977697371,-0.5339069702148437,-0.2753331909179687
5.09913969039917,-0.0074609494741742334,-0.5363011718749999,-0.24660277099609373
5.118776798248291,0.03370750387439431,-0.5626373901367188,-0.239420166015625
5.139109134674072,-0.0037304747370871167,-0.5243301635742187,-0.2657563842773437
5.158913850784302,-0.006661562030512709,-0.5363011718749999,-0.23702596435546874
5.178786993026733,-0.004396630940138387,-0.5291185668945312,-0.2442085693359375
5.1989500522613525,-0.005196018383799912,-0.5386953735351562,-0.28012159423828126
5.218844413757324,-0.005995405827461438,-0.5506663818359374,-0.2609679809570312
5.239863872528076,-0.008260336917835759,-0.4955997436523437,-0.229843359375
5.258841514587402,-0.007061255752343471,-0.5195417602539062,-0.24899697265624998
5.278735399246216,-0.0029310872934255917,-0.5530605834960938,-0.27293898925781246
5.298686265945435,-0.006528330789902454,-0.5722141967773438,-0.23702596435546874
5.3188066482543945,-0.004529862180748642,-0.5123591552734374,-0.23223756103515625
5.339214086532593,-0.006928024511733216,-0.5219359619140624,-0.239420166015625
5.358830213546753,-0.0033307810152563544,-0.5363011718749999,-0.2442085693359375
5.378903150558472,-0.0033307810152563544,-0.5530605834960938,-0.24899697265624998
5.398902416229248,-0.0029310872934255917,-0.5434837768554687,-0.24899697265624998
5.418723106384277,-0.0029310872934255917,-0.5530605834960938,-0.24181436767578124
5.439053535461426,-0.007061255752343471,-0.5315127685546874,-0.2705447875976562
5.458849191665649,-0.0057289433462409285,-0.5578489868164063,-0.23702596435546874
5.47876501083374,-0.005196018383799912,-0.5363011718749999,-0.24899697265624998
5.49881649017334,-0.008926493120887028,-0.5626373901367188,-0.2657563842773437
5.519024133682251,-0.0075941807147844875,-0.5243301635742187,-0.22505495605468748
5.538977861404419,-0.006928024511733216,-0.5506663818359374,-0.26815058593749996
5.558855295181274,-0.004130168458917879,-0.49320554199218747,-0.258573779296875
5.578993797302246,-0.008926493120887028,-0.5410895751953124,-0.25139117431640623
5.598857879638672,-0.006794793271122962,-0.5578489868164063,-0.24181436767578124
5.618720054626465,-0.0031975497746461,-0.5315127685546874,-0.258573779296875
5.639177083969116,-0.007727411955394742,-0.5291185668945312,-0.23223756103515625
5.6587982177734375,-0.006794793271122962,-0.5267243652343749,-0.26815058593749996
5.67881441116333,-0.0037304747370871167,-0.5123591552734374,-0.239420166015625
5.698654890060425,-0.0058621745868511835,-0.51714755859375,-0.2537853759765625
5.718900442123413,-0.004529862180748642,-0.5123591552734374,-0.2753331909179687
5.738802671432495,-0.0095926493239383,-0.5530605834960938,-0.2705447875976562
5.75869083404541,-0.008127105677225504,-0.5315127685546874,-0.26336218261718747
5.7788121700286865,-0.006261868308681946,-0.5458779785156249,-0.2657563842773437
5.798870801925659,-0.0058621745868511835,-0.5626373901367188,-0.2442085693359375
5.81883430480957,-0.0031975497746461,-0.5123591552734374,-0.26815058593749996
5.839182138442993,-0.006528330789902454,-0.5530605834960938,-0.239420166015625
5.859136581420898,-0.0057289433462409285,-0.5674257934570313,-0.25139117431640623
5.87908148765564,-0.005196018383799912,-0.5506663818359374,-0.21787235107421873
5.899004220962524,-0.006661562030512709,-0.5602431884765625,-0.25139117431640623
5.918856620788574,-0.004529862180748642,-0.5578489868164063,-0.28730419921875
5.939196586608887,-0.008260336917835759,-0.507570751953125,-0.24181436767578124
5.958997964859009,-0.0063950995492922,-0.5698199951171875,-0.2442085693359375
5.978921413421631,-0.004529862180748642,-0.5123591552734374,-0.22266075439453123
5.999066352844238,-0.006528330789902454,-0.5530605834960938,-0.24899697265624998
6.019212961196899,-0.004263399699528133,-0.5386953735351562,-0.2561795776367187
6.039368629455566,-0.006794793271122962,-0.5267243652343749,-0.17956512451171874
6.05917763710022,-0.006128637068071691,-0.5315127685546874,-0.239420166015625
6.079146385192871,-0.010125574286379316,-0.5267243652343749,-0.296881005859375
6.098976373672485,-0.00866003063966652,-0.5363011718749999,-0.2346317626953125
6.119029998779297,-0.0033307810152563544,-0.5267243652343749,-0.2154781494140625
6.139418840408325,-0.005196018383799912,-0.5434837768554687,-0.23223756103515625
6.159004211425781,-0.005196018383799912,-0.5410895751953124,-0.25139117431640623
6.179036855697632,-0.005062787143189658,-0.5363011718749999,-0.23702596435546874
6.198662042617798,-0.00866003063966652,-0.5291185668945312,-0.21787235107421873
6.218885898590088,-0.004663093421358896,-0.5267243652343749,-0.277727392578125
6.240026235580444,-0.005196018383799912,-0.5195417602539062,-0.3136404174804687
6.2591187953948975,-0.006261868308681946,-0.5339069702148437,-0.28969840087890625
6.278929710388184,-0.006794793271122962,-0.51714755859375,-0.2346317626953125
6.298800230026245,-0.005995405827461438,-0.5219359619140624,-0.2561795776367187
6.319860219955444,-0.0058621745868511835,-0.5267243652343749,-0.2753331909179687
6.339019536972046,-0.007061255752343471,-0.5746083984375,-0.2753331909179687
6.3592541217803955,-0.005062787143189658,-0.5410895751953124,-0.28012159423828126
6.3788840770721436,-0.006128637068071691,-0.5386953735351562,-0.26815058593749996
6.398878812789917,-0.002797856052815337,-0.5243301635742187,-0.27293898925781246
6.419143438339233,-0.004529862180748642,-0.5339069702148437,-0.22026655273437498
6.439404249191284,-0.005462480865020421,-0.5410895751953124,-0.277727392578125
6.459112644195557,-0.007061255752343471,-0.5315127685546874,-0.27293898925781246
6.479043006896973,-0.005462480865020421,-0.5482721801757812,-0.21787235107421873
6.4988298416137695,-0.007860643196004996,-0.5195417602539062,-0.25139117431640623
6.518853664398193,-0.0039969372183076245,-0.5530605834960938,-0.24181436767578124
6.539164781570435,-0.006794793271122962,-0.5195417602539062,-0.2561795776367187
6.559003114700317,-0.008526799399056265,-0.5626373901367188,-0.2561795776367187
6.578963756561279,-0.0021316998497640663,-0.5219359619140624,-0.258573779296875
6.599055290222168,-0.007727411955394742,-0.5099649536132812,-0.2705447875976562
6.619065523147583,-0.0058621745868511835,-0.5482721801757812,-0.2537853759765625
6.639262676239014,-0.0073277182335639785,-0.5626373901367188,-0.22744915771484372
6.659018516540527,-0.005462480865020421,-0.5147533569335937,-0.2537853759765625
6.678932428359985,-0.007194486992953725,-0.5482721801757812,-0.26336218261718747
6.698930978775024,-0.005995405827461438,-0.5674257934570313,-0.258573779296875
6.718954086303711,-0.003863705977697371,-0.5410895751953124,-0.2346317626953125
6.738929986953735,-0.0057289433462409285,-0.5458779785156249,-0.26336218261718747
6.759404182434082,-0.006928024511733216,-0.5363011718749999,-0.24181436767578124
6.778809309005737,-0.004663093421358896,-0.5291185668945312,-0.28969840087890625
6.7988831996917725,-0.0057289433462409285,-0.49799394531249996,-0.2705447875976562
6.819174766540527,-0.009326186842717792,-0.5219359619140624,-0.2753331909179687
6.839289903640747,-0.0058621745868511835,-0.5482721801757812,-0.25139117431640623
6.859220027923584,-0.005329249624410167,-0.5506663818359374,-0.24660277099609373
6.879049777984619,-0.009192955602107537,-0.5363011718749999,-0.26815058593749996
6.898930788040161,-0.0035972434964768626,-0.5243301635742187,-0.20829554443359374
6.918982028961182,-0.006794793271122962,-0.5195417602539062,-0.24660277099609373
6.938884973526001,-0.004929555902579405,-0.55545478515625,-0.2537853759765625
6.958930492401123,-0.0073277182335639785,-0.4955997436523437,-0.22505495605468748
6.978865623474121,-0.007194486992953725,-0.5434837768554687,-0.2657563842773437
6.998945951461792,-0.008526799399056265,-0.5195417602539062,-0.2753331909179687
7.019497632980347,-0.004396630940138387,-0.5315127685546874,-0.25139117431640623
7.0393385887146,-0.006128637068071691,-0.5363011718749999,-0.258573779296875
7.059280633926392,-0.0033307810152563544,-0.5410895751953124,-0.2609679809570312
7.079233169555664,-0.008793261880276773,-0.5458779785156249,-0.28012159423828126
7.0988850593566895,-0.0058621745868511835,-0.5363011718749999,-0.25139117431640623
7.118979454040527,-0.00479632466196915,-0.5434837768554687,-0.25139117431640623
7.138766527175903,-0.006661562030512709,-0.5458779785156249,-0.22505495605468748
7.15893030166626,-0.0033307810152563544,-0.49799394531249996,-0.24660277099609373
7.1789209842681885,-0.0063950995492922,-0.5315127685546874,-0.26815058593749996
7.198971748352051,-0.0057289433462409285,-0.5195417602539062,-0.23702596435546874
7.219249725341797,-0.009192955602107537,-0.55545478515625,-0.28730419921875
7.238951206207275,-0.001732006127933304,-0.5386953735351562,-0.24660277099609373
7.2589216232299805,-0.00479632466196915,-0.5602431884765625,-0.27293898925781246
7.27898907661438,-0.0033307810152563544,-0.5434837768554687,-0.239420166015625
7.29868745803833,-0.004929555902579405,-0.5147533569335937,-0.28012159423828126
7.3192970752716064,-0.010125574286379316,-0.5267243652343749,-0.277727392578125
7.338721513748169,-0.009192955602107537,-0.5386953735351562,-0.2059013427734375
7.359206914901733,-0.005329249624410167,-0.5434837768554687,-0.2442085693359375
7.378954648971558,-0.0039969372183076245,-0.5147533569335937,-0.24660277099609373
7.398854970932007,-0.0074609494741742334,-0.5267243652343749,-0.28730419921875
7.418891429901123,-0.004663093421358896,-0.5746083984375,-0.2561795776367187
7.438908815383911,-0.006794793271122962,-0.5578489868164063,-0.23223756103515625
7.459134817123413,-0.0037304747370871167,-0.5339069702148437,-0.23702596435546874
7.479123592376709,-0.0075941807147844875,-0.5386953735351562,-0.3184288208007812
7.498883247375488,-0.005995405827461438,-0.5003881469726562,-0.23702596435546874
7.5189759731292725,-0.007727411955394742,-0.5195417602539062,-0.25139117431640623
7.538945436477661,-0.004130168458917879,-0.5434837768554687,-0.2657563842773437
7.559290409088135,-0.008926493120887028,-0.5817910034179687,-0.2442085693359375
7.579083442687988,-0.0031975497746461,-0.5363011718749999,-0.2346317626953125
7.598963975906372,-0.0035972434964768626,-0.5315127685546874,-0.2537853759765625
7.61923885345459,-0.004663093421358896,-0.5315127685546874,-0.24899697265624998
7.639159202575684,-0.008260336917835759,-0.5602431884765625,-0.23702596435546874
7.659222364425659,-0.010258805526989571,-0.5243301635742187,-0.2705447875976562
7.678890943527222,-0.005062787143189658,-0.5315127685546874,-0.2346317626953125
7.698916912078857,-0.009326186842717792,-0.5195417602539062,-0.2753331909179687
7.718947887420654,-0.0075941807147844875,-0.5674257934570313,-0.277727392578125
7.738837480545044,-0.0075941807147844875,-0.5027823486328125,-0.2657563842773437
7.759239912033081,-0.0026646248122050836,-0.5195417602539062,-0.229843359375
7.779232501983643,-0.0073277182335639785,-0.5722141967773438,-0.2825157958984375
7.79904317855835,-0.004130168458917879,-0.5530605834960938,-0.258573779296875
7.818957090377808,-0.006528330789902454,-0.5147533569335937,-0.2753331909179687
7.839205026626587,-0.006661562030512709,-0.5195417602539062,-0.2609679809570312
7.859261989593506,-0.006261868308681946,-0.5363011718749999,-0.28012159423828126
7.8791563510894775,-0.0063950995492922,-0.5243301635742187,-0.2609679809570312
7.899301052093506,-0.005462480865020421,-0.49799394531249996,-0.2561795776367187
7.918970108032227,-0.011324655451871604,-0.5363011718749999,-0.2609679809570312
7.938856840133667,-0.0073277182335639785,-0.5099649536132812,-0.2609679809570312
7.959410667419434,-0.006128637068071691,-0.5147533569335937,-0.2825157958984375
7.978954553604126,-0.0057289433462409285,-0.5530605834960938,-0.23223756103515625
7.998859167098999,-0.006528330789902454,-0.5363011718749999,-0.30406361083984373
8.019051790237427,-0.0075941807147844875,-0.5434837768554687,-0.2705447875976562
8.039203643798828,-0.0037304747370871167,-0.5219359619140624,-0.2537853759765625
8.059321403503418,-0.0063950995492922,-0.5363011718749999,-0.2442085693359375
8.079291343688965,-0.006261868308681946,-0.5434837768554687,-0.28012159423828126
8.098810911178589,-0.007061255752343471,-0.49799394531249996,-0.2609679809570312
8.11894702911377,-0.008793261880276773,-0.5410895751953124,-0.239420166015625
8.139061450958252,-0.0073277182335639785,-0.5363011718749999,-0.28969840087890625
8.158961772918701,-0.007993874436615249,-0.5530605834960938,-0.24181436767578124
8.178953409194946,-0.0057289433462409285,-0.5913678100585937,-0.239420166015625
8.19881296157837,-0.007194486992953725,-0.507570751953125,-0.22026655273437498
8.219014644622803,-0.004929555902579405,-0.5410895751953124,-0.2657563842773437
8.239713907241821,-0.005462480865020421,-0.5458779785156249,-0.23702596435546874
8.259137153625488,-0.008127105677225504,-0.5339069702148437,-0.26336218261718747
8.278996467590332,-0.005196018383799912,-0.5243301635742187,-0.21308394775390624
8.298691987991333,-0.0073277182335639785,-0.5267243652343749,-0.24181436767578124
8.319120645523071,-0.0037304747370871167,-0.5410895751953124,-0.23223756103515625
8.338735342025757,-0.006128637068071691,-0.5339069702148437,-0.28012159423828126
8.359103679656982,-0.006128637068071691,-0.5315127685546874,-0.2753331909179687
8.379007816314697,-0.008127105677225504,-0.5530605834960938,-0.25139117431640623
8.398742914199829,-0.005062787143189658,-0.5291185668945312,-0.24181436767578124
8.418740510940552,-0.004663093421358896,-0.5243301635742187,-0.24181436767578124
8.439386367797852,-0.006928024511733216,-0.5363011718749999,-0.258573779296875
8.459333658218384,-0.00985911180515881,-0.5458779785156249,-0.22505495605468748
8.478873252868652,-0.002797856052815337,-0.51714755859375,-0.2537853759765625
8.498768091201782,-0.0031975497746461,-0.5746083984375,-0.2442085693359375
8.51894497871399,-0.008260336917835759,-0.5219359619140624,-0.27293898925781246
8.538841962814331,-0.006128637068071691,-0.5123591552734374,-0.29927520751953124
8.559070110321045,-0.0058621745868511835,-0.5219359619140624,-0.239420166015625
8.57876205444336,-0.006261868308681946,-0.59376201171875,-0.27293898925781246
8.598812580108643,-0.004663093421358896,-0.47644613037109373,-0.23702596435546874
8.618985176086426,-0.010658499248820334,-0.4908113403320312,-0.26336218261718747
8.63920283317566,-0.006128637068071691,-0.5363011718749999,-0.23223756103515625
8.659280061721802,-0.004663093421358896,-0.5506663818359374,-0.23702596435546874
8.679027557373047,-0.007993874436615249,-0.5770026000976562,-0.2561795776367187
8.69867491722107,-0.0074609494741742334,-0.5123591552734374,-0.2561795776367187
8.718918800354004,-0.0073277182335639785,-0.5339069702148437,-0.24899697265624998
8.738855123519897,-0.007061255752343471,-0.5363011718749999,-0.21308394775390624
8.759167671203613,-0.0058621745868511835,-0.5147533569335937,-0.24181436767578124
8.779125928878784,-0.0057289433462409285,-0.51714755859375,-0.21308394775390624
8.798949480056763,-0.002797856052815337,-0.5722141967773438,-0.24899697265624998
8.819006443023682,-0.00866003063966652,-0.5291185668945312,-0.23702596435546874
8.839409112930298,-0.009059724361497283,-0.5219359619140624,-0.2825157958984375
8.859426736831665,-0.007194486992953725,-0.5219359619140624,-0.21787235107421873
8.879251480102539,-0.003863705977697371,-0.4955997436523437,-0.229843359375
8.898970127105713,-0.004929555902579405,-0.5315127685546874,-0.28969840087890625
8.919011354446411,-0.004130168458917879,-0.565031591796875,-0.24660277099609373
8.93911862373352,-0.007993874436615249,-0.5458779785156249,-0.2442085693359375
8.959086179733276,-0.0035972434964768626,-0.5458779785156249,-0.2705447875976562
8.979015350341797,-0.006528330789902454,-0.5626373901367188,-0.2825157958984375
8.998673915863037,-0.005462480865020421,-0.5339069702148437,-0.258573779296875
9.018781185150146,-0.007860643196004996,-0.5410895751953124,-0.24660277099609373
9.038799047470093,-0.003464012255866608,-0.5482721801757812,-0.2705447875976562
9.058908700942993,-0.004663093421358896,-0.5219359619140624,-0.24181436767578124
9.079397439956665,-0.006661562030512709,-0.55545478515625,-0.2537853759765625
9.09897756576538,-0.0057289433462409285,-0.55545478515625,-0.2825157958984375
9.118872165679932,-0.00479632466196915,-0.5434837768554687,-0.277727392578125
9.139010190963745,-0.0074609494741742334,-0.5458779785156249,-0.2346317626953125
9.159085750579834,-0.008526799399056265,-0.5434837768554687,-0.24899697265624998
9.178788900375366,-0.006528330789902454,-0.5315127685546874,-0.26336218261718747
9.198914766311646,-0.005062787143189658,-0.5770026000976562,-0.26815058593749996
9.21875810623169,-0.007993874436615249,-0.5458779785156249,-0.2442085693359375
9.239663124084473,-0.005995405827461438,-0.5291185668945312,-0.2561795776367187
9.258762121200562,-0.005062787143189658,-0.5267243652343749,-0.2609679809570312
9.278781652450562,-0.0039969372183076245,-0.5339069702148437,-0.22505495605468748
9.298680305480957,-0.004529862180748642,-0.5482721801757812,-0.27293898925781246
9.318888187408447,-0.0014655436467127959,-0.5243301635742187,-0.2442085693359375
9.339329481124878,-0.007061255752343471,-0.49799394531249996,-0.277727392578125
9.359131097793579,-0.00479632466196915,-0.5267243652343749,-0.25139117431640623
9.37901496887207,-0.0037304747370871167,-0.5291185668945312,-0.2657563842773437
9.398779153823853,-0.0033307810152563544,-0.584185205078125,-0.296881005859375
9.418739080429077,-0.004529862180748642,-0.5027823486328125,-0.22505495605468748
9.438889265060425,-0.0073277182335639785,-0.5315127685546874,-0.258573779296875
9.459123373031616,-0.005062787143189658,-0.5578489868164063,-0.26336218261718747
9.478909969329834,-0.0058621745868511835,-0.5506663818359374,-0.2442085693359375
9.49873948097229,-0.003863705977697371,-0.5339069702148437,-0.26336218261718747
9.518835067749023,-0.0033307810152563544,-0.5386953735351562,-0.26336218261718747
9.538754224777222,-0.0073277182335639785,-0.5602431884765625,-0.2442085693359375
9.55902647972107,-0.009192955602107537,-0.5578489868164063,-0.2657563842773437
9.578747034072876,-0.0009326186842717792,-0.5530605834960938,-0.2705447875976562
9.598711252212524,-0.006794793271122962,-0.5315127685546874,-0.2705447875976562
9.618913888931274,-0.0011990811654922875,-0.5051765502929687,-0.22266075439453123
9.639204263687134,-0.004263399699528133,-0.49320554199218747,-0.2609679809570312
9.659124612808228,-0.0075941807147844875,-0.5219359619140624,-0.2442085693359375
9.679123163223267,-0.006128637068071691,-0.5339069702148437,-0.277727392578125
9.698825359344482,-0.004396630940138387,-0.5530605834960938,-0.2442085693359375
9.718789339065552,-0.006528330789902454,-0.5722141967773438,-0.2537853759765625
9.738794803619385,-0.0058621745868511835,-0.5698199951171875,-0.2609679809570312
9.759236574172974,-0.006794793271122962,-0.5482721801757812,-0.30885201416015623
9.778885841369629,-0.0030643185340358454,-0.5291185668945312,-0.3136404174804687
9.799028873443604,-0.0057289433462409285,-0.5793968017578125,-0.22026655273437498
9.819328308105469,-0.0075941807147844875,-0.55545478515625,-0.28730419921875
9.839006900787354,-0.006928024511733216,-0.5865794067382812,-0.24660277099609373
9.859105825424194,-0.008926493120887028,-0.5339069702148437,-0.2442085693359375
9.878967523574829,-0.003464012255866608,-0.5458779785156249,-0.258573779296875
9.898826599121094,-0.0063950995492922,-0.5482721801757812,-0.2609679809570312
9.91869306564331,-0.007194486992953725,-0.5339069702148437,-0.2705447875976562
9.93882441520691,-0.005062787143189658,-0.5219359619140624,-0.239420166015625
9.959079027175903,-0.006661562030512709,-0.51714755859375,-0.2609679809570312
9.97883677482605,-0.005462480865020421,-0.5291185668945312,-0.2753331909179687
9.99912977218628,-0.0075941807147844875,-0.5339069702148437,-0.2609679809570312
10.018862247467041,-0.005196018383799912,-0.5578489868164063,-0.24660277099609373
10.038869619369507,-0.0037304747370871167,-0.5291185668945312,-0.23223756103515625
10.058921575546265,-0.0057289433462409285,-0.5410895751953124,-0.27293898925781246
10.078848838806152,-0.007993874436615249,-0.5482721801757812,-0.26815058593749996
10.099271774291992,-0.003863705977697371,-0.5219359619140624,-0.28012159423828126
10.119168996810913,-0.006261868308681946,-0.55545478515625,-0.22505495605468748
10.139166831970215,-0.004929555902579405,-0.5530605834960938,-0.2154781494140625
10.159066677093506,-0.007727411955394742,-0.5434837768554687,-0.24899697265624998
10.178788423538208,-0.0075941807147844875,-0.584185205078125,-0.24181436767578124
10.19882869720459,-0.0063950995492922,-0.5267243652343749,-0.2609679809570312
10.218974113464355,-0.009992343045769061,-0.5506663818359374,-0.277727392578125
10.239999294281006,-0.007194486992953725,-0.5386953735351562,-0.2442085693359375
10.25916600227356,-0.006928024511733216,-0.5339069702148437,-0.23702596435546874
10.278836011886597,-0.007194486992953725,-0.5195417602539062,-0.25139117431640623
10.298839092254639,-0.004529862180748642,-0.5243301635742187,-0.2442085693359375
10.318971395492554,-0.0033307810152563544,-0.5386953735351562,-0.30406361083984373
10.338934898376465,-0.007727411955394742,-0.5458779785156249,-0.2561795776367187
10.358866453170776,-0.0035972434964768626,-0.5195417602539062,-0.2154781494140625
10.378857135772705,-0.0057289433462409285,-0.5482721801757812,-0.26336218261718747
10.39897632598877,-0.004929555902579405,-0.5602431884765625,-0.2753331909179687
10.41894245147705,-0.005995405827461438,-0.5363011718749999,-0.2154781494140625
10.438883066177368,-0.006128637068071691,-0.5506663818359374,-0.2561795776367187
10.458878755569458,-0.004130168458917879,-0.5530605834960938,-0.2154781494140625
10.47906494140625,-0.00479632466196915,-0.5410895751953124,-0.26815058593749996
10.499064683914185,-0.0075941807147844875,-0.5410895751953124,-0.2346317626953125
10.519213199615479,-0.005062787143189658,-0.5267243652343749,-0.24660277099609373
10.539195537567139,-0.002531393571594829,-0.5434837768554687,-0.25139117431640623
10.558748960494995,-0.006794793271122962,-0.5147533569335937,-0.258573779296875
10.578729391098022,-0.007194486992953725,-0.5530605834960938,-0.25139117431640623
10.59886622428894,-0.0058621745868511835,-0.5482721801757812,-0.26336218261718747
10.61894702911377,-0.005462480865020421,-0.55545478515625,-0.2561795776367187
10.638998031616211,-0.004396630940138387,-0.5243301635742187,-0.24899697265624998
10.659104824066162,-0.005196018383799912,-0.5770026000976562,-0.27293898925781246
10.67905592918396,-0.0063950995492922,-0.5698199951171875,-0.28012159423828126
10.699097394943237,-0.002797856052815337,-0.5099649536132812,-0.258573779296875
10.71886157989502,-0.004130168458917879,-0.5219359619140624,-0.22266075439453123
10.738738298416138,-0.005329249624410167,-0.5410895751953124,-0.22505495605468748
10.759052753448486,-0.006261868308681946,-0.5291185668945312,-0.24660277099609373
10.77924132347107,-0.004396630940138387,-0.5386953735351562,-0.2561795776367187
10.79920744895935,-0.0057289433462409285,-0.5291185668945312,-0.2442085693359375
10.818934440612793,-0.005196018383799912,-0.5195417602539062,-0.2705447875976562
10.83907699584961,-0.005196018383799912,-0.5051765502929687,-0.296881005859375
10.859150648117065,-0.005196018383799912,-0.5434837768554687,-0.24660277099609373
10.878917217254639,-0.0037304747370871167,-0.5410895751953124,-0.26815058593749996
10.898874759674072,-0.005329249624410167,-0.5386953735351562,-0.29448680419921874
10.919292449951172,-0.0058621745868511835,-0.5267243652343749,-0.239420166015625
10.939390659332275,-0.007860643196004996,-0.55545478515625,-0.2705447875976562
10.958956480026245,-0.005196018383799912,-0.5267243652343749,-0.26815058593749996
10.978691577911377,-0.005062787143189658,-0.5698199951171875,-0.2753331909179687
10.999277591705322,-0.004929555902579405,-0.5315127685546874,-0.2561795776367187
11.019102096557617,-0.004263399699528133,-0.5195417602539062,-0.2753331909179687
11.038925886154175,-0.00866003063966652,-0.5051765502929687,-0.2920926025390625
11.058937311172485,-0.009192955602107537,-0.5291185668945312,-0.24899697265624998
11.078815698623657,-0.003464012255866608,-0.5458779785156249,-0.2825157958984375
11.099351167678833,-0.007993874436615249,-0.5410895751953124,-0.316034619140625
11.120381832122803,-0.005995405827461438,-0.5386953735351562,-0.26336218261718747
11.139108896255493,-0.002797856052815337,-0.5578489868164063,-0.3064578125
11.158987760543823,-0.005329249624410167,-0.507570751953125,-0.2346317626953125
11.178789615631104,-0.007727411955394742,-0.5530605834960938,-0.26336218261718747
11.198992490768433,-0.007061255752343471,-0.5506663818359374,-0.28012159423828126
11.218978881835938,-0.0058621745868511835,-0.5458779785156249,-0.26336218261718747
11.238869428634644,-0.007194486992953725,-0.565031591796875,-0.316034619140625
11.25897765159607,-0.006528330789902454,-0.507570751953125,-0.30885201416015623
11.278872728347778,-0.006928024511733216,-0.5386953735351562,-0.27293898925781246
11.299272775650024,-0.002398162330984575,-0.5410895751953124,-0.24181436767578124
11.318667650222778,-0.009725880564548555,-0.51714755859375,-0.28969840087890625
11.338880777359009,-0.005462480865020421,-0.5339069702148437,-0.20350714111328125
11.358999729156494,-0.005595712105630674,-0.5602431884765625,-0.2705447875976562
11.378750562667847,-0.005062787143189658,-0.5410895751953124,-0.28730419921875
11.399394512176514,-0.010658499248820334,-0.5291185668945312,-0.21068974609375
11.418755769729614,-0.0009326186842717792,-0.488417138671875,-0.2825157958984375
11.438916444778442,-0.0057289433462409285,-0.48123453369140623,-0.22505495605468748
11.458776235580444,-0.004929555902579405,-0.5219359619140624,-0.2154781494140625
11.478912115097046,-0.007061255752343471,-0.5458779785156249,-0.24899697265624998
11.498893976211548,-0.002797856052815337,-0.5123591552734374,-0.21787235107421873
11.51872706413269,-0.0029310872934255917,-0.5363011718749999,-0.28490999755859375
11.538848876953125,-0.007061255752343471,-0.5363011718749999,-0.26815058593749996
11.559179306030273,-0.004130168458917879,-0.5243301635742187,-0.2059013427734375
11.578998327255249,-0.0063950995492922,-0.5386953735351562,-0.28490999755859375
11.598902225494385,-0.005462480865020421,-0.5458779785156249,-0.23223756103515625
11.619083642959595,-0.0063950995492922,-0.5386953735351562,-0.22266075439453123
11.638991355895996,-0.0074609494741742334,-0.5458779785156249,-0.2825157958984375
11.659359693527222,-0.0019984686091538122,-0.5195417602539062,-0.239420166015625
11.679235219955444,-0.006261868308681946,-0.5363011718749999,-0.2346317626953125
11.698944091796875,-0.005462480865020421,-0.5315127685546874,-0.2657563842773437
11.718623876571655,-0.006661562030512709,-0.5195417602539062,-0.23702596435546874
11.738802433013916,-0.008526799399056265,-0.5339069702148437,-0.2346317626953125
11.759061574935913,-0.005062787143189658,-0.5315127685546874,-0.22266075439453123
11.778910875320435,-0.0014655436467127959,-0.5482721801757812,-0.24660277099609373
11.799787521362305,-0.0030643185340358454,-0.5482721801757812,-0.4381389038085937
11.818869829177856,-0.008526799399056265,-0.5291185668945312,-0.25139117431640623
11.838729858398438,-0.0063950995492922,-0.5027823486328125,-0.296881005859375
11.859270811080933,-0.00479632466196915,-0.5027823486328125,-0.24899697265624998
11.87889289855957,-0.007727411955394742,-0.5602431884765625,-0.258573779296875
11.898979902267456,-0.0058621745868511835,-0.5291185668945312,-0.29448680419921874
11.918946266174316,-0.004263399699528133,-0.5578489868164063,-0.2705447875976562
11.938716650009155,-0.0039969372183076245,-0.5363011718749999,-0.24181436767578124
11.959223747253418,-0.007061255752343471,-0.48123453369140623,-0.258573779296875
11.979119539260864,-0.007194486992953725,-0.5674257934570313,-0.277727392578125
11.99906325340271,-0.006794793271122962,-0.5458779785156249,-0.26336218261718747
12.019049167633057,-0.0057289433462409285,-0.5817910034179687,-0.24899697265624998
12.038773536682129,-0.005196018383799912,-0.5291185668945312,-0.28969840087890625
12.059011697769165,-0.0073277182335639785,-0.5147533569335937,-0.277727392578125
12.07886290550232,-0.0021316998497640663,-0.5363011718749999,-0.2537853759765625
12.098792314529419,-0.006661562030512709,-0.5530605834960938,-0.24899697265624998
12.118754625320435,-0.004263399699528133,-0.5243301635742187,-0.23702596435546874
12.139374017715454,-0.005595712105630674,-0.5195417602539062,-0.24181436767578124
12.159153461456299,-0.008793261880276773,-0.5315127685546874,-0.258573779296875
12.178890228271484,-0.004663093421358896,-0.5363011718749999,-0.26336218261718747
12.19878339767456,-0.002398162330984575,-0.5363011718749999,-0.23223756103515625
12.21908950805664,-0.002797856052815337,-0.5291185668945312,-0.258573779296875
12.239795207977295,-0.0037304747370871167,-0.5219359619140624,-0.277727392578125
12.259060382843018,-0.006794793271122962,-0.55545478515625,-0.24660277099609373
12.278719425201416,-0.005462480865020421,-0.5746083984375,-0.2561795776367187
12.298846960067749,-0.004929555902579405,-0.5291185668945312,-0.26815058593749996
12.318817853927612,-0.006128637068071691,-0.59376201171875,-0.26336218261718747
12.340515613555908,-0.007860643196004996,-0.55545478515625,-0.28012159423828126
12.359044313430786,-0.004663093421358896,-0.5793968017578125,-0.2657563842773437
12.378926753997803,-0.006794793271122962,-0.5482721801757812,-0.26815058593749996
12.398753643035889,-0.0030643185340358454,-0.5410895751953124,-0.2753331909179687
12.418831825256348,-0.005595712105630674,-0.5339069702148437,-0.2920926025390625
12.438755750656128,-0.008393568158446012,-0.5482721801757812,-0.26815058593749996
12.458848237991333,-0.0003996937218307625,-0.5003881469726562,-0.29448680419921874
12.479692697525024,-0.004396630940138387,-0.5578489868164063,-0.2825157958984375
12.498804092407227,-0.0026646248122050836,-0.5602431884765625,-0.229843359375
12.518717050552368,-0.006794793271122962,-0.5267243652343749,-0.22744915771484372
12.538580417633057,-0.005995405827461438,-0.565031591796875,-0.26336218261718747
12.559053182601929,-0.0074609494741742334,-0.5458779785156249,-0.258573779296875
12.578836441040039,-0.005462480865020421,-0.5410895751953124,-0.2442085693359375
12.598801374435425,-0.0039969372183076245,-0.5339069702148437,-0.25139117431640623
12.618817329406738,-0.0058621745868511835,-0.5291185668945312,-0.24899697265624998
12.638742446899414,-0.001732006127933304,-0.5195417602539062,-0.25139117431640623
12.658916234970093,-0.0018652373685435584,-0.5530605834960938,-0.239420166015625
12.678765773773193,-0.002531393571594829,-0.5219359619140624,-0.29927520751953124
12.698755502700806,-0.002531393571594829,-0.5626373901367188,-0.23702596435546874
12.718791007995605,-0.006128637068071691,-0.5363011718749999,-0.26815058593749996
12.73880410194397,-0.007061255752343471,-0.5363011718749999,-0.26815058593749996
12.758911609649658,-0.005062787143189658,-0.5458779785156249,-0.26336218261718747
12.779158592224121,-0.006661562030512709,-0.5243301635742187,-0.2442085693359375
12.798773765563965,-0.0063950995492922,-0.5410895751953124,-0.258573779296875
12.819163084030151,-0.005196018383799912,-0.5386953735351562,-0.23223756103515625
12.838876962661743,-0.0074609494741742334,-0.5291185668945312,-0.30885201416015623
12.859371900558472,-0.0031975497746461,-0.5267243652343749,-0.22744915771484372
12.879128456115723,-0.0014655436467127959,-0.5003881469726562,-0.30406361083984373
12.898820400238037,-0.004130168458917879,-0.5195417602539062,-0.23702596435546874
12.919068336486816,-0.0037304747370871167,-0.5363011718749999,-0.27293898925781246
12.93899941444397,-0.0030643185340358454,-0.5602431884765625,-0.2753331909179687
12.959277629852295,-0.004529862180748642,-0.5482721801757812,-0.277727392578125
12.978861093521118,-0.0030643185340358454,-0.5458779785156249,-0.258573779296875
12.999221801757812,-0.0073277182335639785,-0.5315127685546874,-0.229843359375
13.018758773803711,-0.007993874436615249,-0.603338818359375,-0.26815058593749996
13.038756608963013,-0.007061255752343471,-0.5219359619140624,-0.2154781494140625
13.059316635131836,-0.0035972434964768626,-0.5099649536132812,-0.28012159423828126
13.078947067260742,-0.0074609494741742334,-0.5315127685546874,-0.239420166015625
13.09894347190857,-0.008793261880276773,-0.5339069702148437,-0.2442085693359375
13.119484186172485,-0.00479632466196915,-0.5626373901367188,-0.29448680419921874
13.138772964477539,-0.006661562030512709,-0.5147533569335937,-0.22266075439453123
13.158958911895752,-0.0039969372183076245,-0.5291185668945312,-0.2537853759765625
13.17994213104248,-0.0075941807147844875,-0.5889736083984375,-0.28969840087890625
13.19922161102295,-0.002531393571594829,-0.5363011718749999,-0.24660277099609373
13.219012022018433,-0.003863705977697371,-0.55545478515625,-0.239420166015625
13.239570140838623,-0.002531393571594829,-0.5410895751953124,-0.24899697265624998
13.258957147598267,-0.004663093421358896,-0.5506663818359374,-0.2657563842773437
13.278782844543457,-0.004396630940138387,-0.565031591796875,-0.2561795776367187
13.298976182937622,-0.008393568158446012,-0.5530605834960938,-0.2825157958984375
13.319224834442139,-0.0033307810152563544,-0.565031591796875,-0.2920926025390625
13.338793277740479,-0.007061255752343471,-0.5339069702148437,-0.25139117431640623
13.359215259552002,-0.0058621745868511835,-0.5339069702148437,-0.258573779296875
13.37894582748413,-0.00866003063966652,-0.5219359619140624,-0.24899697265624998
13.3988037109375,-0.007993874436615249,-0.5339069702148437,-0.2825157958984375
13.418845176696777,-0.0058621745868511835,-0.5386953735351562,-0.2442085693359375
13.438939571380615,-0.0058621745868511835,-0.55545478515625,-0.2753331909179687
13.459303617477417,-0.0058621745868511835,-0.5195417602539062,-0.2561795776367187
13.478878021240234,-0.007860643196004996,-0.5530605834960938,-0.24181436767578124
13.4988112449646,-0.005062787143189658,-0.5363011718749999,-0.25139117431640623
13.518823146820068,-0.004263399699528133,-0.5434837768554687,-0.28490999755859375
13.539106845855713,-0.004929555902579405,-0.5386953735351562,-0.2657563842773437
13.559200763702393,-0.006928024511733216,-0.5363011718749999,-0.28730419921875
13.578820705413818,-0.004263399699528133,-0.5315127685546874,-0.25139117431640623
13.598934412002563,-0.004663093421358896,-0.51714755859375,-0.24181436767578124
13.618999242782593,-0.006261868308681946,-0.603338818359375,-0.23223756103515625
13.63886570930481,-0.005196018383799912,-0.5315127685546874,-0.2561795776367187
13.659276962280273,-0.002531393571594829,-0.5698199951171875,-0.25139117431640623
13.679012298583984,-0.0037304747370871167,-0.5530605834960938,-0.27293898925781246
13.698816061019897,-0.006528330789902454,-0.5578489868164063,-0.2442085693359375
13.71886134147644,-0.005329249624410167,-0.5482721801757812,-0.28730419921875
13.7387375831604,-0.007860643196004996,-0.5530605834960938,-0.277727392578125
13.75943112373352,-0.004529862180748642,-0.5602431884765625,-0.24181436767578124
13.77892804145813,-0.005196018383799912,-0.5722141967773438,-0.23223756103515625
13.798872947692871,-0.005062787143189658,-0.5147533569335937,-0.26336218261718747
13.818903923034668,-0.005462480865020421,-0.51714755859375,-0.2609679809570312
13.838748455047607,-0.006794793271122962,-0.5434837768554687,-0.27293898925781246
13.859209537506104,-0.009059724361497283,-0.55545478515625,-0.239420166015625
13.878873586654663,-0.007860643196004996,-0.5315127685546874,-0.258573779296875
13.898812770843506,-0.005329249624410167,-0.5793968017578125,-0.24660277099609373
13.918919086456299,-0.006928024511733216,-0.5506663818359374,-0.258573779296875
13.938803434371948,-0.004929555902579405,-0.5578489868164063,-0.2657563842773437
13.959146976470947,-0.007727411955394742,-0.5458779785156249,-0.25139117431640623
13.978890419006348,-0.004396630940138387,-0.5410895751953124,-0.239420166015625
13.99894380569458,-0.008127105677225504,-0.5339069702148437,-0.2657563842773437
14.018908739089966,-0.006261868308681946,-0.5123591552734374,-0.2705447875976562
14.038857221603394,-0.004396630940138387,-0.5243301635742187,-0.2442085693359375
14.059293746948242,-0.0035972434964768626,-0.51714755859375,-0.2561795776367187
14.07889175415039,-0.00479632466196915,-0.5291185668945312,-0.28969840087890625
14.098925590515137,-0.010924961730040842,-0.5339069702148437,-0.22026655273437498
14.11889386177063,-0.007194486992953725,-0.5291185668945312,-0.23702596435546874
14.138890027999878,-0.009192955602107537,-0.5123591552734374,-0.24181436767578124
14.159104108810425,-0.005595712105630674,-0.5434837768554687,-0.2657563842773437
14.1789071559906,-0.004929555902579405,-0.51714755859375,-0.24899697265624998
14.1993248462677,-0.0033307810152563544,-0.5147533569335937,-0.28012159423828126
14.21897029876709,-0.0035972434964768626,-0.55545478515625,-0.24660277099609373
14.238906860351562,-0.009192955602107537,-0.5219359619140624,-0.27293898925781246
14.259154558181763,-0.006794793271122962,-0.5458779785156249,-0.2609679809570312
14.279067516326904,-0.003464012255866608,-0.5530605834960938,-0.26336218261718747
14.298962831497192,-0.0037304747370871167,-0.5817910034179687,-0.26815058593749996
14.3189377784729,-0.0058621745868511835,-0.55545478515625,-0.24181436767578124
14.33893084526062,-0.006928024511733216,-0.5506663818359374,-0.26815058593749996
14.359230518341064,-0.004263399699528133,-0.5219359619140624,-0.22266075439453123
14.37886643409729,-0.005995405827461438,-0.5434837768554687,-0.2657563842773437
14.399051666259766,-0.0037304747370871167,-0.5865794067382812,-0.2609679809570312
14.419035196304321,-0.009059724361497283,-0.51714755859375,-0.23223756103515625
14.439344882965088,-0.006528330789902454,-0.5099649536132812,-0.2657563842773437
14.458965301513672,-0.009059724361497283,-0.5458779785156249,-0.28012159423828126
14.479071617126465,-0.0063950995492922,-0.5363011718749999,-0.28012159423828126
14.499034404754639,-0.002797856052815337,-0.5530605834960938,-0.28730419921875
14.519013166427612,-0.0031975497746461,-0.5363011718749999,-0.2657563842773437
14.538873672485352,-0.006528330789902454,-0.5482721801757812,-0.22744915771484372
14.558930158615112,-0.006528330789902454,-0.565031591796875,-0.27293898925781246
14.57917332649231,-0.004396630940138387,-0.5482721801757812,-0.277727392578125
14.598894596099854,-0.002797856052815337,-0.5099649536132812,-0.27293898925781246
14.618887662887573,-0.0039969372183076245,-0.51714755859375,-0.24181436767578124
14.638967275619507,-0.006928024511733216,-0.5291185668945312,-0.28012159423828126
14.659210681915283,-0.00479632466196915,-0.55545478515625,-0.23702596435546874
14.67907190322876,-0.006794793271122962,-0.5458779785156249,-0.2442085693359375
14.699012279510498,-0.006661562030512709,-0.565031591796875,-0.2825157958984375
14.718728303909302,-0.007061255752343471,-0.5698199951171875,-0.258573779296875
14.738629817962646,-0.0030643185340358454,-0.5267243652343749,-0.26336218261718747
14.759076595306396,-0.004130168458917879,-0.5243301635742187,-0.3016694091796875
14.779111623764038,-0.0039969372183076245,-0.5458779785156249,-0.28730419921875
14.799056053161621,-0.0039969372183076245,-0.5482721801757812,-0.25139117431640623
14.818981647491455,-0.006528330789902454,-0.5267243652343749,-0.229843359375
14.839999914169312,-0.008926493120887028,-0.5458779785156249,-0.26815058593749996
14.859784603118896,-0.005995405827461438,-0.5961562133789062,-0.239420166015625
14.878937721252441,-0.007860643196004996,-0.5530605834960938,-0.24899697265624998
14.898828506469727,-0.009192955602107537,-0.5315127685546874,-0.26815058593749996
14.918853044509888,-0.009725880564548555,-0.5147533569335937,-0.22026655273437498
14.938956022262573,-0.01052526800821008,-0.5506663818359374,-0.23223756103515625
14.958970785140991,-0.005462480865020421,-0.5386953735351562,-0.24660277099609373
14.97886848449707,-0.006128637068071691,-0.5482721801757812,-0.2442085693359375
14.998934268951416,-0.002797856052815337,-0.5339069702148437,-0.24899697265624998
15.018758296966553,-0.006528330789902454,-0.55545478515625,-0.229843359375
15.03894829750061,-0.004663093421358896,-0.5434837768554687,-0.25139117431640623
15.05904507637024,-0.006528330789902454,-0.5003881469726562,-0.19632453613281248
15.078863859176636,-0.001732006127933304,-0.5386953735351562,-0.26815058593749996
15.099005222320557,-0.004929555902579405,-0.5410895751953124,-0.22505495605468748
15.118931293487549,-0.0063950995492922,-0.5410895751953124,-0.2705447875976562
15.139186143875122,-0.003863705977697371,-0.5339069702148437,-0.2561795776367187
15.15917181968689,-0.00479632466196915,-0.5482721801757812,-0.258573779296875
15.179066181182861,-0.0063950995492922,-0.5506663818359374,-0.19871873779296872
15.198973655700684,-0.0039969372183076245,-0.5195417602539062,-0.2609679809570312
15.21926212310791,-0.005595712105630674,-0.5099649536132812,-0.24899697265624998
15.238958597183228,-0.007194486992953725,-0.5243301635742187,-0.22505495605468748
15.25934648513794,-0.0030643185340358454,-0.5434837768554687,-0.258573779296875
15.278906345367432,-0.0057289433462409285,-0.5315127685546874,-0.2705447875976562
15.298888206481934,-0.008793261880276773,-0.5099649536132812,-0.2561795776367187
15.318986892700195,-0.004130168458917879,-0.5267243652343749,-0.28490999755859375
15.338884592056274,-0.009459418083328047,-0.5530605834960938,-0.28969840087890625
15.358899116516113,-0.0074609494741742334,-0.5027823486328125,-0.258573779296875
15.37907862663269,-0.004529862180748642,-0.5530605834960938,-0.25139117431640623
15.398876667022705,-0.006928024511733216,-0.5530605834960938,-0.2537853759765625
15.418810844421387,-0.004529862180748642,-0.5339069702148437,-0.26815058593749996
15.43881607055664,-0.0057289433462409285,-0.5363011718749999,-0.2609679809570312
15.459306955337524,-0.009725880564548555,-0.5889736083984375,-0.2705447875976562
15.478986978530884,-0.0026646248122050836,-0.59376201171875,-0.23702596435546874
15.498921871185303,-0.0010658499248820332,-0.507570751953125,-0.28012159423828126
15.51892638206482,-0.008393568158446012,-0.565031591796875,-0.2657563842773437
15.539067029953003,-0.003863705977697371,-0.5147533569335937,-0.239420166015625
15.559221744537354,-0.005196018383799912,-0.5051765502929687,-0.2609679809570312
15.578944683074951,-0.005062787143189658,-0.565031591796875,-0.2561795776367187
15.5989990234375,-0.0057289433462409285,-0.5530605834960938,-0.2609679809570312
15.618918657302856,-0.0035972434964768626,-0.5195417602539062,-0.24181436767578124
15.638824701309204,-0.0073277182335639785,-0.5889736083984375,-0.239420166015625
15.659653902053833,-0.006928024511733216,-0.5363011718749999,-0.3016694091796875
15.67905330657959,-0.010125574286379316,-0.4955997436523437,-0.21068974609375
15.698948383331299,-0.005329249624410167,-0.5506663818359374,-0.26336218261718747
15.718875169754028,-0.006794793271122962,-0.5315127685546874,-0.24660277099609373
15.738713502883911,-0.006128637068071691,-0.5793968017578125,-0.2561795776367187
15.759117126464844,-0.004263399699528133,-0.5219359619140624,-0.296881005859375
15.778878450393677,-0.0073277182335639785,-0.5793968017578125,-0.2561795776367187
15.799097061157227,-0.002797856052815337,-0.5386953735351562,-0.27293898925781246
15.81892704963684,-0.004130168458917879,-0.5746083984375,-0.22744915771484372
15.83897089958191,-0.0021316998497640663,-0.5147533569335937,-0.24181436767578124
15.858884572982788,-0.006528330789902454,-0.5267243652343749,-0.2609679809570312
15.879377365112305,-0.009192955602107537,-0.5698199951171875,-0.2537853759765625
15.898954629898071,-0.007860643196004996,-0.5434837768554687,-0.2537853759765625
15.918913841247559,-0.0075941807147844875,-0.5506663818359374,-0.22744915771484372
15.939284801483154,-0.0063950995492922,-0.5482721801757812,-0.258573779296875
15.959441900253296,-0.007727411955394742,-0.5099649536132812,-0.2753331909179687
15.979012489318848,-0.0073277182335639785,-0.5291185668945312,-0.2920926025390625
15.999186038970947,-0.005196018383799912,-0.5386953735351562,-0.24660277099609373
16.018810510635376,-0.009992343045769061,-0.5003881469726562,-0.25139117431640623
16.03934073448181,-0.0058621745868511835,-0.5363011718749999,-0.21308394775390624
16.05963683128357,-0.007061255752343471,-0.5123591552734374,-0.2154781494140625
16.07927393913269,-0.004263399699528133,-0.5243301635742187,-0.22266075439453123
16.098986387252808,-0.00479632466196915,-0.5291185668945312,-0.26815058593749996
16.119459867477417,-0.0033307810152563544,-0.5506663818359374,-0.29448680419921874
16.139724254608154,-0.0063950995492922,-0.5147533569335937,-0.2657563842773437
16.159138917922974,-0.006661562030512709,-0.5219359619140624,-0.2753331909179687
16.179144144058228,-0.007194486992953725,-0.5219359619140624,-0.24181436767578124
16.199063062667847,-0.006661562030512709,-0.5674257934570313,-0.24899697265624998
16.219099760055542,-0.008793261880276773,-0.5267243652343749,-0.25139117431640623
16.239843130111694,-0.006794793271122962,-0.5147533569335937,-0.239420166015625
16.25916051864624,-0.005062787143189658,-0.5410895751953124,-0.22505495605468748
16.278875827789307,-0.005062787143189658,-0.5267243652343749,-0.26336218261718747
16.298964023590088,-0.0073277182335639785,-0.5722141967773438,-0.28490999755859375
16.31875729560852,-0.0063950995492922,-0.5410895751953124,-0.239420166015625
16.33885097503662,-0.008926493120887028,-0.507570751953125,-0.23702596435546874
16.35906147956848,-0.005196018383799912,-0.5482721801757812,-0.27293898925781246
16.379271984100342,-0.006528330789902454,-0.5434837768554687,-0.2753331909179687
16.398800373077393,-0.008526799399056265,-0.5410895751953124,-0.2537853759765625
16.418879985809326,-0.007194486992953725,-0.5793968017578125,-0.22266075439453123
16.439003944396973,-0.006128637068071691,-0.5746083984375,-0.26815058593749996
16.459038257598877,-0.006528330789902454,-0.5219359619140624,-0.277727392578125
16.479006052017212,-0.006794793271122962,-0.565031591796875,-0.2537853759765625
16.49872589111328,-0.007061255752343471,-0.5482721801757812,-0.25139117431640623
16.518842935562134,-0.008393568158446012,-0.5386953735351562,-0.24899697265624998
16.538732528686523,-0.008127105677225504,-0.5147533569335937,-0.239420166015625
16.55937147140503,-0.004529862180748642,-0.4908113403320312,-0.239420166015625
16.578937292099,-0.002531393571594829,-0.5674257934570313,-0.24899697265624998
16.598891019821167,-0.008926493120887028,-0.5458779785156249,-0.19871873779296872
16.61894130706787,-0.005995405827461438,-0.51714755859375,-0.25139117431640623
16.63920831680298,-0.007061255752343471,-0.5267243652343749,-0.29448680419921874
16.659131288528442,-0.006128637068071691,-0.5339069702148437,-0.2346317626953125
16.678878784179688,-0.005462480865020421,-0.5458779785156249,-0.24660277099609373
16.698636054992676,-0.0063950995492922,-0.5339069702148437,-0.26336218261718747
16.71873450279236,-0.004663093421358896,-0.5458779785156249,-0.2561795776367187
16.73887276649475,-0.0035972434964768626,-0.5195417602539062,-0.25139117431640623
16.75911593437195,-0.00479632466196915,-0.51714755859375,-0.23702596435546874
16.779351949691772,-0.005329249624410167,-0.5458779785156249,-0.2059013427734375
16.799105167388916,-0.007993874436615249,-0.5530605834960938,-0.25139117431640623
16.819039344787598,-0.007194486992953725,-0.5746083984375,-0.2609679809570312
16.83888554573059,-0.004529862180748642,-0.55545478515625,-0.23223756103515625
16.86064624786377,-0.005329249624410167,-0.5458779785156249,-0.2705447875976562
16.879270553588867,-0.0035972434964768626,-0.488417138671875,-0.21068974609375
16.89898157119751,-0.005995405827461438,-0.5506663818359374,-0.24181436767578124
16.91881561279297,-0.0019984686091538122,-0.5482721801757812,-0.24899697265624998
16.93882727622986,-0.007993874436615249,-0.5339069702148437,-0.25139117431640623
16.95909881591797,-0.005462480865020421,-0.5578489868164063,-0.258573779296875
16.9790256023407,-0.0058621745868511835,-0.5267243652343749,-0.296881005859375
16.99895215034485,-0.008393568158446012,-0.5339069702148437,-0.2657563842773437
17.0190269947052,-0.005196018383799912,-0.5602431884765625,-0.229843359375
17.03887915611267,-0.0039969372183076245,-0.5291185668945312,-0.22505495605468748
17.058722496032715,-0.002797856052815337,-0.5482721801757812,-0.2537853759765625
17.07879877090454,-0.006128637068071691,-0.5243301635742187,-0.24899697265624998
17.09904670715332,-0.0039969372183076245,-0.5434837768554687,-0.2657563842773437
17.1187002658844,-0.0033307810152563544,-0.5530605834960938,-0.2442085693359375
17.138747453689575,-0.005196018383799912,-0.5722141967773438,-0.2442085693359375
17.159112691879272,-0.005196018383799912,-0.5410895751953124,-0.229843359375
17.17904567718506,-0.004130168458917879,-0.565031591796875,-0.28012159423828126
17.199283361434937,-0.00479632466196915,-0.5530605834960938,-0.26336218261718747
17.218997716903687,-0.0073277182335639785,-0.5219359619140624,-0.229843359375
17.23896551132202,-0.005062787143189658,-0.5506663818359374,-0.2609679809570312
17.258852243423462,-0.007194486992953725,-0.5339069702148437,-0.2609679809570312
17.27918028831482,-0.003863705977697371,-0.5746083984375,-0.24899697265624998
17.29914379119873,-0.008926493120887028,-0.5363011718749999,-0.24899697265624998
17.319087743759155,-0.004529862180748642,-0.5363011718749999,-0.28969840087890625
17.3386971950531,-0.004529862180748642,-0.5817910034179687,-0.26815058593749996
17.35909605026245,-0.005062787143189658,-0.5578489868164063,-0.2537853759765625
17.37886333465576,-0.007860643196004996,-0.5578489868164063,-0.2561795776367187
17.39920949935913,-0.008127105677225504,-0.5315127685546874,-0.23702596435546874
17.418808937072754,-0.0026646248122050836,-0.5434837768554687,-0.2657563842773437
17.438867568969727,-0.006261868308681946,-0.55545478515625,-0.24899697265624998
17.459014892578125,-0.006128637068071691,-0.5698199951171875,-0.25139117431640623
17.47911238670349,-0.003464012255866608,-0.5746083984375,-0.24899697265624998
17.498926639556885,-0.006128637068071691,-0.5506663818359374,-0.2753331909179687
17.518850803375244,-0.006128637068071691,-0.5674257934570313,-0.24660277099609373
17.539017915725708,-0.007194486992953725,-0.5219359619140624,-0.258573779296875
17.558958530426025,-0.005329249624410167,-0.5339069702148437,-0.24899697265624998
17.578890800476074,-0.005329249624410167,-0.5386953735351562,-0.29927520751953124
17.599006414413452,-0.004929555902579405,-0.507570751953125,-0.24899697265624998
17.61891531944275,-0.004529862180748642,-0.5315127685546874,-0.2825157958984375
17.639145135879517,-0.0037304747370871167,-0.5267243652343749,-0.24660277099609373
17.658939361572266,-0.006928024511733216,-0.5602431884765625,-0.2609679809570312
17.67886972427368,-0.0030643185340358454,-0.5722141967773438,-0.23702596435546874
17.698842763900757,-0.008127105677225504,-0.5363011718749999,-0.24899697265624998
17.71882176399231,-0.010258805526989571,-0.5530605834960938,-0.28969840087890625
17.738878965377808,-0.005462480865020421,-0.5339069702148437,-0.25139117431640623
17.759191274642944,-0.005329249624410167,-0.5458779785156249,-0.24899697265624998
17.778825521469116,-0.0057289433462409285,-0.5458779785156249,-0.24181436767578124
17.798869132995605,-0.004929555902579405,-0.5267243652343749,-0.2537853759765625
17.81884765625,-0.004663093421358896,-0.5386953735351562,-0.258573779296875
17.838975429534912,-0.005595712105630674,-0.5506663818359374,-0.28730419921875
17.859273672103882,-0.0029310872934255917,-0.5578489868164063,-0.27293898925781246
17.878979444503784,-0.009059724361497283,-0.5746083984375,-0.20829554443359374
17.898892402648926,-0.0039969372183076245,-0.5434837768554687,-0.2657563842773437
17.91908574104309,-0.006128637068071691,-0.5243301635742187,-0.239420166015625
17.93910503387451,-0.004929555902579405,-0.5291185668945312,-0.24899697265624998
17.95900535583496,-0.0063950995492922,-0.55545478515625,-0.26815058593749996
17.97896933555603,-0.002264931090374321,-0.5626373901367188,-0.2657563842773437
17.998860836029053,-0.005595712105630674,-0.5506663818359374,-0.24181436767578124
18.018876314163208,-0.006928024511733216,-0.5746083984375,-0.2705447875976562
18.039246082305908,-0.007993874436615249,-0.5386953735351562,-0.239420166015625
18.05932068824768,-0.0073277182335639785,-0.5434837768554687,-0.239420166015625
18.078872680664062,-0.006661562030512709,-0.5746083984375,-0.229843359375
18.098990440368652,-0.00479632466196915,-0.5578489868164063,-0.23223756103515625
18.11898159980774,-0.005995405827461438,-0.5339069702148437,-0.277727392578125
18.139275312423706,-0.006528330789902454,-0.5243301635742187,-0.27293898925781246
18.159048557281494,-0.0063950995492922,-0.5985504150390625,-0.24660277099609373
18.179028749465942,-0.005462480865020421,-0.5243301635742187,-0.2561795776367187
18.19889760017395,-0.007194486992953725,-0.5793968017578125,-0.24899697265624998
18.218891382217407,-0.0058621745868511835,-0.5219359619140624,-0.22266075439453123
18.238889694213867,-0.005595712105630674,-0.49320554199218747,-0.277727392578125
18.259080171585083,-0.004929555902579405,-0.5195417602539062,-0.26815058593749996
18.278895616531372,-0.005462480865020421,-0.5339069702148437,-0.26336218261718747
18.2991144657135,-0.0075941807147844875,-0.5578489868164063,-0.2657563842773437
18.31893038749695,-0.0073277182335639785,-0.5147533569335937,-0.26815058593749996
18.339038372039795,-0.005995405827461438,-0.5770026000976562,-0.3016694091796875
18.359065771102905,-0.004663093421358896,-0.5339069702148437,-0.2657563842773437
18.37889003753662,-0.008127105677225504,-0.5530605834960938,-0.229843359375
18.398890018463135,-0.0011990811654922875,-0.5195417602539062,-0.258573779296875
18.418872594833374,-0.004130168458917879,-0.5530605834960938,-0.2753331909179687
18.43885612487793,-0.008393568158446012,-0.49799394531249996,-0.3016694091796875
18.45907759666443,-0.0073277182335639785,-0.5746083984375,-0.22505495605468748
18.47882652282715,-0.00479632466196915,-0.5530605834960938,-0.25139117431640623
18.49873924255371,-0.0075941807147844875,-0.565031591796875,-0.24660277099609373
18.51871109008789,-0.0063950995492922,-0.5339069702148437,-0.2753331909179687
18.53892159461975,-0.005462480865020421,-0.5458779785156249,-0.22744915771484372
18.558982849121094,-0.0057289433462409285,-0.5746083984375,-0.28730419921875
18.578890085220337,-0.0039969372183076245,-0.5722141967773438,-0.23223756103515625
18.598884105682373,-0.009459418083328047,-0.5410895751953124,-0.2609679809570312
18.618771076202393,-0.005595712105630674,-0.5434837768554687,-0.24181436767578124
18.639209270477295,-0.003863705977697371,-0.5267243652343749,-0.26815058593749996
18.65948486328125,-0.004663093421358896,-0.5315127685546874,-0.296881005859375
18.67905855178833,-0.006261868308681946,-0.5458779785156249,-0.2609679809570312
18.699016332626343,-0.0063950995492922,-0.5123591552734374,-0.2561795776367187
18.718895196914673,-0.0058621745868511835,-0.5626373901367188,-0.22505495605468748
18.7390718460083,-0.007061255752343471,-0.5626373901367188,-0.2657563842773437
18.759121656417847,-0.0075941807147844875,-0.5458779785156249,-0.29927520751953124
18.77903175354004,-0.004396630940138387,-0.5267243652343749,-0.28012159423828126
18.798931121826172,-0.0033307810152563544,-0.507570751953125,-0.26815058593749996
18.819058179855347,-0.005196018383799912,-0.5698199951171875,-0.24660277099609373
18.83897042274475,-0.0063950995492922,-0.49799394531249996,-0.2442085693359375
18.85914635658264,-0.0039969372183076245,-0.5386953735351562,-0.2346317626953125
18.879191160202026,-0.0002664624812205083,-0.5506663818359374,-0.24181436767578124
18.898962020874023,-0.008393568158446012,-0.47884033203125,-0.26815058593749996
18.918887615203857,-0.0073277182335639785,-0.5674257934570313,-0.258573779296875
18.938807487487793,-0.0033307810152563544,-0.51714755859375,-0.239420166015625
18.959235906600952,-0.006261868308681946,-0.5315127685546874,-0.27293898925781246
18.978800058364868,-0.003863705977697371,-0.5578489868164063,-0.2657563842773437
18.999022483825684,-0.0058621745868511835,-0.55545478515625,-0.2154781494140625
19.01880383491516,-0.007194486992953725,-0.5506663818359374,-0.277727392578125
19.038900136947632,-0.0030643185340358454,-0.5386953735351562,-0.2920926025390625
19.05937910079956,-0.005196018383799912,-0.5458779785156249,-0.23223756103515625
19.079063177108765,-0.006661562030512709,-0.5482721801757812,-0.23223756103515625
19.09891986846924,-0.002398162330984575,-0.5267243652343749,-0.2561795776367187
19.11893129348755,-0.002398162330984575,-0.5410895751953124,-0.21787235107421873
19.138916015625,-0.0035972434964768626,-0.5291185668945312,-0.22026655273437498
19.160799264907837,-0.007194486992953725,-0.5674257934570313,-0.28730419921875
19.17910671234131,-0.004529862180748642,-0.5363011718749999,-0.28490999755859375
19.19880700111389,-0.006928024511733216,-0.5530605834960938,-0.25139117431640623
19.218710899353027,-0.006128637068071691,-0.49799394531249996,-0.24660277099609373
19.2399320602417,-0.008127105677225504,-0.51714755859375,-0.22744915771484372
19.259136199951172,-0.011324655451871604,-0.5315127685546874,-0.22744915771484372
19.278939962387085,-0.004130168458917879,-0.5410895751953124,-0.2561795776367187
19.2989239692688,-0.010924961730040842,-0.5506663818359374,-0.24899697265624998
19.319435834884644,-0.0063950995492922,-0.5434837768554687,-0.26815058593749996
19.3389732837677,-0.005062787143189658,-0.5123591552734374,-0.22266075439453123
19.3591890335083,-0.006928024511733216,-0.5410895751953124,-0.22744915771484372
19.3791286945343,-0.006794793271122962,-0.51714755859375,-0.28490999755859375
19.39897060394287,-0.008127105677225504,-0.5602431884765625,-0.26336218261718747
19.418972730636597,-0.004663093421358896,-0.5578489868164063,-0.2657563842773437
19.43894338607788,-0.004663093421358896,-0.5315127685546874,-0.25139117431640623
19.45903205871582,-0.0095926493239383,-0.5434837768554687,-0.25139117431640623
19.47917342185974,-0.011457886692481857,-0.5482721801757812,-0.27293898925781246
19.498983144760132,-0.0063950995492922,-0.565031591796875,-0.27293898925781246
19.51894211769104,-0.005595712105630674,-0.5243301635742187,-0.22744915771484372
19.53882908821106,-0.0074609494741742334,-0.5386953735351562,-0.24181436767578124
19.559162616729736,-0.0039969372183076245,-0.5434837768554687,-0.22026655273437498
19.57901120185852,-0.004529862180748642,-0.5315127685546874,-0.2561795776367187
19.598987817764282,-0.006928024511733216,-0.5770026000976562,-0.2561795776367187
19.61885094642639,-0.008260336917835759,-0.5267243652343749,-0.258573779296875
19.638861894607544,-0.0029310872934255917,-0.5219359619140624,-0.258573779296875
19.65932559967041,-0.0039969372183076245,-0.5123591552734374,-0.27293898925781246
19.6790030002594,-0.006928024511733216,-0.5267243652343749,-0.24899697265624998
19.69908881187439,-0.0039969372183076245,-0.51714755859375,-0.2346317626953125
19.718827962875366,-0.007860643196004996,-0.5530605834960938,-0.2442085693359375
19.738681077957153,-0.0031975497746461,-0.5626373901367188,-0.2346317626953125
19.759255409240723,-0.00985911180515881,-0.5243301635742187,-0.2537853759765625
19.779086112976074,-0.0033307810152563544,-0.5291185668945312,-0.2442085693359375
19.799212217330933,-0.007061255752343471,-0.5219359619140624,-0.2657563842773437
19.818849563598633,-0.0073277182335639785,-0.5434837768554687,-0.25139117431640623
19.83869981765747,-0.005329249624410167,-0.5578489868164063,-0.29448680419921874
19.85936450958252,-0.005995405827461438,-0.5363011718749999,-0.23702596435546874
19.87913417816162,-0.006128637068071691,-0.5410895751953124,-0.25139117431640623
19.898864030838013,0.03357427263378405,-0.51714755859375,-0.24899697265624998
19.918898820877075,-0.005062787143189658,-0.55545478515625,-0.24181436767578124
19.939130067825317,-0.0018652373685435584,-0.5913678100585937,-0.24660277099609373
19.959022521972656,-0.006528330789902454,-0.4955997436523437,-0.24181436767578124
19.979002952575684,-0.008393568158446012,-0.5458779785156249,-0.27293898925781246
19.99891710281372,-0.006528330789902454,-0.5746083984375,-0.2657563842773437
20.01873278617859,-0.009992343045769061,-0.5363011718749999,-0.24181436767578124
20.039036512374878,-0.005462480865020421,-0.5578489868164063,-0.239420166015625
20.059180974960327,-0.007860643196004996,-0.5315127685546874,-0.277727392578125
20.079035997390747,-0.004130168458917879,-0.5722141967773438,-0.25139117431640623
20.098913431167603,-0.006528330789902454,-0.5410895751953124,-0.2537853759765625
20.11900758743286,-0.006261868308681946,-0.5363011718749999,-0.2442085693359375
20.138837099075317,-0.004130168458917879,-0.5027823486328125,-0.2609679809570312
20.160074472427368,-0.006261868308681946,-0.5051765502929687,-0.2609679809570312
20.179099559783936,-0.007993874436615249,-0.5243301635742187,-0.258573779296875
20.198931217193604,-0.0075941807147844875,-0.5506663818359374,-0.25139117431640623
20.219371557235718,-0.006794793271122962,-0.5195417602539062,-0.258573779296875
20.238878965377808,-0.0057289433462409285,-0.5363011718749999,-0.2561795776367187
20.25929617881775,-0.006928024511733216,-0.5003881469726562,-0.2537853759765625
20.27906060218811,-0.005995405827461438,-0.5291185668945312,-0.229843359375
20.298844814300537,-0.004263399699528133,-0.5315127685546874,-0.20350714111328125
20.31881880760193,-0.0057289433462409285,-0.5674257934570313,-0.28490999755859375
20.339303731918335,-0.0075941807147844875,-0.5195417602539062,-0.239420166015625
20.35928249359131,-0.004130168458917879,-0.5219359619140624,-0.24181436767578124
20.37906241416931,-0.0073277182335639785,-0.5243301635742187,-0.2705447875976562
20.398923873901367,-0.0074609494741742334,-0.5482721801757812,-0.2561795776367187
20.419193744659424,-0.00866003063966652,-0.565031591796875,-0.24181436767578124
20.439023971557617,-0.008127105677225504,-0.5219359619140624,-0.2657563842773437
20.459157466888428,-0.004263399699528133,-0.5315127685546874,-0.2561795776367187
20.478959798812866,-0.007727411955394742,-0.5530605834960938,-0.26336218261718747
20.499008893966675,-0.007194486992953725,-0.5195417602539062,-0.2609679809570312
20.5189106464386,-0.0073277182335639785,-0.5458779785156249,-0.24660277099609373
20.53878426551819,-0.009192955602107537,-0.5674257934570313,-0.2753331909179687
20.559481859207153,-0.007993874436615249,-0.5410895751953124,-0.258573779296875
20.57889175415039,-0.005062787143189658,-0.5243301635742187,-0.2657563842773437
20.598997354507446,-0.006661562030512709,-0.5291185668945312,-0.24181436767578124
20.618922233581543,-0.008926493120887028,-0.5363011718749999,-0.22744915771484372
20.63902711868286,-0.002531393571594829,-0.5339069702148437,-0.28730419921875
20.659553050994873,-0.008793261880276773,-0.5363011718749999,-0.26336218261718747
20.679349660873413,-0.005329249624410167,-0.5410895751953124,-0.23223756103515625
20.698987245559692,-0.010258805526989571,-0.5530605834960938,-0.258573779296875
20.71900486946106,-0.0031975497746461,-0.5291185668945312,-0.258573779296875
20.738970041275024,-0.0073277182335639785,-0.5386953735351562,-0.24660277099609373
20.759320497512817,-0.004396630940138387,-0.4908113403320312,-0.24660277099609373
20.779329538345337,-0.0074609494741742334,-0.5506663818359374,-0.2753331909179687
20.799051761627197,-0.006661562030512709,-0.5363011718749999,-0.2561795776367187
20.819164037704468,-0.004663093421358896,-0.5482721801757812,-0.2561795776367187
20.83942222595215,-0.0073277182335639785,-0.5123591552734374,-0.2825157958984375
20.859422206878662,-0.007727411955394742,-0.5386953735351562,-0.2561795776367187
20.87920093536377,-0.003863705977697371,-0.5410895751953124,-0.239420166015625
20.899186849594116,-0.0074609494741742334,-0.5482721801757812,-0.2609679809570312
20.91900062561035,-0.005062787143189658,-0.5363011718749999,-0.2346317626953125
20.93914031982422,-0.0063950995492922,-0.55545478515625,-0.2442085693359375
20.959591388702393,-0.0075941807147844875,-0.5722141967773438,-0.2705447875976562
20.979231357574463,-0.004396630940138387,-0.5386953735351562,-0.2537853759765625
20.9990975856781,-0.005595712105630674,-0.51714755859375,-0.2657563842773437
21.018998384475708,-0.0057289433462409285,-0.5291185668945312,-0.22026655273437498
21.03987956047058,-0.005595712105630674,-0.5530605834960938,-0.258573779296875
21.059645414352417,-0.008127105677225504,-0.5339069702148437,-0.2825157958984375
21.07897114753723,-0.002797856052815337,-0.5267243652343749,-0.3016694091796875
21.098864316940308,-0.00479632466196915,-0.5889736083984375,-0.2705447875976562
21.118942737579346,-0.004396630940138387,-0.5363011718749999,-0.26815058593749996
21.13961911201477,-0.002264931090374321,-0.5291185668945312,-0.2705447875976562
21.159279108047485,-0.0057289433462409285,-0.5913678100585937,-0.2561795776367187
21.17902660369873,-0.0073277182335639785,-0.49320554199218747,-0.2657563842773437
21.19886326789856,-0.004396630940138387,-0.55545478515625,-0.26815058593749996
21.21897006034851,-0.0033307810152563544,-0.565031591796875,-0.28730419921875
21.23959183692932,-0.004663093421358896,-0.48123453369140623,-0.277727392578125
21.25955104827881,-0.004663093421358896,-0.5722141967773438,-0.24899697265624998
21.278775453567505,-0.004529862180748642,-0.5482721801757812,-0.24181436767578124
21.29871416091919,-0.007061255752343471,-0.5386953735351562,-0.2442085693359375
21.31867289543152,-0.007194486992953725,-0.5195417602539062,-0.2609679809570312
21.33890175819397,-0.008793261880276773,-0.5267243652343749,-0.2705447875976562
21.359699249267578,-0.008127105677225504,-0.5051765502929687,-0.2657563842773437
21.379257917404175,-0.006528330789902454,-0.5506663818359374,-0.2561795776367187
21.398953437805176,-0.009192955602107537,-0.5363011718749999,-0.2561795776367187
21.419212579727173,-0.006261868308681946,-0.5291185668945312,-0.2657563842773437
21.439108848571777,-0.0075941807147844875,-0.5243301635742187,-0.2825157958984375
21.458919048309326,-0.002797856052815337,-0.5434837768554687,-0.277727392578125
21.47888422012329,-0.0058621745868511835,-0.5410895751953124,-0.24899697265624998
21.498844146728516,-0.010392036767599824,-0.5386953735351562,-0.26815058593749996
21.51869773864746,-0.006261868308681946,-0.5458779785156249,-0.26815058593749996
21.538837432861328,-0.007061255752343471,-0.5578489868164063,-0.2561795776367187
21.55903697013855,-0.004396630940138387,-0.5339069702148437,-0.24660277099609373
21.578871726989746,-0.004529862180748642,-0.55545478515625,-0.28730419921875
21.598877429962158,-0.0029310872934255917,-0.5219359619140624,-0.15562310791015624
21.618717432022095,-0.006261868308681946,-0.5410895751953124,-0.25139117431640623
21.639028787612915,-0.004529862180748642,-0.5770026000976562,-0.2609679809570312
21.66069531440735,-0.0030643185340358454,-0.5123591552734374,-0.2442085693359375
21.678863286972046,-0.005995405827461438,-0.5363011718749999,-0.21787235107421873
21.698917865753174,-0.004130168458917879,-0.5243301635742187,-0.2442085693359375
21.71883773803711,-0.008926493120887028,-0.5722141967773438,-0.25139117431640623
21.73883581161499,-0.007194486992953725,-0.5458779785156249,-0.2609679809570312
21.75895118713379,-0.002797856052815337,-0.5530605834960938,-0.2442085693359375
21.779223680496216,-0.004929555902579405,-0.5746083984375,-0.2825157958984375
21.799193382263184,-0.004396630940138387,-0.51714755859375,-0.258573779296875
21.818950176239014,-0.006128637068071691,-0.5458779785156249,-0.2753331909179687
21.838890075683594,-0.00479632466196915,-0.5051765502929687,-0.2705447875976562
21.859073400497437,-0.008526799399056265,-0.5626373901367188,-0.258573779296875
21.879209518432617,-0.005329249624410167,-0.5434837768554687,-0.28012159423828126
21.898828268051147,-0.006661562030512709,-0.5626373901367188,-0.28730419921875
21.918858289718628,-0.006128637068071691,-0.5267243652343749,-0.2705447875976562
21.939075231552124,-0.005062787143189658,-0.5123591552734374,-0.258573779296875
21.959044456481934,-0.0074609494741742334,-0.5099649536132812,-0.2442085693359375
21.97874665260315,-0.010392036767599824,-0.5027823486328125,-0.258573779296875
21.99955439567566,-0.006661562030512709,-0.5291185668945312,-0.23223756103515625
22.019027709960938,-0.005196018383799912,-0.5051765502929687,-0.26815058593749996
22.03894019126892,-0.0029310872934255917,-0.5099649536132812,-0.24181436767578124
22.058958053588867,-0.0039969372183076245,-0.565031591796875,-0.24899697265624998
22.07905673980713,-0.007194486992953725,-0.5195417602539062,-0.2657563842773437
22.098937273025513,-0.0075941807147844875,-0.5027823486328125,-0.24181436767578124
22.118812799453735,-0.004929555902579405,-0.51714755859375,-0.2442085693359375
22.138808965682983,-0.007061255752343471,-0.5434837768554687,-0.277727392578125
22.159024477005005,-0.006128637068071691,-0.5219359619140624,-0.22744915771484372
22.178922414779663,-0.0009326186842717792,-0.5506663818359374,-0.2705447875976562
22.198906421661377,-0.004263399699528133,-0.5147533569335937,-0.26815058593749996
22.21890878677368,-0.006794793271122962,-0.5410895751953124,-0.2657563842773437
22.239806413650513,-0.006794793271122962,-0.5315127685546874,-0.22026655273437498
22.259371042251587,-0.006128637068071691,-0.5291185668945312,-0.24899697265624998
22.278777360916138,0.0003996937218307625,-0.51714755859375,-0.28490999755859375
22.29877018928528,-0.0026646248122050836,-0.5626373901367188,-0.2825157958984375
22.31903076171875,-0.005329249624410167,-0.5506663818359374,-0.26336218261718747
22.339314937591553,-0.004130168458917879,-0.5339069702148437,-0.26336218261718747
22.359253644943237,-0.004529862180748642,-0.5339069702148437,-0.22505495605468748
22.3789963722229,-0.006128637068071691,-0.5506663818359374,-0.28012159423828126
22.399302005767822,-0.0063950995492922,-0.5770026000976562,-0.2657563842773437
22.418789863586426,-0.006128637068071691,-0.565031591796875,-0.2609679809570312
22.438682317733765,-0.0030643185340358454,-0.5363011718749999,-0.2561795776367187
22.458966732025146,-0.007860643196004996,-0.5363011718749999,-0.2561795776367187
22.478774785995483,-0.0073277182335639785,-0.5434837768554687,-0.2753331909179687
22.498727560043335,-0.0057289433462409285,-0.5793968017578125,-0.24660277099609373
22.519110202789307,-0.01052526800821008,-0.5410895751953124,-0.23223756103515625
22.539730548858643,-0.004130168458917879,-0.5530605834960938,-0.2609679809570312
22.55898952484131,-0.0057289433462409285,-0.5530605834960938,-0.28730419921875
22.578877925872803,-0.0035972434964768626,-0.5770026000976562,-0.28490999755859375
22.598927974700928,-0.0031975497746461,-0.5434837768554687,-0.2346317626953125
22.61899995803833,-0.0039969372183076245,-0.5363011718749999,-0.24181436767578124
22.638978481292725,-0.0031975497746461,-0.5434837768554687,-0.24660277099609373
22.65928363800049,-0.005062787143189658,-0.5410895751953124,-0.29448680419921874
22.678940534591675,-0.001732006127933304,-0.5099649536132812,-0.23702596435546874
22.698796272277832,-0.005196018383799912,-0.5386953735351562,-0.2657563842773437
22.718909740447998,-0.006261868308681946,-0.51714755859375,-0.2346317626953125
22.73891282081604,-0.002398162330984575,-0.5698199951171875,-0.2825157958984375
22.759076595306396,-0.004663093421358896,-0.5147533569335937,-0.2561795776367187
22.77884316444397,-0.004396630940138387,-0.5458779785156249,-0.26815058593749996
22.799230098724365,-0.00479632466196915,-0.5482721801757812,-0.2561795776367187
22.81885814666748,-0.00479632466196915,-0.5291185668945312,-0.24899697265624998
22.838816165924072,-0.002531393571594829,-0.5219359619140624,-0.21068974609375
22.859365940093994,-0.004663093421358896,-0.5291185668945312,-0.23223756103515625
22.87926173210144,-0.003863705977697371,-0.5267243652343749,-0.26815058593749996
22.899178504943848,-0.004529862180748642,-0.5315127685546874,-0.23702596435546874
22.919345378875732,-0.0058621745868511835,-0.5530605834960938,-0.23702596435546874
22.938987255096436,-0.0075941807147844875,-0.5291185668945312,-0.2705447875976562
22.9591863155365,-0.0037304747370871167,-0.55545478515625,-0.258573779296875
22.979036331176758,-0.006528330789902454,-0.5458779785156249,-0.2154781494140625
22.999019384384155,-0.006528330789902454,-0.5458779785156249,-0.25139117431640623
23.019251585006714,-0.007727411955394742,-0.5219359619140624,-0.2561795776367187
23.03924584388733,-0.004396630940138387,-0.507570751953125,-0.24899697265624998
23.05903935432434,-0.0058621745868511835,-0.5291185668945312,-0.26336218261718747
23.078837871551514,-0.004929555902579405,-0.5434837768554687,-0.229843359375
23.098947048187256,-0.005196018383799912,-0.5291185668945312,-0.2561795776367187
23.119227647781372,-0.009059724361497283,-0.5195417602539062,-0.229843359375
23.13924813270569,-0.01052526800821008,-0.5219359619140624,-0.2442085693359375
23.159026861190796,-0.004663093421358896,-0.5386953735351562,-0.30406361083984373
23.17881488800049,-0.004929555902579405,-0.5315127685546874,-0.22505495605468748
23.19890809059143,-0.006928024511733216,-0.565031591796875,-0.277727392578125
23.218990564346313,-0.005062787143189658,-0.5099649536132812,-0.23223756103515625
23.23921012878418,-0.011058192970651094,-0.5458779785156249,-0.21787235107421873
23.259075164794922,-0.005062787143189658,-0.5698199951171875,-0.22026655273437498
23.278982162475586,-0.03410719759622506,-0.5243301635742187,-0.2442085693359375
23.29883074760437,-0.003464012255866608,-0.5243301635742187,-0.24660277099609373
23.318822383880615,-0.0063950995492922,-0.5434837768554687,-0.28969840087890625
23.338793516159058,-0.004396630940138387,-0.5219359619140624,-0.24899697265624998
23.35906219482422,-0.006928024511733216,-0.5027823486328125,-0.28969840087890625
23.378929376602173,-0.0014655436467127959,-0.5626373901367188,-0.24660277099609373
23.39875555038452,-0.004929555902579405,-0.565031591796875,-0.2059013427734375
23.419029474258423,-0.010924961730040842,-0.5339069702148437,-0.229843359375
23.439044713974,-0.007194486992953725,-0.5315127685546874,-0.229843359375
23.459073066711426,-0.0026646248122050836,-0.5530605834960938,-0.23702596435546874
23.478797435760498,-0.005196018383799912,-0.5219359619140624,-0.258573779296875
23.498756647109985,-0.004663093421358896,-0.5770026000976562,-0.25139117431640623
23.51872682571411,-0.007061255752343471,-0.5363011718749999,-0.3064578125
23.53930640220642,-0.005995405827461438,-0.507570751953125,-0.2537853759765625
23.55905842781067,-0.006528330789902454,-0.5746083984375,-0.21068974609375
23.578761100769043,-0.0073277182335639785,-0.5315127685546874,-0.2825157958984375
23.59880256652832,-0.005595712105630674,-0.5123591552734374,-0.22266075439453123
23.618805170059204,-0.007860643196004996,-0.5434837768554687,-0.22266075439453123
23.6390860080719,-0.006661562030512709,-0.5434837768554687,-0.2705447875976562
23.659276008605957,-0.005995405827461438,-0.5291185668945312,-0.26815058593749996
23.678901195526123,-0.0074609494741742334,-0.5578489868164063,-0.2561795776367187
23.698814868927002,-0.005196018383799912,-0.5482721801757812,-0.2609679809570312
23.718637943267822,-0.005995405827461438,-0.5219359619140624,-0.24660277099609373
23.738721132278442,-0.0031975497746461,-0.5530605834960938,-0.22505495605468748
23.759065628051758,-0.005462480865020421,-0.5315127685546874,-0.2657563842773437
23.778723001480103,-0.00159877488732305,-0.5506663818359374,-0.2537853759765625
23.79883575439453,-0.001732006127933304,-0.5315127685546874,-0.25139117431640623
23.819183111190796,-0.006528330789902454,-0.5698199951171875,-0.2753331909179687
23.83882737159729,-0.004529862180748642,-0.5219359619140624,-0.258573779296875
23.858977556228638,-0.006794793271122962,-0.5267243652343749,-0.229843359375
23.87887716293335,-0.004929555902579405,-0.55545478515625,-0.24660277099609373
23.898881435394287,-0.004396630940138387,-0.5482721801757812,-0.3016694091796875
23.918825149536133,-0.007860643196004996,-0.5578489868164063,-0.28490999755859375
23.93877339363098,-0.004396630940138387,-0.5434837768554687,-0.26336218261718747
23.959176301956177,-0.0057289433462409285,-0.5386953735351562,-0.2609679809570312
23.97878122329712,-0.002398162330984575,-0.5363011718749999,-0.24181436767578124
23.998696088790894,-0.0031975497746461,-0.5315127685546874,-0.277727392578125
24.019018173217773,-0.005329249624410167,-0.5147533569335937,-0.25139117431640623
24.038975954055786,-0.008793261880276773,-0.5746083984375,-0.23223756103515625
24.0592782497406,-0.005329249624410167,-0.5315127685546874,-0.24899697265624998
24.078890085220337,-0.0026646248122050836,-0.5291185668945312,-0.25139117431640623
24.098926067352295,-0.008127105677225504,-0.5506663818359374,-0.2609679809570312
24.118770360946655,-0.008260336917835759,-0.5315127685546874,-0.2537853759765625
24.138916969299316,-0.00866003063966652,-0.5195417602539062,-0.2657563842773437
24.15921711921692,-0.0073277182335639785,-0.5123591552734374,-0.2442085693359375
24.179085969924927,-0.007727411955394742,-0.5386953735351562,-0.21787235107421873
24.198951482772827,-0.004663093421358896,-0.5267243652343749,-0.2705447875976562
24.218833923339844,-0.003464012255866608,-0.5147533569335937,-0.28012159423828126
24.239506483078003,-0.004263399699528133,-0.5889736083984375,-0.25139117431640623
24.259273052215576,-0.006928024511733216,-0.5410895751953124,-0.2561795776367187
24.279076099395752,-0.00479632466196915,-0.5506663818359374,-0.24660277099609373
24.29889488220215,-0.0075941807147844875,-0.5027823486328125,-0.24899697265624998
24.318814754486084,-0.004263399699528133,-0.5434837768554687,-0.2825157958984375
24.33881163597107,-0.004130168458917879,-0.5363011718749999,-0.239420166015625
24.35892605781555,-0.0063950995492922,-0.5578489868164063,-0.2705447875976562
24.37899875640869,-0.006661562030512709,-0.5339069702148437,-0.22266075439453123
24.398968935012817,-0.006261868308681946,-0.5315127685546874,-0.29448680419921874
24.418915510177612,-0.002797856052815337,-0.5291185668945312,-0.239420166015625
24.439579486846924,-0.005062787143189658,-0.5482721801757812,-0.2561795776367187
24.459022998809814,-0.004130168458917879,-0.5219359619140624,-0.239420166015625
24.47891402244568,-0.0039969372183076245,-0.4908113403320312,-0.26336218261718747
24.49876832962036,-0.0037304747370871167,-0.5267243652343749,-0.24181436767578124
24.51879119873047,-0.003464012255866608,-0.5147533569335937,-0.2705447875976562
24.538830518722534,-0.0074609494741742334,-0.5339069702148437,-0.2561795776367187
24.558997869491577,-0.008260336917835759,-0.5291185668945312,-0.21308394775390624
24.57888698577881,-0.008793261880276773,-0.5530605834960938,-0.28490999755859375
24.598824501037598,-0.0063950995492922,-0.5482721801757812,-0.229843359375
24.618972539901733,-0.004130168458917879,-0.55545478515625,-0.2657563842773437
24.63874340057373,-0.006261868308681946,-0.5434837768554687,-0.24899697265624998
24.659001111984253,-0.00479632466196915,-0.5386953735351562,-0.22744915771484372
24.678877353668213,-0.0057289433462409285,-0.5267243652343749,-0.2346317626953125
24.69922947883606,-0.004263399699528133,-0.55545478515625,-0.2609679809570312
24.718897581100464,-0.005062787143189658,-0.5434837768554687,-0.2825157958984375
24.738848447799683,-0.0033307810152563544,-0.55545478515625,-0.23702596435546874
24.759163856506348,-0.002398162330984575,-0.5698199951171875,-0.2657563842773437
24.778895378112793,-0.002398162330984575,-0.5746083984375,-0.2657563842773437
24.798917770385742,-0.0074609494741742334,-0.5363011718749999,-0.22505495605468748
24.819200038909912,-0.005329249624410167,-0.5602431884765625,-0.2346317626953125
24.839303016662598,-0.008260336917835759,-0.5147533569335937,-0.2346317626953125
24.85892677307129,-0.007194486992953725,-0.5482721801757812,-0.28969840087890625
24.879023790359497,-0.004929555902579405,-0.5315127685546874,-0.2705447875976562
24.89877223968506,-0.007860643196004996,-0.5195417602539062,-0.258573779296875
24.918834686279297,-0.007727411955394742,-0.5339069702148437,-0.24660277099609373
24.938901901245117,-0.0037304747370871167,-0.5458779785156249,-0.2537853759765625
24.95902705192566,-0.003863705977697371,-0.5530605834960938,-0.24181436767578124
24.978793382644653,-0.006128637068071691,-0.5602431884765625,-0.2609679809570312
24.999260425567627,-0.0031975497746461,-0.5434837768554687,-0.2657563842773437
25.018898963928223,-0.03410719759622506,-0.5315127685546874,-0.2609679809570312
25.039303302764893,-0.00985911180515881,-0.5147533569335937,-0.2561795776367187
25.058872938156128,-0.005995405827461438,-0.5315127685546874,-0.26815058593749996
25.079070329666138,-0.005595712105630674,-0.5793968017578125,-0.23223756103515625
25.09899401664734,-0.003464012255866608,-0.5339069702148437,-0.296881005859375
25.119088649749756,-0.006128637068071691,-0.5291185668945312,-0.26815058593749996
25.139188528060913,-0.0039969372183076245,-0.5243301635742187,-0.2609679809570312
25.158859491348267,-0.009725880564548555,-0.5315127685546874,-0.26815058593749996
25.178907871246338,-0.008926493120887028,-0.5386953735351562,-0.29927520751953124
25.198746919631958,-0.0037304747370871167,-0.5722141967773438,-0.24660277099609373
25.218871355056763,-0.006128637068071691,-0.5291185668945312,-0.26336218261718747
25.23974299430847,-0.0057289433462409285,-0.5315127685546874,-0.24899697265624998
25.25910711288452,-0.005462480865020421,-0.5434837768554687,-0.25139117431640623
25.278891563415527,-0.006661562030512709,-0.5339069702148437,-0.23702596435546874
25.298782110214233,-0.005196018383799912,-0.5315127685546874,-0.24899697265624998
25.31922960281372,-0.004263399699528133,-0.5458779785156249,-0.26336218261718747
25.339314937591553,-0.0035972434964768626,-0.5339069702148437,-0.29448680419921874
25.359312295913696,-0.004529862180748642,-0.5482721801757812,-0.239420166015625
25.378985166549683,-0.005595712105630674,-0.5386953735351562,-0.28012159423828126
25.39896273612976,-0.006661562030512709,-0.5195417602539062,-0.2705447875976562
25.419288873672485,-0.0033307810152563544,-0.5267243652343749,-0.19393033447265623
25.43938159942627,-0.005462480865020421,-0.5363011718749999,-0.28969840087890625
25.45992422103882,-0.0057289433462409285,-0.5123591552734374,-0.2537853759765625
25.4790256023407,-0.008127105677225504,-0.5363011718749999,-0.2561795776367187
25.498979330062866,-0.0035972434964768626,-0.5099649536132812,-0.21308394775390624
25.519004106521606,-0.008393568158446012,-0.5410895751953124,-0.2657563842773437
25.539457321166992,-0.005062787143189658,-0.5410895751953124,-0.2609679809570312
25.559341192245483,-0.004663093421358896,-0.5195417602539062,-0.258573779296875
25.57895255088806,-0.011058192970651094,-0.5578489868164063,-0.24181436767578124
25.599027633666992,-0.004663093421358896,-0.5434837768554687,-0.23702596435546874
25.61878538131714,-0.003464012255866608,-0.5027823486328125,-0.2705447875976562
25.63933277130127,-0.004263399699528133,-0.5315127685546874,-0.2561795776367187
25.659415006637573,-0.009059724361497283,-0.5339069702148437,-0.22266075439453123
25.679200172424316,-0.004263399699528133,-0.5123591552734374,-0.2657563842773437
25.69928741455078,-0.006661562030512709,-0.5626373901367188,-0.2537853759765625
25.71921968460083,-0.0075941807147844875,-0.5219359619140624,-0.2537853759765625
25.73900032043457,-0.008393568158446012,-0.4955997436523437,-0.2657563842773437
25.75898766517639,-0.003863705977697371,-0.5339069702148437,-0.229843359375
25.778817653656006,-0.007194486992953725,-0.5243301635742187,-0.27293898925781246
25.7989239692688,-0.0074609494741742334,-0.5386953735351562,-0.26815058593749996
25.818901538848877,-0.005062787143189658,-0.5530605834960938,-0.2537853759765625
25.839007139205933,-0.007860643196004996,-0.5219359619140624,-0.24181436767578124
25.859246969223022,-0.0031975497746461,-0.5267243652343749,-0.2537853759765625
25.878889322280884,-0.00479632466196915,-0.51714755859375,-0.24181436767578124
25.898776292800903,-0.0063950995492922,-0.5267243652343749,-0.2657563842773437
25.91890001296997,-0.007993874436615249,-0.5506663818359374,-0.23223756103515625
25.939086198806763,-0.008393568158446012,-0.5195417602539062,-0.27293898925781246
25.95891523361206,-0.005595712105630674,-0.5602431884765625,-0.2442085693359375
25.978888034820557,-0.005462480865020421,-0.5099649536132812,-0.2346317626953125
25.998798608779907,-0.0029310872934255917,-0.5482721801757812,-0.2825157958984375
26.018754243850708,-0.008393568158446012,-0.5817910034179687,-0.239420166015625
26.03918743133545,-0.006928024511733216,-0.5482721801757812,-0.26815058593749996
26.05895733833313,-0.0011990811654922875,-0.565031591796875,-0.22026655273437498
26.078940391540527,-0.005329249624410167,-0.5147533569335937,-0.27293898925781246
26.09892511367798,-0.006928024511733216,-0.5458779785156249,-0.24899697265624998
26.118775844573975,-0.005995405827461438,-0.5267243652343749,-0.2705447875976562
26.138907432556152,-0.004396630940138387,-0.51714755859375,-0.22505495605468748
26.1586811542511,-0.001732006127933304,-0.5793968017578125,-0.229843359375
26.17886996269226,-0.003863705977697371,-0.5410895751953124,-0.2657563842773437
26.19895625114441,-0.006661562030512709,-0.5626373901367188,-0.277727392578125
26.21880316734314,-0.001732006127933304,-0.55545478515625,-0.2561795776367187
26.239519357681274,-0.006661562030512709,-0.5339069702148437,-0.22744915771484372
26.258989095687866,-0.004663093421358896,-0.5482721801757812,-0.2442085693359375
26.278908252716064,-0.007194486992953725,-0.5458779785156249,-0.2705447875976562
26.298781156539917,-0.0039969372183076245,-0.5410895751953124,-0.24899697265624998
26.318767786026,-0.005995405827461438,-0.5458779785156249,-0.26815058593749996
26.338832139968872,-0.0031975497746461,-0.5219359619140624,-0.2537853759765625
26.358824729919434,-0.0057289433462409285,-0.55545478515625,-0.22744915771484372
26.379022359848022,-0.0033307810152563544,-0.5243301635742187,-0.2537853759765625
26.39865469932556,-0.004130168458917879,-0.5123591552734374,-0.23223756103515625
26.418960332870483,-0.002531393571594829,-0.5482721801757812,-0.28012159423828126
26.43902087211609,-0.0074609494741742334,-0.5674257934570313,-0.26815058593749996
26.459049224853516,-0.005595712105630674,-0.5386953735351562,-0.23223756103515625
26.479594469070435,-0.005595712105630674,-0.5578489868164063,-0.24181436767578124
26.499213218688965,-0.004396630940138387,-0.5243301635742187,-0.22744915771484372
26.518781185150146,-0.00479632466196915,-0.5339069702148437,-0.277727392578125
26.538917541503906,-0.0039969372183076245,-0.5578489868164063,-0.277727392578125
26.558950424194336,-0.008793261880276773,-0.488417138671875,-0.2561795776367187
26.578688144683838,-0.0095926493239383,-0.5602431884765625,-0.2705447875976562
26.598663568496704,-0.0058621745868511835,-0.5458779785156249,-0.2753331909179687
26.618767738342285,-0.004396630940138387,-0.5530605834960938,-0.28012159423828126
26.639137029647827,-0.008127105677225504,-0.5722141967773438,-0.239420166015625
26.658655405044556,-0.005329249624410167,-0.5267243652343749,-0.24660277099609373
26.678739070892334,-0.005196018383799912,-0.5339069702148437,-0.2537853759765625
26.698727130889893,-0.0057289433462409285,-0.5722141967773438,-0.229843359375
26.71859860420227,-0.010258805526989571,-0.5578489868164063,-0.3064578125
26.73857593536377,-0.005062787143189658,-0.5698199951171875,-0.2825157958984375
26.75890564918518,-0.0039969372183076245,-0.5219359619140624,-0.24899697265624998
26.77865242958069,-0.0074609494741742334,-0.5410895751953124,-0.24181436767578124
26.79865527153015,-0.003464012255866608,-0.5506663818359374,-0.29448680419921874
26.818626165390015,-0.010924961730040842,-0.5506663818359374,-0.2537853759765625
26.838857650756836,-0.004396630940138387,-0.5195417602539062,-0.27293898925781246
26.858896732330322,-0.0058621745868511835,-0.5339069702148437,-0.23702596435546874
26.87880229949951,-0.01185758041431262,-0.55545478515625,-0.24181436767578124
26.89916205406189,-0.0039969372183076245,-0.5674257934570313,-0.24660277099609373
26.9187593460083,-0.004929555902579405,-0.507570751953125,-0.25139117431640623
26.939006567001343,-0.004929555902579405,-0.5363011718749999,-0.2657563842773437
26.95925283432007,-0.006528330789902454,-0.5219359619140624,-0.21787235107421873
26.97880506515503,-0.0033307810152563544,-0.5363011718749999,-0.24899697265624998
26.998732089996338,-0.006128637068071691,-0.5530605834960938,-0.26336218261718747
27.019042253494263,-0.0058621745868511835,-0.507570751953125,-0.2561795776367187
27.03883171081543,-0.003863705977697371,-0.5051765502929687,-0.22266075439453123
27.05908703804016,-0.009459418083328047,-0.5458779785156249,-0.229843359375
27.079169273376465,-0.0029310872934255917,-0.5315127685546874,-0.25139117431640623
27.098952293395996,-0.0074609494741742334,-0.5267243652343749,-0.2561795776367187
27.11878752708435,-0.0030643185340358454,-0.55545478515625,-0.21068974609375
27.139084100723267,-0.005595712105630674,-0.5243301635742187,-0.2753331909179687
27.159003019332886,-0.006794793271122962,-0.5674257934570313,-0.26815058593749996
27.1789710521698,-0.007727411955394742,-0.5339069702148437,-0.239420166015625
27.19875741004944,-0.006528330789902454,-0.5291185668945312,-0.277727392578125
27.21879482269287,-0.006261868308681946,-0.5578489868164063,-0.2920926025390625
27.239542961120605,-0.004663093421358896,-0.5458779785156249,-0.2705447875976562
27.259060382843018,-0.004529862180748642,-0.5147533569335937,-0.28730419921875
27.278796434402466,-0.0073277182335639785,-0.5410895751953124,-0.2825157958984375
27.299139976501465,-0.006928024511733216,-0.5722141967773438,-0.2657563842773437
27.318891525268555,-0.003863705977697371,-0.5626373901367188,-0.24660277099609373
27.338783502578735,-0.002398162330984575,-0.5458779785156249,-0.277727392578125
27.358865976333618,-0.006528330789902454,-0.5339069702148437,-0.2561795776367187
27.37859845161438,-0.002398162330984575,-0.565031591796875,-0.23223756103515625
27.398740768432617,-0.0057289433462409285,-0.5099649536132812,-0.2657563842773437
27.418899059295654,-0.004263399699528133,-0.5386953735351562,-0.26336218261718747
27.438827991485596,-0.005462480865020421,-0.565031591796875,-0.27293898925781246
27.45910906791687,-0.007194486992953725,-0.5626373901367188,-0.258573779296875
27.478859186172485,-0.008793261880276773,-0.5267243652343749,-0.2825157958984375
27.499626636505127,-0.004529862180748642,-0.5434837768554687,-0.239420166015625
27.519582748413086,-0.0057289433462409285,-0.5626373901367188,-0.2657563842773437
27.538938283920288,-0.007061255752343471,-0.51714755859375,-0.26815058593749996
27.55874538421631,-0.005062787143189658,-0.5698199951171875,-0.28969840087890625
27.57866406440735,-0.007993874436615249,-0.5147533569335937,-0.2657563842773437
27.598581314086914,-0.0014655436467127959,-0.5506663818359374,-0.277727392578125
27.618812799453735,-0.008793261880276773,-0.5363011718749999,-0.2753331909179687
27.63874650001526,-0.00985911180515881,-0.5458779785156249,-0.229843359375
27.658695936203003,-0.0057289433462409285,-0.5578489868164063,-0.277727392578125
27.678704738616943,-0.005995405827461438,-0.5506663818359374,-0.24181436767578124
27.69882297515869,-0.004663093421358896,-0.5482721801757812,-0.239420166015625
27.719159603118896,-0.0029310872934255917,-0.565031591796875,-0.20829554443359374
27.73876929283142,-0.0058621745868511835,-0.5602431884765625,-0.26815058593749996
27.758852005004883,-0.005196018383799912,-0.4836287353515625,-0.2657563842773437
27.77871823310852,-0.008526799399056265,-0.5315127685546874,-0.3016694091796875
27.798798084259033,-0.003863705977697371,-0.51714755859375,-0.2154781494140625
27.819091320037842,-0.0074609494741742334,-0.5243301635742187,-0.24181436767578124
27.83906126022339,-0.005595712105630674,-0.5291185668945312,-0.3064578125
27.859189748764038,-0.0063950995492922,-0.5267243652343749,-0.2609679809570312
27.87889814376831,-0.004396630940138387,-0.5530605834960938,-0.27293898925781246
27.898999452590942,-0.004263399699528133,-0.5578489868164063,-0.21787235107421873
27.918686628341675,-0.003464012255866608,-0.5458779785156249,-0.26815058593749996
27.939723014831543,-0.00985911180515881,-0.55545478515625,-0.23223756103515625
27.95919132232666,-0.007194486992953725,-0.5410895751953124,-0.2537853759765625
27.97935461997986,-0.0058621745868511835,-0.5482721801757812,-0.2346317626953125
27.999133348464966,-0.0037304747370871167,-0.5626373901367188,-0.24660277099609373
28.01885747909546,-0.004663093421358896,-0.5195417602539062,-0.2537853759765625
28.03914189338684,-0.005595712105630674,-0.5530605834960938,-0.277727392578125
28.059008359909058,-0.003464012255866608,-0.59376201171875,-0.2561795776367187
28.078826904296875,-0.005062787143189658,-0.5410895751953124,-0.23223756103515625
28.09881854057312,-0.0031975497746461,-0.5770026000976562,-0.24181436767578124
28.11871647834778,-0.00159877488732305,-0.5219359619140624,-0.22505495605468748
28.138994216918945,-0.005995405827461438,-0.507570751953125,-0.2537853759765625
28.158931732177734,-0.0095926493239383,-0.5506663818359374,-0.27293898925781246
28.178961992263794,-0.0031975497746461,-0.5219359619140624,-0.2561795776367187
28.198747396469116,-0.007860643196004996,-0.5482721801757812,-0.24660277099609373
28.21926259994507,-0.0074609494741742334,-0.5339069702148437,-0.28490999755859375
28.23982000350952,-0.009459418083328047,-0.5219359619140624,-0.24660277099609373
28.259017944335938,-0.005329249624410167,-0.5410895751953124,-0.28969840087890625
28.27877426147461,-0.005196018383799912,-0.5243301635742187,-0.2753331909179687
28.29877495765686,-0.008260336917835759,-0.5315127685546874,-0.27293898925781246
28.318840503692627,-0.005462480865020421,-0.5506663818359374,-0.23702596435546874
28.339205741882324,-0.006928024511733216,-0.5482721801757812,-0.23702596435546874
28.359009504318237,-0.003863705977697371,-0.5626373901367188,-0.24660277099609373
28.37913489341736,-0.005595712105630674,-0.5195417602539062,-0.2442085693359375
28.399075508117676,-0.0031975497746461,-0.5363011718749999,-0.22744915771484372
28.418824434280396,-0.0073277182335639785,-0.5099649536132812,-0.3016694091796875
28.439104557037354,-0.0037304747370871167,-0.5195417602539062,-0.24660277099609373
28.45901656150818,-0.004929555902579405,-0.5770026000976562,-0.24660277099609373
28.47900366783142,-0.005329249624410167,-0.5147533569335937,-0.2561795776367187
28.498982429504395,-0.005462480865020421,-0.5386953735351562,-0.258573779296875
28.519213438034058,-0.0039969372183076245,-0.5698199951171875,-0.26336218261718747
28.53937268257141,-0.008260336917835759,-0.5482721801757812,-0.2442085693359375
28.558969974517822,-0.006928024511733216,-0.51714755859375,-0.24660277099609373
28.578985452651978,-0.007194486992953725,-0.5363011718749999,-0.25139117431640623
28.598900318145752,-0.004929555902579405,-0.5458779785156249,-0.24660277099609373
28.618857860565186,-0.005462480865020421,-0.5267243652343749,-0.28012159423828126
28.639237880706787,-0.008793261880276773,-0.5267243652343749,-0.2442085693359375
28.659408807754517,-0.009192955602107537,-0.51714755859375,-0.2657563842773437
28.678809642791748,-0.003464012255866608,-0.5339069702148437,-0.229843359375
28.698774337768555,-0.008127105677225504,-0.5482721801757812,-0.2705447875976562
28.718764305114746,-0.004130168458917879,-0.5291185668945312,-0.30406361083984373
28.739018201828003,-0.0075941807147844875,-0.5315127685546874,-0.23223756103515625
28.75888180732727,-0.0075941807147844875,-0.5219359619140624,-0.2753331909179687
28.778928995132446,-0.007061255752343471,-0.5482721801757812,-0.27293898925781246
28.79868793487549,-0.006928024511733216,-0.5506663818359374,-0.25139117431640623
28.81868839263916,-0.008526799399056265,-0.5793968017578125,-0.2920926025390625
28.83913779258728,-0.005062787143189658,-0.5291185668945312,-0.258573779296875
28.85924243927002,-0.007194486992953725,-0.5722141967773438,-0.23702596435546874
28.878923177719116,-0.0057289433462409285,-0.5386953735351562,-0.22266075439453123
28.89894723892212,-0.0037304747370871167,-0.5434837768554687,-0.26336218261718747
28.918838500976562,-0.002797856052815337,-0.5674257934570313,-0.27293898925781246
28.93906331062317,-0.005995405827461438,-0.5434837768554687,-0.2561795776367187
28.9589102268219,-0.005595712105630674,-0.5434837768554687,-0.2753331909179687
28.9792799949646,-0.005595712105630674,-0.5051765502929687,-0.22505495605468748
28.999178886413574,-0.0058621745868511835,-0.5626373901367188,-0.2442085693359375
29.019070148468018,-0.0073277182335639785,-0.5099649536132812,-0.23223756103515625
29.038919687271118,-0.007061255752343471,-0.5243301635742187,-0.2346317626953125
29.05919861793518,-0.0029310872934255917,-0.5386953735351562,-0.22266075439453123
29.078899145126343,-0.006128637068071691,-0.5291185668945312,-0.2561795776367187
29.098796129226685,-0.010658499248820334,-0.5267243652343749,-0.258573779296875
29.11922335624695,-0.0021316998497640663,-0.5386953735351562,-0.2537853759765625
29.13891625404358,-0.0037304747370871167,-0.5482721801757812,-0.27293898925781246
29.159055471420288,-0.005329249624410167,-0.5746083984375,-0.2753331909179687
29.17895269393921,-0.005462480865020421,-0.5386953735351562,-0.24181436767578124
29.198779582977295,-0.005462480865020421,-0.5147533569335937,-0.2561795776367187
29.218910694122314,-0.0075941807147844875,-0.5482721801757812,-0.2657563842773437
29.23890233039856,-0.006661562030512709,-0.5123591552734374,-0.23223756103515625
29.25894784927368,-0.0074609494741742334,-0.5458779785156249,-0.23702596435546874
29.278811931610107,-0.005329249624410167,-0.5386953735351562,-0.25139117431640623
29.29923367500305,-0.0039969372183076245,-0.5410895751953124,-0.22744915771484372
29.31920075416565,-0.004396630940138387,-0.5602431884765625,-0.23702596435546874
29.339234828948975,-0.005595712105630674,-0.51714755859375,-0.2920926025390625
29.359058380126953,-0.005462480865020421,-0.5243301635742187,-0.22505495605468748
29.378895044326782,-0.008393568158446012,-0.5363011718749999,-0.28969840087890625
29.39925217628479,-0.00866003063966652,-0.5243301635742187,-0.24660277099609373
29.419378757476807,-0.009459418083328047,-0.5458779785156249,-0.2537853759765625
29.43889832496643,-0.007993874436615249,-0.5147533569335937,-0.258573779296875
29.458770751953125,-0.005462480865020421,-0.5578489868164063,-0.277727392578125
29.478896379470825,-0.006661562030512709,-0.5458779785156249,-0.27293898925781246
29.498969554901123,-0.007194486992953725,-0.5578489868164063,-0.28490999755859375
29.519014835357666,-0.0074609494741742334,-0.5339069702148437,-0.26336218261718747
29.538965463638306,-0.007727411955394742,-0.565031591796875,-0.27293898925781246
29.55940318107605,-0.0031975497746461,-0.55545478515625,-0.25139117431640623
29.5789577960968,-0.0063950995492922,-0.5434837768554687,-0.26815058593749996
29.598950624465942,-0.011324655451871604,-0.5698199951171875,-0.24660277099609373
29.61876344680786,-0.005329249624410167,-0.5363011718749999,-0.239420166015625
29.639154195785522,-0.005595712105630674,-0.5722141967773438,-0.17477672119140625
29.65881896018982,-0.0063950995492922,-0.5626373901367188,-0.22505495605468748
29.678797483444214,-0.006928024511733216,-0.5434837768554687,-0.26815058593749996
29.698896884918213,-0.004929555902579405,-0.5123591552734374,-0.24899697265624998
29.718950748443604,-0.00866003063966652,-0.5698199951171875,-0.25139117431640623
29.73889946937561,-0.004929555902579405,-0.5506663818359374,-0.2705447875976562
29.75909662246704,-0.008127105677225504,-0.5817910034179687,-0.24660277099609373
29.778920650482178,-0.00479632466196915,-0.5123591552734374,-0.28730419921875
29.799029111862183,-0.005595712105630674,-0.5530605834960938,-0.2705447875976562
29.818976163864136,-0.0026646248122050836,-0.5793968017578125,-0.258573779296875
29.83877968788147,-0.005595712105630674,-0.5410895751953124,-0.26336218261718747
29.858896017074585,-0.002531393571594829,-0.5410895751953124,-0.2825157958984375
29.87890076637268,-0.005595712105630674,-0.5315127685546874,-0.258573779296875
29.898706674575806,-0.006661562030512709,-0.5195417602539062,-0.277727392578125
29.9190411567688,-0.002398162330984575,-0.5698199951171875,-0.24899697265624998
29.93907141685486,-0.004396630940138387,-0.5530605834960938,-0.26815058593749996
29.959308385849,-0.004263399699528133,-0.5482721801757812,-0.24181436767578124
29.978956937789917,-0.006128637068071691,-0.5386953735351562,-0.277727392578125
29.998783588409424,-0.00479632466196915,-0.5530605834960938,-0.26815058593749996
30.018900394439697,-0.0035972434964768626,-0.5363011718749999,-0.2705447875976562
30.03987717628479,-0.005062787143189658,-0.5363011718749999,-0.239420166015625
30.059699058532715,-0.0037304747370871167,-0.48123453369140623,-0.22505495605468748
30.0791654586792,-0.005329249624410167,-0.5674257934570313,-0.258573779296875
30.09886360168457,-0.0075941807147844875,-0.5219359619140624,-0.277727392578125
30.118834733963013,-0.0058621745868511835,-0.5363011718749999,-0.2346317626953125
30.138988733291626,-0.0075941807147844875,-0.5315127685546874,-0.229843359375
30.158987998962402,-0.006261868308681946,-0.5267243652343749,-0.2537853759765625
30.178693056106567,-0.004929555902579405,-0.5626373901367188,-0.258573779296875
30.19895601272583,-0.005196018383799912,-0.5123591552734374,-0.2561795776367187
30.21910810470581,-0.0033307810152563544,-0.5363011718749999,-0.28490999755859375
30.239870071411133,-0.004396630940138387,-0.55545478515625,-0.2059013427734375
30.258992671966553,-0.006794793271122962,-0.5267243652343749,-0.24660277099609373
30.27884316444397,-0.001732006127933304,-0.5482721801757812,-0.23702596435546874
30.2988498210907,-0.005595712105630674,-0.55545478515625,-0.2753331909179687
30.319026470184326,-0.008127105677225504,-0.5482721801757812,-0.2442085693359375
30.338814973831177,-0.004396630940138387,-0.5315127685546874,-0.24181436767578124
30.359282970428467,-0.00479632466196915,-0.5506663818359374,-0.2753331909179687
30.37895178794861,-0.009725880564548555,-0.5626373901367188,-0.23702596435546874
30.39895462989807,-0.008926493120887028,-0.5219359619140624,-0.26336218261718747
30.41902756690979,-0.0063950995492922,-0.5195417602539062,-0.229843359375
30.438971757888794,-0.005462480865020421,-0.5386953735351562,-0.2442085693359375
30.45900058746338,-0.010125574286379316,-0.5291185668945312,-0.23223756103515625
30.478992223739624,-0.002531393571594829,-0.5195417602539062,-0.22744915771484372
30.499064445495605,-0.005995405827461438,-0.5243301635742187,-0.2346317626953125
30.51900029182434,-0.006528330789902454,-0.5315127685546874,-0.2537853759765625
30.539052963256836,-0.0037304747370871167,-0.5147533569335937,-0.23702596435546874
30.559176921844482,-0.005995405827461438,-0.6081272216796875,-0.24899697265624998
30.579397678375244,-0.005462480865020421,-0.5458779785156249,-0.28012159423828126
30.598982334136963,-0.007993874436615249,-0.5386953735351562,-0.26336218261718747
30.61897325515747,-0.0039969372183076245,-0.565031591796875,-0.23702596435546874
30.638914108276367,-0.006661562030512709,-0.5530605834960938,-0.2705447875976562
30.65905261039734,0.0002664624812205083,-0.5458779785156249,-0.24899697265624998
30.678964853286743,-0.005196018383799912,-0.5386953735351562,-0.29927520751953124
30.698749542236328,-0.005196018383799912,-0.5219359619140624,-0.25139117431640623
30.719006061553955,-0.00479632466196915,-0.584185205078125,-0.2825157958984375
30.73897433280945,-0.004396630940138387,-0.5434837768554687,-0.25139117431640623
30.75899052619934,-0.006261868308681946,-0.5386953735351562,-0.2657563842773437
30.778928518295288,-0.007860643196004996,-0.5267243652343749,-0.2753331909179687
30.798698902130127,-0.0037304747370871167,-0.5315127685546874,-0.258573779296875
30.819041967391968,-0.006128637068071691,-0.5817910034179687,-0.28490999755859375
30.838969707489014,-0.0063950995492922,-0.5578489868164063,-0.2609679809570312
30.859123706817627,-0.007860643196004996,-0.5051765502929687,-0.2657563842773437
30.878889083862305,-0.0035972434964768626,-0.5291185668945312,-0.27293898925781246
30.899043083190918,-0.007061255752343471,-0.565031591796875,-0.2609679809570312
30.91892910003662,-0.001732006127933304,-0.49320554199218747,-0.26336218261718747
30.939047813415527,-0.004396630940138387,-0.5386953735351562,-0.22744915771484372
30.958924293518066,-0.003464012255866608,-0.5339069702148437,-0.27293898925781246
30.979048252105713,-0.005062787143189658,-0.5267243652343749,-0.26815058593749996
30.999131679534912,-0.008127105677225504,-0.5674257934570313,-0.28730419921875
31.018925189971924,-0.009992343045769061,-0.51714755859375,-0.28012159423828126
31.038978338241577,-0.005196018383799912,-0.5339069702148437,-0.22026655273437498
31.059310913085938,-0.007727411955394742,-0.5578489868164063,-0.277727392578125
31.07894802093506,-0.004929555902579405,-0.5051765502929687,-0.24660277099609373
31.098771572113037,-0.005995405827461438,-0.5482721801757812,-0.28969840087890625
31.118868827819824,-0.004529862180748642,-0.5410895751953124,-0.258573779296875
31.13894820213318,-0.0039969372183076245,-0.507570751953125,-0.24899697265624998
31.15910840034485,-0.006794793271122962,-0.51714755859375,-0.28490999755859375
31.178801774978638,-0.002264931090374321,-0.5674257934570313,-0.26815058593749996
31.199010610580444,-0.007727411955394742,-0.4860229370117187,-0.2920926025390625
31.219168186187744,-0.004663093421358896,-0.51714755859375,-0.2442085693359375
31.238935470581055,-0.004663093421358896,-0.51714755859375,-0.24660277099609373
31.259119749069214,-0.0014655436467127959,-0.5530605834960938,-0.22505495605468748
31.27900242805481,-0.008393568158446012,-0.5458779785156249,-0.2609679809570312
31.298877477645874,-0.005062787143189658,-0.51714755859375,-0.28490999755859375
31.319194793701172,-0.0057289433462409285,-0.5482721801757812,-0.2346317626953125
31.338944911956787,-0.010658499248820334,-0.5482721801757812,-0.27293898925781246
31.35895538330078,-0.005196018383799912,-0.5530605834960938,-0.21068974609375
31.37894582748413,-0.0075941807147844875,-0.5339069702148437,-0.2705447875976562
31.399025678634644,-0.008926493120887028,-0.5243301635742187,-0.2609679809570312
31.41876244544983,-0.007061255752343471,-0.5027823486328125,-0.229843359375
31.43873929977417,-0.00479632466196915,-0.5363011718749999,-0.3016694091796875
31.45909595489502,-0.0039969372183076245,-0.5386953735351562,-0.24899697265624998
31.478826761245728,-0.007061255752343471,-0.5434837768554687,-0.2609679809570312
31.498879432678223,-0.003464012255866608,-0.5339069702148437,-0.26336218261718747
31.51931667327881,-0.006128637068071691,-0.5315127685546874,-0.258573779296875
31.53938937187195,-0.002398162330984575,-0.49799394531249996,-0.2346317626953125
31.55914855003357,-0.005196018383799912,-0.5386953735351562,-0.2442085693359375
31.578801155090332,-0.002797856052815337,-0.5219359619140624,-0.2753331909179687
31.59932780265808,-0.005462480865020421,-0.5386953735351562,-0.2537853759765625
31.61922335624695,-0.0037304747370871167,-0.5961562133789062,-0.24181436767578124
31.639184713363647,-0.0073277182335639785,-0.5291185668945312,-0.25139117431640623
31.659345149993896,-0.006928024511733216,-0.5051765502929687,-0.2154781494140625
31.679006814956665,-0.0063950995492922,-0.5746083984375,-0.2561795776367187
31.69890809059143,-0.00479632466196915,-0.5386953735351562,-0.23702596435546874
31.71901774406433,-0.008393568158446012,-0.5674257934570313,-0.2705447875976562
31.739041805267334,0.03357427263378405,-0.5339069702148437,-0.2753331909179687
31.759056329727173,-0.005595712105630674,-0.5410895751953124,-0.24660277099609373
31.779043912887573,-0.008127105677225504,-0.5219359619140624,-0.27293898925781246
31.79906463623047,-0.007727411955394742,-0.5817910034179687,-0.23702596435546874
31.818873405456543,-0.005595712105630674,-0.5506663818359374,-0.277727392578125
31.83892297744751,-0.0063950995492922,-0.5410895751953124,-0.2537853759765625
31.85918116569519,-0.006661562030512709,-0.5386953735351562,-0.27293898925781246
31.87889075279236,-0.0073277182335639785,-0.5363011718749999,-0.23702596435546874
31.89908480644226,-0.007194486992953725,-0.5602431884765625,-0.25139117431640623
31.918847799301147,-0.005196018383799912,-0.5482721801757812,-0.2705447875976562
31.938990592956543,-0.0063950995492922,-0.5410895751953124,-0.24899697265624998
31.958898305892944,-0.0057289433462409285,-0.5315127685546874,-0.23702596435546874
31.978731632232666,-0.009459418083328047,-0.5363011718749999,-0.27293898925781246
31.998910903930664,-0.006661562030512709,-0.5410895751953124,-0.22266075439453123
32.01876711845398,-0.005062787143189658,-0.5339069702148437,-0.2537853759765625
32.03900146484375,-0.004263399699528133,-0.584185205078125,-0.2657563842773437
32.059040546417236,-0.004529862180748642,-0.5267243652343749,-0.24660277099609373
32.07899188995361,-0.004396630940138387,-0.55545478515625,-0.28730419921875
32.098822355270386,-0.005062787143189658,-0.5865794067382812,-0.2609679809570312
32.11894607543945,-0.0074609494741742334,-0.5674257934570313,-0.2609679809570312
32.13878560066223,-0.004929555902579405,-0.5482721801757812,-0.2657563842773437
32.15899610519409,-0.008926493120887028,-0.5147533569335937,-0.2705447875976562
32.1786892414093,-0.002398162330984575,-0.5147533569335937,-0.24181436767578124
32.19886350631714,-0.009326186842717792,-0.5578489868164063,-0.277727392578125
32.21908664703369,-0.0037304747370871167,-0.5530605834960938,-0.2657563842773437
32.240033864974976,-0.007194486992953725,-0.5698199951171875,-0.24660277099609373
32.25913643836975,-0.0037304747370871167,-0.5123591552734374,-0.2561795776367187
32.27872824668884,-0.007061255752343471,-0.5434837768554687,-0.2537853759765625
32.29877948760986,-0.004529862180748642,-0.5602431884765625,-0.2537853759765625
32.31896448135376,-0.0073277182335639785,-0.4955997436523437,-0.25139117431640623
32.33889603614807,-0.006128637068071691,-0.47884033203125,-0.2657563842773437
32.35900807380676,-0.005595712105630674,-0.55545478515625,-0.2657563842773437
32.37887001037598,-0.008793261880276773,-0.5578489868164063,-0.23702596435546874
32.39892768859863,-0.003863705977697371,-0.5195417602539062,-0.24660277099609373
32.41897177696228,-0.006128637068071691,-0.5339069702148437,-0.25139117431640623
32.43885588645935,-0.006128637068071691,-0.5339069702148437,-0.26815058593749996
32.45883774757385,-0.0074609494741742334,-0.5195417602539062,-0.239420166015625
32.47869420051575,-0.005196018383799912,-0.5674257934570313,-0.24660277099609373
32.49876070022583,-0.005462480865020421,-0.5410895751953124,-0.2537853759765625
32.518736362457275,-0.0057289433462409285,-0.565031591796875,-0.2825157958984375
32.53856587409973,-0.005995405827461438,-0.5315127685546874,-0.2154781494140625
32.55889272689819,-0.003863705977697371,-0.5698199951171875,-0.2561795776367187
32.578630685806274,-0.010392036767599824,-0.5267243652343749,-0.24899697265624998
32.5989465713501,-0.0074609494741742334,-0.5746083984375,-0.258573779296875
32.61897826194763,-0.008393568158446012,-0.5626373901367188,-0.24181436767578124
32.639766454696655,-0.0037304747370871167,-0.5482721801757812,-0.2346317626953125
32.65889835357666,-0.0029310872934255917,-0.5291185668945312,-0.23223756103515625
32.67886662483215,-0.008793261880276773,-0.5243301635742187,-0.2346317626953125
32.69874119758606,-0.0063950995492922,-0.5339069702148437,-0.2561795776367187
32.718759298324585,-0.006261868308681946,-0.5195417602539062,-0.26815058593749996
32.73884630203247,-0.009459418083328047,-0.5458779785156249,-0.26815058593749996
32.75902605056763,-0.0003996937218307625,-0.5099649536132812,-0.2609679809570312
32.779643058776855,-0.009459418083328047,-0.4955997436523437,-0.24181436767578124
32.798704862594604,-0.006128637068071691,-0.5434837768554687,-0.258573779296875
32.81911540031433,-0.006128637068071691,-0.5434837768554687,-0.229843359375
32.838932037353516,-0.004663093421358896,-0.5506663818359374,-0.24899697265624998
32.859397888183594,-0.00479632466196915,-0.5578489868164063,-0.23702596435546874
32.879053354263306,-0.005196018383799912,-0.565031591796875,-0.239420166015625
32.898738861083984,-0.009326186842717792,-0.5291185668945312,-0.24181436767578124
32.91896653175354,-0.0073277182335639785,-0.5458779785156249,-0.2346317626953125
32.93922257423401,-0.0063950995492922,-0.5746083984375,-0.2657563842773437
32.95957112312317,-0.0073277182335639785,-0.5003881469726562,-0.2609679809570312
32.97929525375366,-0.005995405827461438,-0.507570751953125,-0.24181436767578124
32.99889588356018,-0.0075941807147844875,-0.5722141967773438,-0.25139117431640623
33.01905107498169,-0.0030643185340358454,-0.5267243652343749,-0.26815058593749996
33.038901567459106,-0.0057289433462409285,-0.5698199951171875,-0.28012159423828126
33.05905318260193,-0.005595712105630674,-0.55545478515625,-0.23702596435546874
33.078840494155884,-0.006261868308681946,-0.5530605834960938,-0.258573779296875
33.098703145980835,-0.002264931090374321,-0.5147533569335937,-0.239420166015625
33.11903238296509,-0.002797856052815337,-0.5626373901367188,-0.2561795776367187
33.139028787612915,-0.007993874436615249,-0.5770026000976562,-0.2561795776367187
33.1589629650116,-0.006528330789902454,-0.5578489868164063,-0.28969840087890625
33.17895436286926,-0.001732006127933304,-0.55545478515625,-0.24899697265624998
33.1987099647522,-0.009725880564548555,-0.5003881469726562,-0.23702596435546874
33.21888780593872,-0.005329249624410167,-0.5410895751953124,-0.258573779296875
33.23960280418396,-0.007993874436615249,-0.5602431884765625,-0.26336218261718747
33.259066343307495,-0.006794793271122962,-0.5458779785156249,-0.2442085693359375
33.278878688812256,-0.006128637068071691,-0.5243301635742187,-0.24181436767578124
33.298805713653564,-0.0037304747370871167,-0.5578489868164063,-0.2753331909179687
33.31899857521057,-0.006261868308681946,-0.5482721801757812,-0.2705447875976562
33.339118003845215,-0.005062787143189658,-0.5674257934570313,-0.26336218261718747
33.35899615287781,-0.007194486992953725,-0.5506663818359374,-0.2346317626953125
33.379270792007446,-0.0075941807147844875,-0.5506663818359374,-0.26815058593749996
33.399014949798584,-0.006928024511733216,-0.5530605834960938,-0.229843359375
33.41902470588684,-0.004396630940138387,-0.5339069702148437,-0.2537853759765625
33.438918113708496,-0.0039969372183076245,-0.5291185668945312,-0.2705447875976562
33.458988666534424,-0.005196018383799912,-0.5386953735351562,-0.26815058593749996
33.4788544178009,-0.004263399699528133,-0.565031591796875,-0.25139117431640623
33.49880933761597,-0.005062787143189658,-0.5291185668945312,-0.22744915771484372
33.51890206336975,-0.005995405827461438,-0.5363011718749999,-0.258573779296875
33.538909673690796,-0.008127105677225504,-0.5386953735351562,-0.2609679809570312
33.55932641029358,-0.001732006127933304,-0.5291185668945312,-0.2537853759765625
33.57892656326294,-0.005995405827461438,-0.5482721801757812,-0.28969840087890625
33.59883666038513,-0.009059724361497283,-0.5339069702148437,-0.2561795776367187
33.61885595321655,-0.0035972434964768626,-0.5363011718749999,-0.25139117431640623
33.638813972473145,-0.00479632466196915,-0.5147533569335937,-0.258573779296875
33.659295082092285,-0.0037304747370871167,-0.5602431884765625,-0.21308394775390624
33.67941904067993,-0.008393568158446012,-0.5363011718749999,-0.258573779296875
33.69857430458069,-0.007194486992953725,-0.5339069702148437,-0.24181436767578124
33.71843242645264,-0.006794793271122962,-0.5267243652343749,-0.2346317626953125
33.7385995388031,-0.00479632466196915,-0.5530605834960938,-0.258573779296875
33.7585563659668,-0.0009326186842717792,-0.5123591552734374,-0.26815058593749996
33.778393507003784,-0.009459418083328047,-0.5578489868164063,-0.20350714111328125
33.79859733581543,-0.0029310872934255917,-0.5219359619140624,-0.26336218261718747
33.81858015060425,-0.008393568158446012,-0.5458779785156249,-0.239420166015625
33.83840870857239,-0.004663093421358896,-0.5410895751953124,-0.2561795776367187
33.85863375663757,-0.0073277182335639785,-0.5602431884765625,-0.2825157958984375
33.87858510017395,-0.007860643196004996,-0.5770026000976562,-0.26336218261718747
33.898521900177,-0.007727411955394742,-0.47165772705078124,-0.2561795776367187
33.91849660873413,-0.005595712105630674,-0.5291185668945312,-0.22266075439453123
33.93866276741028,-0.0075941807147844875,-0.5434837768554687,-0.26815058593749996
33.958924293518066,-0.004396630940138387,-0.5243301635742187,-0.22266075439453123
33.979005336761475,-0.00479632466196915,-0.5386953735351562,-0.24181436767578124
33.99919867515564,-0.005462480865020421,-0.5339069702148437,-0.29448680419921874
34.01895761489868,-0.004529862180748642,-0.5363011718749999,-0.26336218261718747
34.03893065452576,-0.007061255752343471,-0.5219359619140624,-0.26815058593749996
34.058982372283936,-0.004396630940138387,-0.5243301635742187,-0.2346317626953125
34.07884955406189,-0.004529862180748642,-0.5578489868164063,-0.277727392578125
34.09907102584839,-0.004130168458917879,-0.5626373901367188,-0.24899697265624998
34.118942737579346,-0.005329249624410167,-0.5267243652343749,-0.24181436767578124
34.138694763183594,-0.010125574286379316,-0.5482721801757812,-0.2609679809570312
34.158883571624756,-0.004529862180748642,-0.55545478515625,-0.239420166015625
34.178932905197144,-0.0074609494741742334,-0.5363011718749999,-0.28969840087890625
34.19893431663513,-0.005062787143189658,-0.5458779785156249,-0.24899697265624998
34.21918272972107,-0.0033307810152563544,-0.5434837768554687,-0.2705447875976562
34.23980093002319,-0.0074609494741742334,-0.5626373901367188,-0.29448680419921874
34.259053468704224,-0.004929555902579405,-0.5482721801757812,-0.239420166015625
34.27901077270508,-0.006128637068071691,-0.5482721801757812,-0.24660277099609373
34.29905104637146,-0.0058621745868511835,-0.5530605834960938,-0.2705447875976562
34.319047927856445,-0.008526799399056265,-0.5291185668945312,-0.22266075439453123
34.338974475860596,-0.0058621745868511835,-0.5099649536132812,-0.24660277099609373
34.35891580581665,-0.004663093421358896,-0.5386953735351562,-0.239420166015625
34.37895154953003,-0.004663093421358896,-0.55545478515625,-0.2657563842773437
34.3989942073822,-0.006794793271122962,-0.5099649536132812,-0.2920926025390625
34.41895914077759,-0.006528330789902454,-0.5363011718749999,-0.2753331909179687
34.43898010253906,-0.006794793271122962,-0.507570751953125,-0.21787235107421873
34.45899987220764,-0.00866003063966652,-0.5003881469726562,-0.26815058593749996
34.47880792617798,-0.005062787143189658,-0.5219359619140624,-0.26336218261718747
34.498908042907715,-0.005995405827461438,-0.5578489868164063,-0.24660277099609373
34.51877975463867,-0.00866003063966652,-0.5386953735351562,-0.24660277099609373
34.53870964050293,-0.0063950995492922,-0.5339069702148437,-0.2609679809570312
34.55899667739868,-0.005062787143189658,-0.5363011718749999,-0.27293898925781246
34.57880520820618,-0.004396630940138387,-0.5339069702148437,-0.277727392578125
34.599018812179565,-0.004929555902579405,-0.5722141967773438,-0.27293898925781246
34.61902594566345,-0.005196018383799912,-0.5746083984375,-0.2537853759765625
34.63977384567261,-0.0063950995492922,-0.5410895751953124,-0.2442085693359375
34.65910863876343,-0.004663093421358896,-0.5602431884765625,-0.22505495605468748
34.679349422454834,-0.007194486992953725,-0.5386953735351562,-0.28490999755859375
34.69906687736511,-0.006128637068071691,-0.5482721801757812,-0.2657563842773437
34.71884632110596,-0.00866003063966652,-0.55545478515625,-0.24181436767578124
34.73880338668823,-0.009326186842717792,-0.5315127685546874,-0.25139117431640623
34.75946640968323,-0.005995405827461438,-0.5626373901367188,-0.28012159423828126
34.77872014045715,-0.009459418083328047,-0.5243301635742187,-0.2705447875976562
34.79898548126221,-0.0033307810152563544,-0.5339069702148437,-0.23223756103515625
34.81874132156372,-0.004529862180748642,-0.5363011718749999,-0.2154781494140625
34.83893036842346,-0.006928024511733216,-0.5195417602539062,-0.28490999755859375
34.860535860061646,-0.007860643196004996,-0.5291185668945312,-0.277727392578125
34.878995418548584,-0.0031975497746461,-0.5410895751953124,-0.2537853759765625
34.899174451828,-0.0033307810152563544,-0.5243301635742187,-0.2657563842773437
34.918880224227905,-0.006661562030512709,-0.5506663818359374,-0.229843359375
34.93890428543091,-0.0019984686091538122,-0.5410895751953124,-0.24899697265624998
34.95910167694092,-0.0063950995492922,-0.5698199951171875,-0.26815058593749996
34.97905373573303,-0.0063950995492922,-0.5530605834960938,-0.239420166015625
34.999133348464966,-0.006261868308681946,-0.5195417602539062,-0.22744915771484372
35.019176959991455,-0.004263399699528133,-0.5578489868164063,-0.22505495605468748
35.03891897201538,-0.008393568158446012,-0.5410895751953124,-0.23702596435546874
35.058817863464355,-0.008393568158446012,-0.5386953735351562,-0.2561795776367187
35.07885146141052,-0.005062787143189658,-0.5578489868164063,-0.28012159423828126
35.09888768196106,-0.007727411955394742,-0.5530605834960938,-0.277727392578125
35.11906361579895,-0.004929555902579405,-0.49799394531249996,-0.25139117431640623
35.13904857635498,-0.004263399699528133,-0.5530605834960938,-0.24899697265624998
35.158732414245605,-0.006794793271122962,-0.5339069702148437,-0.2561795776367187
35.17878770828247,-0.0073277182335639785,-0.55545478515625,-0.26815058593749996
35.19888186454773,-0.005995405827461438,-0.5195417602539062,-0.258573779296875
35.218894481658936,-0.0037304747370871167,-0.5243301635742187,-0.2537853759765625
35.240208864212036,-0.007860643196004996,-0.5051765502929687,-0.258573779296875
35.25908446311951,-0.002398162330984575,-0.5315127685546874,-0.296881005859375
35.27890110015869,-0.006794793271122962,-0.5267243652343749,-0.24899697265624998
35.299052238464355,-0.006528330789902454,-0.5315127685546874,-0.20829554443359374
35.318795680999756,-0.004396630940138387,-0.5339069702148437,-0.2561795776367187
35.33907175064087,-0.00479632466196915,-0.5363011718749999,-0.28490999755859375
35.35910081863403,-0.0074609494741742334,-0.51714755859375,-0.2442085693359375
35.379090547561646,-0.007061255752343471,-0.5339069702148437,-0.2825157958984375
35.398791790008545,-0.006928024511733216,-0.5722141967773438,-0.24899697265624998
35.41878628730774,-0.004529862180748642,-0.5219359619140624,-0.24660277099609373
35.43891453742981,-0.0058621745868511835,-0.5219359619140624,-0.2705447875976562
35.45909547805786,-0.004130168458917879,-0.49320554199218747,-0.277727392578125
35.478806257247925,-0.0018652373685435584,-0.5219359619140624,-0.24899697265624998
35.49892330169678,-0.0057289433462409285,-0.5889736083984375,-0.24899697265624998
35.518813371658325,-0.005595712105630674,-0.5219359619140624,-0.28490999755859375
35.538978099823,-0.004663093421358896,-0.5291185668945312,-0.28969840087890625
35.55902981758118,-0.005995405827461438,-0.5243301635742187,-0.2346317626953125
35.57898449897766,-0.0063950995492922,-0.5386953735351562,-0.24660277099609373
35.59883952140808,-0.005196018383799912,-0.5458779785156249,-0.2705447875976562
35.618783712387085,-0.003863705977697371,-0.5482721801757812,-0.2609679809570312
35.639129400253296,-0.002398162330984575,-0.5434837768554687,-0.229843359375
35.65890598297119,-0.004663093421358896,-0.5698199951171875,-0.2920926025390625
35.6788535118103,-0.002797856052815337,-0.5267243652343749,-0.239420166015625
35.699408769607544,-0.0073277182335639785,-0.5506663818359374,-0.2609679809570312
35.718868255615234,-0.0033307810152563544,-0.5363011718749999,-0.26815058593749996
35.73926901817322,-0.0039969372183076245,-0.5578489868164063,-0.26336218261718747
35.75900721549988,-0.0063950995492922,-0.5578489868164063,-0.2753331909179687
35.77882194519043,-0.005595712105630674,-0.5291185668945312,-0.27293898925781246
35.7993426322937,-0.006261868308681946,-0.5267243652343749,-0.2537853759765625
35.818899631500244,-0.0063950995492922,-0.565031591796875,-0.19632453613281248
35.839011430740356,-0.006928024511733216,-0.5506663818359374,-0.28969840087890625
35.86025357246399,-0.0057289433462409285,-0.5626373901367188,-0.22026655273437498
35.878819942474365,-0.006128637068071691,-0.5698199951171875,-0.26336218261718747
35.898932218551636,-0.005995405827461438,-0.5147533569335937,-0.28012159423828126
35.918784379959106,-0.005462480865020421,-0.5698199951171875,-0.2537853759765625
35.93868803977966,-0.007061255752343471,-0.5195417602539062,-0.239420166015625
35.959108114242554,-0.005462480865020421,-0.5291185668945312,-0.2561795776367187
35.97886538505554,-0.0074609494741742334,-0.5123591552734374,-0.27293898925781246
35.999271392822266,-0.0033307810152563544,-0.565031591796875,-0.2657563842773437
36.01890206336975,-0.008926493120887028,-0.5578489868164063,-0.229843359375
36.03891086578369,-0.006261868308681946,-0.5363011718749999,-0.2561795776367187
36.059004068374634,-0.008127105677225504,-0.5602431884765625,-0.2561795776367187
36.078835010528564,-0.006661562030512709,-0.5410895751953124,-0.2561795776367187
36.09890580177307,-0.005995405827461438,-0.5578489868164063,-0.2537853759765625
36.11883497238159,-0.00479632466196915,-0.5506663818359374,-0.258573779296875
36.13914489746094,-0.0030643185340358454,-0.5674257934570313,-0.2753331909179687
36.15884566307068,-0.0030643185340358454,-0.5506663818359374,-0.24899697265624998
36.178813219070435,-0.005062787143189658,-0.5410895751953124,-0.24660277099609373
36.1992621421814,-0.005595712105630674,-0.488417138671875,-0.2753331909179687
36.21915411949158,-0.005329249624410167,-0.5219359619140624,-0.27293898925781246
36.24026656150818,-0.0058621745868511835,-0.5506663818359374,-0.2609679809570312
36.25895166397095,-0.0037304747370871167,-0.5578489868164063,-0.239420166015625
36.27924656867981,-0.0073277182335639785,-0.5578489868164063,-0.25139117431640623
36.29928946495056,-0.006261868308681946,-0.5578489868164063,-0.24899697265624998
36.31885766983032,-0.005595712105630674,-0.5506663818359374,-0.21787235107421873
36.3387496471405,-0.003464012255866608,-0.5458779785156249,-0.26815058593749996
36.359105825424194,-0.004929555902579405,-0.5578489868164063,-0.24181436767578124
36.37919998168945,-0.0058621745868511835,-0.5267243652343749,-0.26815058593749996
36.398946046829224,-0.0039969372183076245,-0.5410895751953124,-0.25139117431640623
36.418832302093506,-0.005329249624410167,-0.5626373901367188,-0.24899697265624998
36.438822984695435,-0.008793261880276773,-0.5243301635742187,-0.27293898925781246
36.45896291732788,-0.006661562030512709,-0.5506663818359374,-0.24181436767578124
36.47890782356262,-0.0075941807147844875,-0.5099649536132812,-0.27293898925781246
36.49877071380615,-0.0073277182335639785,-0.5195417602539062,-0.22266075439453123
36.5188422203064,-0.007194486992953725,-0.5123591552734374,-0.258573779296875
36.538729190826416,-0.007194486992953725,-0.5123591552734374,-0.2561795776367187
36.55901503562927,-0.003863705977697371,-0.5027823486328125,-0.2753331909179687
36.57889246940613,-0.0039969372183076245,-0.5410895751953124,-0.2561795776367187
36.598949909210205,-0.004263399699528133,-0.5339069702148437,-0.2753331909179687
36.61893558502197,-0.008260336917835759,-0.5315127685546874,-0.29927520751953124
36.63888454437256,-0.009992343045769061,-0.5674257934570313,-0.2609679809570312
36.65913248062134,-0.0057289433462409285,-0.5099649536132812,-0.2609679809570312
36.67873811721802,-0.004663093421358896,-0.5147533569335937,-0.24181436767578124
36.698853492736816,-0.004263399699528133,-0.5291185668945312,-0.2753331909179687
36.71894025802612,-0.005062787143189658,-0.5339069702148437,-0.2705447875976562
36.73924994468689,-0.006794793271122962,-0.5626373901367188,-0.2705447875976562
36.75909638404846,-0.005062787143189658,-0.5746083984375,-0.2657563842773437
36.77903485298157,-0.0058621745868511835,-0.5770026000976562,-0.2920926025390625
36.79891324043274,-0.006794793271122962,-0.5051765502929687,-0.2537853759765625
36.81894850730896,-0.006128637068071691,-0.5578489868164063,-0.258573779296875
36.83900761604309,-0.002797856052815337,-0.5506663818359374,-0.24660277099609373
36.859100580215454,-0.004130168458917879,-0.5770026000976562,-0.28012159423828126
36.878804445266724,-0.0031975497746461,-0.5363011718749999,-0.22505495605468748
36.89928841590881,-0.004130168458917879,-0.5315127685546874,-0.28490999755859375
36.919140100479126,-0.001732006127933304,-0.5530605834960938,-0.258573779296875
36.93893027305603,-0.0057289433462409285,-0.5434837768554687,-0.2657563842773437
36.9590425491333,-0.005595712105630674,-0.4955997436523437,-0.2825157958984375
36.97894334793091,-0.006528330789902454,-0.5985504150390625,-0.27293898925781246
36.99942421913147,-0.004929555902579405,-0.5363011718749999,-0.258573779296875
37.019266843795776,-0.006794793271122962,-0.5434837768554687,-0.2609679809570312
37.03878951072693,-0.007860643196004996,-0.5386953735351562,-0.2657563842773437
37.05896615982056,-0.005995405827461438,-0.5291185668945312,-0.2346317626953125
37.07960534095764,-0.011591117933092112,-0.5530605834960938,-0.258573779296875
37.099554777145386,-0.005329249624410167,-0.5243301635742187,-0.26336218261718747
37.119062662124634,-0.002797856052815337,-0.5386953735351562,-0.2705447875976562
37.138763427734375,-0.00479632466196915,-0.5339069702148437,-0.2705447875976562
37.15897536277771,-0.005062787143189658,-0.5315127685546874,-0.2561795776367187
37.17883253097534,-0.0073277182335639785,-0.5243301635742187,-0.2154781494140625
37.19882798194885,-0.005462480865020421,-0.5458779785156249,-0.2346317626953125
37.21884846687317,-0.007194486992953725,-0.5626373901367188,-0.27293898925781246
37.238855838775635,-0.008526799399056265,-0.51714755859375,-0.25139117431640623
37.25893521308899,-0.0075941807147844875,-0.5434837768554687,-0.229843359375
37.27901530265808,-0.0039969372183076245,-0.5363011718749999,-0.229843359375
37.298712491989136,-0.011058192970651094,-0.5602431884765625,-0.28012159423828126
37.318973541259766,-0.005995405827461438,-0.5243301635742187,-0.23223756103515625
37.33877229690552,-0.00479632466196915,-0.5363011718749999,-0.25139117431640623
37.35873556137085,-0.004663093421358896,-0.5386953735351562,-0.26815058593749996
37.378729820251465,-0.005595712105630674,-0.5363011718749999,-0.2609679809570312
37.39867687225342,-0.002531393571594829,-0.5315127685546874,-0.24660277099609373
37.41903471946716,-0.004663093421358896,-0.5219359619140624,-0.229843359375
37.43921446800232,-0.009459418083328047,-0.565031591796875,-0.2537853759765625
37.458980083465576,-0.0063950995492922,-0.5698199951171875,-0.22026655273437498
37.478739976882935,-0.004130168458917879,-0.5386953735351562,-0.2537853759765625
37.49885129928589,-0.005595712105630674,-0.5578489868164063,-0.239420166015625
37.51876711845398,-0.008127105677225504,-0.5315127685546874,-0.2705447875976562
37.5387225151062,-0.004529862180748642,-0.5386953735351562,-0.23702596435546874
37.55871653556824,-0.007993874436615249,-0.5410895751953124,-0.24899697265624998
37.57860970497131,-0.0057289433462409285,-0.5506663818359374,-0.27293898925781246
37.599498987197876,-0.0057289433462409285,-0.5267243652343749,-0.26336218261718747
37.61913514137268,-0.005595712105630674,-0.55545478515625,-0.29927520751953124
37.63908004760742,-0.006528330789902454,-0.55545478515625,-0.24181436767578124
37.65899610519409,-0.003464012255866608,-0.565031591796875,-0.2825157958984375
37.678804874420166,-0.006928024511733216,-0.5147533569335937,-0.258573779296875
37.698586225509644,-0.004929555902579405,-0.5386953735351562,-0.23223756103515625
37.718998670578,-0.0035972434964768626,-0.5243301635742187,-0.2609679809570312
37.73865103721619,-0.0037304747370871167,-0.5458779785156249,-0.23702596435546874
37.759058713912964,-0.0074609494741742334,-0.5602431884765625,-0.2705447875976562
37.77881360054016,-0.006661562030512709,-0.5410895751953124,-0.24181436767578124
37.798827171325684,-0.004263399699528133,-0.5434837768554687,-0.25139117431640623
37.81878995895386,-0.004663093421358896,-0.5626373901367188,-0.2609679809570312
37.83877468109131,-0.0030643185340358454,-0.5386953735351562,-0.258573779296875
37.858858823776245,-0.007194486992953725,-0.5410895751953124,-0.2561795776367187
37.878763914108276,-0.005462480865020421,-0.51714755859375,-0.22505495605468748
37.898996114730835,-0.008127105677225504,-0.55545478515625,-0.23223756103515625
37.9190468788147,-0.0058621745868511835,-0.565031591796875,-0.24181436767578124
37.93852615356445,-0.0074609494741742334,-0.5458779785156249,-0.24899697265624998
37.958362340927124,-0.004663093421358896,-0.5363011718749999,-0.2537853759765625
37.978567361831665,-0.005462480865020421,-0.5123591552734374,-0.2537853759765625
37.99846124649048,-0.006261868308681946,-0.5698199951171875,-0.28969840087890625
38.01838493347168,-0.008127105677225504,-0.5363011718749999,-0.22744915771484372
38.03858757019043,-0.007194486992953725,-0.5506663818359374,-0.23223756103515625
38.05860614776611,-0.006661562030512709,-0.5482721801757812,-0.2561795776367187
38.0785436630249,-0.00479632466196915,-0.5339069702148437,-0.25139117431640623
38.09853506088257,-0.0039969372183076245,-0.5363011718749999,-0.229843359375
38.11867713928223,-0.004529862180748642,-0.5410895751953124,-0.24899697265624998
38.138516902923584,-0.0031975497746461,-0.5219359619140624,-0.24181436767578124
38.15844678878784,-0.006794793271122962,-0.5506663818359374,-0.2920926025390625
38.178603410720825,-0.0010658499248820332,-0.5626373901367188,-0.26336218261718747
38.19839406013489,-0.0039969372183076245,-0.5506663818359374,-0.23223756103515625
38.21837878227234,-0.006794793271122962,-0.565031591796875,-0.23702596435546874
38.2393639087677,-0.006128637068071691,-0.5434837768554687,-0.2561795776367187
38.26084661483765,-0.009459418083328047,-0.5315127685546874,-0.2609679809570312
38.27971911430359,-0.006261868308681946,-0.5315127685546874,-0.22744915771484372
38.29971504211426,-0.006528330789902454,-0.5363011718749999,-0.229843359375
38.319499254226685,-0.006261868308681946,-0.5195417602539062,-0.24899697265624998
38.33892202377319,-0.008926493120887028,-0.5123591552734374,-0.239420166015625
38.35939407348633,-0.0029310872934255917,-0.5506663818359374,-0.26815058593749996
38.37900185585022,-0.010392036767599824,-0.5506663818359374,-0.2609679809570312
38.39882850646973,-0.004663093421358896,-0.5315127685546874,-0.3112462158203125
38.41883897781372,-0.007061255752343471,-0.5291185668945312,-0.22505495605468748
38.43880748748779,-0.006928024511733216,-0.5793968017578125,-0.239420166015625
38.45915722846985,-0.005329249624410167,-0.5602431884765625,-0.2561795776367187
38.47966408729553,-0.006128637068071691,-0.5339069702148437,-0.2537853759765625
38.4993109703064,-0.0039969372183076245,-0.5315127685546874,-0.2753331909179687
38.51915740966797,-0.003464012255866608,-0.5746083984375,-0.25139117431640623
38.53985357284546,-0.004130168458917879,-0.5386953735351562,-0.3016694091796875
38.55909729003906,-0.0026646248122050836,-0.55545478515625,-0.28012159423828126
38.579060077667236,-0.005196018383799912,-0.5434837768554687,-0.30885201416015623
38.59947490692139,-0.0063950995492922,-0.5434837768554687,-0.2609679809570312
38.6190299987793,-0.006528330789902454,-0.5578489868164063,-0.25139117431640623
38.63925862312317,-0.004130168458917879,-0.5410895751953124,-0.2705447875976562
38.65936231613159,-0.005062787143189658,-0.5434837768554687,-0.2657563842773437
38.67901062965393,-0.0063950995492922,-0.5578489868164063,-0.28012159423828126
38.69906973838806,-0.005062787143189658,-0.5530605834960938,-0.20350714111328125
38.719167947769165,-0.006661562030512709,-0.5291185668945312,-0.2561795776367187
38.738975524902344,-0.0057289433462409285,-0.5578489868164063,-0.29927520751953124
38.75914454460144,-0.0037304747370871167,-0.5578489868164063,-0.2753331909179687
38.77975797653198,-0.004929555902579405,-0.5530605834960938,-0.22744915771484372
38.79924035072327,-0.005595712105630674,-0.5410895751953124,-0.258573779296875
38.81903910636902,-0.007727411955394742,-0.5386953735351562,-0.2657563842773437
38.83907675743103,-0.005995405827461438,-0.5147533569335937,-0.2346317626953125
38.85940480232239,-0.007194486992953725,-0.5243301635742187,-0.23702596435546874
38.8794641494751,-0.005995405827461438,-0.5506663818359374,-0.258573779296875
38.899078369140625,-0.005595712105630674,-0.5674257934570313,-0.258573779296875
38.91909646987915,-0.0035972434964768626,-0.5506663818359374,-0.2657563842773437
38.93902134895325,-0.005329249624410167,-0.5506663818359374,-0.2705447875976562
38.9596643447876,-0.006128637068071691,-0.5386953735351562,-0.2442085693359375
38.97898030281067,-0.005595712105630674,-0.5434837768554687,-0.2561795776367187
38.99929213523865,-0.006794793271122962,-0.51714755859375,-0.2657563842773437
39.01886057853699,-0.0074609494741742334,-0.5267243652343749,-0.2609679809570312
39.03882050514221,-0.005196018383799912,-0.5458779785156249,-0.2346317626953125
39.05922245979309,-0.0063950995492922,-0.5386953735351562,-0.2442085693359375
39.07946276664734,-0.007993874436615249,-0.5506663818359374,-0.2753331909179687
39.099003314971924,-0.003464012255866608,-0.5434837768554687,-0.21308394775390624
39.11893558502197,-0.008260336917835759,-0.5410895751953124,-0.24899697265624998
39.13937854766846,-0.004529862180748642,-0.5243301635742187,-0.23702596435546874
39.15922212600708,-0.002531393571594829,-0.5291185668945312,-0.2346317626953125
39.17952275276184,-0.007194486992953725,-0.5434837768554687,-0.21787235107421873
39.19964122772217,-0.008526799399056265,-0.5386953735351562,-0.26336218261718747
39.21916484832764,-0.005196018383799912,-0.5434837768554687,-0.23702596435546874
39.239684104919434,-0.005329249624410167,-0.5410895751953124,-0.2537853759765625
39.25941061973572,-0.002797856052815337,-0.5291185668945312,-0.2561795776367187
39.27950119972229,-0.0058621745868511835,-0.5458779785156249,-0.24899697265624998
39.299277544021606,-0.006261868308681946,-0.5458779785156249,-0.2561795776367187
39.31906533241272,-0.006528330789902454,-0.59376201171875,-0.2537853759765625
39.339349031448364,-0.007727411955394742,-0.5482721801757812,-0.23223756103515625
39.35936665534973,-0.0031975497746461,-0.5147533569335937,-0.2753331909179687
39.37921667098999,-0.006528330789902454,-0.5410895751953124,-0.24660277099609373
39.399033308029175,-0.0058621745868511835,-0.5458779785156249,-0.2609679809570312
39.41883039474487,-0.007727411955394742,-0.51714755859375,-0.316034619140625
39.43879795074463,-0.005329249624410167,-0.584185205078125,-0.277727392578125
39.45915985107422,-0.006794793271122962,-0.5219359619140624,-0.24660277099609373
39.479187965393066,-0.0073277182335639785,-0.5147533569335937,-0.24181436767578124
39.4992036819458,-0.005329249624410167,-0.5410895751953124,-0.2705447875976562
39.51880121231079,-0.004529862180748642,-0.5051765502929687,-0.277727392578125
39.53897953033447,-0.004929555902579405,-0.5506663818359374,-0.23702596435546874
39.55930185317993,-0.005196018383799912,-0.5339069702148437,-0.24660277099609373
39.5794153213501,-0.004396630940138387,-0.5482721801757812,-0.277727392578125
39.599024534225464,-0.002264931090374321,-0.5315127685546874,-0.20829554443359374
39.61885333061218,-0.006928024511733216,-0.5195417602539062,-0.27293898925781246
39.639145374298096,-0.007194486992953725,-0.5339069702148437,-0.2561795776367187
39.65917897224426,-0.005329249624410167,-0.5027823486328125,-0.2753331909179687
39.67977976799011,-0.006128637068071691,-0.5578489868164063,-0.2705447875976562
39.698859453201294,-0.004396630940138387,-0.5482721801757812,-0.2561795776367187
39.718814849853516,-0.005196018383799912,-0.5434837768554687,-0.2705447875976562
39.738906145095825,-0.0057289433462409285,-0.5530605834960938,-0.23223756103515625
39.75890016555786,-0.006528330789902454,-0.5506663818359374,-0.27293898925781246
39.77907204627991,-0.0073277182335639785,-0.5434837768554687,-0.24660277099609373
39.799619913101196,-0.008393568158446012,-0.5315127685546874,-0.2561795776367187
39.81910753250122,-0.007194486992953725,-0.5315127685546874,-0.2537853759765625
39.83901047706604,-0.0057289433462409285,-0.5267243652343749,-0.2442085693359375
39.85926032066345,-0.006661562030512709,-0.5243301635742187,-0.2346317626953125
39.87930750846863,-0.006794793271122962,-0.565031591796875,-0.2753331909179687
39.898948669433594,-0.008260336917835759,-0.5530605834960938,-0.19632453613281248
39.91931176185608,-0.0075941807147844875,-0.55545478515625,-0.2059013427734375
39.93894958496094,-0.0039969372183076245,-0.5003881469726562,-0.229843359375
39.95936822891235,-0.0095926493239383,-0.5410895751953124,-0.28012159423828126
39.979095220565796,-0.005062787143189658,-0.584185205078125,-0.24181436767578124
39.99963355064392,-0.005196018383799912,-0.5434837768554687,-0.2825157958984375
40.018935203552246,-0.007194486992953725,-0.5267243652343749,-0.229843359375
40.03924250602722,-0.007993874436615249,-0.5602431884765625,-0.27293898925781246
40.05919289588928,-0.007194486992953725,-0.5219359619140624,-0.26815058593749996
40.079755783081055,-0.005062787143189658,-0.5315127685546874,-0.24181436767578124
40.09903883934021,-0.005462480865020421,-0.5506663818359374,-0.22026655273437498
40.119009256362915,-0.002531393571594829,-0.5267243652343749,-0.2537853759765625
40.13908910751343,-0.005595712105630674,-0.5099649536132812,-0.30885201416015623
40.159379720687866,-0.0074609494741742334,-0.5267243652343749,-0.2346317626953125
40.1792471408844,-0.004663093421358896,-0.565031591796875,-0.26815058593749996
40.19886612892151,-0.0037304747370871167,-0.5243301635742187,-0.2609679809570312
40.21891212463379,-0.005196018383799912,-0.5386953735351562,-0.2657563842773437
40.23969841003418,-0.006661562030512709,-0.5434837768554687,-0.26815058593749996
40.25906300544739,-0.008793261880276773,-0.5027823486328125,-0.23223756103515625
40.27923941612244,-0.007061255752343471,-0.5339069702148437,-0.229843359375
40.298996925354004,-0.003464012255866608,-0.5530605834960938,-0.23702596435546874
40.31963229179382,-0.004263399699528133,-0.5434837768554687,-0.27293898925781246
40.33927249908447,-0.007061255752343471,-0.5195417602539062,-0.26815058593749996
40.3592324256897,-0.009725880564548555,-0.5123591552734374,-0.23223756103515625
40.37925314903259,-0.006661562030512709,-0.5530605834960938,-0.25139117431640623
40.39949417114258,-0.004929555902579405,-0.5434837768554687,-0.23223756103515625
40.418954610824585,-0.005995405827461438,-0.5410895751953124,-0.29927520751953124
40.439101696014404,-0.0063950995492922,-0.5315127685546874,-0.2609679809570312
40.45913553237915,-0.006661562030512709,-0.5267243652343749,-0.2825157958984375
40.47933077812195,-0.006128637068071691,-0.5147533569335937,-0.26815058593749996
40.49910855293274,-0.0013323124061025418,-0.5482721801757812,-0.3016694091796875
40.5190007686615,-0.006261868308681946,-0.5530605834960938,-0.22266075439453123
40.539066314697266,-0.006661562030512709,-0.5386953735351562,-0.2442085693359375
40.560492515563965,-0.008526799399056265,-0.5410895751953124,-0.2705447875976562
40.578949213027954,-0.007194486992953725,-0.5243301635742187,-0.26336218261718747
40.599090337753296,-0.0035972434964768626,-0.5363011718749999,-0.24181436767578124
40.618990898132324,-0.007194486992953725,-0.507570751953125,-0.24899697265624998
40.639013051986694,-0.006661562030512709,-0.5315127685546874,-0.24660277099609373
40.65954947471619,-0.005995405827461438,-0.5410895751953124,-0.2657563842773437
40.6791877746582,-0.0073277182335639785,-0.5482721801757812,-0.2537853759765625
40.69904899597168,-0.005329249624410167,-0.5386953735351562,-0.26336218261718747
40.71894431114197,-0.006794793271122962,-0.5434837768554687,-0.3016694091796875
40.739046573638916,-0.007860643196004996,-0.5363011718749999,-0.23702596435546874
40.75947952270508,-0.005196018383799912,-0.5434837768554687,-0.2825157958984375
40.77914309501648,-0.004529862180748642,-0.5386953735351562,-0.2537853759765625
40.799206018447876,-0.008127105677225504,-0.5506663818359374,-0.2825157958984375
40.81919503211975,-0.003464012255866608,-0.5195417602539062,-0.21787235107421873
40.83921146392822,-0.003863705977697371,-0.5267243652343749,-0.239420166015625
40.987334966659546,-0.0039969372183076245,-0.5339069702148437,-0.21787235107421873
40.98750448226929,-0.005462480865020421,-0.5434837768554687,-0.22505495605468748
40.987632036209106,-0.0058621745868511835,-0.5410895751953124,-0.24181436767578124
40.98770833015442,-0.007993874436615249,-0.5674257934570313,-0.24181436767578124
40.98774313926697,-0.005462480865020421,-0.5051765502929687,-0.2657563842773437
40.98776912689209,-0.0031975497746461,-0.5315127685546874,-0.2705447875976562
40.98779487609863,-0.007727411955394742,-0.5458779785156249,-0.23223756103515625
40.999974727630615,-0.0039969372183076245,-0.5195417602539062,-0.2561795776367187
41.019113540649414,-0.0075941807147844875,-0.5578489868164063,-0.26336218261718747
41.0392427444458,-0.005062787143189658,-0.5099649536132812,-0.258573779296875
41.05914497375488,-0.007993874436615249,-0.5506663818359374,-0.28012159423828126
41.07982349395752,-0.005062787143189658,-0.5386953735351562,-0.28730419921875
41.09925580024719,-0.005062787143189658,-0.5482721801757812,-0.28490999755859375
41.11894702911377,-0.004396630940138387,-0.55545478515625,-0.26815058593749996
41.139402627944946,-0.007860643196004996,-0.5363011718749999,-0.23702596435546874
41.1595823764801,-0.0031975497746461,-0.5506663818359374,-0.2561795776367187
41.17943859100342,-0.005995405827461438,-0.55545478515625,-0.239420166015625
41.199026346206665,-0.007993874436615249,-0.5363011718749999,-0.28012159423828126
41.218974590301514,-0.008526799399056265,-0.5482721801757812,-0.26336218261718747
41.23944115638733,-0.006128637068071691,-0.488417138671875,-0.2705447875976562
41.25957918167114,-0.006261868308681946,-0.5698199951171875,-0.26336218261718747
41.27958917617798,-0.0033307810152563544,-0.507570751953125,-0.24899697265624998
41.29917907714844,-0.003464012255866608,-0.5195417602539062,-0.24899697265624998
41.31922912597656,-0.0058621745868511835,-0.5315127685546874,-0.24899697265624998
41.33962440490723,-0.0037304747370871167,-0.5243301635742187,-0.26336218261718747
41.35970592498779,-0.005595712105630674,-0.5363011718749999,-0.24899697265624998
41.37949275970459,-0.004130168458917879,-0.4908113403320312,-0.2154781494140625
41.39914655685425,-0.004663093421358896,-0.4955997436523437,-0.28490999755859375
41.41895031929016,-0.005995405827461438,-0.5291185668945312,-0.2753331909179687
41.43943977355957,-0.006261868308681946,-0.5602431884765625,-0.2825157958984375
41.45929193496704,-0.006128637068071691,-0.5674257934570313,-0.2657563842773437
41.4792697429657,-0.00866003063966652,-0.51714755859375,-0.2346317626953125
41.49901533126831,-0.0058621745868511835,-0.5243301635742187,-0.24660277099609373
41.518940448760986,-0.006661562030512709,-0.5817910034179687,-0.29448680419921874
41.539206981658936,-0.007194486992953725,-0.5698199951171875,-0.28490999755859375
41.55947971343994,-0.003863705977697371,-0.5434837768554687,-0.2705447875976562
41.579110860824585,-0.006928024511733216,-0.5482721801757812,-0.24660277099609373
41.598960638046265,-0.003863705977697371,-0.5770026000976562,-0.2442085693359375
41.61873126029968,-0.006128637068071691,-0.5506663818359374,-0.2561795776367187
41.63928747177124,-0.005062787143189658,-0.5386953735351562,-0.23702596435546874
41.65958285331726,-0.005595712105630674,-0.5458779785156249,-0.277727392578125
41.67937779426575,-0.0075941807147844875,-0.5339069702148437,-0.27293898925781246
41.69895148277283,-0.008926493120887028,-0.5410895751953124,-0.2657563842773437
41.718841552734375,-0.0063950995492922,-0.5793968017578125,-0.258573779296875
41.739094495773315,-0.004529862180748642,-0.5339069702148437,-0.25139117431640623
41.75912809371948,-0.0033307810152563544,-0.5386953735351562,-0.2561795776367187
41.77977991104126,-0.0031975497746461,-0.55545478515625,-0.22266075439453123
41.79913115501404,-0.005595712105630674,-0.5434837768554687,-0.2753331909179687
41.81890106201172,-0.0011990811654922875,-0.5793968017578125,-0.2657563842773437
41.83939051628113,-0.008793261880276773,-0.5003881469726562,-0.26336218261718747
41.859687089920044,-0.007727411955394742,-0.5458779785156249,-0.2657563842773437
41.87917876243591,-0.0075941807147844875,-0.5458779785156249,-0.24899697265624998
41.89912128448486,-0.005196018383799912,-0.49799394531249996,-0.28490999755859375
41.91901683807373,-0.006261868308681946,-0.5363011718749999,-0.23223756103515625
41.93940711021423,-0.0019984686091538122,-0.5698199951171875,-0.24899697265624998
41.95937728881836,-0.005462480865020421,-0.5602431884765625,-0.24899697265624998
41.9797785282135,-0.0018652373685435584,-0.5315127685546874,-0.2537853759765625
41.99909567832947,-0.0035972434964768626,-0.5434837768554687,-0.25139117431640623
42.01900601387024,-0.005329249624410167,-0.5099649536132812,-0.24181436767578124
42.039145708084106,-0.010791730489430587,-0.5363011718749999,-0.2705447875976562
42.05948734283447,-0.0074609494741742334,-0.5243301635742187,-0.23223756103515625
42.079344511032104,-0.008260336917835759,-0.5363011718749999,-0.2753331909179687
42.0990355014801,-0.004263399699528133,-0.5626373901367188,-0.239420166015625
42.11888909339905,-0.006928024511733216,-0.51714755859375,-0.24899697265624998
42.13927435874939,-0.0075941807147844875,-0.5602431884765625,-0.2657563842773437
42.15946412086487,-0.00985911180515881,-0.5195417602539062,-0.24899697265624998
42.17902374267578,-0.007061255752343471,-0.5674257934570313,-0.2537853759765625
42.19888758659363,-0.008127105677225504,-0.5626373901367188,-0.258573779296875
42.21882963180542,-0.0030643185340358454,-0.5626373901367188,-0.2657563842773437
42.239187479019165,-0.006928024511733216,-0.5626373901367188,-0.2442085693359375
42.25909209251404,-0.004396630940138387,-0.5267243652343749,-0.25139117431640623
42.27912139892578,-0.0018652373685435584,-0.5315127685546874,-0.26815058593749996
42.299094438552856,-0.004929555902579405,-0.5578489868164063,-0.258573779296875
42.31874752044678,-0.005595712105630674,-0.5386953735351562,-0.2753331909179687
42.33936357498169,-0.006794793271122962,-0.5410895751953124,-0.25139117431640623
42.35934019088745,-0.008393568158446012,-0.5458779785156249,-0.239420166015625
42.37982940673828,-0.005062787143189658,-0.5147533569335937,-0.2059013427734375
42.398927211761475,-0.0073277182335639785,-0.5530605834960938,-0.2753331909179687
42.418984174728394,-0.0039969372183076245,-0.5458779785156249,-0.239420166015625
42.43943810462952,-0.005595712105630674,-0.507570751953125,-0.239420166015625
42.459219217300415,-0.007194486992953725,-0.5674257934570313,-0.26336218261718747
42.47914099693298,-0.007194486992953725,-0.5386953735351562,-0.22744915771484372
42.499329805374146,-0.004263399699528133,-0.51714755859375,-0.2561795776367187
42.51906156539917,-0.0014655436467127959,-0.5339069702148437,-0.28730419921875
42.53958034515381,-0.004529862180748642,-0.5434837768554687,-0.23702596435546874
42.56007146835327,0.0003996937218307625,-0.51714755859375,-0.2753331909179687
42.5794792175293,-0.0058621745868511835,-0.51714755859375,-0.258573779296875
42.5991415977478,-0.0057289433462409285,-0.5698199951171875,-0.20829554443359374
42.61879920959473,-0.0039969372183076245,-0.5243301635742187,-0.25139117431640623
42.63921093940735,-0.004929555902579405,-0.5722141967773438,-0.2753331909179687
42.6593496799469,-0.007194486992953725,-0.5410895751953124,-0.2657563842773437
42.67902421951294,-0.008393568158446012,-0.5506663818359374,-0.277727392578125
42.69909405708313,-0.0063950995492922,-0.5051765502929687,-0.21308394775390624
42.71873426437378,-0.006794793271122962,-0.5291185668945312,-0.2657563842773437
42.738847494125366,-0.002264931090374321,-0.5267243652343749,-0.2561795776367187
42.7604341506958,-0.006794793271122962,-0.5219359619140624,-0.25139117431640623
42.779385805130005,-0.005595712105630674,-0.5315127685546874,-0.25139117431640623
42.79910230636597,-0.0031975497746461,-0.5793968017578125,-0.258573779296875
42.818931102752686,-0.00479632466196915,-0.5315127685546874,-0.2657563842773437
42.83907127380371,-0.008793261880276773,-0.5219359619140624,-0.23223756103515625
42.859392404556274,-0.007727411955394742,-0.5267243652343749,-0.24181436767578124
42.879345655441284,-0.004663093421358896,-0.5793968017578125,-0.2657563842773437
42.89934945106506,-0.007727411955394742,-0.5267243652343749,-0.2561795776367187
42.91908884048462,-0.009192955602107537,-0.5363011718749999,-0.2705447875976562
42.93914532661438,-0.007727411955394742,-0.5315127685546874,-0.2346317626953125
42.959081411361694,-0.005995405827461438,-0.5315127685546874,-0.2609679809570312
42.979894399642944,-0.007061255752343471,-0.59376201171875,-0.21787235107421873
43.000043869018555,-0.004396630940138387,-0.5219359619140624,-0.26815058593749996
43.018980264663696,-0.005595712105630674,-0.5315127685546874,-0.2442085693359375
43.039127349853516,-0.005595712105630674,-0.5243301635742187,-0.26815058593749996
43.05910015106201,-0.00479632466196915,-0.5339069702148437,-0.21787235107421873
43.07949662208557,-0.006661562030512709,-0.507570751953125,-0.20829554443359374
43.0993492603302,-0.008393568158446012,-0.5458779785156249,-0.2609679809570312
43.118810176849365,-0.0074609494741742334,-0.5410895751953124,-0.24899697265624998
43.13916754722595,-0.004529862180748642,-0.565031591796875,-0.2657563842773437
43.15929174423218,-0.005595712105630674,-0.5195417602539062,-0.22026655273437498
43.179200410842896,-0.0035972434964768626,-0.5386953735351562,-0.277727392578125
43.199182987213135,-0.0006661562030512709,-0.5434837768554687,-0.258573779296875
43.21900534629822,-0.0074609494741742334,-0.5722141967773438,-0.24660277099609373
43.23974919319153,-0.005196018383799912,-0.51714755859375,-0.2537853759765625
43.25902557373047,-0.004529862180748642,-0.5410895751953124,-0.2609679809570312
43.27931523323059,-0.006128637068071691,-0.5291185668945312,-0.2657563842773437
43.2991464138031,-0.007061255752343471,-0.5315127685546874,-0.28730419921875
43.31917405128479,-0.0063950995492922,-0.5458779785156249,-0.258573779296875
43.338857889175415,-0.006928024511733216,-0.5458779785156249,-0.23702596435546874
43.3589973449707,-0.0075941807147844875,-0.5530605834960938,-0.23702596435546874
43.37943744659424,-0.0074609494741742334,-0.5195417602539062,-0.2825157958984375
43.398903369903564,-0.011990811654922875,-0.5626373901367188,-0.26336218261718747
43.418931007385254,-0.006528330789902454,-0.5363011718749999,-0.258573779296875
43.43898963928223,-0.008127105677225504,-0.5746083984375,-0.26336218261718747
43.460827112197876,-0.00479632466196915,-0.55545478515625,-0.277727392578125
43.47992944717407,-0.005196018383799912,-0.5434837768554687,-0.24181436767578124
43.49973392486572,-0.0037304747370871167,-0.5027823486328125,-0.23702596435546874
43.519264221191406,-0.009192955602107537,-0.55545478515625,-0.2561795776367187
43.53959536552429,-0.005462480865020421,-0.55545478515625,-0.229843359375
43.55967593193054,-0.008926493120887028,-0.5386953735351562,-0.3232172241210937
43.57961559295654,-0.004130168458917879,-0.5626373901367188,-0.24660277099609373
43.599353075027466,-0.005995405827461438,-0.5291185668945312,-0.296881005859375
43.619171142578125,-0.020251148572758632,-0.4955997436523437,-0.02154781494140625
43.639360666275024,-0.04343338443894285,-0.3136404174804687,-0.16519991455078123
43.6602623462677,-0.06461715169597326,-0.4381389038085937,-0.14125789794921875
43.6799111366272,-0.08153751925347555,-0.3806780639648437,-0.076614453125
43.699143409729004,-0.10405359891660851,0.12689268798828124,-0.0526724365234375
43.719175815582275,-0.10711791745064435,-0.14604630126953125,-0.062249243164062495
43.73933124542236,-0.07234456365136802,-0.1149216796875,-0.6703764648437499
43.75970101356506,-0.0671485452675681,0.3280056274414062,-0.7517793212890624
43.77993440628052,-0.011058192970651094,0.28012159423828126,-0.46686932373046874
43.798978090286255,0.007860643196004996,-0.03591302490234375,-0.430956298828125
43.819461822509766,0.03144257278401998,-0.047884033203124995,-0.26336218261718747
43.83934259414673,0.05209341507860938,-0.46208092041015625,-0.33518823242187495
43.86103105545044,0.05342572748471192,-0.5985504150390625,-0.25139117431640623
43.87990975379944,0.031975497746460996,-0.38307226562499996,-0.02633621826171875
43.89975953102112,0.006794793271122962,-0.6607996582031249,0.086191259765625
43.91940689086914,-0.027045941843881597,-0.5267243652343749,0.3280056274414062
43.93934679031372,-0.059021439590342596,-0.0143652099609375,0.07900865478515624
43.959980487823486,-0.07594180714784488,-0.01915361328125,0.08858546142578125
43.979772329330444,-0.061686064402547675,-0.08140285644531249,-0.5770026000976562
43.99928855895996,-0.04276722823589159,-0.1292868896484375,-0.6584054565429687
44.019229888916016,-0.020251148572758632,0.031124621582031248,-0.3902548706054687
44.03926658630371,-0.0003996937218307625,-0.14125789794921875,-0.584185205078125
44.06169652938843,0.000799387443661525,-0.01915361328125,-0.23223756103515625
44.0792133808136,0.031975497746460996,-0.24181436767578124,-0.16998831787109375
44.09935998916626,0.01572128639200999,-0.8259995727539062,-0.16519991455078123
44.11906123161316,-0.004130168458917879,-0.7398083129882812,-0.32082302246093747
44.13900542259216,-0.003863705977697371,-0.5578489868164063,-0.13168109130859373
44.15954828262329,-0.007061255752343471,-0.7278373046875,-0.32082302246093747
44.17918658256531,-0.012656967857974145,-0.8307879760742187,-0.47644613037109373
44.19921517372131,-0.02371516082862524,-0.8355763793945312,-0.2059013427734375
44.21884870529175,-0.016653905076281773,-0.5243301635742187,-0.239420166015625
44.23991346359253,-0.01212404289553313,-0.7589619262695312,-0.4333505004882812
44.25943899154663,-0.012923430339194655,-0.51714755859375,-0.08858546142578125
44.27924108505249,-0.022116385941302188,-0.507570751953125,-0.28730419921875
44.2989866733551,-0.02105053601642016,-0.4908113403320312,-0.4070142822265625
44.31884455680847,-0.01505513018895872,-0.2154781494140625,-0.15322890625
44.339112997055054,-0.009326186842717792,-0.4165910888671875,-0.411802685546875
44.35994911193848,-0.0058621745868511835,-0.4740519287109375,-0.3399766357421875
44.37930369377136,-0.011324655451871604,-0.2657563842773437,-0.24660277099609373
44.39900302886963,-0.0019984686091538122,-0.4955997436523437,-0.12449848632812499
44.41894721984863,0.0030643185340358454,-0.46686932373046874,-0.3327940307617187
44.43896198272705,-0.0033307810152563544,-0.7589619262695312,-0.239420166015625
44.45963644981384,-0.010125574286379316,-0.70868369140625,-0.201112939453125
44.479235887527466,-0.014255742745297196,-0.4740519287109375,-0.5363011718749999
44.49906325340271,-0.004263399699528133,-0.6440402465820312,-0.17238251953125
44.5187783241272,-0.0014655436467127959,-0.6847416748046875,-0.24181436767578124
44.53902077674866,-0.006261868308681946,-0.5985504150390625,-0.19632453613281248
44.558927059173584,-0.004396630940138387,-0.45010991210937495,-0.21308394775390624
44.57922172546387,0.005329249624410167,-0.4836287353515625,-0.40222587890625
44.599242210388184,0.03357427263378405,-0.5530605834960938,-0.46208092041015625
44.61894655227661,-0.006794793271122962,-0.5363011718749999,0.0526724365234375
44.63906502723694,-0.009192955602107537,-0.5099649536132812,-0.43574470214843747
44.65956783294678,-0.0058621745868511835,-0.39983167724609375,-0.277727392578125
44.67914795875549,-0.0033307810152563544,-0.5003881469726562,-0.3902548706054687
44.69951820373535,-0.014122511504686942,-0.6105214233398437,-0.13407529296874998
44.719090700149536,-0.02078407353519965,-0.7709329345703124,-0.488417138671875
44.739232301712036,-0.002398162330984575,-0.4644751220703125,-0.086191259765625
44.759028911590576,-0.005196018383799912,-0.6344634399414062,-0.20350714111328125
44.779715061187744,-0.008393568158446012,-0.3854664672851562,-0.18914193115234373
44.79911732673645,-0.008260336917835759,-0.3399766357421875,-0.3902548706054687
44.81896996498108,-0.007860643196004996,-0.28969840087890625,-0.40940848388671874
44.83936905860901,0.03397396635561481,-0.4644751220703125,-0.258573779296875
44.8592050075531,0.0026646248122050836,-0.6512228515624999,-0.33039982910156246
44.8791868686676,-0.006528330789902454,-0.6416460449218749,-0.16998831787109375
44.89907169342041,-0.0037304747370871167,-0.316034619140625,-0.3136404174804687
44.91939067840576,-0.002398162330984575,-0.6177040283203125,-0.1388636962890625
44.93906283378601,-0.006928024511733216,-0.47884033203125,-0.38786066894531246
44.9594931602478,-0.01345635530163567,-0.6607996582031249,-0.14125789794921875
44.97932744026184,-0.011058192970651094,-0.5195417602539062,-0.4477157104492187
44.99897241592407,-0.004529862180748642,-0.373495458984375,-0.48123453369140623
45.01876425743103,-0.012523736617363892,-0.4261678955078125,-0.32082302246093747
45.03936767578125,-0.005995405827461438,-0.3447650390625,-0.14604630126953125
45.059205532073975,-0.008793261880276773,-0.55545478515625,-0.10773907470703124
45.0791974067688,0.003863705977697371,-0.258573779296875,-0.3854664672851562
45.099000692367554,0.002797856052815337,-0.51714755859375,-0.277727392578125
45.118961811065674,-0.014122511504686942,-0.6536170532226562,-0.39983167724609375
45.139092445373535,-0.009059724361497283,-0.5291185668945312,-0.076614453125
45.159082889556885,0.0011990811654922875,-0.4836287353515625,-0.2920926025390625
45.179035902023315,0.005196018383799912,-0.5817910034179687,-0.354341845703125
45.19889760017395,-0.00159877488732305,-0.41419688720703124,-0.2705447875976562
45.218953132629395,-0.006794793271122962,-0.4333505004882812,-0.00239420166015625
45.23983383178711,-0.0035972434964768626,-0.3854664672851562,-0.44532150878906246
45.25911521911621,0.004663093421358896,-0.7398083129882812,-0.36631285400390623
45.27900767326355,-0.0013323124061025418,-0.4525041137695312,-0.4381389038085937
45.29894399642944,-0.006128637068071691,-0.4572925170898437,-0.26336218261718747
45.31877374649048,0.007061255752343471,-0.411802685546875,-0.3399766357421875
45.339064836502075,0.010924961730040842,-0.5746083984375,-0.23702596435546874
45.359172344207764,0.00159877488732305,-0.5961562133789062,-0.35194764404296874
45.37915301322937,-0.008393568158446012,-0.7445967163085937,-0.22026655273437498
45.39913988113403,-0.0057289433462409285,-0.4213794921875,-0.34715924072265625
45.41900587081909,0.03317457891195329,-0.5530605834960938,-0.24181436767578124
45.439157009124756,-0.007194486992953725,-0.4165910888671875,-0.38786066894531246
45.459643840789795,-0.015188361429568975,-0.5985504150390625,-0.36152445068359373
45.47986435890198,-0.005595712105630674,-0.4644751220703125,-0.16519991455078123
45.4989960193634,0.005595712105630674,-0.488417138671875,-0.5865794067382812
45.518953800201416,0.006261868308681946,-0.5530605834960938,-0.32082302246093747
45.53890538215637,-0.003464012255866608,-0.6296750366210937,-0.37828386230468747
45.55924081802368,-0.0019984686091538122,-0.5147533569335937,-0.11013327636718749
45.57918691635132,0.0011990811654922875,-0.6057330200195312,-0.373495458984375
45.59909176826477,-0.001732006127933304,-0.5626373901367188,-0.2537853759765625
45.61900329589844,-0.008526799399056265,-0.737414111328125,-0.316034619140625
45.638981342315674,-0.011058192970651094,-0.4525041137695312,-0.13646949462890623
45.659480810165405,-0.0005329249624410166,-0.6296750366210937,-0.3687070556640625
45.67912268638611,0.0018652373685435584,-0.59376201171875,-0.36391865234375
45.698904514312744,-0.006928024511733216,-0.5602431884765625,-0.296881005859375
45.718870878219604,-0.014788667707738212,-0.6607996582031249,-0.1484405029296875
45.73906183242798,-0.004396630940138387,-0.3806780639648437,-0.12689268798828124
45.75930213928223,-0.002797856052815337,-0.6655880615234374,-0.3495534423828125
45.779396057128906,-0.01185758041431262,-0.4740519287109375,-0.23223756103515625
45.79928278923035,-0.014122511504686942,-0.35673604736328124,-0.34715924072265625
45.81906700134277,-0.00479632466196915,-0.4333505004882812,-0.469263525390625
45.83912229537964,0.0033307810152563544,-0.5698199951171875,-0.20829554443359374
45.859074115753174,-0.004396630940138387,-0.3591302490234375,-0.23223756103515625
45.87910532951355,-0.00866003063966652,-0.5243301635742187,-0.3399766357421875
45.89958834648132,-0.010791730489430587,-0.507570751953125,-0.2442085693359375
45.918808937072754,-0.0031975497746461,-0.6847416748046875,-0.26336218261718747
45.93945384025574,-0.005062787143189658,-0.5003881469726562,-0.37828386230468747
45.9594452381134,-0.014788667707738212,-0.6847416748046875,-0.33758243408203126
45.97915577888489,-0.016520673835671518,-0.45489831542968745,-0.4285620971679687
45.999250650405884,-0.0003996937218307625,-0.6464344482421874,-0.05027823486328125
46.01904559135437,0.000799387443661525,-0.3280056274414062,-0.3687070556640625
46.039079904556274,-0.0006661562030512709,-0.44532150878906246,-0.28490999755859375
46.059216260910034,-0.012390505376753637,-0.373495458984375,-0.26336218261718747
46.0792338848114,-0.0075941807147844875,-0.603338818359375,-0.2059013427734375
46.09915471076965,-0.011324655451871604,-0.6081272216796875,-0.277727392578125
46.118945837020874,-0.018119448722994567,-0.47165772705078124,-0.2657563842773437
46.13900351524353,-0.018119448722994567,-0.4836287353515625,-0.3399766357421875
46.159183502197266,-0.010125574286379316,-0.7278373046875,-0.2920926025390625
46.17931890487671,-0.009192955602107537,-0.5386953735351562,-0.22026655273437498
46.19916367530823,-0.006528330789902454,-0.8259995727539062,-0.39743747558593745
46.21881031990051,-0.007194486992953725,-0.4908113403320312,-0.26336218261718747
46.23920035362244,0.00479632466196915,-0.36391865234375,-0.3399766357421875
46.259084701538086,0.006128637068071691,-0.689530078125,-0.47644613037109373
46.27919864654541,0.005462480865020421,-0.3327940307617187,-0.258573779296875
46.29888558387756,-0.006794793271122962,-0.6919242797851562,-0.19153613281249998
46.31938982009888,-0.006261868308681946,-0.19871873779296872,-0.3399766357421875
46.339070320129395,-0.003863705977697371,-0.5219359619140624,-0.22026655273437498
46.35935378074646,-0.006261868308681946,-0.3280056274414062,-0.39983167724609375
46.37947463989258,-0.012923430339194655,-0.32561142578124996,-0.26815058593749996
46.39914298057556,-0.010924961730040842,-0.39983167724609375,-0.5746083984375
46.418976068496704,0.007993874436615249,-0.7326257080078125,-0.19393033447265623
46.43922233581543,0.007860643196004996,-0.6560112548828124,-0.3854664672851562
46.459542989730835,-0.00479632466196915,-0.6775590698242188,-0.29448680419921874
46.47911214828491,-0.001732006127933304,-0.5602431884765625,-0.20829554443359374
46.499340772628784,0.0035972434964768626,-0.6488286499023437,-0.1197100830078125
46.51874232292175,-0.010125574286379316,-0.5003881469726562,-0.239420166015625
46.53899264335632,-0.02118376725703041,-0.59376201171875,-0.1292868896484375
46.559592962265015,-0.019318529888486854,-0.24660277099609373,-0.44532150878906246
46.57946491241455,-0.009326186842717792,-0.36152445068359373,-0.28969840087890625
46.59899306297302,-0.0075941807147844875,-0.45010991210937495,-0.30406361083984373
46.61880826950073,-0.008926493120887028,-0.5051765502929687,-0.36631285400390623
46.638986349105835,-0.008926493120887028,-0.43574470214843747,-0.28969840087890625
46.6599645614624,0.006261868308681946,-0.4165910888671875,-0.5626373901367188
46.679404497146606,0.0011990811654922875,-0.622492431640625,-0.08140285644531249
46.69905424118042,-0.010392036767599824,-0.59376201171875,-0.3447650390625
46.71893787384033,-0.02078407353519965,-0.6416460449218749,0.2657563842773437
46.73926591873169,-0.016254211354451008,-0.5315127685546874,-0.36391865234375
46.7593355178833,-0.015854517632620246,-0.6655880615234374,-0.2609679809570312
46.77959203720093,-0.021983154700691936,-0.354341845703125,-0.12449848632812499
46.79923725128174,-0.020650842294589397,-0.354341845703125,-0.4213794921875
46.818994760513306,-0.017986217482384312,-0.316034619140625,-0.39264907226562495
46.83947396278381,-0.007061255752343471,-0.5386953735351562,-0.26815058593749996
46.859169244766235,-0.002531393571594829,-0.49799394531249996,-0.29448680419921874
46.87942600250244,0.0026646248122050836,-0.4285620971679687,-0.34715924072265625
46.898879528045654,-0.002398162330984575,-0.39743747558593745,-0.2609679809570312
46.91885805130005,-0.008127105677225504,-0.5961562133789062,-0.14604630126953125
46.93934941291809,-0.009725880564548555,-0.6344634399414062,-0.11013327636718749
46.96108675003052,-0.021716692219471426,-0.6631938598632812,-0.30885201416015623
46.979503870010376,-0.010791730489430587,-0.6248866333007812,-0.5027823486328125
46.99906802177429,-0.008793261880276773,-0.7134720947265625,-0.12689268798828124
47.01886534690857,-0.009459418083328047,-0.46686932373046874,-0.17477672119140625
47.03932166099548,-0.014788667707738212,-0.5482721801757812,-0.39264907226562495
47.05941343307495,-0.011324655451871604,-0.430956298828125,-0.05027823486328125
47.07928109169006,-0.033307810152563545,-0.19632453613281248,-0.3447650390625
47.09905385971069,-0.012257274136143382,-0.6560112548828124,-0.3591302490234375
47.11894989013672,-0.017586523760553547,-0.6703764648437499,-0.20350714111328125
47.13941812515259,-0.016787136316892024,-0.5123591552734374,-0.2059013427734375
47.15917658805847,-0.007061255752343471,-0.6488286499023437,-0.4333505004882812
47.179367542266846,-0.010392036767599824,-0.6272808349609375,-0.37828386230468747
47.19892454147339,-0.017986217482384312,-0.7589619262695312,-0.033518823242187495
47.21891450881958,-0.013589586542245924,-0.5195417602539062,-0.5291185668945312
47.23976683616638,-0.0002664624812205083,-0.603338818359375,-0.373495458984375
47.25923705101013,0.0037304747370871167,-0.4836287353515625,-0.19632453613281248
47.278982162475586,-0.01532159267017923,-0.6009446166992187,-0.23223756103515625
47.2990460395813,-0.020650842294589397,-0.4477157104492187,-0.15322890625
47.31889724731445,-0.008127105677225504,-0.1580173095703125,-0.2346317626953125
47.33912467956543,-0.005196018383799912,-0.5434837768554687,-0.354341845703125
47.35939121246338,-0.017986217482384312,-0.47165772705078124,-0.08140285644531249
47.37948775291443,-0.022782542144353463,-0.59376201171875,-0.28490999755859375
47.3990957736969,-0.01185758041431262,-0.45010991210937495,-0.15322890625
47.41879105567932,-0.004130168458917879,-0.7134720947265625,-0.30406361083984373
47.43906879425049,-0.009192955602107537,-0.6775590698242188,-0.373495458984375
47.46086072921753,-0.009059724361497283,-0.699106884765625,-0.19393033447265623
47.47945952415466,-0.003464012255866608,-0.5602431884765625,-0.4381389038085937
47.499502658843994,0.004929555902579405,-0.565031591796875,-0.35673604736328124
47.5192666053772,0.0002664624812205083,-0.6081272216796875,-0.19153613281249998
47.539674043655396,-0.01372281778285618,-0.5865794067382812,-0.1292868896484375
47.55997705459595,-0.010658499248820334,-0.40462008056640625,-0.29927520751953124
47.57929849624634,-0.0014655436467127959,-0.4740519287109375,-0.22026655273437498
47.599571228027344,-0.0030643185340358454,-0.47884033203125,-0.28012159423828126
47.61920738220215,-0.022649310903743208,-0.6464344482421874,-0.1005564697265625
47.63958787918091,-0.02131699849764067,-0.55545478515625,-0.34715924072265625
47.660009145736694,-0.003863705977697371,-0.4908113403320312,-0.34237083740234375
47.6794593334198,-0.005196018383799912,-0.6560112548828124,-0.24899697265624998
47.69919776916504,-0.011457886692481857,-0.612915625,-0.3758896606445312
47.71916651725769,-0.01438897398590745,-0.4285620971679687,-0.08140285644531249
47.73923921585083,-0.0035972434964768626,-0.5458779785156249,-0.6057330200195312
47.760014295578,0.009992343045769061,-0.8188169677734375,-0.24899697265624998
47.77943778038025,0.007727411955394742,-0.7661445312499999,-0.47884033203125
47.79924178123474,-0.0005329249624410166,-0.36391865234375,-0.08858546142578125
47.8191020488739,0.005062787143189658,-0.6607996582031249,-0.076614453125
47.83909368515015,0.004929555902579405,-0.5602431884765625,-0.1771709228515625
47.85984539985657,-0.022382848422522698,-0.5985504150390625,-0.02633621826171875
47.87925696372986,-0.03863705977697371,-0.507570751953125,-0.031124621582031248
47.89925789833069,-0.025047473234727783,-0.4285620971679687,-0.2609679809570312
47.91920876502991,-0.01532159267017923,-0.21787235107421873,-0.26815058593749996
47.93931794166565,-0.021849923460081685,-0.38307226562499996,-0.5746083984375
47.959415435791016,-0.027045941843881597,-0.4165910888671875,0.031124621582031248
47.97999334335327,-0.017719755001163805,-0.6081272216796875,-0.6009446166992187
47.999937772750854,-0.0014655436467127959,-0.6727706665039062,-0.12689268798828124
48.019195556640625,-0.008393568158446012,-0.6464344482421874,-0.0718260498046875
48.039631366729736,-0.022915773384963714,-0.7685387329101562,-0.2561795776367187
48.05997657775879,-0.020251148572758632,-0.5889736083984375,-0.1388636962890625
48.0797553062439,-0.01971822361031762,-0.6775590698242188,-0.296881005859375
48.09950590133667,-0.014788667707738212,-0.5746083984375,-0.3232172241210937
48.11926484107971,-0.016387442595061263,-0.316034619140625,-0.19153613281249998
48.13957071304321,-0.016787136316892024,-0.24899697265624998,-0.143652099609375
48.1592755317688,-0.002797856052815337,-0.33518823242187495,-0.34715924072265625
48.17943525314331,-0.0021316998497640663,-0.39264907226562495,-0.4860229370117187
48.19945502281189,-0.009192955602107537,-0.7565677246093749,-0.25139117431640623
48.219441652297974,-0.0011990811654922875,-0.277727392578125,-0.20829554443359374
48.2408332824707,-0.005595712105630674,-0.5817910034179687,-0.32561142578124996
48.25984501838684,-0.0039969372183076245,-0.4740519287109375,-0.23223756103515625
48.27922248840332,-0.014522205226517705,-0.6512228515624999,-0.12689268798828124
48.2991259098053,-0.01705359879811253,-0.6631938598632812,-0.07422025146484375
48.319050788879395,-0.006928024511733216,-0.5027823486328125,-0.28490999755859375
48.34028363227844,-0.004263399699528133,-0.5267243652343749,-0.22505495605468748
48.359331369400024,-0.01345635530163567,-0.5339069702148437,-0.3591302490234375
48.38022470474243,-0.01985145485092787,-0.1771709228515625,-0.3447650390625
48.39952778816223,-0.0029310872934255917,-0.7206546997070312,-0.12689268798828124
48.4193754196167,0.010392036767599824,-0.46208092041015625,-0.3495534423828125
48.44012975692749,0.007860643196004996,-0.37828386230468747,-0.3758896606445312
48.45960736274719,-0.00866003063966652,-0.37828386230468747,-0.14125789794921875
48.479886054992676,-0.0074609494741742334,-0.7110778930664062,-0.3136404174804687
48.49959421157837,-0.0057289433462409285,-0.6584054565429687,-0.19871873779296872
48.519200801849365,-0.005329249624410167,-0.5099649536132812,-0.17477672119140625
48.540071964263916,-0.01052526800821008,-0.6464344482421874,-0.3016694091796875
48.55949640274048,-0.008393568158446012,-0.51714755859375,-0.12449848632812499
48.57981514930725,0.002531393571594829,-0.30885201416015623,-0.2753331909179687
48.59946870803833,0.011058192970651094,-0.3112462158203125,-0.36391865234375
48.619104623794556,-0.009192955602107537,-0.6751648681640625,-0.3112462158203125
48.64005422592163,0.0009326186842717792,-0.33039982910156246,-0.09337386474609374
48.65967512130737,0.006261868308681946,-0.6248866333007812,-0.1149216796875
48.67975997924805,-0.002531393571594829,-0.6871358764648438,-0.5339069702148437
48.699347734451294,-0.01732006127933304,-0.5291185668945312,0.047884033203124995
48.719117641448975,-0.01945176112909711,-0.4955997436523437,-0.1484405029296875
48.739967346191406,-0.009725880564548555,-0.5865794067382812,-0.4285620971679687
48.75945210456848,-0.005995405827461438,-0.63206923828125,-0.2561795776367187
48.779895305633545,-0.010125574286379316,-0.51714755859375,-0.2609679809570312
48.799429416656494,-0.0073277182335639785,-0.5434837768554687,-0.32082302246093747
48.819478034973145,-0.004130168458917879,-0.4525041137695312,-0.47644613037109373
48.84005904197693,0.0058621745868511835,-0.6943184814453125,-0.12689268798828124
48.85925269126892,0.0035972434964768626,-0.5817910034179687,-0.29927520751953124
48.88010621070862,-0.002264931090374321,-0.5027823486328125,-0.3232172241210937
48.899357080459595,0.0,-0.38307226562499996,-0.3016694091796875
48.91913080215454,0.0014655436467127959,-0.6177040283203125,-0.15562310791015624
48.94088912010193,-0.005462480865020421,-0.38786066894531246,-0.27293898925781246
48.95917534828186,-0.0063950995492922,-0.4261678955078125,-0.19632453613281248
48.97928023338318,-0.012923430339194655,-0.40462008056640625,-0.34715924072265625
48.999319314956665,-0.012390505376753637,-0.6679822631835937,-0.17956512451171874
49.01931619644165,-0.014122511504686942,-0.5003881469726562,-0.20350714111328125
49.03962516784668,-0.0127901990985844,-0.5578489868164063,-0.22026655273437498
49.05942106246948,-0.010658499248820334,-0.33758243408203126,-0.3758896606445312
49.079047441482544,-0.0035972434964768626,-0.6200982299804687,-0.3950432739257812
49.09915113449097,-0.002264931090374321,-0.47644613037109373,-0.17956512451171874
49.11877942085266,-0.003464012255866608,-0.5147533569335937,-0.33518823242187495
49.139488220214844,-0.006528330789902454,-0.4477157104492187,-0.44532150878906246
49.159401416778564,-0.005196018383799912,-0.5434837768554687,-0.17238251953125
49.17947602272034,-0.0058621745868511835,-0.430956298828125,-0.1580173095703125
49.19897651672363,-0.012656967857974145,-0.603338818359375,-0.49320554199218747
49.218883752822876,-0.010392036767599824,-0.41898529052734373,-0.143652099609375
49.23936629295349,-0.0058621745868511835,-0.4525041137695312,-0.5985504150390625
49.259138107299805,-0.0074609494741742334,-0.5578489868164063,-0.430956298828125
49.27907943725586,-0.01052526800821008,-0.4572925170898437,-0.21068974609375
49.29902648925781,-0.0073277182335639785,-0.19153613281249998,-0.0526724365234375
49.319082736968994,0.0021316998497640663,-0.7278373046875,-0.38786066894531246
49.33890962600708,0.004929555902579405,-0.4429273071289062,-0.3687070556640625
49.35882592201233,0.003464012255866608,-0.43574470214843747,-0.19153613281249998
49.379265785217285,-0.0013323124061025418,-0.5985504150390625,-0.39983167724609375
49.39902186393738,-0.03410719759622506,-0.24660277099609373,-0.27293898925781246
49.418827056884766,0.0013323124061025418,-0.45010991210937495,-0.2609679809570312
49.43906092643738,-0.007061255752343471,-0.4165910888671875,-0.33039982910156246
49.459442377090454,-0.016387442595061263,-0.38307226562499996,-0.2609679809570312
49.479267835617065,-0.008793261880276773,-0.1580173095703125,-0.23223756103515625
49.49917125701904,0.0030643185340358454,-0.565031591796875,-0.4070142822265625
49.51922678947449,0.009192955602107537,-0.5626373901367188,-0.2059013427734375
49.539132833480835,0.03397396635561481,-0.39743747558593745,-0.39743747558593745
49.5591025352478,0.0014655436467127959,-0.40940848388671874,-0.09816226806640624
49.57976698875427,0.0058621745868511835,-0.3112462158203125,-0.316034619140625
49.599069356918335,0.005995405827461438,-0.6512228515624999,-0.11013327636718749
49.61883282661438,-0.0074609494741742334,-0.7326257080078125,-0.3327940307617187
49.639254331588745,-0.011324655451871604,-0.3591302490234375,-0.03591302490234375
49.65945053100586,-0.0033307810152563544,-0.4477157104492187,-0.354341845703125
49.67924237251282,0.0057289433462409285,-0.4261678955078125,-0.20350714111328125
49.699037075042725,-0.0075941807147844875,-0.3950432739257812,-0.201112939453125
49.71873140335083,-0.009725880564548555,-0.33039982910156246,-0.16759411621093748
49.73916411399841,-0.0033307810152563544,-0.21308394775390624,-0.3016694091796875
49.75962495803833,-0.006261868308681946,-0.7038952880859375,-0.354341845703125
49.77926301956177,-0.012257274136143382,-0.59376201171875,-0.11252747802734374
49.79888606071472,-0.009992343045769061,-0.2442085693359375,-0.3591302490234375
49.81890106201172,-0.002531393571594829,-0.41419688720703124,-0.44053310546874996
49.839415073394775,0.002531393571594829,-0.4908113403320312,-0.30406361083984373
49.8593225479126,-0.00013323124061025415,-0.45968671875,-0.04548983154296875
49.879188776016235,-0.003464012255866608,-0.45010991210937495,-0.4070142822265625
49.89923667907715,-0.0058621745868511835,-0.3112462158203125,-0.16759411621093748
49.91909432411194,-0.0010658499248820332,-0.47884033203125,-0.17238251953125
49.93927526473999,-0.0031975497746461,-0.40222587890625,-0.22266075439453123
49.95898675918579,-0.013323124061025418,-0.7493851196289062,-0.3327940307617187
49.979403495788574,-0.008127105677225504,-0.44532150878906246,-0.30406361083984373
49.99931263923645,-0.000799387443661525,-0.5219359619140624,-0.13168109130859373
50.01883816719055,-0.002531393571594829,-0.47165772705078124,-0.411802685546875
50.03961205482483,-0.01052526800821008,-0.6943184814453125,-0.1149216796875
50.05924153327942,-0.008793261880276773,-0.2346317626953125,-0.18435352783203124
50.07946014404297,-0.008127105677225504,-0.29927520751953124,-0.29927520751953124
50.09914422035217,-0.008793261880276773,-0.4333505004882812,-0.2609679809570312
50.11884593963623,-0.017453292519943295,-0.603338818359375,-0.10773907470703124
50.13924741744995,-0.007727411955394742,-0.22026655273437498,-0.4070142822265625
50.159095764160156,-0.004529862180748642,-0.28730419921875,-0.37828386230468747
50.17937874794006,0.0037304747370871167,-0.6200982299804687,-0.42377369384765623
50.19925332069397,-0.005595712105630674,-0.5602431884765625,-0.34237083740234375
50.21903038024902,-0.004263399699528133,-0.43574470214843747,-0.17956512451171874
50.239920139312744,0.005329249624410167,-0.584185205078125,-0.13646949462890623
50.25910258293152,0.002264931090374321,-0.3806780639648437,-0.32561142578124996
50.27941608428955,-0.011591117933092112,-0.7206546997070312,-0.258573779296875
50.299129009246826,-0.01705359879811253,-0.5578489868164063,-0.06943184814453125
50.31906604766846,-0.01052526800821008,-0.21308394775390624,-0.34237083740234375
50.338921308517456,-0.004396630940138387,-0.7278373046875,-0.2825157958984375
50.35891890525818,-0.013856049023466432,-0.5099649536132812,-0.3591302490234375
50.379364252090454,-0.012390505376753637,-0.5099649536132812,-0.08140285644531249
50.39887070655823,0.0011990811654922875,-0.39983167724609375,-0.258573779296875
50.41883611679077,0.011324655451871604,-0.45968671875,-0.3758896606445312
50.439173221588135,0.0037304747370871167,-0.4908113403320312,-0.3495534423828125
50.45893049240112,-0.010258805526989571,-0.4955997436523437,0.0383072265625
50.479328632354736,-0.003464012255866608,-0.33758243408203126,-0.2705447875976562
50.498931646347046,-0.03370750387439431,-0.5913678100585937,-0.12449848632812499
50.518850803375244,-0.008127105677225504,-0.354341845703125,-0.36391865234375
50.539337158203125,-0.01971822361031762,-0.6105214233398437,-0.033518823242187495
50.55882501602173,-0.008793261880276773,-0.469263525390625,-0.1005564697265625
50.57906794548035,0.0011990811654922875,-0.4740519287109375,-0.39743747558593745
50.59915637969971,-0.006261868308681946,-0.5578489868164063,-0.2920926025390625
50.61887311935425,-0.012656967857974145,-0.39743747558593745,-0.06703764648437499
50.63920831680298,-0.0127901990985844,-0.19153613281249998,-0.20350714111328125
50.65959668159485,-0.001732006127933304,-0.43574470214843747,-0.40462008056640625
50.67948365211487,-0.0002664624812205083,-0.48123453369140623,-0.18435352783203124
50.69906735420227,-0.014522205226517705,-0.5817910034179687,-0.2537853759765625
50.71885418891907,-0.01958499236970736,-0.7852981445312499,0.076614453125
50.73892688751221,-0.0127901990985844,-0.36391865234375,-0.2537853759765625
50.75901460647583,-0.0075941807147844875,-0.5626373901367188,-0.1388636962890625
50.77926802635193,-0.020384379813368887,-0.5147533569335937,-0.16280571289062498
50.79904294013977,-0.01851914244482533,-0.49320554199218747,-0.258573779296875
50.818904876708984,-0.016520673835671518,-0.3064578125,-0.34237083740234375
50.83907961845398,-0.0039969372183076245,-0.4165910888671875,-0.3854664672851562
50.85928010940552,-0.00159877488732305,-0.2705447875976562,-0.30406361083984373
50.87905406951904,-0.004130168458917879,-0.5506663818359374,-0.16998831787109375
50.898937702178955,0.00013323124061025415,-0.19632453613281248,-0.2346317626953125
50.91885805130005,0.000799387443661525,-0.36631285400390623,-0.1484405029296875
50.939188957214355,-0.0030643185340358454,-0.55545478515625,-0.19871873779296872
50.95891094207764,-0.014655436467127957,-0.5626373901367188,-0.12689268798828124
50.9792206287384,-0.02371516082862524,-0.3854664672851562,-0.23223756103515625
50.99905610084534,-0.008526799399056265,-0.3327940307617187,-0.3016694091796875
51.01878094673157,-0.007993874436615249,-0.32082302246093747,-0.2753331909179687
51.03926610946655,-0.01851914244482533,-0.24181436767578124,-0.2059013427734375
51.05952334403992,-0.020517611053979142,-0.34237083740234375,0.01915361328125
51.07919192314148,-0.008260336917835759,-0.2705447875976562,-0.5123591552734374
51.098899841308594,-0.005995405827461438,-0.3806780639648437,-0.2154781494140625
51.118871450424194,-0.01572128639200999,-0.5506663818359374,-0.24899697265624998
51.13948154449463,-0.011591117933092112,-0.411802685546875,-0.01915361328125
51.15887260437012,-0.006661562030512709,-0.49799394531249996,-0.2537853759765625
51.17942142486572,-0.009059724361497283,-0.6488286499023437,-0.33758243408203126
51.199053049087524,-0.014655436467127957,-0.603338818359375,-0.15322890625
51.21899652481079,-0.014122511504686942,-0.4525041137695312,-0.316034619140625
51.240039587020874,-0.004529862180748642,-0.4285620971679687,-0.23702596435546874
51.25930619239807,-0.00159877488732305,-0.258573779296875,-0.229843359375
51.279212474823,-0.015454823910789483,-0.24181436767578124,-0.16041151123046873
51.299171686172485,-0.02438131703167651,-0.2705447875976562,-0.16759411621093748
51.318880558013916,-0.010658499248820334,-0.4381389038085937,0.009576806640625
51.33928871154785,-0.002797856052815337,-0.603338818359375,-0.24181436767578124
51.35905075073242,-0.010924961730040842,-0.33518823242187495,-0.2753331909179687
51.379860162734985,-0.02531393571594829,-0.39264907226562495,-0.3064578125
51.39926290512085,-0.017719755001163805,-0.488417138671875,-0.08140285644531249
51.41917061805725,-0.002398162330984575,-0.5506663818359374,-0.41898529052734373
51.43936896324158,-0.008127105677225504,-0.5195417602539062,-0.076614453125
51.45904755592346,-0.009459418083328047,-0.4836287353515625,-0.22744915771484372
51.47917556762695,-0.004263399699528133,-0.5243301635742187,-0.28730419921875
51.49897885322571,0.0021316998497640663,-0.5482721801757812,-0.22026655273437498
51.518874645233154,0.00479632466196915,-0.46208092041015625,-0.26815058593749996
51.53896713256836,-0.010258805526989571,-0.5506663818359374,-0.29448680419921874
51.55894184112549,-0.012257274136143382,-0.2154781494140625,0.016759411621093748
51.57925295829773,-0.009059724361497283,-0.5482721801757812,-0.1292868896484375
51.59915328025818,-0.0039969372183076245,-0.5770026000976562,-0.40462008056640625
51.61933088302612,-0.016254211354451008,-0.4285620971679687,-0.17477672119140625
51.63892221450806,-0.01572128639200999,-0.45968671875,-0.21308394775390624
51.65882849693298,-0.006528330789902454,-0.46208092041015625,-0.34715924072265625
51.67903995513916,0.004529862180748642,-0.48123453369140623,-0.1292868896484375
51.69885802268982,-0.002398162330984575,-0.47165772705078124,-0.20350714111328125
51.718738317489624,-0.0075941807147844875,-0.38786066894531246,-0.21787235107421873
51.739150285720825,0.000799387443661525,-0.4070142822265625,-0.39983167724609375
51.7588050365448,0.006928024511733216,-0.6272808349609375,-0.20350714111328125
51.77899980545044,-0.0026646248122050836,-0.5722141967773438,-0.25139117431640623
51.79896259307861,-0.011990811654922875,-0.36391865234375,-0.13646949462890623
51.81911087036133,-0.005196018383799912,-0.4955997436523437,-0.2705447875976562
51.83905005455017,-0.002531393571594829,-0.6488286499023437,-0.239420166015625
51.85900902748108,-0.014522205226517705,-0.51714755859375,-0.201112939453125
51.879085063934326,-0.01851914244482533,-0.17477672119140625,-0.22744915771484372
51.89891505241394,-0.01438897398590745,-0.5386953735351562,-0.23702596435546874
51.91882562637329,-0.0019984686091538122,-0.5865794067382812,-0.16759411621093748
51.93934965133667,-0.016254211354451008,-0.7422025146484375,-0.4381389038085937
51.95893120765686,-0.022382848422522698,-0.5674257934570313,0.12449848632812499
51.97931981086731,-0.013189892820415163,-0.28730419921875,-0.22266075439453123
51.99909949302673,-0.013323124061025418,-0.7900865478515624,-0.1388636962890625
52.01866960525513,-0.02131699849764067,-0.5985504150390625,0.009576806640625
52.03932523727417,-0.024114854550456002,-0.39264907226562495,-0.28012159423828126
52.05905890464783,-0.026646248122050836,-0.4429273071289062,-0.22266075439453123
52.08015465736389,-0.014255742745297196,-0.45010991210937495,-0.21308394775390624
52.099117279052734,-0.0127901990985844,-0.5602431884765625,-0.11252747802734374
52.11908793449402,-0.01052526800821008,-0.5003881469726562,-0.46208092041015625
52.13919949531555,-0.011191424211261349,-0.30885201416015623,-0.13407529296874998
52.15908741950989,-0.0073277182335639785,-0.55545478515625,-0.031124621582031248
52.178991079330444,-0.011591117933092112,-0.5602431884765625,-0.34715924072265625
52.198949575424194,-0.012923430339194655,-0.22026655273437498,-0.22744915771484372
52.21874380111694,-0.004929555902579405,-0.2059013427734375,-0.19632453613281248
52.23908734321594,-0.004929555902579405,-0.44053310546874996,-0.5363011718749999
52.25879883766174,-0.002797856052815337,-0.5363011718749999,-0.0383072265625
52.27938413619995,-0.015454823910789483,-0.7015010864257812,-0.28012159423828126
52.29928398132324,-0.01185758041431262,-0.4285620971679687,-0.2561795776367187
52.319085359573364,-0.011191424211261349,-0.49799394531249996,-0.2705447875976562
52.33922505378723,-0.010924961730040842,-0.6344634399414062,-0.16759411621093748
52.35885715484619,-0.023581929588014985,-0.6536170532226562,-0.1580173095703125
52.37933373451233,-0.02011791733214838,-0.26336218261718747,-0.38307226562499996
52.39936876296997,-0.009992343045769061,-0.38307226562499996,-0.19393033447265623
52.41890048980713,-0.0003996937218307625,-0.40940848388671874,-0.24181436767578124
52.439197063446045,-0.0013323124061025418,-0.488417138671875,-0.4070142822265625
52.4589319229126,-0.006928024511733216,-0.3447650390625,-0.2442085693359375
52.479371309280396,-0.008926493120887028,-0.38307226562499996,-0.32561142578124996
52.499061822891235,-0.033307810152563545,-0.507570751953125,-0.21308394775390624
52.51884365081787,-0.006661562030512709,-0.5458779785156249,-0.13646949462890623
52.53904438018799,-0.007993874436615249,-0.5195417602539062,-0.3854664672851562
52.55892729759216,-0.0057289433462409285,-0.33758243408203126,-0.13646949462890623
52.57936096191406,-0.0037304747370871167,-0.41419688720703124,-0.30406361083984373
52.599183559417725,-0.006794793271122962,-0.35194764404296874,-0.3495534423828125
52.61902570724487,-0.007860643196004996,-0.5434837768554687,-0.19632453613281248
52.638904333114624,0.004263399699528133,-0.21068974609375,0.031124621582031248
52.65911030769348,0.008127105677225504,-0.3950432739257812,-0.3232172241210937
52.67906165122986,-0.004929555902579405,-0.5147533569335937,-0.39743747558593745
52.698968172073364,-0.017586523760553547,-0.3950432739257812,-0.06464344482421874
52.71888470649719,-0.009459418083328047,-0.3112462158203125,-0.26815058593749996
52.73907709121704,-0.005995405827461438,-0.3064578125,-0.28012159423828126
52.758867502212524,-0.004130168458917879,-0.6943184814453125,-0.3232172241210937
52.77919840812683,-0.005595712105630674,-0.45489831542968745,-0.05746083984375
52.799153327941895,-0.005595712105630674,-0.4908113403320312,-0.3758896606445312
52.818931102752686,0.0030643185340358454,-0.19632453613281248,-0.48123453369140623
52.83891224861145,0.005462480865020421,-0.46208092041015625,-0.08140285644531249
52.859312772750854,0.0006661562030512709,-0.4333505004882812,-0.16519991455078123
52.87917351722717,-0.003464012255866608,-0.5698199951171875,-0.45010991210937495
52.898924350738525,-0.00159877488732305,-0.17956512451171874,-0.16280571289062498
52.91983723640442,0.003863705977697371,-0.3136404174804687,-0.143652099609375
52.93920683860779,-0.005329249624410167,-0.3232172241210937,-0.3902548706054687
52.95908308029175,-0.010125574286379316,-0.5674257934570313,-0.1388636962890625
52.979406118392944,-0.005462480865020421,-0.13407529296874998,-0.373495458984375
52.999130725860596,-0.012523736617363892,-0.6392518432617187,-0.24181436767578124
53.01937961578369,-0.010125574286379316,-0.40940848388671874,-0.19871873779296872
53.03947615623474,-0.008393568158446012,-0.4644751220703125,-0.09816226806640624
53.058995485305786,-0.0035972434964768626,-0.5243301635742187,-0.36152445068359373
53.07958483695984,0.0075941807147844875,-0.5363011718749999,-0.18435352783203124
53.099379777908325,-0.0039969372183076245,-0.44532150878906246,-0.21068974609375
53.121153116226196,0.0002664624812205083,-0.32561142578124996,-0.1388636962890625
53.13910365104675,-0.0026646248122050836,-0.2059013427734375,-0.21787235107421873
53.158796072006226,-0.001732006127933304,-0.36152445068359373,-0.16519991455078123
53.179115533828735,-0.006128637068071691,-0.45968671875,-0.3280056274414062
53.198973655700684,-0.016653905076281773,-0.4644751220703125,-0.41419688720703124
53.21933341026306,-0.010125574286379316,-0.37828386230468747,0.0143652099609375
53.240025758743286,-0.0014655436467127959,-0.181959326171875,-0.38307226562499996
53.259156465530396,-0.002531393571594829,-0.4285620971679687,-0.40940848388671874
53.27939414978027,-0.0009326186842717792,-0.5363011718749999,-0.22266075439453123
53.299166440963745,-0.0019984686091538122,-0.354341845703125,-0.08140285644531249
53.319185972213745,0.00985911180515881,-0.4955997436523437,-0.3902548706054687
53.339258432388306,0.004396630940138387,-0.5434837768554687,-0.26336218261718747
53.35920524597168,-0.004396630940138387,-0.47884033203125,-0.09816226806640624
53.3801474571228,-0.018119448722994567,-0.5674257934570313,-0.09576806640624999
53.39939570426941,-0.013856049023466432,-0.36391865234375,-0.0526724365234375
53.41901874542236,-0.0127901990985844,-0.507570751953125,-0.2920926025390625
53.43919038772583,-0.01692036755750228,-0.16519991455078123,-0.3112462158203125
53.45881652832031,-0.018119448722994567,-0.3950432739257812,-0.4381389038085937
53.479090213775635,-0.004396630940138387,-0.603338818359375,-0.28969840087890625
53.499096632003784,0.017453292519943295,-0.45010991210937495,-0.36152445068359373
53.519004106521606,0.00866003063966652,-0.6248866333007812,-0.354341845703125
53.538933992385864,-0.0030643185340358454,-0.46686932373046874,-0.17956512451171874
53.55888104438782,0.002797856052815337,-0.2059013427734375,-0.00718260498046875
53.580833435058594,0.003863705977697371,-0.44532150878906246,-0.229843359375
53.59917378425598,-0.000799387443661525,-0.3902548706054687,-0.2657563842773437
53.61913752555847,-0.014522205226517705,-0.55545478515625,-0.354341845703125
53.6393256187439,-0.011191424211261349,-0.3758896606445312,-0.15322890625
53.659112215042114,0.007194486992953725,-0.4429273071289062,-0.30885201416015623
53.67922258377075,0.010924961730040842,-0.42377369384765623,-0.21787235107421873
53.69891667366028,-0.004263399699528133,-0.51714755859375,-0.27293898925781246
53.719364643096924,-0.00985911180515881,-0.5003881469726562,-0.18435352783203124
53.7388858795166,-0.004263399699528133,-0.51714755859375,-0.28730419921875
53.75939655303955,-0.003464012255866608,-0.32082302246093747,-0.4429273071289062
53.77954649925232,-0.01345635530163567,-0.4477157104492187,-0.1388636962890625
53.79915380477905,-0.014655436467127957,-0.27293898925781246,-0.1484405029296875
53.81913924217224,-0.004663093421358896,-0.39743747558593745,-0.5003881469726562
53.83885478973389,0.0073277182335639785,-0.5339069702148437,-0.28490999755859375
53.85881948471069,0.00159877488732305,-0.373495458984375,-0.16998831787109375
53.87943887710571,-0.0006661562030512709,-0.44053310546874996,-0.18914193115234373
53.89932584762573,-0.0005329249624410166,-0.411802685546875,-0.11252747802734374
53.91891026496887,0.0035972434964768626,-0.6200982299804687,-0.38786066894531246
53.93914318084717,-0.009192955602107537,-0.5123591552734374,-0.1388636962890625
53.95884418487549,-0.018918836166656093,-0.4836287353515625,-0.22744915771484372
53.98063254356384,-0.01052526800821008,-0.1867477294921875,-0.296881005859375
53.999380111694336,-0.008260336917835759,-0.5506663818359374,-0.08858546142578125
54.01895880699158,-0.003464012255866608,-0.4261678955078125,-0.44532150878906246
54.03956151008606,-0.011591117933092112,-0.5099649536132812,-0.3112462158203125
54.05935621261597,-0.0002664624812205083,-0.143652099609375,0.0143652099609375
54.07919788360596,-0.0026646248122050836,-0.43574470214843747,-0.23223756103515625
54.099108934402466,-0.011457886692481857,-0.17477672119140625,-0.2705447875976562
54.11883544921875,-0.012923430339194655,-0.2609679809570312,-0.2705447875976562
54.13939595222473,-0.012523736617363892,-0.239420166015625,-0.3687070556640625
54.15905046463013,-0.002531393571594829,-0.40940848388671874,-0.38307226562499996
54.179213523864746,-0.0009326186842717792,-0.3950432739257812,-0.22026655273437498
54.1988525390625,-0.0037304747370871167,-0.3854664672851562,-0.3232172241210937
54.218995809555054,-0.0073277182335639785,-0.45489831542968745,-0.2561795776367187
54.240039110183716,0.0013323124061025418,-0.4644751220703125,-0.055066638183593745
54.25934290885925,-0.0005329249624410166,-0.47165772705078124,-0.5722141967773438
54.27936363220215,-0.009459418083328047,-0.3806780639648437,-0.19393033447265623
54.29919505119324,-0.014788667707738212,-0.44053310546874996,-0.17477672119140625
54.31892108917236,-0.009326186842717792,-0.28730419921875,-0.22266075439453123
54.33895659446716,-0.004130168458917879,-0.5985504150390625,-0.23702596435546874
54.35903310775757,-0.011191424211261349,-0.37828386230468747,-0.1867477294921875
54.379392862319946,-0.01705359879811253,-0.15562310791015624,-0.229843359375
54.399287700653076,-0.0095926493239383,-0.26815058593749996,-0.30406361083984373
54.418819189071655,0.0010658499248820332,-0.5674257934570313,-0.1771709228515625
54.43923854827881,0.0011990811654922875,-0.181959326171875,-0.28490999755859375
54.45924162864685,-0.01345635530163567,-0.5243301635742187,-0.09337386474609374
54.47919464111328,-0.0073277182335639785,-0.45968671875,-0.23702596435546874
54.498854637145996,-0.003464012255866608,-0.5626373901367188,-0.00239420166015625
54.51873064041138,-0.013589586542245924,-0.4572925170898437,-0.5267243652343749
54.539523124694824,-0.022915773384963714,-0.2705447875976562,-0.24181436767578124
54.559001445770264,-0.01185758041431262,-0.26336218261718747,0.0526724365234375
54.57959461212158,-0.002797856052815337,-0.44532150878906246,-0.46686932373046874
54.599332332611084,-0.0009326186842717792,-0.5817910034179687,-0.30885201416015623
54.61911129951477,-0.006794793271122962,-0.354341845703125,-0.105344873046875
54.63924217224121,-0.002531393571594829,-0.39264907226562495,-0.05027823486328125
54.65919613838196,-0.002398162330984575,-0.44532150878906246,-0.24181436767578124
54.679386138916016,-0.005595712105630674,-0.6368576416015624,-0.1484405029296875
54.69890856742859,-0.01212404289553313,-0.46208092041015625,-0.201112939453125
54.71883773803711,-0.022516079663132953,-0.34715924072265625,-0.2920926025390625
54.73890686035156,-0.014255742745297196,-0.28730419921875,0.028730419921875
54.759045362472534,-0.009326186842717792,-0.6919242797851562,-0.21068974609375
54.77949786186218,-0.016787136316892024,-0.373495458984375,-0.27293898925781246
54.798919916152954,-0.013189892820415163,-0.1771709228515625,-0.16519991455078123
54.81938195228577,-0.00866003063966652,-0.2753331909179687,-0.36152445068359373
54.83916211128235,0.03397396635561481,-0.603338818359375,-0.15562310791015624
54.85889410972595,-0.0014655436467127959,-0.44532150878906246,-0.38786066894531246
54.879310846328735,0.0021316998497640663,-0.39983167724609375,0.028730419921875
54.89882159233093,-0.006528330789902454,-0.39983167724609375,-0.3854664672851562
54.91881990432739,-0.010658499248820334,-0.70868369140625,-0.30406361083984373
54.938921213150024,-0.011724349173702367,-0.6560112548828124,-0.18435352783203124
54.95872449874878,-0.014255742745297196,-0.5865794067382812,-0.1388636962890625
54.97916340827942,-0.011990811654922875,-0.4070142822265625,-0.37828386230468747
54.999003410339355,-0.005995405827461438,-0.3591302490234375,-0.1292868896484375
55.01877570152283,-0.011724349173702367,-0.29927520751953124,-0.16041151123046873
55.0390043258667,-0.01705359879811253,-0.34715924072265625,-0.316034619140625
55.05880308151245,-0.011457886692481857,-0.3591302490234375,-0.09337386474609374
55.07956147193909,-0.0021316998497640663,-0.5123591552734374,-0.02154781494140625
55.099215269088745,-0.017186830038722786,-0.6464344482421874,-0.17477672119140625
55.11896586418152,-0.025447166956558548,-0.40462008056640625,-0.1484405029296875
55.13919949531555,-0.027712098046932865,-0.26815058593749996,-0.20829554443359374
55.15930771827698,-0.024114854550456002,-0.6153098266601562,-0.44532150878906246
55.17928647994995,-0.014522205226517705,-0.36391865234375,-0.41898529052734373
55.1990909576416,0.005196018383799912,-0.3711012573242187,-0.3711012573242187
55.2188994884491,0.018385911204215073,-0.11731588134765625,-0.5363011718749999
55.240172386169434,0.02371516082862524,-0.5530605834960938,-0.35673604736328124
55.25921845436096,0.015588055151399738,-0.19153613281249998,-0.11013327636718749
55.2793128490448,-0.006661562030512709,-0.45489831542968745,-0.028730419921875
55.299113273620605,-0.02571362943777905,-0.6177040283203125,0.3327940307617187
55.31914138793945,-0.022516079663132953,-0.3136404174804687,-0.2609679809570312
55.339317321777344,-0.036105666205378875,-0.6871358764648438,-0.13646949462890623
55.35922980308533,-0.041834609551619814,-0.5386953735351562,-0.1771709228515625
55.37921476364136,-0.03757120985209167,-0.45010991210937495,-0.3112462158203125
55.39904475212097,-0.02131699849764067,-0.2825157958984375,-0.4165910888671875
55.41880941390991,-0.005995405827461438,-0.35673604736328124,-0.40940848388671874
55.43897604942322,0.0,-0.29927520751953124,-0.24899697265624998
55.458707332611084,-0.0019984686091538122,-0.4213794921875,-0.4333505004882812
55.479267835617065,0.0073277182335639785,-0.4525041137695312,-0.2346317626953125
55.498931884765625,0.0005329249624410166,-0.6775590698242188,-0.16998831787109375
55.518749713897705,-0.007860643196004996,-0.3950432739257812,-0.13168109130859373
55.53901791572571,-0.025180704475338038,-0.5458779785156249,-0.14604630126953125
55.55909991264343,-0.02464777951289702,-0.42377369384765623,-0.13407529296874998
55.57939600944519,-0.012523736617363892,-0.4381389038085937,-0.40462008056640625
55.59912991523743,-0.008793261880276773,-0.5578489868164063,-0.3232172241210937
55.6190505027771,-0.019984686091538122,-0.5123591552734374,-0.12449848632812499
55.63898062705994,-0.009459418083328047,-0.32561142578124996,-0.3016694091796875
55.65905785560608,0.002398162330984575,-0.3687070556640625,-0.5363011718749999
55.67904567718506,0.005062787143189658,-0.16998831787109375,-0.239420166015625
55.69912624359131,-0.004929555902579405,-0.3711012573242187,-0.0909796630859375
55.718878984451294,-0.01052526800821008,-0.15322890625,-0.06943184814453125
55.73889994621277,-0.0031975497746461,-0.16519991455078123,-0.5003881469726562
55.758873462677,-0.004263399699528133,-0.6105214233398437,-0.2657563842773437
55.77908682823181,-0.007993874436615249,-0.7589619262695312,-0.3136404174804687
55.79900050163269,-0.008926493120887028,-0.5674257934570313,-0.3399766357421875
55.818917989730835,0.00013323124061025415,-0.3711012573242187,0.055066638183593745
55.83901238441467,0.005329249624410167,-0.4908113403320312,-0.28490999755859375
55.85932278633118,-0.0095926493239383,-0.4836287353515625,-0.05746083984375
55.87927579879761,-0.017453292519943295,-0.2537853759765625,-0.22266075439453123
55.898966789245605,-0.008393568158446012,-0.42377369384765623,-0.2609679809570312
55.91862750053406,-0.004263399699528133,-0.34715924072265625,-0.181959326171875
55.93905329704285,-0.01438897398590745,-0.2609679809570312,-0.33518823242187495
55.95887494087219,-0.022116385941302188,-0.28012159423828126,0.19632453613281248
55.97931218147278,-0.01372281778285618,-0.48123453369140623,-0.316034619140625
55.99897074699402,-0.004529862180748642,-0.5027823486328125,-0.22744915771484372
56.018649101257324,-0.016387442595061263,-0.488417138671875,-0.27293898925781246
56.039185523986816,-0.02424808579106626,-0.40222587890625,-0.14604630126953125
56.05892825126648,-0.01851914244482533,-0.27293898925781246,-0.0526724365234375
56.07922863960266,-0.005196018383799912,-0.49799394531249996,-0.21308394775390624
56.09910321235657,-0.009459418083328047,-0.3184288208007812,-0.28012159423828126
56.11910820007324,-0.008526799399056265,-0.3016694091796875,-0.33039982910156246
56.139219999313354,-0.012257274136143382,-0.316034619140625,-0.24660277099609373
56.158982276916504,0.00013323124061025415,-0.4381389038085937,-0.20829554443359374
56.17934322357178,-0.006928024511733216,-0.5027823486328125,-0.41419688720703124
56.19925498962402,-0.0073277182335639785,-0.29927520751953124,-0.076614453125
56.21884536743164,-0.007194486992953725,-0.316034619140625,-0.13407529296874998
56.2397825717926,0.0035972434964768626,-0.5698199951171875,-0.5434837768554687
56.2589111328125,0.0003996937218307625,-0.33518823242187495,-0.2442085693359375
56.279380321502686,-0.017719755001163805,-0.4860229370117187,-0.24181436767578124
56.29912996292114,-0.016653905076281773,-0.3758896606445312,-0.023942016601562498
56.31904935836792,-0.011191424211261349,-0.6943184814453125,-0.30885201416015623
56.338956356048584,-0.0033307810152563544,-0.40940848388671874,-0.1484405029296875
56.35889720916748,-0.02464777951289702,-0.51714755859375,-0.12449848632812499
56.37900114059448,-0.026379785640830326,-0.3016694091796875,-0.36391865234375
56.39895749092102,-0.006661562030512709,-0.40462008056640625,-0.23702596435546874
56.41876745223999,0.009326186842717792,-0.33039982910156246,-0.29448680419921874
56.4390594959259,-0.0019984686091538122,-0.584185205078125,-0.4285620971679687
56.458855867385864,-0.011191424211261349,-0.3854664672851562,-0.028730419921875
56.47909617424011,-0.014122511504686942,-0.39743747558593745,-0.26815058593749996
56.499045848846436,-0.004929555902579405,-0.8068459594726562,-0.17477672119140625
56.51883673667908,-0.01185758041431262,-0.6057330200195312,-0.2920926025390625
56.5389838218689,-0.017186830038722786,-0.6392518432617187,-0.32561142578124996
56.55870223045349,-0.0095926493239383,-0.3806780639648437,-0.2705447875976562
56.57913303375244,-0.004263399699528133,-0.30885201416015623,-0.22744915771484372
56.59897446632385,-0.0033307810152563544,-0.316034619140625,-0.2609679809570312
56.61906623840332,-0.0095926493239383,-0.5123591552734374,-0.28730419921875
56.63940072059631,0.0005329249624410166,-0.4261678955078125,-0.13407529296874998
56.65908432006836,0.004396630940138387,-0.5315127685546874,-0.36391865234375
56.67908430099487,0.005329249624410167,-0.33758243408203126,-0.4070142822265625
56.699254512786865,-0.011191424211261349,-0.36631285400390623,-0.086191259765625
56.71936893463135,-0.01438897398590745,-0.36631285400390623,-0.1292868896484375
56.73903179168701,-0.0021316998497640663,-0.4165910888671875,-0.24660277099609373
56.75927805900574,-0.0026646248122050836,-0.7158662963867187,-0.4285620971679687
56.77926516532898,-0.011058192970651094,-0.30885201416015623,-0.3184288208007812
56.799333572387695,-0.006261868308681946,-0.3711012573242187,-0.09576806640624999
56.81876587867737,0.006661562030512709,-0.46686932373046874,-0.488417138671875
56.83905100822449,0.010924961730040842,-0.5147533569335937,-0.2154781494140625
56.859060525894165,0.0006661562030512709,-0.46686932373046874,-0.33039982910156246
56.87909650802612,-0.0018652373685435584,-0.30885201416015623,-0.10295067138671875
56.89891195297241,-0.0014655436467127959,-0.17956512451171874,-0.15562310791015624
56.91883850097656,0.0014655436467127959,-0.5315127685546874,-0.239420166015625
56.93905425071716,0.03317457891195329,-0.33758243408203126,-0.3136404174804687
56.95889449119568,-0.007194486992953725,-0.5961562133789062,-0.2442085693359375
56.979371070861816,-0.007061255752343471,-0.21787235107421873,-0.1580173095703125
56.99915933609009,-0.004130168458917879,-0.7038952880859375,-0.09576806640624999
57.01892900466919,-0.006261868308681946,-0.46686932373046874,-0.35194764404296874
57.03893160820007,-0.00985911180515881,-0.6751648681640625,-0.21308394775390624
57.0588321685791,-0.004663093421358896,-0.39743747558593745,-0.2657563842773437
57.07904577255249,0.004396630940138387,-0.5434837768554687,-0.4333505004882812
57.09925603866577,-0.0014655436467127959,-0.46208092041015625,-0.3806780639648437
57.11893272399902,-0.004929555902579405,-0.39264907226562495,0.023942016601562498
57.13965392112732,0.0010658499248820332,-0.29927520751953124,-0.34237083740234375
57.15911889076233,0.002264931090374321,-0.622492431640625,-0.0718260498046875
57.17937660217285,-0.007860643196004996,-0.5027823486328125,-0.201112939453125
57.19987940788269,-0.01212404289553313,-0.5482721801757812,-0.5003881469726562
57.21913003921509,-0.0095926493239383,-0.23223756103515625,-0.05027823486328125
57.24029302597046,-0.005062787143189658,-0.22744915771484372,-0.16759411621093748
57.25887417793274,-0.008260336917835759,-0.5578489868164063,-0.43574470214843747
57.279374837875366,-0.004529862180748642,-0.40462008056640625,-0.24660277099609373
57.299614667892456,-0.0013323124061025418,-0.1580173095703125,-0.28012159423828126
57.31922101974487,0.006794793271122962,-0.5027823486328125,-0.22266075439453123
57.33944320678711,0.0035972434964768626,-0.6368576416015624,-0.277727392578125
57.35902285575867,-0.0035972434964768626,-0.4261678955078125,-0.17477672119140625
57.37919330596924,-0.01505513018895872,-0.5602431884765625,-0.16998831787109375
57.39924073219299,-0.012523736617363892,-0.4285620971679687,-0.0909796630859375
57.41908812522888,-0.013856049023466432,-0.6416460449218749,-0.2537853759765625
57.43939471244812,-0.016254211354451008,-0.8164227661132812,-0.34715924072265625
57.459022998809814,-0.016120980113840753,-0.9193734375,-0.2825157958984375
57.479572772979736,-0.0037304747370871167,-0.5770026000976562,-0.25139117431640623
57.4991250038147,0.006661562030512709,-0.718260498046875,-0.20350714111328125
57.518815994262695,0.008260336917835759,-0.6919242797851562,-0.27293898925781246
57.53938603401184,0.0003996937218307625,-0.8858546142578124,-0.3280056274414062
57.5592143535614,-0.0005329249624410166,-0.6536170532226562,-0.258573779296875
57.57926845550537,-0.001732006127933304,-0.6847416748046875,-0.1771709228515625
57.59917187690735,-0.007993874436615249,-0.8451531860351562,0.08858546142578125
57.61885142326355,-0.00479632466196915,-1.388636962890625,-0.2059013427734375
57.6393187046051,-0.0057289433462409285,-1.1180921752929687,-0.44532150878906246
57.65908479690552,-0.01052526800821008,-0.9217676391601562,-0.21308394775390624
57.679316997528076,-0.015854517632620246,-0.82360537109375,-0.354341845703125
57.699254751205444,-0.009992343045769061,-0.8714894042968749,-0.316034619140625
57.71876502037048,-0.0037304747370871167,-0.6153098266601562,-0.22026655273437498
57.73932361602783,-0.002797856052815337,-0.612915625,-0.27293898925781246
57.75920581817627,0.0010658499248820332,-0.6655880615234374,-0.33518823242187495
57.77957606315613,0.0073277182335639785,-0.6512228515624999,-0.28012159423828126
57.799389600753784,0.014788667707738212,-0.6200982299804687,-0.33758243408203126
57.81969666481018,0.017186830038722786,-0.46686932373046874,-0.28012159423828126
57.83917212486267,0.020650842294589397,-0.6392518432617187,-0.2753331909179687
57.85891938209534,0.02105053601642016,-0.5722141967773438,-0.2537853759765625
57.87918663024902,0.01985145485092787,-0.6775590698242188,-0.30885201416015623
57.89945983886719,0.02011791733214838,-0.6488286499023437,-0.277727392578125
57.918853998184204,0.01971822361031762,-0.49799394531249996,-0.19153613281249998
57.93920660018921,0.007061255752343471,-0.47884033203125,-0.19871873779296872
57.958980321884155,-0.004663093421358896,-0.5027823486328125,-0.21068974609375
57.97953248023987,-0.010791730489430587,-0.5195417602539062,-0.13646949462890623
57.999515771865845,-0.019052067407266345,-0.47884033203125,-0.15083470458984374
58.019530296325684,-0.03144257278401998,-0.430956298828125,-0.21787235107421873
58.0392382144928,-0.029444104174866172,-0.4285620971679687,-0.277727392578125
58.0588161945343,-0.031842266505850744,-0.4070142822265625,-0.26815058593749996
58.079633474349976,-0.023049004625573973,-0.430956298828125,-0.316034619140625
58.10058236122131,-0.01438897398590745,-0.488417138671875,-0.35673604736328124
58.119248390197754,-0.006928024511733216,-0.3950432739257812,-0.3112462158203125
58.138911962509155,-0.002531393571594829,-0.40940848388671874,-0.30885201416015623
58.158868074417114,0.002264931090374321,-0.40222587890625,-0.24181436767578124
58.17967486381531,0.006661562030512709,-0.40940848388671874,-0.23223756103515625
58.199729204177856,0.002531393571594829,-0.45489831542968745,-0.2753331909179687
58.21923327445984,0.000799387443661525,-0.4644751220703125,-0.25139117431640623
58.24114537239075,0.0006661562030512709,-0.33518823242187495,-0.3064578125
58.25898885726929,-0.03410719759622506,-0.5195417602539062,-0.21308394775390624
58.27917456626892,0.0013323124061025418,-0.507570751953125,-0.19393033447265623
58.29949188232422,-0.004929555902579405,-0.4836287353515625,-0.22266075439453123
58.31913208961487,-0.006261868308681946,-0.4860229370117187,-0.2657563842773437
58.339001417160034,-0.009459418083328047,-0.5123591552734374,-0.277727392578125
58.35904598236084,-0.00985911180515881,-0.4836287353515625,-0.2561795776367187
58.37964916229248,-0.013856049023466432,-0.44532150878906246,-0.181959326171875
58.39950251579285,-0.010125574286379316,-0.4381389038085937,-0.25139117431640623
58.41886758804321,-0.0095926493239383,-0.47165772705078124,-0.2537853759765625
58.43933892250061,-0.0039969372183076245,-0.4429273071289062,-0.28730419921875
58.4590265750885,-0.0026646248122050836,-0.30885201416015623,-0.2561795776367187
58.47975707054138,-0.0031975497746461,-0.4333505004882812,-0.27293898925781246
58.49947237968445,-0.006661562030512709,-0.4213794921875,-0.24899697265624998
58.51887011528015,-0.001732006127933304,-0.4740519287109375,-0.277727392578125
58.538963079452515,-0.002797856052815337,-0.47165772705078124,-0.229843359375
58.558958768844604,-0.0033307810152563544,-0.46208092041015625,-0.26815058593749996
58.57922673225403,-0.0037304747370871167,-0.48123453369140623,-0.25139117431640623
58.59950494766235,-0.006261868308681946,-0.488417138671875,-0.239420166015625
58.61886501312256,-0.0058621745868511835,-0.4477157104492187,-0.26336218261718747
58.63927984237671,-0.009459418083328047,-0.45968671875,-0.28012159423828126
58.65936350822449,-0.008793261880276773,-0.4740519287109375,-0.23223756103515625
58.6797399520874,-0.005462480865020421,-0.3112462158203125,-0.2657563842773437
58.699105978012085,-0.007194486992953725,-0.47165772705078124,-0.2537853759765625
58.71874451637268,-0.005462480865020421,-0.4477157104492187,-0.2705447875976562
58.73918151855469,-0.005329249624410167,-0.33039982910156246,-0.2537853759765625
58.759114027023315,-0.0063950995492922,-0.47884033203125,-0.24899697265624998
58.779523611068726,-0.005995405827461438,-0.4477157104492187,-0.239420166015625
58.7993278503418,-0.005462480865020421,-0.4429273071289062,-0.24899697265624998
58.81891083717346,-0.005329249624410167,-0.4261678955078125,-0.2059013427734375
58.83925747871399,-0.005995405827461438,-0.4477157104492187,-0.24899697265624998
58.85921812057495,-0.0057289433462409285,-0.34715924072265625,-0.21068974609375
58.879255294799805,-0.0031975497746461,-0.4381389038085937,-0.27293898925781246
58.89911675453186,-0.008260336917835759,-0.4333505004882812,-0.2346317626953125
58.91896438598633,-0.004929555902579405,-0.46208092041015625,-0.2920926025390625
58.93893504142761,-0.0033307810152563544,-0.488417138671875,-0.23223756103515625
58.95893311500549,-0.006928024511733216,-0.46208092041015625,-0.22505495605468748
58.979212284088135,-0.0058621745868511835,-0.488417138671875,-0.28730419921875
58.99928665161133,-0.004529862180748642,-0.4525041137695312,-0.2154781494140625
59.01900887489319,-0.005462480865020421,-0.5195417602539062,-0.22505495605468748
59.03920793533325,-0.004396630940138387,-0.469263525390625,-0.277727392578125
59.058995485305786,-0.005595712105630674,-0.49799394531249996,-0.26336218261718747
59.079455852508545,-0.00866003063966652,-0.4477157104492187,-0.22744915771484372
59.098915576934814,-0.0030643185340358454,-0.32561142578124996,-0.2705447875976562
59.1188440322876,-0.007727411955394742,-0.4261678955078125,-0.28012159423828126
59.139134883880615,-0.0039969372183076245,-0.47644613037109373,-0.2825157958984375
59.15905714035034,-0.004529862180748642,-0.488417138671875,-0.2442085693359375
59.17959213256836,-0.0031975497746461,-0.469263525390625,-0.2537853759765625
59.19910264015198,-0.008260336917835759,-0.6105214233398437,-0.25139117431640623
59.21893858909607,-0.007061255752343471,-0.4381389038085937,-0.23702596435546874
59.23985576629639,-0.0039969372183076245,-0.5602431884765625,-0.239420166015625
59.2595534324646,-0.003464012255866608,-0.47165772705078124,-0.21787235107421873
59.278998136520386,-0.003464012255866608,-0.469263525390625,-0.239420166015625
59.299346685409546,-0.006794793271122962,-0.6009446166992187,-0.22026655273437498
59.318936586380005,-0.004529862180748642,-0.430956298828125,-0.23223756103515625
59.338966846466064,-0.0033307810152563544,-0.4955997436523437,-0.2442085693359375
59.35892605781555,-0.007061255752343471,-0.44532150878906246,-0.20829554443359374
59.37927055358887,-0.0063950995492922,-0.4429273071289062,-0.229843359375
59.3991003036499,-0.004396630940138387,-0.4381389038085937,-0.258573779296875
59.41882562637329,-0.0058621745868511835,-0.469263525390625,-0.2442085693359375
59.43898391723633,-0.0058621745868511835,-0.43574470214843747,-0.277727392578125
59.458938121795654,-0.007727411955394742,-0.45010991210937495,-0.22026655273437498
59.479687452316284,-0.004663093421358896,-0.45489831542968745,-0.2753331909179687
59.49918508529663,-0.006128637068071691,-0.4381389038085937,-0.22505495605468748
59.51884388923645,-0.010392036767599824,-0.47165772705078124,-0.24899697265624998
59.53914213180542,-0.008793261880276773,-0.4477157104492187,-0.24660277099609373
59.55899405479431,-0.0073277182335639785,-0.4477157104492187,-0.24660277099609373
59.57985019683838,-0.005462480865020421,-0.3136404174804687,-0.229843359375
59.59925556182861,-0.004130168458917879,-0.469263525390625,-0.28012159423828126
59.61891150474548,-0.006928024511733216,-0.4525041137695312,-0.28969840087890625
59.63947916030884,-0.0037304747370871167,-0.4477157104492187,-0.27293898925781246
59.65952277183533,-0.010791730489430587,-0.47165772705078124,-0.24181436767578124
59.67961645126343,-0.0037304747370871167,-0.488417138671875,-0.22026655273437498
59.6993453502655,-0.007860643196004996,-0.4285620971679687,-0.2657563842773437
59.718953132629395,-0.004529862180748642,-0.46208092041015625,-0.26336218261718747
59.73919153213501,-0.0030643185340358454,-0.47884033203125,-0.229843359375
59.76188254356384,-0.005329249624410167,-0.42377369384765623,-0.229843359375
59.779321908950806,-0.0063950995492922,-0.3136404174804687,-0.258573779296875
59.79902982711792,-0.001732006127933304,-0.49799394531249996,-0.229843359375
59.81919622421265,-0.005062787143189658,-0.44532150878906246,-0.24899697265624998
59.83912253379822,-0.005196018383799912,-0.46208092041015625,-0.2705447875976562
59.85905456542969,-0.005062787143189658,-0.45489831542968745,-0.2920926025390625
59.87959170341492,-0.006928024511733216,-0.47165772705078124,-0.24660277099609373
59.898985862731934,-0.008393568158446012,-0.469263525390625,-0.2346317626953125
59.91899037361145,-0.0075941807147844875,-0.6057330200195312,-0.2442085693359375
59.939082860946655,-0.009192955602107537,-0.5482721801757812,-0.24899697265624998
59.95890688896179,-0.005995405827461438,-0.46686932373046874,-0.24181436767578124
59.97929263114929,-0.0057289433462409285,-0.48123453369140623,-0.2561795776367187
59.999168395996094,-0.00479632466196915,-0.4429273071289062,-0.20350714111328125
60.01897668838501,-0.004396630940138387,-0.4908113403320312,-0.23702596435546874
60.03917145729065,-0.0073277182335639785,-0.488417138671875,-0.28490999755859375
60.059080839157104,-0.0057289433462409285,-0.33039982910156246,-0.22505495605468748
60.079880714416504,-0.0030643185340358454,-0.45968671875,-0.22744915771484372
60.09939455986023,-0.005329249624410167,-0.47884033203125,-0.22266075439453123
60.11894726753235,-0.0033307810152563544,-0.4955997436523437,-0.2657563842773437
60.13923406600952,-0.005995405827461438,-0.42377369384765623,-0.229843359375
60.1591694355011,-0.00479632466196915,-0.47884033203125,-0.22744915771484372
60.17978882789612,-0.005196018383799912,-0.47644613037109373,-0.4381389038085937
60.1993453502655,-0.007194486992953725,-0.4740519287109375,-0.19871873779296872
60.21889591217041,-0.0018652373685435584,-0.45968671875,-0.2537853759765625
60.23934721946716,-0.0075941807147844875,-0.4165910888671875,-0.20829554443359374
60.25907921791077,-0.005995405827461438,-0.4644751220703125,-0.24899697265624998
60.2798433303833,-0.008127105677225504,-0.612915625,-0.2561795776367187
60.29919242858887,-0.004663093421358896,-0.32561142578124996,-0.20829554443359374
60.318976640701294,-0.008926493120887028,-0.47644613037109373,-0.24181436767578124
60.339345932006836,-0.005196018383799912,-0.5051765502929687,-0.2609679809570312
60.3592209815979,-0.0033307810152563544,-0.4740519287109375,-0.26336218261718747
60.37995505332947,-0.0039969372183076245,-0.4908113403320312,-0.24660277099609373
60.3993456363678,-0.005595712105630674,-0.3184288208007812,-0.23702596435546874
60.41898798942566,-0.006261868308681946,-0.3136404174804687,-0.24181436767578124
60.43919324874878,-0.004529862180748642,-0.4525041137695312,-0.24660277099609373
60.45885968208313,-0.007194486992953725,-0.4740519287109375,-0.26336218261718747
60.47927689552307,-0.005995405827461438,-0.45968671875,-0.2346317626953125
60.49918556213379,-0.0057289433462409285,-0.59376201171875,-0.25139117431640623
60.51890969276428,-0.005062787143189658,-0.45010991210937495,-0.258573779296875
60.539217472076416,-0.0031975497746461,-0.4644751220703125,-0.25139117431640623
60.55898642539978,-0.0026646248122050836,-0.4572925170898437,-0.2346317626953125
60.57959342002869,-0.009725880564548555,-0.4429273071289062,-0.24899697265624998
60.59930157661438,-0.002797856052815337,-0.45489831542968745,-0.239420166015625
60.619110107421875,-0.0019984686091538122,-0.4572925170898437,-0.2561795776367187
60.639246225357056,-0.0058621745868511835,-0.612915625,-0.2705447875976562
60.65920662879944,-0.007194486992953725,-0.47884033203125,-0.2442085693359375
60.6793327331543,-0.008260336917835759,-0.40940848388671874,-0.24181436767578124
60.69925379753113,-0.010258805526989571,-0.4477157104492187,-0.29448680419921874
60.7189838886261,-0.0074609494741742334,-0.5961562133789062,-0.23223756103515625
60.739200830459595,-0.004130168458917879,-0.4381389038085937,-0.24899697265624998
60.75898814201355,-0.005196018383799912,-0.5003881469726562,-0.2059013427734375
60.77953505516052,-0.006928024511733216,-0.469263525390625,-0.2657563842773437
60.79908633232117,-0.004396630940138387,-0.47884033203125,-0.258573779296875
60.819138050079346,-0.005196018383799912,-0.4477157104492187,-0.20350714111328125
60.839091300964355,-0.0057289433462409285,-0.4429273071289062,-0.2561795776367187
60.85907506942749,-0.005196018383799912,-0.4572925170898437,-0.26815058593749996
60.879231214523315,-0.006528330789902454,-0.4381389038085937,-0.26336218261718747
60.89917850494385,-0.0058621745868511835,-0.47165772705078124,-0.26336218261718747
60.91893792152405,-0.006261868308681946,-0.4213794921875,-0.2561795776367187
60.93937397003174,-0.006928024511733216,-0.44532150878906246,-0.22026655273437498
60.958940744400024,-0.0033307810152563544,-0.6081272216796875,-0.258573779296875
60.979618310928345,-0.005062787143189658,-0.4572925170898437,-0.25139117431640623
60.99918460845947,-0.00479632466196915,-0.4333505004882812,-0.2537853759765625
61.01908469200134,-0.004929555902579405,-0.47884033203125,-0.21787235107421873
61.03924345970154,-0.010392036767599824,-0.4333505004882812,-0.23702596435546874
61.05892848968506,-0.005329249624410167,-0.30885201416015623,-0.296881005859375
61.07961106300354,-0.006661562030512709,-0.3136404174804687,-0.28730419921875
61.09915256500244,-0.006794793271122962,-0.507570751953125,-0.22026655273437498
61.11880564689636,-0.0035972434964768626,-0.4836287353515625,-0.22505495605468748
61.139166831970215,-0.006261868308681946,-0.4525041137695312,-0.2537853759765625
61.15930914878845,-0.004529862180748642,-0.5003881469726562,-0.21787235107421873
61.179168701171875,-0.008393568158446012,-0.45010991210937495,-0.28730419921875
61.19935703277588,-0.006261868308681946,-0.45010991210937495,-0.23702596435546874
61.21903586387634,-0.00479632466196915,-0.4070142822265625,-0.2442085693359375
61.239062786102295,-0.0073277182335639785,-0.45010991210937495,-0.2561795776367187
61.259063959121704,-0.009326186842717792,-0.47644613037109373,-0.2705447875976562
61.27931571006775,-0.008526799399056265,-0.4429273071289062,-0.25139117431640623
61.29963779449463,-0.006128637068071691,-0.4836287353515625,-0.26336218261718747
61.319185972213745,-0.0058621745868511835,-0.45968671875,-0.258573779296875
61.33920478820801,-0.004929555902579405,-0.3280056274414062,-0.2442085693359375
61.35883378982544,-0.0058621745868511835,-0.46208092041015625,-0.22266075439453123
61.379568099975586,-0.0075941807147844875,-0.4477157104492187,-0.24181436767578124
61.398988246917725,-0.005062787143189658,-0.4572925170898437,-0.239420166015625
61.41905474662781,-0.002531393571594829,-0.45010991210937495,-0.239420166015625
61.4389808177948,-0.005995405827461438,-0.488417138671875,-0.2154781494140625
61.45896816253662,-0.0031975497746461,-0.3112462158203125,-0.277727392578125
61.47913694381714,-0.005062787143189658,-0.45489831542968745,-0.2609679809570312
61.49909543991089,-0.002531393571594829,-0.4429273071289062,-0.239420166015625
61.518878698349,-0.0011990811654922875,-0.4429273071289062,-0.2657563842773437
61.53895592689514,-0.0074609494741742334,-0.47644613037109373,-0.24899697265624998
61.55898118019104,-0.004263399699528133,-0.45010991210937495,-0.2705447875976562
61.57950162887573,-0.004929555902579405,-0.59376201171875,-0.23702596435546874
61.59913611412048,-0.004130168458917879,-0.316034619140625,-0.24181436767578124
61.61908435821533,-0.004929555902579405,-0.4477157104492187,-0.23702596435546874
61.639243364334106,-0.008127105677225504,-0.47165772705078124,-0.25139117431640623
61.65919375419617,-0.004929555902579405,-0.45968671875,-0.22266075439453123
61.67930364608765,-0.0063950995492922,-0.45968671875,-0.2346317626953125
61.69897723197937,-0.0037304747370871167,-0.32561142578124996,-0.258573779296875
61.7189826965332,-0.002531393571594829,-0.4285620971679687,-0.24660277099609373
61.73908090591431,-0.0039969372183076245,-0.4572925170898437,-0.19871873779296872
61.759098529815674,-0.005595712105630674,-0.4381389038085937,-0.21308394775390624
61.77955913543701,-0.00985911180515881,-0.40462008056640625,-0.22744915771484372
61.79898381233215,-0.003863705977697371,-0.39743747558593745,-0.2753331909179687
61.81886124610901,-0.005196018383799912,-0.4644751220703125,-0.24660277099609373
61.839226722717285,-0.004263399699528133,-0.4908113403320312,-0.2154781494140625
61.85938811302185,-0.0030643185340358454,-0.6081272216796875,-0.24181436767578124
61.880507946014404,-0.006128637068071691,-0.45968671875,-0.2442085693359375
61.89937663078308,-0.0026646248122050836,-0.45010991210937495,-0.2346317626953125
61.91876006126404,-0.005995405827461438,-0.488417138671875,-0.2442085693359375
61.93915843963623,-0.005329249624410167,-0.430956298828125,-0.2561795776367187
61.958876848220825,-0.005995405827461438,-0.45968671875,-0.25139117431640623
61.979273319244385,-0.0031975497746461,-0.4572925170898437,-0.239420166015625
61.99954175949097,-0.01052526800821008,-0.47644613037109373,-0.28969840087890625
62.018829345703125,-0.006261868308681946,-0.4644751220703125,-0.24660277099609373
62.03957533836365,-0.007727411955394742,-0.43574470214843747,-0.2705447875976562
62.05902147293091,-0.003464012255866608,-0.45968671875,-0.23223756103515625
62.07966685295105,-0.003863705977697371,-0.44053310546874996,-0.29927520751953124
62.09891176223755,-0.007727411955394742,-0.4525041137695312,-0.22744915771484372
62.11872601509094,-0.0018652373685435584,-0.45968671875,-0.2059013427734375
62.13904523849487,-0.007860643196004996,-0.4429273071289062,-0.22505495605468748
62.15881109237671,-0.003464012255866608,-0.4381389038085937,-0.25139117431640623
62.178975105285645,-0.004130168458917879,-0.47165772705078124,-0.258573779296875
62.19917273521423,-0.004263399699528133,-0.4572925170898437,-0.28490999755859375
62.218992948532104,-0.002531393571594829,-0.4860229370117187,-0.2825157958984375
62.23973298072815,-0.005329249624410167,-0.4572925170898437,-0.23223756103515625
62.259467124938965,-0.007061255752343471,-0.48123453369140623,-0.1867477294921875
62.28003168106079,-0.005595712105630674,-0.3399766357421875,-0.28730419921875
62.29900932312012,-0.006794793271122962,-0.4429273071289062,-0.21787235107421873
62.32001566886902,-0.0026646248122050836,-0.469263525390625,-0.23223756103515625
62.339407205581665,-0.0035972434964768626,-0.45010991210937495,-0.24660277099609373
62.359402894973755,-0.0058621745868511835,-0.3136404174804687,-0.21787235107421873
62.37989020347595,-0.0058621745868511835,-0.5913678100585937,-0.23702596435546874
62.399296045303345,-0.005062787143189658,-0.5961562133789062,-0.2609679809570312
62.41890788078308,-0.004529862180748642,-0.4836287353515625,-0.2609679809570312
62.439178705215454,-0.0074609494741742334,-0.4333505004882812,-0.229843359375
62.4590961933136,-0.006261868308681946,-0.4572925170898437,-0.25139117431640623
62.479859352111816,-0.0039969372183076245,-0.44053310546874996,-0.24899697265624998
62.49915909767151,-0.00866003063966652,-0.4429273071289062,-0.2442085693359375
62.51901125907898,-0.004663093421358896,-0.603338818359375,-0.2753331909179687
62.53955149650574,-0.006261868308681946,-0.45489831542968745,-0.2537853759765625
62.55902361869812,-0.006928024511733216,-0.4908113403320312,-0.22026655273437498
62.579514503479004,-0.002797856052815337,-0.49320554199218747,-0.28490999755859375
62.5991644859314,-0.008793261880276773,-0.45489831542968745,-0.26336218261718747
62.61889433860779,-0.00159877488732305,-0.469263525390625,-0.26815058593749996
62.639232873916626,-0.0057289433462409285,-0.47644613037109373,-0.28490999755859375
62.659255266189575,-0.005062787143189658,-0.4213794921875,-0.26815058593749996
62.67923021316528,-0.0031975497746461,-0.48123453369140623,-0.23223756103515625
62.69907069206238,-0.006128637068071691,-0.45489831542968745,-0.26336218261718747
62.7186119556427,-0.005462480865020421,-0.4165910888671875,-0.2753331909179687
62.73921751976013,-0.0029310872934255917,-0.4572925170898437,-0.2609679809570312
62.75915718078613,-0.002264931090374321,-0.469263525390625,-0.258573779296875
62.77948236465454,-0.001732006127933304,-0.4381389038085937,-0.23702596435546874
62.79918336868286,-0.004529862180748642,-0.4836287353515625,-0.25139117431640623
62.819135665893555,-0.0074609494741742334,-0.4644751220703125,-0.24899697265624998
62.83937931060791,-0.005995405827461438,-0.46208092041015625,-0.2609679809570312
62.85917258262634,-0.007860643196004996,-0.45968671875,-0.28490999755859375
62.879809856414795,-0.0031975497746461,-0.4572925170898437,-0.2442085693359375
62.89931082725525,-0.007194486992953725,-0.4740519287109375,-0.2609679809570312
62.918784379959106,-0.00159877488732305,-0.4477157104492187,-0.27293898925781246
62.93927812576294,-0.0026646248122050836,-0.4740519287109375,-0.2609679809570312
62.95914936065674,-0.004529862180748642,-0.4525041137695312,-0.24660277099609373
62.980146408081055,-0.005462480865020421,-0.48123453369140623,-0.23702596435546874
62.999221086502075,-0.00985911180515881,-0.4381389038085937,-0.2753331909179687
63.01908254623413,-0.008793261880276773,-0.4381389038085937,-0.229843359375
63.03904056549072,-0.007061255752343471,-0.45010991210937495,-0.21787235107421873
63.05900692939758,-0.008260336917835759,-0.430956298828125,-0.21787235107421873
63.08025765419006,-0.0037304747370871167,-0.44053310546874996,-0.23223756103515625
63.099114418029785,-0.0031975497746461,-0.45968671875,-0.23223756103515625
63.11898756027222,-0.010125574286379316,-0.4572925170898437,-0.25139117431640623
63.13943290710449,-0.011191424211261349,-0.430956298828125,-0.2442085693359375
63.15887641906738,-0.006261868308681946,-0.4908113403320312,-0.2561795776367187
63.17996668815613,-0.004130168458917879,-0.4333505004882812,-0.27293898925781246
63.199055671691895,-0.004529862180748642,-0.30885201416015623,-0.2442085693359375
63.21934676170349,-0.006928024511733216,-0.4572925170898437,-0.2442085693359375
63.24010729789734,-0.006261868308681946,-0.4836287353515625,-0.26815058593749996
63.258970975875854,-0.004263399699528133,-0.4644751220703125,-0.22744915771484372
63.279948711395264,-0.0037304747370871167,-0.4860229370117187,-0.24181436767578124
63.29908585548401,-0.0063950995492922,-0.48123453369140623,-0.239420166015625
63.318755865097046,-0.009725880564548555,-0.47884033203125,-0.2537853759765625
63.3393030166626,-0.005462480865020421,-0.45968671875,-0.22744915771484372
63.35948896408081,-0.005062787143189658,-0.46208092041015625,-0.27293898925781246
63.37993788719177,-0.005196018383799912,-0.4644751220703125,-0.23223756103515625
63.399221658706665,-0.006661562030512709,-0.4525041137695312,-0.2657563842773437
63.41890025138855,-0.004529862180748642,-0.4429273071289062,-0.24899697265624998
63.439356088638306,-0.006794793271122962,-0.44532150878906246,-0.23702596435546874
63.458882093429565,-0.0074609494741742334,-0.3136404174804687,-0.2753331909179687
63.47913074493408,-0.008127105677225504,-0.4908113403320312,-0.277727392578125
63.49904918670654,-0.0039969372183076245,-0.488417138671875,-0.2537853759765625
63.51890993118286,-0.0057289433462409285,-0.4333505004882812,-0.2346317626953125
63.53905534744263,-0.0057289433462409285,-0.4429273071289062,-0.24899697265624998
63.55899620056152,-0.005995405827461438,-0.51714755859375,-0.24660277099609373
63.57959270477295,-0.007061255752343471,-0.4525041137695312,-0.28012159423828126
63.5991370677948,-0.0075941807147844875,-0.4740519287109375,-0.22266075439453123
63.618972301483154,-0.006528330789902454,-0.45010991210937495,-0.24660277099609373
63.639490604400635,-0.0010658499248820332,-0.4477157104492187,-0.22744915771484372
63.65911269187927,-0.004529862180748642,-0.4740519287109375,-0.23223756103515625
63.67960786819458,-0.004130168458917879,-0.488417138671875,-0.2825157958984375
63.69941425323486,-0.002398162330984575,-0.45489831542968745,-0.24899697265624998
63.719215393066406,-0.007061255752343471,-0.4644751220703125,-0.23223756103515625
63.73931384086609,-0.004929555902579405,-0.47884033203125,-0.24899697265624998
63.759153842926025,-0.004130168458917879,-0.4644751220703125,-0.20829554443359374
63.779759645462036,-0.005462480865020421,-0.45010991210937495,-0.2920926025390625
63.799046754837036,-0.0057289433462409285,-0.4836287353515625,-0.2825157958984375
63.81909942626953,-0.005196018383799912,-0.488417138671875,-0.24660277099609373
63.839271783828735,-0.0039969372183076245,-0.4860229370117187,-0.258573779296875
63.85926628112793,-0.0029310872934255917,-0.4836287353515625,-0.2561795776367187
63.879411697387695,-0.005196018383799912,-0.4213794921875,-0.2442085693359375
63.89903545379639,-0.006128637068071691,-0.45968671875,-0.26336218261718747
63.91898727416992,-0.00479632466196915,-0.469263525390625,-0.25139117431640623
63.93924069404602,-0.006928024511733216,-0.4477157104492187,-0.277727392578125
63.95917272567749,-0.0063950995492922,-0.4381389038085937,-0.21787235107421873
63.979456186294556,-0.004263399699528133,-0.4740519287109375,-0.258573779296875
63.99937176704407,-0.005995405827461438,-0.4429273071289062,-0.26336218261718747
64.01902794837952,-0.004663093421358896,-0.44053310546874996,-0.229843359375
64.03933930397034,-0.005062787143189658,-0.4860229370117187,-0.25139117431640623
64.05916452407837,-0.004130168458917879,-0.4477157104492187,-0.24660277099609373
64.07955384254456,-0.005462480865020421,-0.44053310546874996,-0.21787235107421873
64.09902334213257,-0.0057289433462409285,-0.43574470214843747,-0.2346317626953125
64.1190242767334,-0.003464012255866608,-0.5961562133789062,-0.23223756103515625
64.13911199569702,-0.003863705977697371,-0.43574470214843747,-0.26336218261718747
64.15929388999939,-0.006661562030512709,-0.44532150878906246,-0.2537853759765625
64.1795015335083,-0.0057289433462409285,-0.45010991210937495,-0.2561795776367187
64.19932150840759,-0.0063950995492922,-0.4836287353515625,-0.2561795776367187
64.21882152557373,-0.0057289433462409285,-0.43574470214843747,-0.258573779296875
64.23980951309204,-0.003464012255866608,-0.4525041137695312,-0.25139117431640623
64.2589476108551,-0.00479632466196915,-0.430956298828125,-0.2561795776367187
64.27957081794739,-0.006794793271122962,-0.44053310546874996,-0.2561795776367187
64.29914402961731,-0.006661562030512709,-0.4572925170898437,-0.2657563842773437
64.31926417350769,-0.004929555902579405,-0.44532150878906246,-0.26336218261718747
64.33935904502869,-0.006128637068071691,-0.46208092041015625,-0.2346317626953125
64.35909080505371,-0.006128637068071691,-0.4477157104492187,-0.22266075439453123
64.37958788871765,-0.007727411955394742,-0.45489831542968745,-0.2537853759765625
64.39925622940063,-0.006928024511733216,-0.45010991210937495,-0.258573779296875
64.41902112960815,-0.007061255752343471,-0.49320554199218747,-0.2705447875976562
64.43929195404053,-0.005196018383799912,-0.47165772705078124,-0.229843359375
64.45903015136719,-0.006261868308681946,-0.4333505004882812,-0.24899697265624998
64.47967720031738,-0.007860643196004996,-0.42377369384765623,-0.23223756103515625
64.49933505058289,-0.004396630940138387,-0.3112462158203125,-0.24899697265624998
64.51916074752808,-0.0057289433462409285,-0.6105214233398437,-0.2537853759765625
64.53923678398132,-0.007860643196004996,-0.4908113403320312,-0.2920926025390625
64.5588161945343,-0.0057289433462409285,-0.4572925170898437,-0.22026655273437498
64.57944416999817,-0.0058621745868511835,-0.45968671875,-0.2154781494140625
64.59904909133911,-0.00479632466196915,-0.5985504150390625,-0.2561795776367187
64.61885380744934,-0.0074609494741742334,-0.47644613037109373,-0.239420166015625
64.6391990184784,-0.002398162330984575,-0.4860229370117187,-0.24660277099609373
64.65927577018738,-0.004529862180748642,-0.4429273071289062,-0.28730419921875
64.67940020561218,-0.004263399699528133,-0.4836287353515625,-0.2609679809570312
64.69917130470276,-0.0029310872934255917,-0.45489831542968745,-0.229843359375
64.7188367843628,-0.008260336917835759,-0.4572925170898437,-0.28012159423828126
64.7391881942749,-0.0058621745868511835,-0.4644751220703125,-0.24181436767578124
64.75908517837524,-0.0018652373685435584,-0.47165772705078124,-0.2537853759765625
64.77982068061829,-0.007061255752343471,-0.4333505004882812,-0.296881005859375
64.7991578578949,-0.006528330789902454,-0.3136404174804687,-0.22505495605468748
64.81893825531006,-0.005595712105630674,-0.469263525390625,-0.24181436767578124
64.8391945362091,-0.005329249624410167,-0.5219359619140624,-0.26336218261718747
64.8591902256012,-0.005595712105630674,-0.32561142578124996,-0.25139117431640623
64.87978434562683,-0.0035972434964768626,-0.4261678955078125,-0.2561795776367187
64.89920663833618,-0.004663093421358896,-0.30885201416015623,-0.2442085693359375
64.91911029815674,-0.00866003063966652,-0.3447650390625,-0.23223756103515625
64.93934750556946,-0.004929555902579405,-0.488417138671875,-0.2154781494140625
64.95906400680542,-0.008793261880276773,-0.4572925170898437,-0.25139117431640623
64.98007130622864,-0.006128637068071691,-0.47884033203125,-0.22505495605468748
64.99927115440369,-0.0074609494741742334,-0.3136404174804687,-0.2442085693359375
65.01895046234131,-0.006794793271122962,-0.5985504150390625,-0.24899697265624998
65.039137840271,-0.007860643196004996,-0.4381389038085937,-0.25139117431640623
65.0591561794281,-0.006528330789902454,-0.43574470214843747,-0.22744915771484372
65.07971549034119,-0.0058621745868511835,-0.4477157104492187,-0.2537853759765625
65.09925699234009,-0.0039969372183076245,-0.49320554199218747,-0.2561795776367187
65.11877655982971,-0.0058621745868511835,-0.4572925170898437,-0.296881005859375
65.13922190666199,-0.004130168458917879,-0.469263525390625,-0.258573779296875
65.15921187400818,-0.002264931090374321,-0.47884033203125,-0.2705447875976562
65.17920470237732,-0.008526799399056265,-0.6105214233398437,-0.24181436767578124
65.19916081428528,-0.004929555902579405,-0.47644613037109373,-0.26815058593749996
65.21895503997803,-0.011724349173702367,-0.44053310546874996,-0.22744915771484372
65.23932695388794,-0.005062787143189658,-0.4477157104492187,-0.229843359375
65.25914239883423,-0.004929555902579405,-0.47165772705078124,-0.258573779296875
65.27959156036377,-0.001732006127933304,-0.4525041137695312,-0.26336218261718747
65.29902052879333,-0.0074609494741742334,-0.612915625,-0.239420166015625
65.31893992424011,-0.006261868308681946,-0.4572925170898437,-0.22026655273437498
65.3392596244812,-0.0039969372183076245,-0.49799394531249996,-0.22505495605468748
65.35934162139893,-0.004929555902579405,-0.49320554199218747,-0.2609679809570312
65.37945818901062,-0.0037304747370871167,-0.4525041137695312,-0.24899697265624998
65.39941763877869,-0.008526799399056265,-0.47644613037109373,-0.239420166015625
65.41924571990967,-0.0039969372183076245,-0.430956298828125,-0.2561795776367187
65.4392466545105,-0.005595712105630674,-0.45968671875,-0.21068974609375
65.45921897888184,-0.008793261880276773,-0.47644613037109373,-0.258573779296875
65.47974014282227,-0.006128637068071691,-0.46686932373046874,-0.2537853759765625
65.4993245601654,-0.006928024511733216,-0.42377369384765623,-0.24899697265624998
65.51913571357727,-0.005995405827461438,-0.44532150878906246,-0.2705447875976562
65.53930521011353,-0.004130168458917879,-0.45010991210937495,-0.19871873779296872
65.55906963348389,-0.0035972434964768626,-0.4525041137695312,-0.24181436767578124
65.57955861091614,-0.009459418083328047,-0.316034619140625,-0.201112939453125
65.59904456138611,-0.004929555902579405,-0.603338818359375,-0.22026655273437498
65.6188805103302,-0.004529862180748642,-0.43574470214843747,-0.2442085693359375
65.63943195343018,-0.0058621745868511835,-0.4333505004882812,-0.277727392578125
65.6593177318573,-0.009059724361497283,-0.45489831542968745,-0.2561795776367187
65.67942595481873,-0.00479632466196915,-0.32082302246093747,-0.29448680419921874
65.69923806190491,-0.008793261880276773,-0.4644751220703125,-0.28012159423828126
65.71878814697266,-0.005462480865020421,-0.47165772705078124,-0.22026655273437498
65.73946404457092,-0.006794793271122962,-0.488417138671875,-0.2537853759765625
65.7592613697052,-0.005196018383799912,-0.430956298828125,-0.27293898925781246
65.77949357032776,-0.007727411955394742,-0.4572925170898437,-0.26815058593749996
65.79917001724243,-0.0031975497746461,-0.44532150878906246,-0.23223756103515625
65.81887936592102,0.03357427263378405,-0.47644613037109373,-0.2442085693359375
65.83915781974792,-0.0057289433462409285,-0.47165772705078124,-0.277727392578125
65.85907888412476,-0.0057289433462409285,-0.612915625,-0.22026655273437498
65.87973546981812,-0.004929555902579405,-0.46208092041015625,-0.258573779296875
65.89925360679626,-0.005462480865020421,-0.4836287353515625,-0.24660277099609373
65.91898036003113,-0.007860643196004996,-0.48123453369140623,-0.2537853759765625
65.93924021720886,-0.003464012255866608,-0.5865794067382812,-0.2537853759765625
65.9588794708252,-0.005329249624410167,-0.47644613037109373,-0.2537853759765625
65.97951555252075,-0.0073277182335639785,-0.44532150878906246,-0.2609679809570312
65.99928903579712,-0.005329249624410167,-0.45968671875,-0.23223756103515625
66.01896929740906,-0.005595712105630674,-0.4477157104492187,-0.25139117431640623
66.0392198562622,-0.005062787143189658,-0.44053310546874996,-0.2705447875976562
66.05943846702576,-0.007860643196004996,-0.41898529052734373,-0.28730419921875
66.08007311820984,-0.004663093421358896,-0.4860229370117187,-0.2705447875976562
66.09956789016724,-0.006928024511733216,-0.5003881469726562,-0.25139117431640623
66.11920976638794,-0.0057289433462409285,-0.6105214233398437,-0.2609679809570312
66.13956093788147,-0.005329249624410167,-0.4477157104492187,-0.27293898925781246
66.15919995307922,-0.004396630940138387,-0.48123453369140623,-0.24660277099609373
66.18017792701721,-0.004396630940138387,-0.4333505004882812,-0.26815058593749996
66.19935488700867,-0.005062787143189658,-0.4525041137695312,-0.2609679809570312
66.21921563148499,-0.004663093421358896,-0.3950432739257812,-0.22266075439453123
66.23976612091064,-0.002797856052815337,-0.488417138671875,-0.26815058593749996
66.25949144363403,-0.008127105677225504,-0.4381389038085937,-0.2561795776367187
66.28009867668152,-0.006528330789902454,-0.48123453369140623,-0.277727392578125
66.29946041107178,-0.002797856052815337,-0.46686932373046874,-0.19632453613281248
66.31927013397217,-0.005595712105630674,-0.43574470214843747,-0.2561795776367187
66.33925414085388,-0.0057289433462409285,-0.45010991210937495,-0.19393033447265623
66.35922479629517,-0.008127105677225504,-0.43574470214843747,-0.2442085693359375
66.38027358055115,-0.003863705977697371,-0.47165772705078124,-0.277727392578125
66.39932894706726,-0.0026646248122050836,-0.5051765502929687,-0.2442085693359375
66.42075657844543,-0.006928024511733216,-0.488417138671875,-0.258573779296875
66.43938779830933,-0.005329249624410167,-0.45010991210937495,-0.24181436767578124
66.459299325943,-0.007194486992953725,-0.44053310546874996,-0.2705447875976562
66.47988176345825,-0.005329249624410167,-0.46208092041015625,-0.24899697265624998
66.49936532974243,-0.0019984686091538122,-0.4644751220703125,-0.24660277099609373
66.51961636543274,-0.003464012255866608,-0.47644613037109373,-0.24660277099609373
66.53979921340942,-0.006794793271122962,-0.4740519287109375,-0.22266075439453123
66.5596272945404,-0.005196018383799912,-0.430956298828125,-0.2825157958984375
66.58050847053528,-0.003464012255866608,-0.47644613037109373,-0.28490999755859375
66.59957528114319,-0.007194486992953725,-0.4644751220703125,-0.2442085693359375
66.61962866783142,-0.004529862180748642,-0.3184288208007812,-0.21787235107421873
66.63968014717102,-0.008926493120887028,-0.32561142578124996,-0.2920926025390625
66.65948176383972,-0.00866003063966652,-0.46686932373046874,-0.258573779296875
66.67977023124695,-0.0063950995492922,-0.4740519287109375,-0.21787235107421873
66.69953036308289,-0.008127105677225504,-0.47644613037109373,-0.20829554443359374
66.71939969062805,-0.0006661562030512709,-0.48123453369140623,-0.23223756103515625
66.73921394348145,-0.006661562030512709,-0.3232172241210937,-0.24899697265624998
66.75930905342102,-0.008526799399056265,-0.3136404174804687,-0.2537853759765625
66.78008723258972,-0.0063950995492922,-0.30885201416015623,-0.26815058593749996
66.7993233203888,-0.007194486992953725,-0.5147533569335937,-0.23223756103515625
66.81930446624756,-0.0075941807147844875,-0.46208092041015625,-0.23702596435546874
66.83943128585815,-0.0057289433462409285,-0.44053310546874996,-0.27293898925781246
66.85939359664917,-0.0029310872934255917,-0.46208092041015625,-0.277727392578125
66.88002896308899,-0.004396630940138387,-0.3232172241210937,-0.24181436767578124
66.89933586120605,-0.008127105677225504,-0.4572925170898437,-0.2825157958984375
66.91935992240906,-0.008793261880276773,-0.6057330200195312,-0.22744915771484372
66.93960189819336,-0.006928024511733216,-0.33518823242187495,-0.2346317626953125
66.95936179161072,-0.008393568158446012,-0.4525041137695312,-0.2561795776367187
66.97972321510315,-0.006928024511733216,-0.45010991210937495,-0.22266075439453123
66.99948740005493,-0.0039969372183076245,-0.30885201416015623,-0.2537853759765625
67.01917624473572,-0.006794793271122962,-0.5961562133789062,-0.239420166015625
67.03945398330688,-0.004929555902579405,-0.49320554199218747,-0.239420166015625
67.05938529968262,-0.009059724361497283,-0.4381389038085937,-0.239420166015625
67.08060693740845,-0.005196018383799912,-0.45968671875,-0.23702596435546874
67.09951639175415,-0.005995405827461438,-0.47644613037109373,-0.27293898925781246
67.1192216873169,-0.0095926493239383,-0.469263525390625,-0.23702596435546874
67.13946866989136,-0.002531393571594829,-0.469263525390625,-0.24899697265624998
67.15998864173889,-0.0073277182335639785,-0.47884033203125,-0.24899697265624998
67.18004584312439,-0.007860643196004996,-0.47884033203125,-0.22505495605468748
67.19968271255493,-0.006794793271122962,-0.6105214233398437,-0.24660277099609373
67.21948719024658,-0.007061255752343471,-0.4381389038085937,-0.24660277099609373
67.2395830154419,-0.005196018383799912,-0.44532150878906246,-0.21787235107421873
67.25940728187561,-0.005595712105630674,-0.4644751220703125,-0.239420166015625
67.27992796897888,-0.006261868308681946,-0.48123453369140623,-0.2705447875976562
67.29959845542908,-0.004529862180748642,-0.47644613037109373,-0.229843359375
67.31944537162781,-0.004263399699528133,-0.488417138671875,-0.2705447875976562
67.33947920799255,-0.006794793271122962,-0.316034619140625,-0.2346317626953125
67.359543800354,-0.005595712105630674,-0.4525041137695312,-0.229843359375
67.38009095191956,-0.005062787143189658,-0.4572925170898437,-0.25139117431640623
67.39932489395142,-0.007860643196004996,-0.5003881469726562,-0.20350714111328125
67.41937494277954,-0.003863705977697371,-0.488417138671875,-0.258573779296875
67.44038581848145,-0.0073277182335639785,-0.4525041137695312,-0.2609679809570312
67.45993137359619,-0.006928024511733216,-0.46208092041015625,-0.2442085693359375
67.4807550907135,-0.00479632466196915,-0.45489831542968745,-0.26336218261718747
67.49944424629211,-0.003464012255866608,-0.40462008056640625,-0.19871873779296872
67.51914143562317,-0.004263399699528133,-0.46208092041015625,-0.24660277099609373
67.53932189941406,-0.007194486992953725,-0.45968671875,-0.2753331909179687
67.55973505973816,-0.004929555902579405,-0.45968671875,-0.24181436767578124
67.57978916168213,-0.006928024511733216,-0.4836287353515625,-0.24181436767578124
67.59933233261108,-0.006928024511733216,-0.40940848388671874,-0.2825157958984375
67.61911749839783,-0.005196018383799912,-0.45968671875,-0.23702596435546874
67.63937497138977,-0.0074609494741742334,-0.47884033203125,-0.28490999755859375
67.65979480743408,-0.0030643185340358454,-0.430956298828125,-0.2561795776367187
67.67995285987854,-0.009459418083328047,-0.41898529052734373,-0.2657563842773437
67.69937062263489,-0.007194486992953725,-0.49320554199218747,-0.24660277099609373
67.71915555000305,-0.006528330789902454,-0.4285620971679687,-0.24181436767578124
67.73951697349548,-0.005995405827461438,-0.3232172241210937,-0.2561795776367187
67.75929617881775,-0.006794793271122962,-0.45489831542968745,-0.26815058593749996
67.77991652488708,-0.007061255752343471,-0.4429273071289062,-0.2561795776367187
67.79938435554504,-0.006928024511733216,-0.6057330200195312,-0.25139117431640623
67.81943368911743,-0.005329249624410167,-0.469263525390625,-0.25139117431640623
67.83948850631714,-0.0063950995492922,-0.6105214233398437,-0.29927520751953124
67.86040019989014,-0.005062787143189658,-0.488417138671875,-0.2537853759765625
67.87997388839722,-0.010392036767599824,-0.32082302246093747,-0.23223756103515625
67.89949083328247,-0.004263399699528133,-0.4381389038085937,-0.229843359375
67.91919898986816,-0.009192955602107537,-0.4525041137695312,-0.23223756103515625
67.93934154510498,-0.0039969372183076245,-0.488417138671875,-0.24660277099609373
67.95954394340515,-0.006794793271122962,-0.45489831542968745,-0.28490999755859375
67.98030138015747,-0.008127105677225504,-0.48123453369140623,-0.229843359375
67.9994170665741,-0.0095926493239383,-0.4525041137695312,-0.26336218261718747
68.01959776878357,-0.008260336917835759,-0.612915625,-0.2346317626953125
68.0393660068512,-0.007993874436615249,-0.4644751220703125,-0.229843359375
68.0591549873352,-0.006528330789902454,-0.4572925170898437,-0.24181436767578124
68.08017301559448,-0.0031975497746461,-0.316034619140625,-0.239420166015625
68.09922456741333,-0.007860643196004996,-0.4836287353515625,-0.2537853759765625
68.11902976036072,-0.0002664624812205083,-0.6081272216796875,-0.24899697265624998
68.13948822021484,-0.005595712105630674,-0.4333505004882812,-0.24181436767578124
68.15951895713806,-0.007194486992953725,-0.47165772705078124,-0.26336218261718747
68.17993354797363,-0.004263399699528133,-0.4477157104492187,-0.26336218261718747
68.19957876205444,-0.0031975497746461,-0.4381389038085937,-0.2537853759765625
68.21897745132446,-0.002797856052815337,-0.45968671875,-0.26815058593749996
68.23983860015869,-0.008127105677225504,-0.4429273071289062,-0.277727392578125
68.25904607772827,-0.009326186842717792,-0.47644613037109373,-0.2442085693359375
68.27931547164917,-0.002531393571594829,-0.45010991210937495,-0.277727392578125
68.29911947250366,-0.005595712105630674,-0.46686932373046874,-0.2561795776367187
68.31866121292114,-0.012656967857974145,-0.45489831542968745,-0.2346317626953125
68.3394181728363,-0.007860643196004996,-0.47165772705078124,-0.2537853759765625
68.35894107818604,-0.0057289433462409285,-0.4381389038085937,-0.239420166015625
68.37926363945007,-0.008127105677225504,-0.6105214233398437,-0.2753331909179687
68.39943528175354,-0.0063950995492922,-0.4740519287109375,-0.22026655273437498
68.41886305809021,-0.004263399699528133,-0.584185205078125,-0.26815058593749996
68.43911957740784,-0.005995405827461438,-0.4860229370117187,-0.25139117431640623
68.45939016342163,-0.0095926493239383,-0.4333505004882812,-0.25139117431640623
68.47934794425964,-0.006528330789902454,-0.49320554199218747,-0.2537853759765625
68.49935913085938,-0.0058621745868511835,-0.4285620971679687,-0.24660277099609373
68.51893043518066,-0.003863705977697371,-0.42377369384765623,-0.2537853759765625
68.5390682220459,-0.004663093421358896,-0.3399766357421875,-0.23702596435546874
68.5592212677002,-0.007727411955394742,-0.316034619140625,-0.2609679809570312
68.57966947555542,-0.005462480865020421,-0.42377369384765623,-0.23223756103515625
68.59908652305603,-0.006128637068071691,-0.47165772705078124,-0.2657563842773437
68.61908006668091,-0.0037304747370871167,-0.45968671875,-0.239420166015625
68.63948130607605,-0.007061255752343471,-0.5961562133789062,-0.22505495605468748
68.65915775299072,-0.008127105677225504,-0.430956298828125,-0.23223756103515625
68.67952585220337,-0.0037304747370871167,-0.45010991210937495,-0.2657563842773437
68.69916701316833,-0.0029310872934255917,-0.41898529052734373,-0.26336218261718747
68.71893739700317,-0.0037304747370871167,-0.430956298828125,-0.2154781494140625
68.73916816711426,-0.006661562030512709,-0.4572925170898437,-0.2705447875976562
68.7590639591217,-0.00479632466196915,-0.4740519287109375,-0.23223756103515625
68.77942204475403,-0.011324655451871604,-0.6009446166992187,-0.24181436767578124
68.79888534545898,-0.003464012255866608,-0.4429273071289062,-0.2346317626953125
68.81887483596802,-0.0074609494741742334,-0.4908113403320312,-0.27293898925781246
68.8392813205719,-0.0063950995492922,-0.4572925170898437,-0.23702596435546874
68.85914278030396,-0.007993874436615249,-0.4429273071289062,-0.22744915771484372
68.87919473648071,-0.004396630940138387,-0.43574470214843747,-0.18435352783203124
68.89923906326294,-0.0035972434964768626,-0.6081272216796875,-0.277727392578125
68.91879510879517,-0.00479632466196915,-0.45010991210937495,-0.23702596435546874
68.93918418884277,-0.005995405827461438,-0.4381389038085937,-0.23223756103515625
68.95910310745239,-0.008926493120887028,-0.6057330200195312,-0.24181436767578124
68.97952723503113,-0.002797856052815337,-0.4333505004882812,-0.2442085693359375
68.99904656410217,-0.0057289433462409285,-0.4525041137695312,-0.28012159423828126
69.01884007453918,-0.005062787143189658,-0.4261678955078125,-0.229843359375
69.03946471214294,-0.005329249624410167,-0.46686932373046874,-0.24181436767578124
69.05916452407837,-0.00479632466196915,-0.4860229370117187,-0.20829554443359374
69.07933211326599,-0.005595712105630674,-0.4333505004882812,-0.26336218261718747
69.09924340248108,-0.008260336917835759,-0.4644751220703125,-0.239420166015625
69.1187949180603,-0.004929555902579405,-0.5123591552734374,-0.2561795776367187
69.13947987556458,-0.008260336917835759,-0.469263525390625,-0.20350714111328125
69.15894937515259,-0.005595712105630674,-0.4477157104492187,-0.25139117431640623
69.1796727180481,-0.010392036767599824,-0.4740519287109375,-0.2657563842773437
69.19908547401428,-0.006928024511733216,-0.612915625,-0.22266075439453123
69.21877264976501,-0.00159877488732305,-0.4429273071289062,-0.24181436767578124
69.23971199989319,-0.005062787143189658,-0.4644751220703125,-0.25139117431640623
69.25921821594238,-0.007061255752343471,-0.45968671875,-0.22505495605468748
69.27969598770142,-0.005595712105630674,-0.45968671875,-0.2920926025390625
69.29927849769592,-0.004130168458917879,-0.5961562133789062,-0.229843359375
69.31890797615051,-0.004529862180748642,-0.45489831542968745,-0.2346317626953125
69.33901786804199,-0.0075941807147844875,-0.59376201171875,-0.28730419921875
69.35887122154236,-0.003464012255866608,-0.6105214233398437,-0.26336218261718747
69.37929272651672,-0.002531393571594829,-0.5003881469726562,-0.2561795776367187
69.39945268630981,-0.005595712105630674,-0.4429273071289062,-0.2537853759765625
69.41915702819824,-0.0035972434964768626,-0.44053310546874996,-0.239420166015625
69.43910217285156,-0.00479632466196915,-0.59376201171875,-0.2561795776367187
69.4593152999878,-0.004263399699528133,-0.469263525390625,-0.23702596435546874
69.47976517677307,-0.004529862180748642,-0.45010991210937495,-0.2657563842773437
69.49951267242432,-0.0033307810152563544,-0.46208092041015625,-0.2561795776367187
69.5191638469696,-0.006794793271122962,-0.44532150878906246,-0.2825157958984375
69.53948187828064,-0.004529862180748642,-0.45968671875,-0.229843359375
69.55919456481934,-0.0073277182335639785,-0.4836287353515625,-0.24181436767578124
69.5797107219696,-0.004663093421358896,-0.42377369384765623,-0.2657563842773437
69.5991199016571,-0.0073277182335639785,-0.4285620971679687,-0.22744915771484372
69.61884260177612,-0.003464012255866608,-0.4860229370117187,-0.2561795776367187
69.63926458358765,-0.004529862180748642,-0.44532150878906246,-0.26815058593749996
69.65918040275574,-0.007993874436615249,-0.4261678955078125,-0.27293898925781246
69.67976355552673,-0.006794793271122962,-0.44053310546874996,-0.28490999755859375
69.69921875,-0.005462480865020421,-0.45968671875,-0.2537853759765625
69.71891784667969,-0.002531393571594829,-0.4740519287109375,-0.2346317626953125
69.73941826820374,-0.009059724361497283,-0.30885201416015623,-0.22026655273437498
69.75922203063965,-0.009192955602107537,-0.45968671875,-0.2442085693359375
69.77945518493652,-0.005329249624410167,-0.4381389038085937,-0.2657563842773437
69.79892921447754,-0.007194486992953725,-0.44532150878906246,-0.2561795776367187
69.81945300102234,-0.008127105677225504,-0.46686932373046874,-0.2705447875976562
69.83987045288086,-0.004663093421358896,-0.33518823242187495,-0.258573779296875
69.8588707447052,-0.005995405827461438,-0.488417138671875,-0.239420166015625
69.87924098968506,-0.005995405827461438,-0.6105214233398437,-0.2825157958984375
69.89899635314941,-0.006528330789902454,-0.30885201416015623,-0.22744915771484372
69.91885924339294,-0.005062787143189658,-0.45489831542968745,-0.2753331909179687
69.9392032623291,-0.009192955602107537,-0.4261678955078125,-0.2346317626953125
69.9589192867279,-0.0035972434964768626,-0.45010991210937495,-0.229843359375
69.97929263114929,-0.005462480865020421,-0.43574470214843747,-0.239420166015625
69.9992744922638,-0.008926493120887028,-0.4860229370117187,-0.258573779296875
70.01888704299927,-0.006661562030512709,-0.612915625,-0.26336218261718747
70.03924322128296,-0.003863705977697371,-0.4836287353515625,-0.24181436767578124
70.05898404121399,-0.0057289433462409285,-0.45968671875,-0.2705447875976562
70.07954573631287,-0.006661562030512709,-0.43574470214843747,-0.19871873779296872
70.09896540641785,-0.006128637068071691,-0.4525041137695312,-0.28730419921875
70.11891150474548,-0.0075941807147844875,-0.488417138671875,-0.2561795776367187
70.13899064064026,-0.006661562030512709,-0.4740519287109375,-0.2537853759765625
70.1590747833252,-0.004263399699528133,-0.4429273071289062,-0.25139117431640623
70.17987442016602,-0.0075941807147844875,-0.6105214233398437,-0.239420166015625
70.19909143447876,-0.006528330789902454,-0.46208092041015625,-0.2609679809570312
70.2189359664917,-0.0057289433462409285,-0.45010991210937495,-0.2346317626953125
70.23986983299255,-0.006528330789902454,-0.46686932373046874,-0.2346317626953125
70.2589020729065,-0.011324655451871604,-0.469263525390625,-0.22266075439453123
70.27925086021423,-0.0014655436467127959,-0.6081272216796875,-0.22266075439453123
70.29913520812988,-0.0039969372183076245,-0.47884033203125,-0.23702596435546874
70.31925463676453,-0.006128637068071691,-0.3136404174804687,-0.3064578125
70.33937811851501,-0.003464012255866608,-0.4333505004882812,-0.21308394775390624
70.35907864570618,-0.0075941807147844875,-0.48123453369140623,-0.229843359375
70.3794059753418,-0.004263399699528133,-0.46686932373046874,-0.22744915771484372
70.39901566505432,-0.004529862180748642,-0.4333505004882812,-0.2537853759765625
70.41893029212952,-0.0063950995492922,-0.4908113403320312,-0.239420166015625
70.43931746482849,-0.005196018383799912,-0.42377369384765623,-0.2346317626953125
70.45963096618652,-0.010392036767599824,-0.6009446166992187,-0.27293898925781246
70.47920083999634,-0.0073277182335639785,-0.47884033203125,-0.239420166015625
70.49894881248474,-0.004263399699528133,-0.4644751220703125,-0.21787235107421873
70.51940631866455,-0.004529862180748642,-0.6081272216796875,-0.2657563842773437
70.53914833068848,-0.005329249624410167,-0.4572925170898437,-0.2154781494140625
70.55927395820618,-0.007061255752343471,-0.3184288208007812,-0.20829554443359374
70.57949686050415,-0.009059724361497283,-0.45968671875,-0.2561795776367187
70.59916067123413,-0.00479632466196915,-0.45010991210937495,-0.258573779296875
70.61895775794983,-0.005462480865020421,-0.4908113403320312,-0.23702596435546874
70.6393210887909,-0.0033307810152563544,-0.488417138671875,-0.229843359375
70.65932965278625,-0.005329249624410167,-0.45010991210937495,-0.229843359375
70.67929458618164,-0.004663093421358896,-0.4285620971679687,-0.24899697265624998
70.69906306266785,-0.005595712105630674,-0.4477157104492187,-0.28012159423828126
70.71873140335083,-0.005329249624410167,-0.4525041137695312,-0.258573779296875
70.73923540115356,-0.004263399699528133,-0.4333505004882812,-0.21787235107421873
70.75918483734131,-0.007194486992953725,-0.430956298828125,-0.2442085693359375
70.77940249443054,-0.004396630940138387,-0.4477157104492187,-0.277727392578125
70.79924058914185,-0.0063950995492922,-0.430956298828125,-0.2753331909179687
70.81869053840637,-0.006794793271122962,-0.44532150878906246,-0.2705447875976562
70.83920097351074,-0.006528330789902454,-0.47165772705078124,-0.27293898925781246
70.85959792137146,-0.007860643196004996,-0.45489831542968745,-0.22505495605468748
70.87978553771973,-0.004396630940138387,-0.47644613037109373,-0.258573779296875
70.89913058280945,-0.003863705977697371,-0.45010991210937495,-0.22505495605468748
70.91917300224304,-0.0063950995492922,-0.469263525390625,-0.24899697265624998
70.93937921524048,-0.009059724361497283,-0.47644613037109373,-0.26336218261718747
70.95890545845032,-0.005595712105630674,-0.46208092041015625,-0.258573779296875
70.97946786880493,-0.003464012255866608,-0.4477157104492187,-0.23223756103515625
70.999187707901,-0.006528330789902454,-0.49799394531249996,-0.229843359375
71.01893663406372,-0.0073277182335639785,-0.469263525390625,-0.2561795776367187
71.03913283348083,-0.004663093421358896,-0.4333505004882812,-0.22505495605468748
71.05923676490784,-0.006528330789902454,-0.46686932373046874,-0.2657563842773437
71.07950568199158,-0.006661562030512709,-0.45968671875,-0.239420166015625
71.09911346435547,-0.008260336917835759,-0.34715924072265625,-0.2346317626953125
71.11890602111816,-0.005462480865020421,-0.4261678955078125,-0.28730419921875
71.1392650604248,-0.002264931090374321,-0.42377369384765623,-0.21787235107421873
71.15906715393066,-0.00479632466196915,-0.4644751220703125,-0.2537853759765625
71.17945265769958,-0.007061255752343471,-0.488417138671875,-0.277727392578125
71.19900965690613,-0.005995405827461438,-0.488417138671875,-0.25139117431640623
71.21921420097351,-0.004263399699528133,-0.4740519287109375,-0.24660277099609373
71.23925542831421,-0.004529862180748642,-0.45489831542968745,-0.2537853759765625
71.25932359695435,-0.007727411955394742,-0.316034619140625,-0.22744915771484372
71.27937173843384,-0.0033307810152563544,-0.46208092041015625,-0.277727392578125
71.29933571815491,-0.005595712105630674,-0.44053310546874996,-0.258573779296875
71.31941485404968,-0.007194486992953725,-0.4285620971679687,-0.2561795776367187
71.33903169631958,-0.006661562030512709,-0.44532150878906246,-0.258573779296875
71.35933828353882,-0.004130168458917879,-0.40940848388671874,-0.26815058593749996
71.38008618354797,-0.008526799399056265,-0.4860229370117187,-0.24181436767578124
71.40100336074829,-0.005995405827461438,-0.469263525390625,-0.22505495605468748
71.41971063613892,-0.004929555902579405,-0.44053310546874996,-0.22744915771484372
71.4400417804718,-0.008926493120887028,-0.49320554199218747,-0.2537853759765625
71.45984411239624,-0.0063950995492922,-0.44053310546874996,-0.27293898925781246
71.47908473014832,-0.0033307810152563544,-0.4740519287109375,-0.23702596435546874
71.49911332130432,-0.004929555902579405,-0.4333505004882812,-0.23702596435546874
71.51926898956299,-0.008526799399056265,-0.3112462158203125,-0.24899697265624998
71.5398268699646,-0.005062787143189658,-0.6057330200195312,-0.22505495605468748
71.55953812599182,-0.005062787143189658,-0.4477157104492187,-0.2059013427734375
71.57964396476746,-0.004396630940138387,-0.46686932373046874,-0.258573779296875
71.60067248344421,-0.008260336917835759,-0.43574470214843747,-0.28012159423828126
71.61992526054382,-0.006128637068071691,-0.46208092041015625,-0.21308394775390624
71.64099264144897,-0.004263399699528133,-0.45968671875,-0.25139117431640623
71.65962767601013,-0.0019984686091538122,-0.46208092041015625,-0.24181436767578124
71.67932319641113,-0.008127105677225504,-0.40462008056640625,-0.24660277099609373
71.69903254508972,-0.0074609494741742334,-0.4836287353515625,-0.25139117431640623
71.7188835144043,-0.003464012255866608,-0.4572925170898437,-0.2609679809570312
71.73903322219849,-0.005462480865020421,-0.45010991210937495,-0.25139117431640623
71.7590160369873,-0.008127105677225504,-0.47884033203125,-0.2657563842773437
71.7794201374054,-0.006261868308681946,-0.3232172241210937,-0.21068974609375
71.79872822761536,-0.003863705977697371,-0.612915625,-0.23702596435546874
71.81877422332764,-0.005462480865020421,-0.469263525390625,-0.2561795776367187
71.83950996398926,-0.00479632466196915,-0.45010991210937495,-0.2825157958984375
71.85921263694763,-0.004396630940138387,-0.46208092041015625,-0.20350714111328125
71.87929201126099,-0.006261868308681946,-0.48123453369140623,-0.22026655273437498
71.89874911308289,-0.007727411955394742,-0.469263525390625,-0.229843359375
71.91874408721924,-0.005462480865020421,-0.3447650390625,-0.23223756103515625
71.93905353546143,-0.005995405827461438,-0.430956298828125,-0.23702596435546874
71.9587664604187,-0.005329249624410167,-0.40462008056640625,-0.239420166015625
71.97886157035828,-0.004929555902579405,-0.45489831542968745,-0.21308394775390624
71.99879932403564,-0.00479632466196915,-0.4860229370117187,-0.2537853759765625
72.01871848106384,-0.0058621745868511835,-0.4860229370117187,-0.22266075439453123
72.0390031337738,-0.006261868308681946,-0.4860229370117187,-0.22026655273437498
72.05876731872559,-0.005196018383799912,-0.4644751220703125,-0.25139117431640623
72.07879638671875,-0.008793261880276773,-0.46208092041015625,-0.24899697265624998
72.09883499145508,-0.008793261880276773,-0.46686932373046874,-0.22266075439453123
72.11868810653687,-0.004529862180748642,-0.47165772705078124,-0.42377369384765623
72.13915491104126,-0.002398162330984575,-0.4381389038085937,-0.2561795776367187
72.15874290466309,-0.0029310872934255917,-0.469263525390625,-0.28012159423828126
72.17892646789551,-0.006528330789902454,-0.4572925170898437,-0.23223756103515625
72.19886589050293,-0.007061255752343471,-0.32561142578124996,-0.2442085693359375
72.21883940696716,-0.0095926493239383,-0.41898529052734373,-0.22744915771484372
72.23989653587341,-0.006128637068071691,-0.4429273071289062,-0.24660277099609373
72.2587993144989,-0.006528330789902454,-0.4285620971679687,-0.24181436767578124
72.27896285057068,-0.004663093421358896,-0.45010991210937495,-0.22744915771484372
72.29919505119324,-0.00479632466196915,-0.49799394531249996,-0.22744915771484372
72.31875920295715,-0.0030643185340358454,-0.3184288208007812,-0.2753331909179687
72.33876776695251,-0.0057289433462409285,-0.47644613037109373,-0.2442085693359375
72.35889458656311,-0.005329249624410167,-0.430956298828125,-0.2346317626953125
72.37895393371582,-0.004263399699528133,-0.46686932373046874,-0.2346317626953125
72.39893293380737,-0.0057289433462409285,-0.45010991210937495,-0.2154781494140625
72.418630361557,-0.006128637068071691,-0.44053310546874996,-0.2442085693359375
72.43884754180908,-0.002398162330984575,-0.469263525390625,-0.24899697265624998
72.45884275436401,-0.006528330789902454,-0.5913678100585937,-0.24660277099609373
72.47885084152222,-0.0039969372183076245,-0.45489831542968745,-0.24660277099609373
72.49883365631104,-0.004396630940138387,-0.4477157104492187,-0.2346317626953125
72.51900959014893,-0.0095926493239383,-0.4429273071289062,-0.2059013427734375
72.53883457183838,-0.0057289433462409285,-0.47884033203125,-0.2657563842773437
72.55965209007263,-0.0063950995492922,-0.4525041137695312,-0.2537853759765625
72.57923316955566,-0.004529862180748642,-0.603338818359375,-0.2609679809570312
72.59905362129211,-0.005062787143189658,-0.3184288208007812,-0.2609679809570312
72.61872005462646,-0.0058621745868511835,-0.4333505004882812,-0.22505495605468748
72.63874578475952,-0.00479632466196915,-0.603338818359375,-0.22744915771484372
72.65880918502808,-0.005329249624410167,-0.4261678955078125,-0.229843359375
72.67891216278076,-0.007993874436615249,-0.4836287353515625,-0.26815058593749996
72.69867849349976,-0.0014655436467127959,-0.4860229370117187,-0.25139117431640623
72.71872210502625,-0.006528330789902454,-0.4740519287109375,-0.229843359375
72.73881578445435,-0.008793261880276773,-0.5865794067382812,-0.24899697265624998
72.75876069068909,-0.004529862180748642,-0.5913678100585937,-0.26336218261718747
72.77905511856079,-0.005462480865020421,-0.469263525390625,-0.2442085693359375
72.79890704154968,-0.0073277182335639785,-0.47644613037109373,-0.22266075439453123
72.81911587715149,-0.0058621745868511835,-0.4572925170898437,-0.258573779296875
72.83890008926392,-0.0057289433462409285,-0.45489831542968745,-0.2442085693359375
72.85882019996643,-0.006661562030512709,-0.5003881469726562,-0.23223756103515625
72.87888479232788,-0.009059724361497283,-0.46208092041015625,-0.2442085693359375
72.89881777763367,-0.0058621745868511835,-0.6081272216796875,-0.25139117431640623
72.91888618469238,-0.004529862180748642,-0.46686932373046874,-0.23702596435546874
72.93891215324402,-0.004529862180748642,-0.39743747558593745,-0.23223756103515625
72.95877838134766,-0.00479632466196915,-0.47644613037109373,-0.24660277099609373
72.97886347770691,-0.005329249624410167,-0.46686932373046874,-0.277727392578125
72.99901819229126,-0.006128637068071691,-0.30885201416015623,-0.258573779296875
73.01878714561462,-0.004396630940138387,-0.30885201416015623,-0.21308394775390624
73.03875422477722,-0.009059724361497283,-0.41419688720703124,-0.2657563842773437
73.05889630317688,-0.006261868308681946,-0.47165772705078124,-0.28012159423828126
73.07884430885315,-0.0035972434964768626,-0.4525041137695312,-0.22505495605468748
73.09896850585938,-0.003464012255866608,-0.4429273071289062,-0.24660277099609373
73.11878871917725,-0.004929555902579405,-0.46686932373046874,-0.239420166015625
73.1387722492218,-0.005196018383799912,-0.4381389038085937,-0.24899697265624998
73.15885782241821,-0.006128637068071691,-0.30885201416015623,-0.24660277099609373
73.17878723144531,-0.0058621745868511835,-0.3136404174804687,-0.2657563842773437
73.19936847686768,-0.005062787143189658,-0.4860229370117187,-0.258573779296875
73.21885871887207,-0.0063950995492922,-0.45010991210937495,-0.28730419921875
73.23886322975159,-0.005062787143189658,-0.46208092041015625,-0.28969840087890625
73.25892472267151,-0.0026646248122050836,-0.4429273071289062,-0.258573779296875
73.27916121482849,-0.009459418083328047,-0.469263525390625,-0.24660277099609373
73.2990198135376,-0.005062787143189658,-0.47165772705078124,-0.2442085693359375
73.31945729255676,-0.005329249624410167,-0.46208092041015625,-0.26336218261718747
73.33889389038086,-0.007727411955394742,-0.4572925170898437,-0.23702596435546874
73.35881543159485,-0.002797856052815337,-0.4644751220703125,-0.24660277099609373
73.37878608703613,-0.004396630940138387,-0.4525041137695312,-0.22266075439453123
73.39894080162048,-0.0009326186842717792,-0.49320554199218747,-0.19153613281249998
73.41913723945618,-0.003863705977697371,-0.44053310546874996,-0.23223756103515625
73.43887305259705,-0.005329249624410167,-0.3112462158203125,-0.2657563842773437
73.45876812934875,-0.0058621745868511835,-0.32082302246093747,-0.26815058593749996
73.47874546051025,-0.003464012255866608,-0.3184288208007812,-0.229843359375
73.49870228767395,-0.005062787143189658,-0.44532150878906246,-0.239420166015625
73.51881623268127,-0.004929555902579405,-0.46686932373046874,-0.23702596435546874
73.53850317001343,-0.003464012255866608,-0.47165772705078124,-0.24181436767578124
73.55876350402832,-0.0030643185340358454,-0.48123453369140623,-0.24899697265624998
73.57871222496033,-0.0074609494741742334,-0.3399766357421875,-0.22505495605468748
73.59925174713135,-0.006794793271122962,-0.34237083740234375,-0.21787235107421873
73.61958527565002,-0.006128637068071691,-0.4261678955078125,-0.258573779296875
73.63934278488159,-0.007061255752343471,-0.46208092041015625,-0.23223756103515625
73.65904998779297,-0.004130168458917879,-0.47884033203125,-0.28969840087890625
73.67891025543213,-0.006261868308681946,-0.47884033203125,-0.24899697265624998
73.69881319999695,-0.004663093421358896,-0.4285620971679687,-0.24181436767578124
73.71920394897461,-0.006528330789902454,-0.47644613037109373,-0.28490999755859375
73.73928022384644,-0.0033307810152563544,-0.6081272216796875,-0.23223756103515625
73.75905704498291,-0.004529862180748642,-0.48123453369140623,-0.25139117431640623
73.77911591529846,-0.005062787143189658,-0.4572925170898437,-0.2657563842773437
73.79900479316711,-0.006261868308681946,-0.4525041137695312,-0.26815058593749996
73.81879091262817,-0.006528330789902454,-0.4644751220703125,-0.2753331909179687
73.83900666236877,-0.004130168458917879,-0.49320554199218747,-0.22744915771484372
73.85930490493774,-0.005329249624410167,-0.43574470214843747,-0.2561795776367187
73.87911486625671,-0.007860643196004996,-0.612915625,-0.2537853759765625
73.89905834197998,-0.006928024511733216,-0.4836287353515625,-0.24899697265624998
73.9188187122345,-0.0095926493239383,-0.46208092041015625,-0.2609679809570312
73.93906211853027,-0.0031975497746461,-0.4213794921875,-0.277727392578125
73.95957446098328,-0.004929555902579405,-0.4429273071289062,-0.2825157958984375
73.97982454299927,-0.006794793271122962,-0.5746083984375,-0.2561795776367187
73.99919152259827,-0.009192955602107537,-0.34237083740234375,-0.22026655273437498
74.01882314682007,-0.006261868308681946,-0.3184288208007812,-0.2561795776367187
74.03949236869812,-0.005196018383799912,-0.4572925170898437,-0.22026655273437498
74.05901980400085,-0.00866003063966652,-0.411802685546875,-0.2705447875976562
74.07908797264099,-0.009059724361497283,-0.4644751220703125,-0.24899697265624998
74.09901070594788,-0.004263399699528133,-0.48123453369140623,-0.239420166015625
74.11891460418701,-0.0037304747370871167,-0.45010991210937495,-0.2705447875976562
74.13883662223816,-0.0063950995492922,-0.4381389038085937,-0.239420166015625
74.15883827209473,-0.008127105677225504,-0.40940848388671874,-0.22026655273437498
74.17895340919495,-0.008127105677225504,-0.44532150878906246,-0.2346317626953125
74.19893217086792,-0.008793261880276773,-0.488417138671875,-0.2059013427734375
74.21874046325684,-0.005196018383799912,-0.430956298828125,-0.229843359375
74.23893165588379,-0.009326186842717792,-0.4572925170898437,-0.26336218261718747
74.25875973701477,-0.005995405827461438,-0.430956298828125,-0.2753331909179687
74.27852630615234,-0.0033307810152563544,-0.4429273071289062,-0.239420166015625
74.29897022247314,-0.005196018383799912,-0.4261678955078125,-0.2657563842773437
74.3188226222992,-0.0031975497746461,-0.47884033203125,-0.28730419921875
74.33950662612915,-0.0063950995492922,-0.46686932373046874,-0.25139117431640623
74.35875654220581,-0.0073277182335639785,-0.4525041137695312,-0.258573779296875
74.379230260849,-0.005995405827461438,-0.47884033203125,-0.28012159423828126
74.39894962310791,-0.006794793271122962,-0.45489831542968745,-0.24899697265624998
74.41874599456787,-0.005196018383799912,-0.43574470214843747,-0.24181436767578124
74.4389157295227,-0.007194486992953725,-0.45968671875,-0.23702596435546874
74.45875263214111,-0.005595712105630674,-0.430956298828125,-0.19632453613281248
74.47901725769043,-0.004929555902579405,-0.44053310546874996,-0.229843359375
74.49889993667603,-0.004929555902579405,-0.46208092041015625,-0.258573779296875
74.518874168396,-0.0073277182335639785,-0.59376201171875,-0.27293898925781246
74.53898239135742,-0.0074609494741742334,-0.40940848388671874,-0.20829554443359374
74.55895566940308,-0.005595712105630674,-0.469263525390625,-0.24181436767578124
74.57924890518188,-0.004396630940138387,-0.5027823486328125,-0.2561795776367187
74.59926128387451,-0.0037304747370871167,-0.4572925170898437,-0.24899697265624998
74.61912775039673,-0.004263399699528133,-0.48123453369140623,-0.2442085693359375
74.63933992385864,-0.009326186842717792,-0.3184288208007812,-0.24660277099609373
74.659010887146,-0.005329249624410167,-0.6081272216796875,-0.28490999755859375
74.6789538860321,-0.004130168458917879,-0.47884033203125,-0.2561795776367187
74.699059009552,-0.002531393571594829,-0.3327940307617187,-0.2442085693359375
74.71924138069153,-0.004396630940138387,-0.4429273071289062,-0.21787235107421873
74.73928546905518,-0.0030643185340358454,-0.4333505004882812,-0.24660277099609373
74.75888204574585,-0.005595712105630674,-0.45010991210937495,-0.24660277099609373
74.77886509895325,-0.009326186842717792,-0.4477157104492187,-0.24899697265624998
74.79894614219666,-0.005995405827461438,-0.47884033203125,-0.258573779296875
74.81886172294617,-0.006794793271122962,-0.4429273071289062,-0.2537853759765625
74.83887124061584,-0.006794793271122962,-0.3136404174804687,-0.24899697265624998
74.85907077789307,-0.004396630940138387,-0.48123453369140623,-0.21787235107421873
74.87883973121643,-0.002398162330984575,-0.4572925170898437,-0.258573779296875
74.8988904953003,-0.007727411955394742,-0.4525041137695312,-0.2442085693359375
74.91884684562683,-0.0029310872934255917,-0.43574470214843747,-0.258573779296875
74.93886995315552,-0.006794793271122962,-0.4955997436523437,-0.22744915771484372
74.9588315486908,-0.005196018383799912,-0.3280056274414062,-0.23223756103515625
74.97867035865784,-0.0075941807147844875,-0.4955997436523437,-0.19632453613281248
74.9989242553711,-0.005062787143189658,-0.48123453369140623,-0.277727392578125
75.018883228302,-0.0073277182335639785,-0.5051765502929687,-0.22266075439453123
75.03878617286682,-0.00479632466196915,-0.4525041137695312,-0.2346317626953125
75.05905103683472,-0.004529862180748642,-0.45010991210937495,-0.28969840087890625
75.07917809486389,-0.0029310872934255917,-0.6057330200195312,-0.27293898925781246
75.09894275665283,-0.011457886692481857,-0.33758243408203126,-0.2705447875976562
75.11861681938171,-0.0095926493239383,-0.4525041137695312,-0.23702596435546874
75.13897109031677,-0.008127105677225504,-0.46208092041015625,-0.2609679809570312
75.15880966186523,-0.002531393571594829,-0.46208092041015625,-0.26336218261718747
75.1789481639862,-0.004529862180748642,-0.45489831542968745,-0.2609679809570312
75.19892621040344,-0.008793261880276773,-0.4429273071289062,-0.24181436767578124
75.21872210502625,-0.0031975497746461,-0.44053310546874996,-0.20829554443359374
75.23971915245056,-0.009459418083328047,-0.47884033203125,-0.24899697265624998
75.25928592681885,-0.007727411955394742,-0.45010991210937495,-0.2561795776367187
75.27923655509949,-0.005595712105630674,-0.4740519287109375,-0.258573779296875
75.29909944534302,-0.005995405827461438,-0.4908113403320312,-0.2561795776367187
75.31914019584656,-0.005995405827461438,-0.40940848388671874,-0.2920926025390625
75.3390679359436,-0.005062787143189658,-0.4572925170898437,-0.24181436767578124
75.35904908180237,-0.0058621745868511835,-0.43574470214843747,-0.24660277099609373
75.37899088859558,-0.00479632466196915,-0.488417138671875,-0.22026655273437498
75.39930582046509,-0.005196018383799912,-0.44532150878906246,-0.23702596435546874
75.41917896270752,-0.0033307810152563544,-0.45489831542968745,-0.25139117431640623
75.4388267993927,-0.004130168458917879,-0.4285620971679687,-0.23702596435546874
75.45897269248962,-0.004929555902579405,-0.4860229370117187,-0.21068974609375
75.47895407676697,-0.00479632466196915,-0.4740519287109375,-0.24181436767578124
75.49907302856445,-0.009992343045769061,-0.49799394531249996,-0.2561795776367187
75.51879858970642,-0.0075941807147844875,-0.5099649536132812,-0.26336218261718747
75.53901815414429,-0.0035972434964768626,-0.4572925170898437,-0.24660277099609373
75.55897450447083,-0.004529862180748642,-0.42377369384765623,-0.239420166015625
